y_cov,rtg,date,n,rho_level_y,rho_level_self,rho_resy_y,rho_resy_self,rho_resself_y,rho_resself_self,slope_y,log_slope_y,slope_self,log_slope_self
coupon,AAA,200307,24,0.05790166018017518,0.9017391304347826,-0.2163693617259178,0.7999999999999999,-0.08228130657182789,0.5339130434782609,0.0776156558969366,0.17242164068300053,0.5619145090323258,-0.6765181396134833
coupon,AAA,200308,24,0.14453647503622677,0.7556521739130433,-0.2747063727345153,0.6513043478260869,0.12712244189933197,0.1060869565217391,0.0776156558969366,0.17242164068300053,0.5619145090323258,-0.6765181396134833
coupon,AAA,200309,26,0.17799088590197185,0.8119658119658119,-0.14923851202549948,0.7073504273504274,0.15266141367746044,0.4871794871794871,0.07137272258224313,0.16895691031988316,0.5641940416628832,-0.45711221100839444
coupon,AAA,200310,26,0.2971078633902145,0.8543589743589743,0.036967337841178775,0.8776068376068377,0.3864455965063966,0.4646153846153846,0.059760232956566316,0.1868513592039088,0.6134525650159018,-0.2614894858340788
coupon,AAA,200311,25,0.3909111966640969,0.6900000000000001,0.18601981082636335,0.5599999999999999,0.15829014958516632,0.16307692307692304,0.059760232956566316,0.1868513592039088,0.6134525650159018,-0.2614894858340788
coupon,AAA,200312,25,0.2876952353774191,0.763076923076923,0.029270197976819075,0.6269230769230768,-0.03389180818368524,0.07153846153846154,0.059760232956566316,0.1868513592039088,0.6134525650159018,-0.2614894858340788
coupon,AAA,200401,27,0.12964396867808015,0.6776556776556776,-0.30454102076265993,0.49511599511599513,-0.2889470528320418,-0.006105006105006104,0.06504788433305919,0.2071144848855883,0.6455131117523811,-0.20002271683129244
coupon,AAA,200402,28,0.29409379722573004,0.7706622879036672,-0.06084699252946138,0.6518883415435139,0.26449255761680285,0.539135194307608,0.06185755737602847,0.22596674604131273,0.6567904269143993,-0.1144578899195303
coupon,AAA,200403,29,0.3924038633205242,0.569950738916256,0.24589984395384196,0.5645320197044333,0.10013574387689052,0.13497536945812805,0.06185755737602847,0.22596674604131273,0.6567904269143993,-0.1144578899195303
coupon,AAA,200404,27,0.31458306394610674,0.8888888888888888,0.047080458549757474,0.7973137973137973,0.18281892345944784,0.6196581196581197,0.06185755737602847,0.22596674604131273,0.6567904269143993,-0.1144578899195303
coupon,AAA,200405,31,0.11666169263147178,0.8911290322580647,-0.1586437550317246,0.7919354838709678,-0.18326784932418055,0.31370967741935485,0.0591989495341229,0.25321279956980286,0.6828105489486707,-0.1797611685883442
coupon,AAA,200406,33,0.4364338096554366,0.6925133689839572,0.11441959593879594,0.7065508021390374,0.5463368425966484,0.08422459893048129,0.05470712126178189,0.22455219352950684,0.6951819534986562,-0.11769816993344309
coupon,AAA,200407,34,0.3072336512810368,0.841405653170359,-0.05352502635558131,0.6950343773873185,0.008105218276702313,0.4004583651642475,0.05470712126178189,0.22455219352950684,0.6951819534986562,-0.11769816993344309
coupon,AAA,200408,34,0.2511088379310415,0.8178762414056532,0.019880724074930203,0.7475935828877005,0.10322683654290683,0.40718105423987777,0.04756838212003863,0.23574265548907392,0.711354507463001,-0.1130016977592025
coupon,AAA,200409,33,0.28604898984698984,0.8422459893048129,0.09718974450356789,0.7837566844919787,0.26062241297170186,0.45922459893048134,0.04039658469446977,0.23369619010505846,0.6931240697331417,-0.11958080702522583
coupon,AAA,200410,33,0.34560070937069065,0.7523395721925135,0.12930752581972113,0.6931818181818182,0.26262977430396145,0.1821524064171123,0.034641298285305676,0.18745252251155395,0.6911771123436593,-0.007538303884768432
coupon,AAA,200411,34,0.357935225984674,0.7448433919022154,0.09147233552941668,0.6562261268143621,0.10309758218532916,-0.23116883116883116,0.0394069941716787,0.21780021740468053,0.7164281211185891,-0.07468991667884213
coupon,AAA,200412,34,0.4068836329569371,0.8389610389610389,0.03961761689317545,0.7274255156608097,0.1287954958457673,0.1602750190985485,0.047667788025907626,0.22481802292355568,0.7653943865589291,-0.20239832255947562
coupon,AAA,200501,36,0.36856699972792173,0.7091377091377092,-0.025378433745683524,0.5348777348777349,0.009661840258508957,0.051480051480051484,0.0459198828108817,0.23661060104763948,0.7571785526483837,-0.3025275814861475
coupon,AAA,200502,36,0.30351060865396134,0.8872586872586873,-0.10756848821139972,0.7137709137709138,0.04856685036610502,0.31119691119691123,0.0407965380550092,0.18755494336387166,0.7156772720850222,-0.18779882515098642
coupon,AAA,200503,35,0.19122398104651667,0.8089635854341737,-0.0758447021599454,0.7324929971988796,0.09841586121308997,0.28235294117647064,0.0427914556482815,0.18253554814871092,0.7013722857700617,0.028190120758389402
coupon,AAA,200504,38,0.3482311214021512,0.7155049786628734,0.26289861320074326,0.7146296093664514,0.26574668151041797,0.3741109530583214,0.04520192262871445,0.1536759498607255,0.5964033529024783,0.16771027577580783
coupon,AAA,200505,38,0.2956513987620025,0.8400262610788926,0.10756934923463744,0.8028230659809608,0.20013156929906578,0.4601159864317759,0.0474453802386813,0.14381269378893685,0.580902499206281,0.16398984567819974
coupon,AAA,200506,38,0.30145707647018566,0.823394244446876,0.12892986155719785,0.7844403107561002,0.15193349021226288,0.35310208994419523,0.043575172156163994,0.12622616764491124,0.5601663541578539,0.2778400227903619
coupon,AAA,200507,43,0.2968173616556569,0.8415886439142253,0.06607701836144782,0.8038356991845362,0.24034192376549504,0.39610389610389607,0.04556363747305879,0.12921611276774203,0.5340276749099978,0.45347442848529
coupon,AAA,200508,43,0.38073668703461244,0.9080338266384779,0.2057913546680332,0.8964059196617336,0.38958223754752935,0.7544548474781033,0.04607072628439958,0.1165665045140728,0.5173678408095407,0.3585195080203208
coupon,AAA,200509,43,0.4806838475309901,0.7192691029900332,0.18197641097941064,0.6356085774690426,0.2293038863733081,0.09317426759287224,0.04528347955653455,0.0757882063684175,0.5275210118143911,0.4073691865263497
coupon,AAA,200510,43,0.33575290451165885,0.8686197523406824,-0.028729138418020796,0.698429477499245,-0.01580102612991144,0.4424645122319541,0.04646713711917269,0.07409743263390045,0.5183700700857028,0.49592594936118767
coupon,AAA,200511,45,0.28986004466788307,0.9227931488801053,0.013058541261488246,0.8276679841897232,0.21124498818458007,0.5768115942028985,0.046082405590662116,0.06067793182304106,0.5002860239714422,0.5421951815501894
coupon,AAA,200512,45,0.2301732777908787,0.7550724637681159,-0.04062657281351899,0.6750988142292489,0.16705699502701885,0.3595520421607378,0.041817305943145686,0.08166917152977081,0.4779811004369841,0.6573422711887663
coupon,AAA,200601,46,0.4507706844169254,0.7350601295097132,0.20167356921995597,0.7382670366944188,0.4817688876466921,0.41362935553499847,0.04087642786313993,0.08513828702592442,0.5028396843148175,0.7282037916857363
coupon,AAA,200602,48,0.46248379882509416,0.708315240990013,0.24849875757766254,0.6659791576204951,0.34046286471270304,0.28126356925749024,0.042112556848966365,0.08390943786970878,0.5759164784506247,0.3867896445890906
coupon,AAA,200603,46,0.5491220252465127,0.6980573543015726,0.3426299070913842,0.6477335800185013,0.45152778453903347,0.3610854147394388,0.04008130194442721,0.0863771763634221,0.5610474247500855,0.10723557188615528
coupon,AAA,200604,46,0.5320739173760922,0.7350601295097132,0.39389776771619917,0.698427382053654,0.2090246269329807,0.11378353376503236,0.034962954220883996,0.11407970066662317,0.7215284274676688,0.6035604605888538
coupon,AAA,200605,47,0.5153301700199531,0.7284921369102684,0.22176567990746296,0.6185245143385754,0.33838084422433773,0.39500462534690106,0.05350233463015305,0.09019163992498304,0.6345968194216242,0.23474248913617315
coupon,AAA,200606,47,0.5990163615579478,0.8149861239592969,0.3532853551012906,0.7748612395929695,0.4906515926328919,0.5483348751156337,0.05765416545899521,0.12456813440507736,0.629379700585003,0.21938752297972525
coupon,AAA,200607,48,0.537086694301818,0.7308944854537559,0.23224489391399938,0.6156100738167607,0.24789452644727777,0.17553191489361702,0.05667118366502829,0.07856727865724426,0.6518512003925481,0.2630624309962614
coupon,AAA,200608,48,0.5593113460591473,0.8024316109422492,0.17921002810677816,0.663265306122449,0.23979801517138027,0.08912288319583152,0.05761112948462831,0.124230341303358,0.6276448873240877,0.6314858511870157
coupon,AAA,200609,48,0.5132318724889388,0.6385149804602692,0.1082976306903605,0.5260529743812419,0.2713146362453437,0.13037342596613113,0.06134758479230526,0.14192529406536997,0.6557172777325457,0.7421548176340882
coupon,AAA,200610,48,0.5970769523460517,0.6794398610508033,0.2031735279233607,0.5390794615718627,0.43840706693920145,0.1980026052974381,0.06301679644413476,0.14215375756581522,0.6135261967527131,0.6843716425255489
coupon,AAA,200611,49,0.5963177485281169,0.7686734693877552,0.21181410733585446,0.6065306122448979,0.32244573417199157,0.3183673469387755,0.06181197510238243,0.14098761414740338,0.6364252499635442,0.7037098858529812
coupon,AAA,200612,50,0.38464701965509057,0.5868427370948379,0.0912346967389855,0.42876350540216085,0.04297356105619232,0.015222088835534215,0.06040272312673206,0.17599077089847917,0.655047812934302,0.5938716721715964
coupon,AAA,200701,49,0.5117861961671719,0.7308163265306121,0.20936243693505366,0.6643877551020407,0.3829202707250786,0.23734693877551016,0.05971932555791641,0.15692110322891883,0.6357689926582878,0.6950784213609805
coupon,AAA,200702,48,0.5281001714163066,0.5412505427702996,0.30427826973590505,0.42607468519322617,0.3853865462429049,0.24989144594007814,0.06293725230852731,0.17197025251959888,0.632853040040228,0.758122668727049
coupon,AAA,200703,48,0.5919167816108876,0.7269865392965696,0.23028039989432383,0.6139817629179332,0.30041297745119383,0.05036908380373426,0.07017817530264683,0.20866415014167064,0.632170999175187,0.848334525498093
coupon,AAA,200704,49,0.6262836229250645,0.7442857142857142,0.09224174058087314,0.5123469387755102,0.3158998701509969,0.1057142857142857,0.07613568641939092,0.23495936296333128,0.6312939393174586,0.7893003621791342
coupon,AAA,200705,50,0.6487816983130728,0.7813205282112845,0.34674771070356314,0.6759663865546219,0.3999233856949859,0.3061224489795918,0.05592034672048567,0.193864654060502,0.6826006842302241,1.0558434468868467
coupon,AAA,200706,49,0.3516014076183448,0.6223469387755102,0.299249367698414,0.603673469387755,0.21119579031113533,0.39153061224489794,0.05749245062351267,0.19617937221303125,0.6895017162541133,1.1841294965092999
coupon,AAA,200707,50,0.4827755920056967,0.7210084033613444,0.287857531056479,0.6540696278511404,0.15943470402259635,-0.040480192076830734,0.06170087363610902,0.21827109539130307,0.710492587749798,1.18581308079552
coupon,AAA,200708,50,0.2320193983591165,0.7092917166866746,-0.1444712581991598,0.4613205282112845,-0.2173559262290853,-0.010324129651860744,0.06564923204324202,0.22052613349393876,0.7081896345535785,0.8885246946951793
coupon,AAA,200709,53,0.15109576276453895,0.7441541686824706,-0.01069454517430631,0.736090953072085,0.10666295432336445,0.2611675536203838,0.06609046782417025,0.2419244826479882,0.6772470632722517,1.0393286936234312
coupon,AAA,200710,54,0.4838231884239377,0.48130360205831896,0.23132402739644617,0.4733752620545073,0.2961084902892659,-0.21974461597103104,0.06635042871416692,0.26124510139814083,0.7114739050737765,0.8078668644897142
coupon,AAA,200711,56,0.3161388675911738,0.3267259056732741,0.11476367677649732,0.2192071086807929,0.1044332355286576,-0.09589883800410116,0.07126806511657419,0.2767063595174477,0.6783484461818712,1.1390727976509163
coupon,AAA,200712,55,0.3556664382970123,0.43975468975468984,0.11847122680736015,0.3777777777777779,0.1884490498956454,-0.08167388167388169,0.07624427178320141,0.29099088772519033,0.6672126770312907,1.4067776919551371
coupon,AAA,200801,54,0.6088965635894732,0.6028206594244329,0.45370633611738637,0.5709548313321897,0.5803610940346254,0.32936916333142746,0.07626448194240845,0.2500427962484029,0.6557258748695627,1.060780838780829
coupon,AAA,200802,55,0.47027831558210165,0.7285714285714288,0.4008160494082982,0.6781385281385283,0.25813679997021544,0.38181818181818195,0.07758253042276261,0.2581525117084276,0.6625448665181891,1.1117859078358592
coupon,AAA,200803,56,0.5165793075385395,0.8594668489405332,0.4074423524037753,0.838961038961039,0.2988526211117425,0.16165413533834588,0.07882246768534054,0.22860708109660427,0.6475037882780151,1.0747992090496574
coupon,AAA,200804,55,0.5885880069810382,0.8134199134199136,0.3722585376913135,0.7152236652236654,0.24286521026568383,0.18881673881673885,0.07901311745680402,0.2219404092173504,0.6417318101225485,1.1860115372097388
coupon,AAA,200805,55,0.6622021237837331,0.7911255411255413,0.594508907008327,0.7670995670995673,0.6089140235381335,0.3866522366522367,0.07948681764595415,0.1850042195983462,0.6315385103655485,1.2473084609859393
coupon,AAA,200806,56,0.6974487233297114,0.9165413533834588,0.6166976231050425,0.922282980177717,0.6186471414077982,0.6758714969241286,0.07917608763013514,0.17646117306919176,0.6365951616389238,1.1166525763056134
coupon,AAA,200807,56,0.5184350602310595,0.7887218045112783,0.49661413607039084,0.7846889952153111,0.45885504473280736,0.6094326725905673,0.06490971739506626,0.12222901946371072,0.5906936051197615,0.7859034994420062
coupon,AAA,200808,57,0.46034358016936233,0.8317993259009594,0.40225739219674517,0.7873995333160487,0.17305857008480466,0.4519704433497538,0.06408656343892995,0.14530253909014562,0.49320133426974594,0.8456876267228572
coupon,AAA,200809,57,-0.04975109567280554,0.17260824474980554,-0.109750787325146,0.14395903551983408,-0.13238850882424524,0.00388903292714545,0.06102356533146937,0.13336322811108967,0.496023355337582,0.7608470562105428
coupon,AAA,200810,55,0.24919224757997158,0.6635642135642137,0.2124019114043716,0.6658730158730161,0.23760275011935567,0.46868686868686876,0.05345760121190285,0.07356155859425802,0.5231099741710552,0.6449116273014475
coupon,AAA,200811,55,0.20713067579923164,0.8448773448773451,0.1189638446502472,0.8282106782106784,0.08217350847464724,0.4401875901875903,0.052530332617559176,0.07392547470287274,0.4502429992299798,0.7307829114352908
coupon,AAA,200812,55,0.3174655799725717,0.671861471861472,0.26605298064572735,0.66991341991342,0.25489673542662983,0.3223665223665224,0.05635149185008484,0.0593463777645599,0.44200101065461755,0.5385730072658041
coupon,AAA,200901,58,0.4171197404943757,0.8632993940139655,0.38962376882083344,0.8647143867851981,0.40443402903916925,0.6416377003291397,0.05615611458970129,0.05210238363135801,0.44652841386254677,0.7604000100799246
coupon,AAA,200902,56,0.44400753190143827,0.9420369104579631,0.40172435835723785,0.9311004784688995,0.39289825902519604,0.7348598769651402,0.06406636682508329,0.06265833157686673,0.4653171464634876,0.7312009386446471
coupon,AAA,200903,17,0.40000030110312895,0.8995098039215688,0.32024563984023513,0.9142156862745098,0.5889574985567543,-0.019607843137254905,0.070571815916666,0.08766048843639283,0.544695262615725,0.7047169655791422
coupon,AAA,200904,20,0.535741310427452,0.9142857142857143,0.44394293982050087,0.8917293233082706,0.32580897108860485,0.30977443609022554,0.07933944243872872,0.049326619182780175,0.5831179206579074,0.4307442963297909
coupon,AAA,200905,19,0.5116279562300791,0.719298245614035,0.35717423359458356,0.6701754385964912,0.06494076974446973,-0.1649122807017544,0.08718505665086017,0.08460642251823668,0.6077560974219822,0.24120463433760764
coupon,AAA,200906,19,0.2860904180634748,0.8578947368421052,0.151820988726936,0.7771929824561404,0.08424748507390668,0.5456140350877193,0.10276895065362734,0.055604869891186404,0.6399219860941473,0.3198655548340168
coupon,AAA,200907,22,0.5587571513226078,0.8870694522868439,0.28079100526525386,0.8283455674760022,0.45706221983821,0.4342179559570865,0.13970529544226537,0.08158510534859288,0.7138555556970055,0.3879009793757022
coupon,AAA,200908,22,0.5418079960752082,0.8204404291360814,0.24745766661203464,0.6939582156973463,0.2694915684336541,0.25014116318464147,0.14963917406011712,0.07624969833799129,0.7414154918111867,0.0951236021282799
coupon,AAA,200909,22,0.7050848582918245,0.6905702992659515,0.20621472217669548,0.47826086956521746,0.32485880890849295,-0.07171089779785433,0.1674540444105674,0.1349521803626239,0.7072311670870364,0.009950592526205388
coupon,AAA,200910,17,0.554601644474277,0.7720588235294118,-0.019631916618558478,0.5416666666666667,0.360736467866012,0.502450980392157,0.17366248875297252,0.11121340610212092,0.6555908278906937,-0.1469943731206683
coupon,AAA,200911,18,0.5030994420097971,0.8802889576883385,-0.020661168049683657,0.6408668730650156,0.25826460062104567,0.479876160990712,0.19329250571561393,0.06678041949839268,0.6858530355692335,-0.048328829719867065
coupon,AAA,200912,18,0.5485540117191011,0.7853457172342622,-0.03202481047700967,0.5706914344685242,0.1993802716794473,-0.07120743034055728,0.2009115054006836,0.040027050180502795,0.6888450131106082,-0.14275538044331604
coupon,AAA,201001,17,0.5570556340515967,0.7745098039215688,-0.10184056745877208,0.4558823529411765,0.21840507238146306,-0.05147058823529412,0.2172670348514775,0.013136729104315091,0.6831398839959156,-0.07546540825302722
coupon,AAA,201002,9,0.8284591346681659,0.9833333333333333,0.07531446678801507,0.5666666666666667,0.6108840083916779,0.7166666666666667,0.23356893394822212,0.0624710495680394,0.719754894063526,-0.11528039253801428
coupon,AAA,201003,9,0.836827408755723,0.9500000000000001,-0.18410202992625907,0.35,0.5020964452534339,0.4666666666666666,0.26182935709023514,0.052365124997105106,0.7867176967120778,-0.11101458138845202
coupon,AAA,201004,9,0.8284591346681659,0.9500000000000001,0.07531446678801507,0.5166666666666667,0.652725378829464,0.6666666666666667,0.2755762840338416,0.037573203964935714,0.7527253576274872,-0.19217019043760575
coupon,AAA,201005,9,0.870300505105952,0.9166666666666666,0.16736548175114463,0.5333333333333333,0.7615129419677079,0.4666666666666666,0.2899736490072195,0.01451049708045973,0.7511369027257685,-0.18667101567029187
coupon,AAA,201006,9,0.836827408755723,0.8166666666666667,-0.6359888306543495,-0.3666666666666667,-0.15062893357603013,-0.21666666666666667,0.2931065450413879,-0.015110478527742572,0.7449151429068297,-0.17081942835828334
coupon,AAA,201007,9,0.7949860383179369,0.9500000000000001,-0.2008385781013735,0.18333333333333335,0.6443571047419068,0.48333333333333334,0.2817831098188969,-0.0753828454545062,0.7378133903426735,-0.18207571211985246
coupon,AAA,201008,9,0.8786687791935092,0.8833333333333333,0.25104822262671694,0.5333333333333333,0.8117225864930513,0.8499999999999999,0.290663946082437,-0.09635571307542584,0.7412937839539194,-0.1434085436154822
coupon,AAA,201009,10,0.7234075969792768,0.9272727272727272,-0.10942299786241164,0.38181818181818183,0.3161108827136336,0.6121212121212121,0.2911161788830878,-0.15047566336823195,0.7501704315505855,-0.1320051415426124
coupon,AAA,201010,10,0.6261427099904665,0.9393939393939393,-0.34650615989763683,0.29696969696969694,0.32218993815043423,0.6606060606060605,0.3287494207580491,-0.08499114242744976,0.7638258027236732,-0.07184702082498995
coupon,AAA,201011,11,0.6986374204151513,0.9545454545454546,-0.4246619614288175,0.3727272727272728,0.5707822062215289,0.4090909090909091,0.3236658712214963,-0.09210553955606868,0.7873460060426603,-0.16185310058331473
coupon,AAA,201012,11,0.28310797428587836,0.790909090909091,-0.5570834332722122,0.14545454545454548,-0.3926981578804119,0.05454545454545456,0.33686250440198073,-0.06785969830560164,0.819261022612592,-0.21283766053642408
coupon,AAA,201101,11,0.4429269920279065,0.8636363636363636,-0.6347098133183401,0.4909090909090909,0.3516018390324618,-0.21818181818181823,0.3564194000364259,-0.011333698659371418,0.8666471007879736,-0.4292955572853667
coupon,AAA,201102,11,0.4109631884795008,0.9090909090909091,-0.6803723898160625,0.20909090909090913,-0.3105055201845117,0.07272727272727274,0.34164548702990033,-0.1245609697264123,0.8292424120064731,-0.29729628340245523
coupon,AAA,201103,12,0.5052662681922029,0.9370629370629372,-0.4982486811339778,0.5104895104895105,0.45263436525551504,0.7342657342657343,0.2646059802492126,-0.4114760024424299,0.5925353207235656,-0.13184443988214475
coupon,AAA,201104,12,0.6456180093567035,0.9230769230769231,-0.2666683082125515,0.5454545454545455,0.5508805840706655,0.3216783216783217,0.23726310174918736,-0.2500331956741158,0.698584292425816,0.045967377793283595
coupon,AAA,201105,12,0.5614069646580031,0.9090909090909092,0.010526380587337557,0.6643356643356644,0.5578981711288905,0.6153846153846154,0.22226571836849746,-0.22432365701025803,0.7173473304320227,0.06957507535317448
coupon,AAA,201106,12,0.6561443899440411,0.9300699300699302,0.04210552234935023,0.7902097902097903,0.7052674993516165,0.5944055944055945,0.2181040337306966,-0.23865386081573609,0.7970455843012023,0.09975764899842443
coupon,AAA,201107,12,0.7263202605262915,0.9790209790209792,0.07719345764047543,0.7132867132867133,0.7929873375794294,0.7832167832167832,0.2146987977104925,-0.23228889685465584,0.7858543608065762,0.23132273071853698
coupon,AAA,201108,12,0.6421092158275911,0.8251748251748254,0.08070225116958794,0.4685314685314686,0.46316074584285255,0.4895104895104896,0.21382427810139168,-0.24374918997010225,0.7817785851386304,-0.031810352653994
coupon,AAA,201109,12,0.46316074584285255,0.9300699300699302,-0.087719838227813,0.6503496503496504,-0.017543967645562597,0.44055944055944063,0.2160628170924689,-0.23188489008853647,0.7805536443178794,-0.23629904083329575
coupon,AAA,201110,12,0.6771971511187163,0.9090909090909092,0.14035174116450078,0.7972027972027973,0.4666695393719651,-0.3636363636363637,0.21610730319249596,-0.25254581877284743,0.8474704975246397,-0.5151778684415315
coupon,AAA,201111,12,0.48070471348841515,0.8881118881118882,0.10175501234426305,0.7202797202797203,0.45965195231374006,0.7552447552447553,0.21667347241234025,-0.18429210138617294,0.8396803731207791,-0.5123962056814212
coupon,AAA,201112,12,0.7403554346427417,0.8461538461538463,0.547371790541553,0.8111888111888113,0.5649157581871157,-0.027972027972027972,0.2159540808338669,-0.12174272027224915,0.8296850608925774,-0.2504935936249851
coupon,AAA,201201,12,0.5578981711288905,0.8951048951048951,0.08421104469870046,0.6503496503496504,-0.4385991911390649,0.027972027972027972,0.20408410074868266,0.0008274080447639183,0.8709538349445145,-0.1791988696698926
coupon,AAA,201202,12,0.6877235317060538,0.9370629370629372,0.17193088292651346,0.8321678321678322,0.38596728820237713,0.1258741258741259,0.19767278015738302,0.14387572421080108,0.9031655233588085,-0.712012717073035
coupon,AAA,201203,12,0.6035124870073533,0.965034965034965,0.22807157939231376,0.7762237762237763,0.40351125584793973,0.5874125874125874,0.18774080422220862,0.20415534729017307,0.912773568071477,-0.4302321867695268
coupon,AAA,201204,12,0.7052674993516165,0.9580419580419581,0.20701881821763868,0.8251748251748254,0.554389377599778,0.1258741258741259,0.18302741826702235,0.1304395122913533,0.9146760666487533,-0.30787251623785755
coupon,AAA,201205,12,0.5578981711288905,0.6153846153846154,0.29824744997456415,0.49650349650349657,0.22105399233408873,0.06993006993006995,0.17738999490746235,0.1345534918407214,0.8993967318932599,0.23435023374673472
coupon,AAA,201206,12,0.701758705822504,0.7832167832167832,0.29824744997456415,0.6643356643356644,0.010526380587337557,-0.2447552447552448,0.17195411091168367,0.18566004167863026,0.9182330912713118,-0.2220410108207911
coupon,AAA,201207,12,0.6175476611238034,0.7692307692307694,0.18596605704296354,0.5874125874125874,-0.15789570881006337,-0.30069930069930073,0.17593153169983716,0.0700809142925323,0.9399886445175419,-0.14795841792831596
coupon,AAA,201208,11,0.6378148666094873,0.8272727272727273,0.1640095371281539,0.6272727272727273,-0.25968176711957697,-0.4000000000000001,0.17730276149643934,-0.00012717535114266558,0.9434092892375914,0.26456817508665464
coupon,AAA,201209,11,0.3143516128289616,0.5,0.03644656380625642,0.4090909090909091,-0.25057012616801283,-0.7636363636363637,0.17703642658756907,-0.16948113761701902,0.9433135896447422,0.36473587119263245
coupon,AAA,201210,11,0.5649217389969745,0.8090909090909091,0.2277910237891026,0.7545454545454545,0.3416865356836539,0.18181818181818182,0.17453445174555,-0.07696507664334831,0.9534968228646186,0.015365391133333005
coupon,AAA,201211,11,0.610479943754795,0.8000000000000002,0.26423758759535904,0.7727272727272727,0.5877008413758847,0.45454545454545453,0.17980536177367287,-0.1124098755518588,0.91954524651847,-0.009754834684034583
coupon,AAA,201212,13,0.6299868408234353,0.967032967032967,0.027510342394036474,0.8186813186813187,0.14305378044898964,-0.34065934065934067,0.1874467852238178,-0.1266676990234641,0.9585778074787945,0.05848611144024309
coupon,AAA,201301,13,0.5584599505989404,0.967032967032967,-0.16781308860362248,0.5879120879120878,-0.5116923685290784,-0.4010989010989011,0.20822806991638754,-0.11462117369311922,0.9564642798479078,0.2870960731677257
coupon,AAA,201302,13,0.48143099189563826,0.9395604395604396,-0.2200827391522918,0.6263736263736264,-0.12379654077316414,0.0879120879120879,0.21586915698556888,-0.03414618978084633,0.9498834415850959,0.44426295175488695
coupon,AAA,201303,13,0.429161341346969,0.967032967032967,-0.34112824568605227,0.6043956043956044,-0.33562617720724497,0.24725274725274726,0.22875874905126067,-0.05922422971627684,0.9533514374043501,0.3100873202621611
coupon,AAA,201304,13,0.12379654077316414,0.7417582417582418,-0.5281985739655003,0.34615384615384615,-0.5199454712472893,-0.18131868131868134,0.23684900391332017,-0.005880378141604009,0.9615674508408136,0.1258749747528298
coupon,AAA,201305,12,0.42031588100300776,0.9230769230769231,-0.3677763958776318,0.7062937062937064,0.7775843798555644,0.04195804195804196,0.24626016357004452,0.09503788238860213,0.9628296941262044,0.07476547792326177
coupon,AAA,201306,13,0.48418202613504197,0.967032967032967,-0.4924351288532529,0.46703296703296704,0.04126551359105471,0.22527472527472525,0.25788774532004144,0.09117340428554241,0.9418314331886397,0.1323116444307329
coupon,AAA,201307,13,0.475928923416831,0.9725274725274725,-0.4924351288532529,0.4505494505494505,-0.2035765337158699,0.1043956043956044,0.2614957358313627,0.15882129814111395,0.914559784095591,-0.08123751920280203
coupon,AAA,201308,13,0.43191237558637263,0.945054945054945,-0.46767582069862007,0.46703296703296704,0.16231102012481516,0.7362637362637362,0.2810484357202224,0.09320071495338715,0.9094276355805732,-0.12115806053577903
coupon,AAA,201309,13,0.08253102718210942,0.8571428571428571,-0.5749661560353623,0.40659340659340654,-0.44566754678339093,0.3186813186813187,0.27907926323183735,0.1044591960003952,0.8010904410682311,-0.6399130307999058
coupon,AAA,201310,13,0.25309515002513555,0.945054945054945,-0.5474558136413258,0.6923076923076923,0.49518616309265656,0.6263736263736264,0.2739018845004275,0.07312396173658671,0.7740659545849706,-0.7192219479055313
coupon,AAA,201311,13,0.429161341346969,0.9230769230769231,-0.4539206495016019,0.6318681318681317,0.4181572043893544,0.23626373626373626,0.2687030815398141,0.12101039878562855,0.7889880793221347,-0.5633293430944555
coupon,AAA,201312,13,0.4044020331923362,0.7307692307692307,-0.6850075256115082,0.15384615384615383,0.2806054924191721,-0.3516483516483516,0.2713283601372801,0.09847380829963924,0.780282782571177,-0.579650541684963
coupon,AAA,201401,18,0.42295850546623426,0.7812177502579979,-0.47880143772827993,0.19504643962848298,0.054808803886822535,0.4282765737874097,0.253934481686165,-0.07343665118759843,0.778104442080909,-0.7201670251554354
coupon,AAA,201402,18,0.45605061347337245,0.9793601651186791,-0.48707446473006444,0.4840041279669762,0.3174774111934815,0.5727554179566564,0.2423481887201697,-0.09515611262764086,0.782438663057933,-0.8220708198101995
coupon,AAA,201403,18,0.47259666747694146,0.9463364293085655,-0.5718729914983559,0.3519091847265222,0.1313343036533295,0.16202270381836945,0.22949047302875508,-0.14693728850113522,0.7867817805156248,-0.855837787851699
coupon,AAA,201404,19,0.48857720444646163,0.9508771929824561,-0.26889320964139796,0.5491228070175439,0.46397259702829446,0.7684210526315789,0.21565185926101688,-0.20368796085265717,0.783105850090738,-0.9869020563279688
coupon,AAA,201405,18,0.46432364047515695,0.9669762641898865,-0.09410568214529906,0.6449948400412797,0.4705284107264954,0.762641898864809,0.19522162670012116,-0.18197559347425382,0.7719682344676185,-1.158839612394361
coupon,AAA,201406,18,0.46432364047515695,0.890608875128999,-0.08790091189396067,0.651186790505676,0.30299961394035857,0.2053663570691434,0.18043764609722898,-0.11041147936055278,0.7844528904990278,-1.0392456804716077
coupon,AAA,201407,18,0.36297905970329647,0.9463364293085655,-0.1892454926658212,0.6408668730650156,-0.16856292516135987,0.15789473684210525,0.16601326434541008,-0.11703686684126713,0.8062753155543936,-1.4218333172904603
coupon,AAA,201408,18,0.4022759379617729,0.9711042311661506,0.22854237092429777,0.9484004127966976,0.6153063832577247,0.5995872033023736,0.14138374110475688,-0.04980903420966924,0.8121102290461787,-1.5403720019087839
coupon,AAA,201409,18,0.41468547846444975,0.9649122807017543,0.17269943866225215,0.9112487100103198,-0.1209930199010988,0.04850361197110423,0.13135522254204182,-0.08657104692252361,0.9506069143698016,-0.47044448537706285
coupon,AAA,201410,18,0.5656682212470175,0.9215686274509803,0.2761122761845588,0.9277605779153767,0.6670128020188779,0.2693498452012384,0.12050086101118071,-0.06628762251509508,0.9645559891256047,-0.48160689023698133
coupon,AAA,201411,18,0.4829379512291721,0.9484004127966976,0.24715668167831292,0.8926728586171312,-0.18304072241448283,-0.15789473684210525,0.11249322788629926,-0.05979353626714829,0.9699117641636864,-0.4665772560726203
coupon,AAA,201412,18,0.4208902487157882,0.9504643962848297,0.2802487896854511,0.9112487100103198,0.3940029109599884,0.5170278637770898,0.10300044853429029,-0.009232740674042372,0.9480251910254877,-0.3287413517180612
coupon,AAA,201501,18,0.3795251137068655,0.9649122807017543,0.19131374941626736,0.8968008255933952,0.21406457367117482,0.41589267285861714,0.09349349413535464,0.05376326512256307,0.9083249206813431,-0.6289697685677552
coupon,AAA,201502,18,0.3319552084466045,0.9711042311661506,0.23681539792608228,0.933952528379773,0.16442641166046762,0.6160990712074303,0.09032987647383778,0.03458509549137877,0.9144404510373203,-0.3030901442323263
coupon,AAA,201503,24,0.3818026765264183,0.9782608695652173,0.26730540865133506,0.9530434782608694,-0.09708323473818846,-0.020869565217391303,0.08850127609082936,0.02983706821392681,0.9115771559290816,-0.24977826811386264
coupon,AAA,201504,28,0.42755423910637524,0.9573070607553366,0.3322378552440956,0.9282977558839628,0.193371744272326,0.7197591680350302,0.08673227954684647,0.10029890944270745,0.8903112343225605,-0.1699963465680354
coupon,AAA,201505,28,0.41605053760575533,0.9835796387520527,0.28731863986072237,0.9512862616310892,0.09641197448138636,0.4477285166940339,0.09059402911329223,0.12996874158188382,0.9097863607223043,0.050327778574993605
coupon,AAA,201506,28,0.44508368901208184,0.9792008757525997,0.29087930937281903,0.9518336070060207,-0.1257190235424896,-0.294471811713191,0.09017044105341276,0.12676087187474494,0.9153130725754847,0.06245584448670662
coupon,AAA,201507,28,0.415502742296202,0.9759168035030105,0.2665024180976958,0.9332238642583469,0.035332797466189884,0.5550082101806239,0.09084764590516185,0.1508010647210229,0.9082672325885175,-0.10801251157241074
coupon,AAA,201508,28,0.4585046740961385,0.9540229885057472,0.3297727763511056,0.9222769567597153,0.2728020641575591,0.307608100711549,0.09160091055996547,0.1862969513432387,0.9144974872938516,0.12238649694218195
coupon,AAA,201509,28,0.4672693990489918,0.9759168035030105,0.37934825186568205,0.9441707717569787,0.4853466442642517,0.7449370552818828,0.095118775402984,0.1657774699820264,0.9079704756028222,-0.05911554415020659
coupon,AAA,201510,28,0.45001384679806183,0.986863711001642,0.35195848638801547,0.9480021893814996,0.23308690421494255,0.7088122605363985,0.1023571316571722,0.20052087825306025,0.9150764706941865,0.11957855636835461
coupon,AAA,201511,28,0.47576022634706844,0.975369458128079,0.3557930535548888,0.9485495347564312,0.4201590024274053,0.3672687465790914,0.11170085559869014,0.17490441255381245,0.9222635225391781,0.005821599192082277
coupon,AAA,201512,34,0.5471222979877448,0.9728036669213138,0.43384551039095265,0.9382734912146676,0.16418255044393348,0.1605805958747135,0.1170294141285064,0.17428884012263263,0.9308141986124776,-0.03746210972563914
coupon,AAA,201601,34,0.5050830043452106,0.9813598166539342,0.4110678567446342,0.9355233002291826,0.13865323394101273,0.652864782276547,0.12524390137104,0.21404511241444057,0.9849566907466378,-0.15599240143461932
coupon,AAA,201602,34,0.5073760567257125,0.9853323147440795,0.35970348342139247,0.9364400305576774,0.07505924792176102,-0.307563025210084,0.13088665368922786,0.19233411916081747,0.9898268239505551,-0.29420110166675867
coupon,AAA,201603,34,0.5602691316359555,0.977387318563789,0.4035772189683281,0.9318563789152022,0.14369794917811682,-0.32620320855614976,0.13609348677023228,0.2018945878665259,0.9997164506441446,-0.36614942306326
coupon,AAA,201604,33,0.5064794780899605,0.9852941176470589,0.346793805730795,0.9171122994652406,-0.5476131696086565,-0.6049465240641712,0.14128863256821486,0.2187614389389852,0.9967504610052418,-0.447724625143335
coupon,AAA,201605,33,0.5387510328180432,0.9679144385026738,0.3785637300745033,0.9341577540106952,-0.02742246101246402,-0.4899732620320856,0.1463713225054642,0.18112963269346619,1.0077503875891272,-0.36073758181473936
coupon,AAA,201606,33,0.4676867283650114,0.9639037433155081,0.2914472533214926,0.8920454545454546,-0.012373549481233766,0.48094919786096263,0.1495835801891249,0.15653047490484326,1.0018873616224928,-0.2895139508757064
coupon,AAA,201607,33,0.5041385362962135,0.9826203208556151,0.3116796788245911,0.9441844919786097,0.29796844831835906,0.04946524064171123,0.15050968279727206,0.18490130241147246,0.9892236334464334,-0.10236885588866125
coupon,AAA,201608,33,0.5109941515493295,0.9802807486631017,0.24730377949655055,0.8930481283422461,-0.3220467067683275,-0.4445187165775401,0.15027271605123832,0.17540154632033164,0.9904647792196183,-0.11536755460087306
coupon,AAA,201609,39,0.49810141366875044,0.9783400809716599,0.2827198916371521,0.8977732793522267,-0.13194270014441592,-0.25668016194331983,0.1498146027685998,0.20046981600517272,0.9900148674099591,-0.08017718047476473
coupon,AAA,201610,39,0.49526611389588504,0.9933198380566802,0.2583160614492747,0.9232793522267206,-0.3499570005365321,-0.5309716599190284,0.15382932419227402,0.17569371799003525,1.0026347169641103,-0.03956933412518
coupon,AAA,201611,39,0.49364594259710476,0.9831983805668016,0.19948359116231723,0.8801619433198382,-0.37861378038370763,-0.8018218623481782,0.15467739382619364,0.17938237907313026,1.0064725503127812,0.026110633597526713
coupon,AAA,201612,39,0.48716525740198385,0.9734817813765182,0.08576781812917902,0.8240890688259109,-0.06855349807963897,-0.2935222672064778,0.15864220354080116,0.2101324033764306,1.006841532596159,0.244157199083515
coupon,AAA,201701,39,0.4852413039846823,0.9684210526315791,0.12951244319624552,0.8506072874493927,0.1305250502579832,0.3244939271255061,0.165344364571431,0.2324726839755345,0.9970279474315974,0.18900191838197572
coupon,AAA,201702,39,0.4967850244884915,0.9605263157894738,0.2497089014245047,0.9074898785425102,0.27350516737533953,-0.1062753036437247,0.17149372612110203,0.1968795081040848,1.0160407043377233,0.12523323716677268
coupon,AAA,201703,45,0.5828500678432238,0.9836627140974966,0.3039810599223056,0.9084321475625823,-0.048708153357021645,-0.2938076416337285,0.17739342177868422,0.17637744965708624,1.0033774866258167,0.17113177801225865
coupon,AAA,201704,49,0.6120668299377778,0.9895918367346938,0.36103316555332354,0.9029591836734693,0.18396204279007183,0.008163265306122448,0.18568069540864723,0.22789688018573892,1.0003487666327422,0.1612839919900772
coupon,AAA,201705,49,0.6475423071128888,0.9797959183673469,0.3769078035410351,0.900204081632653,0.1377163128323013,-0.24622448979591832,0.18990835461654398,0.2250945243478769,0.9834422668715098,0.1265644659270102
coupon,AAA,201706,49,0.681282293318282,0.9543877551020408,0.20652342539640137,0.738469387755102,-0.3443418259328037,-0.4540816326530612,0.19472065760444662,0.24294246041020934,0.9771305299090394,0.09481274275491884
coupon,AAA,201707,49,0.7143076655949682,0.9619387755102039,0.2068296885087045,0.7580612244897958,-0.0719207875391818,-0.1276530612244898,0.19972738017438607,0.24827203676559867,0.9939521623449172,0.11350072691575473
coupon,AAA,201708,48,0.7378225154867646,0.9584237950499348,0.2953570811608532,0.7440295267042988,0.2709747812084312,0.21059487624837167,0.2073813177306672,0.254157702328747,0.9938723831968231,0.08862121600643774
coupon,AAA,201709,48,0.7415151577958172,0.958966565349544,0.29361936713306364,0.7191706469821971,-0.1265273026484258,-0.4168475900998697,0.21201438868164474,0.3117020823589749,0.9871765410968621,0.11289722454938143
coupon,AAA,201710,48,0.719250696814764,0.9843682153712549,0.1364105511814788,0.6327616152844115,-0.44697263008549043,-0.2870169344333478,0.21269895755358711,0.33512852122376163,0.9799949478192753,0.006055102944437255
coupon,AAA,201711,48,0.7477057640198175,0.9663482414242293,0.049090421285054475,0.5413590968302214,-0.16568017183705885,-0.4973947025618758,0.21176407306546544,0.35148284798602936,0.9720252556231387,-0.0806305771791102
coupon,AAA,201712,48,0.8003802204871879,0.9527789839339992,0.15986969055663758,0.5940078158923143,0.3205539345638015,0.20733825445071646,0.20696953286247682,0.3329450567669677,0.9622537971042705,0.021745960093987743
coupon,AAA,201801,48,0.7583492624400283,0.9304168475900999,-0.03361390572505389,0.40870603560573165,-0.28552813619116857,-0.42933130699088146,0.1993305165312618,0.31235436318256915,0.9597055398564718,0.046402309823554894
coupon,AAA,201802,52,0.758685562388379,0.97677793904209,0.03608721082004956,0.5248015026039443,0.13935215255126823,0.24314863826517544,0.19148622652761754,0.28490806546562975,0.9494001087526672,-0.008959767674210086
coupon,AAA,201803,52,0.7627854111916035,0.9708016733543926,0.0032030068775191906,0.44779305045675744,0.035702849994747245,-0.030308204559036968,0.18652553866962868,0.29801279438088296,0.9491787177575969,-0.042227004128696295
coupon,AAA,201804,52,0.7312678235168147,0.9663621617006743,0.19089920990014375,0.6149577392640655,0.4005039799649996,0.4530009391274652,0.182169193385037,0.29744671217303287,0.9523262759586497,-0.04811114879564731
coupon,AAA,201805,52,0.7655186437270866,0.9702040467856228,0.28592174726654646,0.737215060189533,0.5923000317908488,0.4920174165457184,0.1816552425400977,0.3079864392998052,0.9628355825582974,0.010111636932552601
coupon,AAA,201806,52,0.823727955381202,0.8890122086570478,0.4766928368915895,0.6865875522923247,-0.0017509770930438243,-0.06147016135917356,0.18176352996511355,0.2971300874663839,0.9657787321463854,-0.11815556143182068
coupon,AAA,201807,51,0.8500872415137486,0.9636199095022624,0.38968745206892896,0.7151131221719456,0.3365852934633466,0.1871493212669683,0.1809767420210565,0.2859617837453363,0.9444950702003649,-0.38254061680773654
coupon,AAA,201808,51,0.8387243755205679,0.9819909502262444,0.4513909833386723,0.7231674208144796,0.6135947636317686,0.6922171945701356,0.17981035390585773,0.2789861776219435,0.9404141648498905,-0.4380743385934543
coupon,AAA,201809,51,0.8465108813007555,0.9659728506787331,0.3762421484833723,0.672579185520362,-0.12245638450818458,-0.2639819004524887,0.1819250367923715,0.2753855993957361,0.9478617098357104,-0.42394533135932766
coupon,AAA,201810,51,0.8143689097662599,0.9735746606334841,0.2876480100425156,0.6043438914027149,-0.23875599700412772,-0.20570135746606336,0.18411396014076012,0.28701592749979987,0.9437177677958184,-0.4832536923212865
coupon,AAA,201811,51,0.8482311558335877,0.9306787330316743,0.22372623003306774,0.5614479638009049,0.31711902901287725,0.2986425339366516,0.18491188203253908,0.2842566609179591,0.9456364292448519,-0.4895894016971717
coupon,AAA,201812,51,0.8265919130258567,0.9240723981900452,0.2737047322500865,0.5238009049773755,0.5144526260817041,0.3966515837104072,0.1871738131871348,0.29971419739380695,0.9529027579893591,-0.42261309663087143
coupon,AAA,201901,51,0.891102208007063,0.9583710407239819,0.4318341781233171,0.7028054298642533,0.4623464158898666,0.11773755656108596,0.1922638895559171,0.2852304765202527,0.95822240024129,-0.38812491829462986
coupon,AAA,201902,51,0.8676521499016139,0.9648868778280543,0.39380705687123757,0.6333936651583709,0.2324181434621145,0.22425339366515837,0.19442934329925451,0.2945815014197511,0.938798895595319,-0.6212799031892691
coupon,AAA,201903,51,0.904230618915519,0.955656108597285,0.5008715113488186,0.6879638009049773,0.3686819946153993,0.22823529411764704,0.19391770643925468,0.2908670933378777,0.9432128335611064,-0.7090831374837014
coupon,AAA,201904,51,0.9115191504888343,0.9156561085972851,0.5262681958993145,0.6505882352941177,-0.20937551879865202,-0.41266968325791853,0.19169979864202857,0.26780178795986037,0.9440501250671719,-0.6701074661299425
coupon,AAA,201905,50,0.9290897060667493,0.9668667466986793,0.5375931439519585,0.686530612244898,0.533653676766609,0.4933013205282113,0.18889596589662597,0.24647627370230432,0.9448669607541957,-0.6511110403906221
coupon,AAA,201906,50,0.893586459115856,0.9713805522208883,0.4674033688568905,0.6503241296518607,-0.13168389701271835,-0.11164465786314526,0.18870192176189488,0.2352280058226657,0.9411873491929013,-0.6778501047415931
coupon,AAA,201907,50,0.8986308988044132,0.9569747899159663,0.5205861758591084,0.6925810324129652,0.7145328713134477,0.6503241296518607,0.20549205973902934,0.242953024425345,0.9088183765185566,-0.6471529923868007
coupon,AAA,201908,50,0.8850829750694309,0.9598559423769507,0.5367283828624915,0.7212004801920768,0.6708624362953663,0.6349579831932772,0.20729820646604655,0.2333655488202668,0.8932447296696159,-0.774258024440252
coupon,AAA,201909,50,0.8885420194272987,0.9592797118847539,0.5050685185314513,0.7273469387755102,0.5256786578304138,0.5123169267707083,0.20914790593615773,0.2230974373413906,0.9007875511109161,-0.8617545052008434
coupon,AAA,201910,50,0.9008888860935769,0.9513085234093637,0.47167913202147704,0.7021848739495797,0.010281048508107161,-0.13104441776710685,0.21012972028607477,0.20357816470306678,0.8965018418896098,-0.7916402540362402
coupon,AAA,201911,50,0.8921932329161592,0.9434333733493396,0.4019697797538907,0.6279471788715486,0.08282489545783525,-0.036638655462184866,0.21185474097172133,0.17204242740569733,0.8933883354022828,-0.9068359358574194
coupon,AAA,201912,50,0.7837137584708043,0.8696758703481393,0.15440789675260005,0.44614645858343327,-0.5620466658707741,-0.6584873949579831,0.21478728218935206,0.1636606995735711,0.9089279262894545,-0.9225354786643977
coupon,AAA,202001,49,0.8604391115935857,0.9562244897959182,0.3392547659973286,0.5920408163265305,0.7041859008325532,0.6910204081632653,0.21887724602740088,0.11632250123429931,0.9205998871563839,-0.9478710304889556
coupon,AAA,202002,49,0.8892293144257394,0.9636734693877551,0.33823383681888347,0.6417346938775509,0.4534456946064204,0.3353061224489795,0.22819957849248396,0.08387422732887499,0.9302988011063358,-0.8231722893861303
coupon,AAA,202003,49,0.8859623410547149,0.9226530612244898,0.4418071019721455,0.6725510204081633,0.6009189144328246,0.5683673469387754,0.2369485271773286,0.06903207490792192,0.9311107602925603,-0.6623821561201848
coupon,AAA,202004,49,0.8889230356722059,0.9427551020408163,0.57233289743636,0.7646938775510204,0.597447755226111,0.4677551020408163,0.24747443605702546,0.04940847543105017,0.9325480018285719,-0.7100545277532858
coupon,AAA,202005,49,0.8823380424712345,0.933877551020408,0.524706551261893,0.711938775510204,0.5423686260489944,0.5232653061224489,0.2569217189911403,0.04019354956835809,0.9152163148906447,-0.6691146925950633
coupon,AAA,202006,49,0.8680960804319245,0.9557142857142857,0.45477290253839914,0.6940816326530611,0.04155181756271825,-0.033673469387755096,0.2631694774002472,0.0524769749287791,0.9246515456079222,-0.5044682074838236
coupon,AAA,202007,49,0.8564064413387273,0.928469387755102,0.4443083784593362,0.6761224489795918,-0.40163353880032826,-0.601938775510204,0.2511449256348469,0.01960796016345097,0.9598506782949956,-0.5927605381961865
coupon,AAA,202008,49,0.8352221608859902,0.9437755102040816,0.3613578827106665,0.680204081632653,0.08718735183921715,0.07244897959183673,0.25636931090258985,-0.010767284818368035,0.9821205337117941,-0.47508768809861684
coupon,AAA,202009,42,0.8310636220908048,0.9542986791994167,0.43766216305776967,0.6946762823109959,0.20736058772027688,0.12778543067822706,0.2610467869923666,0.002482668458481896,0.9768134836179135,-0.5041068412040575
coupon,AA,200307,54,0.14280003178425982,0.6305698494377739,-0.33041354587665145,0.5170573661139698,-0.017482602127022455,0.021307413760243945,0.17112330556699185,0.2050257970891696,0.7431322025746279,0.25815903153049224
coupon,AA,200308,54,0.3275262513677813,0.7229655040975794,-0.10697460761872417,0.6072422336573279,0.308863895632656,0.31396988755479316,0.17112330556699185,0.2050257970891696,0.7431322025746279,0.25815903153049224
coupon,AA,200309,53,0.10152805298690706,0.594581519109821,-0.5212042513375573,0.3486534429930656,-0.2548899111567917,0.04354136429608128,0.16046353680507894,0.1842411814873618,0.7249920544594032,0.346760646399104
coupon,AA,200310,62,0.23638388596805407,0.5808214348669134,-0.5597199423796295,0.33801717408274784,0.03558738106268177,-0.18037823273148498,0.1616827458223435,0.19821181729962975,0.7289971708207768,0.29988852891309487
coupon,AA,200311,62,0.30671134235804,0.4721361839288862,-0.5914175070469011,0.17992495782025134,0.1669923276727494,-0.17871622472362822,0.1616827458223435,0.19821181729962975,0.7289971708207768,0.29988852891309487
coupon,AA,200312,64,0.14465594575265464,0.4353479853479853,-0.5652878475713592,0.16149267399267397,0.003918290309473141,-0.1466117216117216,0.1616827458223435,0.19821181729962975,0.7289971708207768,0.29988852891309487
coupon,AA,200401,67,0.25595870955658295,0.6631016042780749,-0.5786180581019298,0.4219410966557587,0.17457993594005214,-0.05862399233777636,0.1529441616206495,0.1757443122466991,0.750460631580622,0.3433160631380166
coupon,AA,200402,69,0.29333587037499453,0.6861527219583486,-0.4076608016549023,0.41282426013883816,0.2282659150855028,0.18169528681037633,0.1456256012577049,0.16846071201665883,0.7462159006163851,0.33824242899061185
coupon,AA,200403,67,0.2514257268308693,0.5159230585042701,-0.5350286737065852,0.2686168090031128,0.030819025778521712,-0.1244712267539309,0.1456256012577049,0.16846071201665883,0.7462159006163851,0.33824242899061185
coupon,AA,200404,67,0.33159582061963516,0.7961130177987071,-0.39700819940106535,0.5897517758799585,0.22901323209400892,0.3323090430201932,0.1456256012577049,0.16846071201665883,0.7462159006163851,0.33824242899061185
coupon,AA,200405,69,0.25128918894663616,0.8499451954694923,-0.3877310086308244,0.5790646693459993,0.10927047901805266,0.5075630252100841,0.1413583037616297,0.16677228578194425,0.7520720720522993,0.3164649025886707
coupon,AA,200406,73,0.24462738692894018,0.7154448969517464,-0.45204732655597146,0.46001480932987787,0.01639597885254241,0.0011106997408367274,0.13551582926603375,0.1645025748672619,0.7415304866188346,0.32283965803426523
coupon,AA,200407,71,0.13552955714898074,0.732394366197183,-0.533240673403772,0.4524815560026827,-0.04549537263879232,0.10124077800134137,0.13551582926603375,0.1645025748672619,0.7415304866188346,0.32283965803426523
coupon,AA,200408,69,0.143225389305835,0.6900255754475705,-0.5252816288070413,0.5181585677749362,0.06200644805684651,0.01932773109243698,0.12632328021663133,0.1325001636602797,0.7316698995886628,0.31263947347820686
coupon,AA,200409,72,0.169136502315294,0.7709820567239052,-0.5135558296137323,0.5560164640812915,0.12300690260658512,0.23657469933757802,0.136912701059932,0.15537011329818218,0.7365833253865564,0.3447448814704849
coupon,AA,200410,71,0.2781777787759412,0.7189805499664653,-0.3673966984135138,0.5461435278336686,0.2048830183890844,0.24205231388329976,0.12261235068178024,0.14464508249673347,0.6276120045444803,0.4520688154943993
coupon,AA,200411,72,0.3405656278397146,0.6979548524020839,-0.40839879678062435,0.3846228053251014,0.13454007558915734,-0.005691684352691493,0.10737068613436206,0.12421779379928893,0.5987631224401893,0.42851153576661366
coupon,AA,200412,72,0.28641541835184064,0.8012412373786096,-0.28131493592851986,0.5549231461830344,0.15972394011452853,0.42147404977812086,0.09575834774909912,0.08340328410082086,0.5719439130434837,0.4318146391438359
coupon,AA,200501,72,0.3518206582597241,0.5880120908096984,-0.3336230380049107,0.33809248183162915,0.08904122943425011,-0.13492829120843786,0.08406551476544533,0.09185551975478681,0.5644787550460872,0.4176066900316192
coupon,AA,200502,87,0.320199140862235,0.4626376029744113,-0.3987309841338964,0.19896843333090325,0.13475495419066955,-0.09369760151636655,0.07798827460426058,0.07748148338984849,0.5617230447638165,0.42058874583509687
coupon,AA,200503,88,0.2140352763177458,0.6532175689479061,-0.2351013589619532,0.5067274840618506,0.12514539434476027,0.3753830439223698,0.07274943622206141,0.06960528624597459,0.5145875636466909,0.4482509384944204
coupon,AA,200504,89,0.21711213336889532,0.8083248212461698,-0.204353857212195,0.7181137214845082,0.16176949086806833,0.5261150834184543,0.0667832112205096,0.04346933164615251,0.45842121113028117,0.4122001453429472
coupon,AA,200505,90,0.12020410554413125,0.8126188418323249,-0.32483522622583627,0.6482857966004033,0.03669128401501231,0.615656253858501,0.07946608254064405,0.04178299964891339,0.4385170055336152,0.3315156335359988
coupon,AA,200506,93,0.2199605474111328,0.7930679478380233,-0.22365541882990944,0.7174659067171972,0.20568117564523428,0.5435827041866849,0.07645303318537301,0.01799587694509767,0.4147596697463707,0.2920031116467631
coupon,AA,200507,93,0.25030418798237875,0.7381009220852852,-0.2770401236124035,0.6072185252603622,0.21405169235004198,0.3905284831846259,0.07279339485622532,0.028682374917164594,0.3834157289082392,0.3429461824324855
coupon,AA,200508,95,0.1651214485542259,0.7952547592385218,-0.23353690879064604,0.6458426651735723,0.12980030408825832,0.5536814109742441,0.07026334143121445,-0.00280675252096065,0.3809058344957982,0.3798201770968097
coupon,AA,200509,100,0.23147242934312903,0.8318751875187518,-0.16405945404510675,0.7807260726072607,0.24765322453623287,0.6619741974197418,0.05827971807182871,-0.03170619741793288,0.34742222387461574,0.3169205753327234
coupon,AA,200510,94,0.08766959920320815,0.8425026189358089,-0.28373175423552904,0.7424701080085252,0.020036287327173958,0.633955857385399,0.05880120642154343,-0.05891583122251708,0.47862052015999795,0.16266156530441112
coupon,AA,200511,94,0.13871442644148463,0.8316511938734964,-0.1734454367614958,0.7638550735108188,0.10174270577824698,0.6014738287035364,0.06007440018533558,-0.0608139116064341,0.5023935538295721,0.3354714417527784
coupon,AA,200512,95,0.2172126214000323,0.7389137737961926,-0.05289397962850469,0.6853443449048152,0.20187098658853458,0.44174132138857786,0.06015801298940031,-0.0884591156241107,0.5365635465518256,0.32092746010137435
coupon,AA,200601,100,0.030447195502999406,0.6562515939171268,-0.3234704667267559,0.5239003900390038,-0.20124983570593843,0.11619561956195619,0.060889922703673244,-0.10896109207965957,0.5601200209678993,0.4886081264373866
coupon,AA,200602,103,0.18710962135988585,0.6865271672453921,-0.20441474797204828,0.622008912516382,0.2545721466923794,0.14527452794756676,0.060696057841524556,-0.10116528291446053,0.5409524160568611,0.4560203536571806
coupon,AA,200603,101,0.24638667538791714,0.6549058092800316,-0.10674102785101805,0.5954105998835177,0.24679966022477867,0.3703319743739079,0.05640700789741535,-0.10670821602564139,0.5957751471012472,0.3144453624837752
coupon,AA,200604,103,0.3635225275229995,0.6663188791014856,0.04079121606253999,0.599834709384563,0.3318180012069162,0.15355553298045016,0.05634865704793334,-0.10675811389437312,0.6249075603784737,0.4590366620666964
coupon,AA,200605,101,0.36311173021259213,0.7265717139568195,0.10430943082124466,0.7014676761793827,0.25302990408017934,0.3174490390215492,0.04049506629574329,-0.07887937221095763,0.5997810911039072,0.5390179986404954
coupon,AA,200606,130,0.32330545468500943,0.6708061981000097,0.15004268777840424,0.6436611774865382,0.24106812973496697,0.31898062103925884,0.03674834573358562,-0.04019024732046437,0.5953389955600702,0.647031859923595
coupon,AA,200607,127,0.3217882223109965,0.7281003937007873,0.0861263350198186,0.6693733595800525,0.1590725799088224,0.1115075459317585,0.03664934889725852,-0.037242363362122395,0.6564340861268373,0.36132114557095846
coupon,AA,200608,134,0.42410706030237094,0.7632838314692203,0.22344390248742962,0.7533335827130014,0.3611487762359773,0.29720320702253145,0.03726998242043686,-0.008564500669610639,0.6359277030559769,0.6085261256899342
coupon,AA,200609,128,0.3973240660090662,0.7375423457242264,0.2011052853106978,0.6858633949826038,0.1728597428327519,0.24971388024171393,0.03838229600852045,0.0006522913500144919,0.6787244995690604,0.6404503303013996
coupon,AA,200610,164,0.44047607439723163,0.8276332077319656,0.2609504425898151,0.7865057880919021,0.2649983481439757,0.3873083672275652,0.03813242042780253,0.025188193314956978,0.676664160278288,0.6518275258545433
coupon,AA,200611,164,0.45553553909596334,0.8314066899732019,0.2794970155017845,0.7916069266660318,0.22100621689887628,0.31841987131527755,0.032972244095701736,0.007266472748849175,0.6901817938265398,0.6066905236118594
coupon,AA,200612,159,0.21625914286589654,0.7329860281824696,0.05342001505034829,0.6745133747313113,-0.04035286200205365,0.2425274659660855,0.0323224380962263,0.029851407767252525,0.6306122190048322,0.7931582634612018
coupon,AA,200701,158,0.38908348439134527,0.6593581285112092,0.2485568485697514,0.6562030792915287,0.3063661467161268,0.19816112656858734,0.036359236049699095,0.0712488816480025,0.6264750529349266,0.7092119157851096
coupon,AA,200702,184,0.35975209491159904,0.6169591305114904,0.2330157991296392,0.591485426980794,0.20176653541671502,0.1696268613588642,0.033979802437218924,0.07698076143321861,0.5809121127514694,0.7346846291584016
coupon,AA,200703,185,0.3517765448883431,0.7656034483167953,0.23041141831697343,0.740992921512214,0.27150643691837373,0.4194403261061112,0.034565531723938836,0.11696633431591878,0.5763610790750298,0.7734381585397719
coupon,AA,200704,185,0.3678438932630787,0.7577404192411206,0.2591308733123834,0.7333516545999015,0.27340098601997537,0.46036541450286195,0.037442446699094856,0.1470870196227794,0.5369943086809276,0.6657494812038085
coupon,AA,200705,188,0.4317312845652014,0.754385782727125,0.31952114568103174,0.7435719613441766,0.3462599330138491,0.33787364075223897,0.040647823314624944,0.14950164941579133,0.6557692612685885,0.6087496238155288
coupon,AA,200706,184,0.46940117720520164,0.8215139683988476,0.35153102713384904,0.7956785631555714,0.3959447043659662,0.5985410599589702,0.04410690260298014,0.13858588445690725,0.5266452104827813,0.6719017887042922
coupon,AA,200707,184,0.4106482919719254,0.7865893419407455,0.3225947570725748,0.756547510689329,0.29411532280485125,0.5256183907251294,0.049854984333655886,0.18660452085869889,0.5489259112868663,0.6625002731924502
coupon,AA,200708,186,0.24480309771558337,0.5739044892745082,0.06839960344251944,0.4894227676011357,0.041719998701086926,0.07844038622027236,0.057564881688465776,0.1538804106495431,0.5440229493242564,0.4485046176770672
coupon,AA,200709,192,0.30486914330312204,0.6597420939281232,0.14246958274455793,0.6165209695358491,0.22111276528103666,0.1847584298619212,0.060398782246828674,0.16228857323080967,0.5342785022790575,0.5146163416712517
coupon,AA,200710,183,0.42013614974578756,0.6671186679636804,0.25293166467128386,0.6311272896028547,0.319364474535108,0.26068660791958354,0.06380856513856573,0.15718562710012962,0.5362779937056203,0.5351772493366719
coupon,AA,200711,185,0.2058646216292243,0.5440146317425419,0.06926114449453313,0.49470073158712713,0.0998976681536168,0.2089913195102536,0.07121873322098382,0.17846823757144736,0.5416886424488984,0.5590025827373125
coupon,AA,200712,186,0.35950884371154623,0.723653893672869,0.2164528662678992,0.7046766967070571,0.2965949593051092,0.39445099748705065,0.0741171478421404,0.19988932304734316,0.5666068002853971,0.5421755001626842
coupon,AA,200801,178,0.4485087612457419,0.7018562040324323,0.3222282418082282,0.6536185179944444,0.29971787099934305,0.23798925237970103,0.06792190214412658,0.17017943131695545,0.5692380617446857,0.5757626788359171
coupon,AA,200802,179,0.2629034315262036,0.739436737597556,0.1614730783356816,0.701625761094721,0.11623093569741304,0.42530077626430646,0.07202595441681588,0.18676010042859598,0.6084463496863308,0.6156817612877797
coupon,AA,200803,178,0.2547751807265392,0.838321830691467,0.1945932487730763,0.8272103531224168,0.19945701571079757,0.6242120415478192,0.07092179874078715,0.16432212567586824,0.5765223325033582,0.4990475224947297
coupon,AA,200804,177,0.30322476856930025,0.8470313013971367,0.21525710168455742,0.8327656204013089,0.18553223949621853,0.25244542165128725,0.06961016377600578,0.14926856523271456,0.5843611063370883,0.6215573985263168
coupon,AA,200805,177,0.43374892838035906,0.8632251865445544,0.3281991918966079,0.8490201000675198,0.348072306021656,0.52501255172175,0.07023134185343498,0.14612217656145687,0.5078723909631367,0.6340197558510043
coupon,AA,200806,178,0.37434472924221696,0.8658260357963208,0.29061727243608626,0.84093692183133,0.24940279210273011,0.6035572899655187,0.07322001222504994,0.16104757563336328,0.7072518502413344,0.5201016634826048
coupon,AA,200807,176,0.35794432430526185,0.9113757429011666,0.2792288774286934,0.8817697556680608,0.16598155900859815,0.5801826986572749,0.07427559731266202,0.1651134923474815,0.6622132216070229,0.6592078745273628
coupon,AA,200808,176,0.3043046714954835,0.9403984151441779,0.25962425710183884,0.9278824565265245,0.17873927429784864,0.721305304864627,0.07350675052195203,0.14198516075817574,0.689053461260116,0.659079684307476
coupon,AA,200809,173,0.23182165893263632,0.672128715854467,0.21444787414077943,0.6621834599570763,0.17124296036538045,0.5168659117141254,0.07163211648006816,0.12636168832626593,0.6809179019314634,0.5144515813782164
coupon,AA,200810,172,0.15882887312214622,0.8511660924053647,0.1392461485083504,0.8529867483603483,-0.0396007519614766,0.314815469915547,0.07028398702074308,0.0963917474420458,0.6693259014239376,0.5043881731160448
coupon,AA,200811,173,0.15818421807954863,0.874051480779304,0.13186269065966888,0.8652766639935848,0.07145325490968325,0.5691903342588688,0.07143889716497485,0.09622727441958155,0.6547581785932701,0.43828540181538944
coupon,AA,200812,103,0.26785090095673814,0.87194130826341,0.24381349266386765,0.8681742301102667,0.1383620692661389,-0.11692219830426571,0.06802315549608731,0.08035521785357962,0.6507896698697354,0.325325295681368
coupon,AA,200901,101,0.22216851228856213,0.8669539895165985,0.18056909431106472,0.8509260337798485,0.06022854520456838,0.589551543389633,0.07457116499087454,0.07626370596843876,0.6298739581763497,0.267900354965095
coupon,AA,200902,104,0.21452972143317084,0.9252000426757709,0.19691732018106956,0.9247519470820443,0.18651532925975275,0.7895444361463779,0.08190589046453284,0.07958599766613275,0.6150253873261328,0.19336587412957523
coupon,AA,200903,126,0.32267878435165104,0.8990986126734158,0.30263774190349446,0.8993325834270718,0.33473341138109614,0.683623547056618,0.08592329163810719,0.08021364832949077,0.6573276080939172,0.24398255130825036
coupon,AA,200904,132,0.3311080142589006,0.9388999911298023,0.2829038569981107,0.9315533803279884,0.020244702104599204,0.039216709365363436,0.08953526088734176,0.058452861596756674,0.7497783029110625,0.1473563258389681
coupon,AA,200905,134,0.391648546895417,0.9028217309442761,0.31351243146771257,0.896881507250714,0.0777918375244789,-0.2202296786742977,0.09900852183102311,0.0502485116874884,0.7076354497908669,0.20481027962730902
coupon,AA,200906,129,0.41315240962257405,0.8171791144901611,0.28137135095917853,0.7822171288014313,0.2118121586465274,0.2049754025044723,0.10942240926007694,0.023101361164029277,0.7017218227329177,0.12109515527024994
coupon,AA,200907,131,0.3583887497440874,0.8011477072545775,0.18178032759416812,0.7580739870816208,0.02066626130019919,0.1258741258741259,0.119370150795012,0.01389982801520791,0.7424867819043458,0.035232970632754296
coupon,AA,200908,132,0.4129746547892754,0.8081480592529205,0.24270674150137833,0.78084872138709,0.25948743341378544,0.2459444934334448,0.1343866909671898,0.005909230478565354,0.7862274902809712,0.0020486094862584617
coupon,AA,200909,134,0.4872682616575709,0.8253743812266987,0.28439323658429183,0.803708275664285,0.23222387624002933,0.055195201935186226,0.15241604775704146,0.04370557713246567,0.8389916735742313,0.07700892903687005
coupon,AA,200910,138,0.5048315773599585,0.9331398733758153,0.2808603979616492,0.8735173714408352,-0.04023515048497966,-0.17130338889789465,0.18389694078671937,0.05979641109260537,0.9299689755831851,0.035536462801146994
coupon,AA,200911,141,0.4900879733533181,0.8947985787062801,0.21094464499435175,0.8017509311186266,0.2467130354877707,0.363427372747121,0.20456880349865758,0.05062549755341097,0.8215570807351125,0.08219733720838249
coupon,AA,200912,144,0.420181751705813,0.7998874688529861,0.03516858305672183,0.6620006430351258,0.06949493724394398,-0.09426493047182702,0.2323940016888571,0.05888245684096657,0.8387509354866804,0.07683401403294089
coupon,AA,201001,141,0.42839143828739945,0.8724859797080353,-0.02748613459667596,0.7154843957361188,0.23502068954856617,0.3277280705509653,0.25814919890138077,0.06766579833824404,0.8150112783995189,0.009265334632720246
coupon,AA,201002,156,0.4299523572988726,0.8692039006811967,-0.07135861889036725,0.7170868170251773,0.17463558851396405,0.26711763683203993,0.27042236675446857,0.0754092840509587,0.8243373219042415,0.009033485032871325
coupon,AA,201003,158,0.4705421572566372,0.9254471301069889,-0.20279305604474018,0.6169186091618126,0.044477247035182306,-0.13254097076331198,0.29075259913375867,0.0752064094484599,0.8521782675662648,0.041425881296629226
coupon,AA,201004,157,0.44063292855260083,0.785008589733253,-0.2477976679855622,0.46352309304820793,0.0801606193189907,0.020168817717797806,0.3225738370687496,0.09478021634825115,0.8644999171665385,0.0673887848412209
coupon,AA,201005,159,0.35567223412299936,0.7757165034631001,-0.2187437097059045,0.5155958920468116,0.1673258953356185,0.3443664915213757,0.3373994578200974,0.10781142129261737,0.8609076402357999,0.07156142827544554
coupon,AA,201006,156,0.343663629762549,0.8491662847117952,-0.2301393480462631,0.6073524995653615,0.0697568744296194,0.27618340155837584,0.34224642371206493,0.12371067255589892,0.844739128378935,0.08182779893593205
coupon,AA,201007,160,0.42581510806398964,0.8631255127153405,-0.25741388469652426,0.6418434313840384,0.2817950339196005,0.00825618188210477,0.3563387012750352,0.15796151787621088,0.8381988727436769,0.09184675710243084
coupon,AA,201008,161,0.43493838338860064,0.8920979986197378,-0.23288842303773488,0.6201805843110192,0.31094311332673985,0.5417874396135267,0.35523006230146154,0.19371582470537752,0.8193951416963206,0.10480087460598882
coupon,AA,201009,163,0.43763080563771634,0.9270398634456692,-0.2773173741529317,0.607262207591401,0.30811948283548857,0.5184464728082864,0.3630136056866416,0.21831693211180048,0.8095143774392247,0.11627113618621325
coupon,AA,201010,163,0.37728246396018544,0.9495957127260434,-0.35803197283137844,0.5778121380395808,0.22475305242746532,0.5296745196490819,0.3424214163070881,0.22697536872652785,0.779975690638661,0.1344986959201006
coupon,AA,201011,165,0.3766504100697348,0.9210001870007749,-0.38656366930184827,0.5578126252237332,0.18532851494623798,0.4341757272994417,0.33230492017111163,0.23490178142231535,0.8097167111932162,0.10026851762486433
coupon,AA,201012,165,0.34711817914238513,0.9367082520770444,-0.5231335424943574,0.47463735206903007,-0.11729058008617337,0.031611145246173165,0.3317637161696048,0.2562885820133874,0.7927403750245986,0.11754347084695257
coupon,AA,201101,165,0.32532591321516996,0.9326075922314537,-0.5364101979022008,0.458472470814522,0.16545523582525576,0.372184970480592,0.3256871302990249,0.2601857853752236,0.7982749313444323,0.18515432418181205
coupon,AA,201102,174,0.38125748004560256,0.912562430593126,-0.5727964496886736,0.41971012842051303,0.30133385117293077,0.3351860816082462,0.31344963549737975,0.2581899412594948,0.7832937536149129,0.20863922583759312
coupon,AA,201103,173,0.4378116577014652,0.943927854596697,-0.4770953443885473,0.484976660748803,0.42540713702032645,0.6466177786224512,0.3011533676385359,0.24046084591301847,0.7348045892844359,0.19222804291080275
coupon,AA,201104,175,0.44122332855662866,0.9391289744738021,-0.4278340579784887,0.4809471562919839,0.37716042232802716,0.6881549484997761,0.2745969297968295,0.20620938373483075,0.6777578505351985,0.1617600358699561
coupon,AA,201105,177,0.4029818271472879,0.9588866189989786,-0.4142220931750082,0.5563117847682694,0.3590012830653998,0.838976558577587,0.25797354147457663,0.1843693820873913,0.658181639845433,0.1566338846209574
coupon,AA,201106,181,0.41757263738735906,0.9351304312630279,-0.3066698967462859,0.6247323578815291,0.34557456318466023,0.7780199542630482,0.24585777670092177,0.16250321942910134,0.6752119224924161,0.17314899618261884
coupon,AA,201107,181,0.4206985255921712,0.9426001254730535,-0.174052973459281,0.735992552567138,0.3885759451898129,0.7192216623155849,0.2302365445792385,0.1264582532659098,0.6874409322682048,0.18984070536099903
coupon,AA,201108,182,0.46655030408878406,0.9265893059933454,-0.05214618806384525,0.781217062079303,0.47171176531952325,0.684028859465867,0.225363557316423,0.09175244846638654,0.7282808442826816,0.17425232645738375
coupon,AA,201109,182,0.42086559511255067,0.9365402281804781,0.004181957522003835,0.8011169158710142,0.31618326446356204,0.763775577741704,0.21834717195335535,0.07784985306796872,0.7456363574668441,0.20460768374362848
coupon,AA,201110,186,0.41411572620944376,0.9426282932924298,-0.09053821218744851,0.7931381096466484,0.10231328112038827,0.02050361557002923,0.21521523494639383,0.07035373697298132,0.7753005126437759,0.15784865262190018
coupon,AA,201111,160,0.43919031344005144,0.9466043595452948,-0.006311801302703626,0.8294327903433728,0.396680888417618,0.7633862650884801,0.2086496021047247,0.08203587773348894,0.779289933211416,0.1899966886372646
coupon,AA,201112,159,0.43742195211327006,0.8997104131836637,-0.0479117016410655,0.763189634583234,0.17504223390902296,0.21466742297587774,0.19635154921835224,0.08765551644038545,0.7859168789706432,0.2402676956967759
coupon,AA,201201,159,0.4130510616237788,0.8845623358012897,0.01539976325649977,0.7801021017434918,0.25942368027425483,0.34316336278958687,0.17761993989177133,0.12001979551270842,0.8404401047003635,0.27554157145401525
coupon,AA,201202,160,0.44157560855035227,0.9338743700925817,0.010876946591276613,0.8555256064690028,0.24350793483339567,-0.16271827024493146,0.16827802661127114,0.12582490570805,0.8645216523901139,0.24254022903304875
coupon,AA,201203,161,0.391152707715544,0.8826432022084197,-0.05781098284030357,0.7383914193696803,0.10811285062968891,0.21247699562916955,0.1603454202991605,0.12710284279729905,0.8613943789255792,0.2471468228907131
coupon,AA,201204,158,0.4696769875569708,0.9071648825071231,0.07149844950617183,0.8236184489753695,0.41929000941624217,0.43911622112118337,0.1570711813077937,0.13022276146266354,0.874810098203243,0.2551757814973285
coupon,AA,201205,169,0.47629248318291856,0.9171473323057033,0.1278043456967853,0.8470836855452241,0.41830312617240434,0.5445204117149819,0.15468913834223696,0.1394813651279137,0.8848388579747438,0.2267644055100896
coupon,AA,201206,172,0.45782453643964627,0.9626694778349286,0.037575262497752546,0.8500718121422657,0.07047454998440758,0.06624404808229742,0.15281120829716394,0.15367633495269634,0.9044749573853051,0.1845019747498564
coupon,AA,201207,178,0.4831562024486259,0.9447064618710563,-0.05368437716968698,0.7944036198478822,-0.04961341298347335,-0.5005090810050546,0.1518576311094155,0.15343309018150386,0.9158090499978131,0.19987683979776796
coupon,AA,201208,170,0.5349732997052168,0.9204328258865053,0.0322541049272947,0.7988141254633278,0.37134665099540093,0.1623548952436783,0.1513836103103866,0.15394511872921066,0.9438056261670531,0.21604296889807037
coupon,AA,201209,177,0.5254679612509786,0.9071150949602674,-0.01598433063822144,0.7111718979934558,-0.09485846964221888,-0.1323860390228701,0.15380119180219792,0.1467926866206951,0.9641451355437343,0.19632426272734801
coupon,AA,201210,175,0.5537457124139834,0.9202283922973579,-0.08169780086398133,0.7092476489028213,-0.13589166449198875,-0.6255060456784595,0.15846915085915553,0.14515632372485995,1.0062510567368592,0.2889171326360424
coupon,AA,201211,177,0.5530616799083147,0.9402170149408772,-0.1147643350062155,0.6818744481570611,0.21795614145515277,0.09582157511123424,0.16035467454006871,0.13821353894276817,0.957278461627109,0.30983275170358243
coupon,AA,201212,173,0.5756263347452499,0.8682456392451712,-0.118012473295904,0.604915380728778,0.17504963336096221,-0.09413111699292175,0.1646964731106352,0.13493334378482688,0.9775365108833762,0.37295068966655454
coupon,AA,201301,173,0.537062493852804,0.872987655923349,-0.177374716894504,0.5355373126717996,-0.04248528136585554,-0.110994711005836,0.16972536736940272,0.12203226230561903,0.9730296780087998,0.2824458945576094
coupon,AA,201302,180,0.5790430881217903,0.937037151352408,-0.1871312905018809,0.6563021492432893,0.26677244158466856,0.09047192814593043,0.17613190568225837,0.1288239804713785,0.9726322593418294,0.2967598824146945
coupon,AA,201303,182,0.5598330565785716,0.9490550206970821,-0.15854383294385305,0.6474160745512979,0.2074191980906023,0.24802758151186735,0.18248236846266533,0.13858483709863542,0.9652868391510309,0.31160098430811195
coupon,AA,201304,175,0.5422474604113597,0.9444043887147336,-0.21149649596754255,0.63166592028661,-0.028349346872513538,-0.08796238244514107,0.18363464567246032,0.14571421337217513,0.9566348445729734,0.31366604974100043
coupon,AA,201305,177,0.5609811557213967,0.9655893280011543,-0.1460267929776404,0.6885809629334673,0.2721494003673326,0.2974411800349718,0.18813409500151093,0.15389119951734287,0.9586398809508655,0.3037609401491476
coupon,AA,201306,190,0.5148860455121744,0.9520362442198376,-0.12885979504096323,0.6797284134107353,0.1418490975480967,0.3955107644813827,0.19350385779263873,0.16512713100565424,0.9535863582990067,0.3283026169824537
coupon,AA,201307,193,0.5905494657266178,0.9118924402628691,-0.1679175546741319,0.6236865617516307,0.025514673773782064,-0.3980199366770687,0.1938048387351654,0.1662475700506732,0.9478536930732028,0.31384844792382055
coupon,AA,201308,194,0.5994824725259935,0.9447432541818525,-0.18083739466865104,0.5973916580721772,0.15878912538611076,0.136520485016826,0.19040893630998965,0.16431656176523016,0.9323381363426373,0.2817538432282211
coupon,AA,201309,197,0.5103279524018588,0.932911420221065,-0.12088061364859962,0.6334347306065943,0.11445081047342054,0.4608207842435544,0.18597013680352825,0.1691266474391392,0.9178057841114693,0.28749279585976023
coupon,AA,201310,198,0.5229908787099541,0.9504877100469273,-0.14647786140193608,0.6819321959744886,0.1657849328373635,0.16543801919921095,0.17877214875415962,0.1809632925050189,0.8866854001294558,0.2363986417096439
coupon,AA,201311,200,0.5785887478404581,0.9408100202505064,-0.11679248284028475,0.6739248481212031,0.1990844374459776,0.06671416785419637,0.1742190189076164,0.19414121221086394,0.9092113896752637,0.24369182621873933
coupon,AA,201312,219,0.5668802199643369,0.8995772732985252,-0.28587212830829084,0.46431386886332227,-0.15993505529668062,-0.43610086030596285,0.16819299402090665,0.21042268257419783,0.8910810936357899,0.21158621928302815
coupon,AA,201401,216,0.5880445791661528,0.8987461151002035,-0.09862550278059014,0.6292215911120637,0.4093911376673646,0.4212553138284571,0.1650900705769381,0.22762303845036788,0.8997328168379978,0.1782057255149192
coupon,AA,201402,218,0.5892702389365113,0.940206258408531,-0.07486722425743121,0.6761278507924795,0.14354445620770026,0.1436702691714509,0.1606160311612301,0.23483088582198233,0.8975955231563324,0.17004240247636532
coupon,AA,201403,215,0.5889013164998393,0.9644425124972833,-0.13304765926274545,0.6593288898548625,0.1577868810703563,0.024116737907218237,0.15699840658778785,0.24101194254739358,0.909266552676553,0.14662889366032608
coupon,AA,201404,214,0.596004442306428,0.9342984225719455,-0.026861582170280677,0.6986448138953258,0.3314763325381732,0.28934126384037767,0.1562477846254401,0.24686389115447724,0.9204456127197292,0.14678466790903155
coupon,AA,201405,216,0.583313214978625,0.9567582371783422,-0.03472213761467228,0.7093499565367533,0.3212611999300219,0.3931185177246692,0.15257186015476867,0.24702429657320438,0.9186681207139821,0.15181852009476363
coupon,AA,201406,231,0.55399354016057,0.9542962285091221,-0.09084253077429805,0.6624223602484471,0.035185312430798095,0.1324237232033334,0.14984761618447276,0.2486306799365235,0.9232790117303383,0.07362888229386709
coupon,AA,201407,234,0.6081354345747425,0.935158245705228,-0.003728343738419232,0.7170894122770665,0.36249467115924267,0.18800156407680838,0.14880731007317885,0.24484705640676996,0.9322437314365273,0.02781107607424002
coupon,AA,201408,236,0.5864787714749286,0.9259705934714035,-0.051893447689959,0.6642223611954333,0.22326800696686513,0.24438642059278665,0.14962973793784684,0.24001872278396258,0.9337520773419521,0.0809838207598875
coupon,AA,201409,237,0.5464821282990873,0.9480239210037158,-0.044559049168940934,0.7016987013642617,0.1521323794806299,0.32185811462538244,0.14845211017976898,0.23056016014410735,0.9220410805906485,0.10143860454241886
coupon,AA,201410,235,0.5449979328736823,0.9227662348470136,-0.013169314186859064,0.7272776868521548,0.2276217148040464,0.13814160355811994,0.14861037356898035,0.2209241191015591,0.9315010043325698,0.06495581033319273
coupon,AA,201411,234,0.5547172551967485,0.94337854639197,0.07239465984180586,0.7773438323159813,0.2801320499605069,0.4491134166414964,0.14800733035281718,0.2099041072151541,0.9398745773495357,0.09469180132216953
coupon,AA,201412,236,0.5514156265372725,0.8651252813066321,0.11333487374666575,0.7186769344538428,0.24469409106037007,0.20287400658246107,0.14743830504618033,0.1964974405129906,0.9308626526974118,0.089356425296053
coupon,AA,201501,231,0.5567692510474637,0.9010806285169104,0.1744535280182556,0.7704180377343797,0.21882267961403826,0.3185303452170019,0.14414093005068332,0.19118320628107882,0.9188548979636694,0.10777401430804368
coupon,AA,201502,227,0.5665817413200863,0.9313774573269947,0.13999536808277177,0.8055631359401195,0.03589056575535235,-0.10782384599759116,0.14431926160519035,0.18767075289827065,0.9264699729717426,0.11019596497556645
coupon,AA,201503,229,0.577845369717399,0.945693643640143,0.21122796996795895,0.8503642341091004,0.3245335016243065,0.4185724421172545,0.14350717086006753,0.18491652695762964,0.9207733876842548,0.08961420533727715
coupon,AA,201504,246,0.567119529633952,0.9349824574838328,0.2146228726480793,0.841131910451551,0.2825921835236083,0.34338392214790525,0.14151019897957026,0.18186861436791776,0.9120454941210296,0.099645107686273
coupon,AA,201505,241,0.5922586423117827,0.9406621857960975,0.255924448017932,0.8660248276808066,0.3876750428549149,0.3969779842940915,0.14182106807933426,0.18140097899985447,0.9138428367398994,0.03636274202143782
coupon,AA,201506,251,0.5734426274125197,0.9205221020679187,0.23007261589696293,0.8258425346234112,0.056943734216604654,-0.011640295959021057,0.14006333922155728,0.1866759817072724,0.9131155787620221,0.0791046977007847
coupon,AA,201507,252,0.5664225723089036,0.9662715597238375,0.26757185872930145,0.864988755686833,0.29101806356440235,0.5632804749381919,0.1375511415507875,0.20430641996949248,0.9025808381385498,0.12183897475723406
coupon,AA,201508,252,0.5835239267414227,0.9555559054952785,0.3032143322572169,0.8804518421701862,0.3093543843327356,0.44470564945188196,0.13589563260154666,0.21641138472467197,0.9205484787294852,0.09815622798586882
coupon,AA,201509,254,0.5353063057143354,0.9539663912622406,0.299193217945009,0.8666612964939485,0.08736802723193696,0.32775640896550334,0.13457937409045118,0.2278608166372695,0.9340974823069131,0.00901793145250766
coupon,AA,201510,253,0.5634537030717924,0.9720704378355869,0.36513877058828,0.9434228330154385,0.3948205174921005,0.27659833034704656,0.1321834839950743,0.2322370062771334,0.9314287023501763,0.033076520970579594
coupon,AA,201511,252,0.5340471250738557,0.9520397611511418,0.3226954834739291,0.8860796227849753,0.13312162673502,0.18189316890165672,0.1315951048010836,0.23635643234021422,0.9312183097308048,-0.01863758800104303
coupon,AA,201512,258,0.560169913496624,0.8963660585233294,0.3601938124402633,0.8357841792825053,0.022140405860030868,-0.07121387711379566,0.13252683701900608,0.23479285370244113,0.9470062791601888,-0.11557739622288324
coupon,AA,201601,251,0.4965172520245203,0.9440295959021058,0.3285916391177261,0.8769554164295199,0.19943694732794773,0.5378288749762853,0.13576799610066784,0.25130174034996616,0.9626043075169702,-0.13839177362129504
coupon,AA,201602,226,0.526825540221562,0.9702779618728316,0.34544242029601524,0.9228037893259522,0.13182477965114955,0.12579366626382338,0.13826143095935886,0.25698569559037515,0.9385472060049951,-0.0036991999791685455
coupon,AA,201603,234,0.5089514942313904,0.9499055232047653,0.2869249799670294,0.8763939132124688,-0.172824508792547,-0.2943063389597953,0.1417695793330939,0.2697328108445352,0.9325385565953976,0.020165493468888778
coupon,AA,201604,243,0.5153482698282318,0.9549075788519406,0.23965989374781987,0.8702800483724478,-0.018212673198457652,-0.24559972970305805,0.14535270883706422,0.27918729394221864,0.9394156799402358,-0.03262104608862752
coupon,AA,201605,244,0.5081976033437916,0.9645358082516552,0.23999717540481588,0.8876506036537263,0.23957914749549694,0.2793626011424606,0.1475894716743258,0.2892626462566122,0.9427814470211912,0.004594590097231085
coupon,AA,201606,252,0.5225234767324872,0.9540396666674166,0.25632214048207236,0.8919788566419434,0.302097084916266,0.24222027755719078,0.1508531249364288,0.29074689410091487,0.9416326716620564,0.038405562611201045
coupon,AA,201607,253,0.5129047870309497,0.9741119316607163,0.2598824301521216,0.8996526125933864,0.24443929879831774,0.44399489589493013,0.15385274277856065,0.29449875862164654,0.9273513282051469,0.10365624033039851
coupon,AA,201608,257,0.5168686577380607,0.9482442199800921,0.13206787511761622,0.8390487851778119,-0.1295007596412012,-0.37225562166319787,0.15724798521444194,0.2936026590790999,0.9374973484090652,0.06748556843304075
coupon,AA,201609,258,0.48581653758575366,0.9265993503619059,0.05399696904337226,0.7772363932892392,-0.02511729077683357,-0.10806723059007921,0.1614801793483694,0.29556979497954244,0.9419250463058153,0.019054606712229024
coupon,AA,201610,257,0.5001708307920204,0.9320324518143153,0.046941764888765176,0.8050848056736946,0.0853415291391428,-0.08314999773776129,0.16544923559522481,0.30274395489231964,0.9463701361667989,0.02061051015561897
coupon,AA,201611,258,0.5081282130718737,0.9263617716246436,-0.05492393124775633,0.6996264074356554,-0.1836119205500138,-0.4365554716654164,0.1710830936467321,0.31222576090422516,0.9570555478479809,0.07574812974284433
coupon,AA,201612,259,0.5310713660856823,0.8634337378523425,-0.11755854100831871,0.5770101049170817,-0.10935548114384908,-0.23723623956182097,0.17413808835172825,0.3216664988498477,0.9506573566467647,0.028239341389078708
coupon,AA,201701,259,0.523164629879206,0.8924230389346669,-0.0376289968789314,0.6462940579219649,0.29716787941803696,0.23596811736346618,0.1780381096434489,0.32575533210185387,0.9378997676172698,0.02317276459473105
coupon,AA,201702,264,0.5352623560591767,0.9456443334268141,-0.057243815880071644,0.6987940963548969,0.1608757727666908,0.01846421746701537,0.18033284522398046,0.32899807415321314,0.9659559892207757,0.03417981169827274
coupon,AA,201703,269,0.5759908603367568,0.9227018562700745,0.05134083765633892,0.7037865196939711,0.19361859568194117,0.16424815205262408,0.18260572207250006,0.32343276653136305,0.9720667165175736,-0.004588757664867842
coupon,AA,201704,264,0.5745628633275389,0.9694415276953479,0.08258246181202444,0.7751632111342276,0.23418399390183317,0.2644418211819029,0.18395977188989776,0.3175231866436573,0.9601746508282681,0.016301674813890294
coupon,AA,201705,245,0.5727827470271447,0.9683995789439328,0.05584780412578085,0.7490832238533159,0.06277634632743324,-0.0073750091800014695,0.18377418316701385,0.32253984711547395,0.9529030269825983,-0.04393122015988431
coupon,AA,201706,254,0.5911921455345166,0.9647077130936406,0.049880102483375134,0.7551303761989062,0.05678120375930226,0.040827348336863606,0.18328159344062112,0.3289845413133094,0.9536384828921002,-0.02958544336053236
coupon,AA,201707,255,0.5821403961138967,0.9543256426586384,-0.014607151729896045,0.6899874073645207,-0.078373703995861,-0.1397435155164428,0.18518116508517335,0.3397480175646159,0.9678156935757394,-0.041993755528895366
coupon,AA,201708,256,0.6102314562838654,0.9154311627374684,0.11390838393521945,0.7245307850766765,0.3715973370323506,0.3469200617990386,0.1858430428580597,0.353782815567762,0.9660240628631565,-0.05176153207199211
coupon,AA,201709,258,0.5553398502040381,0.9463833703269049,0.05986204911877525,0.7091526160388707,-0.15284917707608406,-0.14069727263103426,0.18430096415180436,0.362620892051829,0.954505805035841,-0.02847360644343264
coupon,AA,201710,261,0.5677264533936193,0.9412254236944945,-0.016129704681837297,0.666946092426482,-0.08134109829948007,-0.24189564055318202,0.1820902071404641,0.3774637802828671,0.9474525150317672,-0.0072367132153975345
coupon,AA,201711,264,0.6291045601342383,0.9003718964403291,0.028921163979162823,0.6655264170509165,0.19458303147215675,0.06223806324961357,0.17785359942500448,0.38238678468333315,0.9415683997655702,-0.050861245162489896
coupon,AA,201712,239,0.5718037904792553,0.9218761914745203,-0.019179676973027287,0.6405090012018458,0.11339799387449231,0.1208673483851134,0.1730269905224292,0.375502984446608,0.935685343780751,-0.01499209611190134
coupon,AA,201801,243,0.5693016687834481,0.9156225276443855,-0.0813258225091813,0.5831940869198693,-0.36641391049393895,-0.32697734088692854,0.16635521948452373,0.3747539026459169,0.945175671653387,-0.0071205930267909875
coupon,AA,201802,249,0.5590201729524202,0.9360404197434902,-0.0595728180220696,0.6661601243684415,0.07616226403462292,-0.031728721336960745,0.16076086497293554,0.37633356493409875,0.9268283263133872,0.030937389813730835
coupon,AA,201803,247,0.5938490678648682,0.9108738377445155,0.07293946640182183,0.7358092547230812,0.32992048512315114,0.33427885212638203,0.15482852155935375,0.38713446302857873,0.9244155117221434,0.030087207791946
coupon,AA,201804,235,0.6120731449619964,0.9425199034647286,0.16377550415485465,0.7777654488797654,0.35612132086183496,0.4161040065836315,0.15239159403681868,0.38333162776105645,0.9310117208326648,0.004760431121916036
coupon,AA,201805,239,0.6443256497850973,0.9688143876797579,0.28032351411077444,0.8552863823353609,0.3513260742228355,0.3398271861045673,0.15064571921226647,0.3837460439614739,0.9418323747845961,0.03600582695578455
coupon,AA,201806,244,0.6337045937232524,0.963134786397862,0.3523156984669226,0.8583894031200822,0.37916183263728853,0.43716673068741757,0.14949931452599696,0.3792036875641942,0.9362788355202986,0.023381107287526535
coupon,AA,201807,261,0.6426308909265939,0.9571243444631179,0.3228904806409111,0.8475212775291744,-0.060327914413709195,-0.21323560181154286,0.14744508114270327,0.36778843621901036,0.928125451221412,0.04301364655150112
coupon,AA,201808,264,0.6630091992783573,0.9643446445225624,0.41789689520312895,0.8866900586320916,0.4786093580505495,0.5121920836893216,0.14425363829274213,0.3714419831964672,0.9151349389027411,-0.020630439668979435
coupon,AA,201809,263,0.6717328143426939,0.9757515508611202,0.41720665202986607,0.8904179079272683,0.0686817099716037,0.027271671816413927,0.14423220793260802,0.36676759370571815,0.9306371308189993,-0.01794745916136788
coupon,AA,201810,274,0.6766334774397507,0.9584272540386313,0.42875079874012895,0.8682596235880907,0.2600559485507781,0.24482466438670822,0.1437041594787732,0.3575426536085243,0.9331558757389948,-0.04313869833759267
coupon,AA,201811,282,0.6847217268934875,0.9622956565478542,0.42253824915295873,0.8401944573761931,0.31633338713259623,0.3984543474654866,0.1432988710556121,0.3491063431008403,0.9291899629337685,-0.005314816774042885
coupon,AA,201812,282,0.7071854417898623,0.9104870235588205,0.43841526318212143,0.8030260748864039,0.36257927995668415,0.3442539439279042,0.1455743228231179,0.3482964160265966,0.9433164103289973,-0.05808650307000611
coupon,AA,201901,281,0.7087801635572011,0.9380269121353394,0.5127018837745431,0.8637686724572465,0.20094872143882023,0.021316076972168432,0.14733630505016015,0.34020324241518746,0.9530073391151077,-0.11285422276800479
coupon,AA,201902,275,0.7490851868409188,0.9630287643172443,0.5562885997404521,0.9079201407922449,0.1719835273922736,0.011207985920775512,0.1474889098885449,0.3420077673873574,0.9387082130271343,-0.11366840337504232
coupon,AA,201903,277,0.7341080181834584,0.9324729259483157,0.5080794442839655,0.8471920313380435,0.14094240631042798,0.04113682841201532,0.1469457791916606,0.330782085546847,0.934060289928628,-0.1655530892426522
coupon,AA,201904,282,0.7533543388052278,0.9630409248765244,0.5285880525940151,0.8953372375524837,-0.03356463341872985,-0.16834607308123684,0.14560665054464322,0.31903164373277,0.9431065820200256,-0.19481229878453812
coupon,AA,201905,284,0.7463921353548713,0.9591054122292949,0.5466642859324867,0.8868439240222415,0.4715569087503534,0.5624465397017784,0.1456653365416955,0.30988218678510543,0.9406064845256992,-0.18928034538629518
coupon,AA,201906,286,0.6821647775160836,0.905373934249046,0.4406014667335684,0.8082067878471771,-0.27898479001580295,-0.44980647719501365,0.14598153264840982,0.3032257755797741,0.9428580647812675,-0.30917387169083077
coupon,AA,201907,264,0.7292224962127674,0.9062634769455795,0.4797546891797652,0.8428172170328649,0.45130782183445384,0.3437302049400689,0.14807662483482087,0.3041147330047712,0.9532047074654642,-0.3351082205805857
coupon,AA,201908,268,0.7242381070880424,0.9554896077686132,0.48993899767418286,0.8910256370293388,0.41303275488407937,0.45316003832805396,0.1503190296520195,0.2871470646918712,0.9469130501097549,-0.28987836657314475
coupon,AA,201909,279,0.6873108855092562,0.9550695264257332,0.43827827793090346,0.8845615053434074,0.3139957859444876,0.3685227442731671,0.15169874976553963,0.2845294304864744,0.9493729704265603,-0.2719110994894096
coupon,AA,201910,275,0.6810532700638926,0.9544208056376922,0.3726425317933148,0.8568571098435087,-0.2943859871092233,-0.48122074972170226,0.15528363322649666,0.2691441131786966,0.9487788613919783,-0.22979935173243518
coupon,AA,201911,272,0.6674409697689531,0.9414522517848654,0.31848107971395295,0.8188504978762846,-0.19859106302470914,-0.22666508243921388,0.15928181846585193,0.27173487599602825,0.9566715331394449,-0.2014094944130178
coupon,AA,201912,273,0.6381218311483048,0.8888281075020662,0.18062932792456177,0.6975392532667573,-0.3166926818201351,-0.4689486817180764,0.1632046087337469,0.26493293015249014,0.9635581523285665,-0.22495058021637251
coupon,AA,202001,273,0.6504403629336319,0.8950983537716041,0.326501555343686,0.8050193687806398,0.4625404290846316,0.4466656679516276,0.17206863611211975,0.25057724449730295,0.9719747576322526,-0.1741598375054987
coupon,AA,202002,256,0.6441573575698896,0.8426266174420519,0.33725081375098515,0.7295226310368503,0.04857924293134261,-0.1291664282444495,0.18394183797944452,0.2365732692995455,0.9802868478725293,-0.2052739975970962
coupon,AA,202003,251,0.2313179748854825,0.3819444404920049,-0.03936708805618873,0.21394620145939747,-0.31315272495374513,-0.3318274831445821,0.19539684411976288,0.24810422517063044,0.9798771539506392,-0.17126961415944636
coupon,AA,202004,246,0.571716710417141,0.6959041382217827,0.21015208927138312,0.7114282714481882,0.4359816892718419,-0.35126754529064164,0.2042668605349036,0.27192971615744255,0.9715594759534583,-0.14665338288761112
coupon,AA,202005,218,0.7026626349804955,0.8646552595359576,0.5155519225833223,0.8418141640969653,0.5944552236092701,0.34383090905986,0.21088787351739782,0.2895309558366306,0.962973101967521,-0.22922431614923464
coupon,AA,202006,218,0.7149720821905932,0.9406440956546969,0.5117975500579374,0.8789808585200753,-0.018567566505622878,-0.09003752311531625,0.21758657729503708,0.2981399870102828,0.9712473430994935,-0.176065299012075
coupon,AA,202007,217,0.6790662247005986,0.9577984000150321,0.37871091344499697,0.8444770924054736,-0.53365203998689,-0.7023586390262923,0.2194783883100668,0.2981948641137473,0.948891290124308,-0.22941085302159192
coupon,AA,202008,216,0.7193282113954163,0.9583419664439918,0.46396523444486226,0.8907810285904808,0.5912111287693836,0.601531335214756,0.22354026336554014,0.3048049954486949,0.9546575340364978,-0.18376881905554965
coupon,AA,202009,197,0.7275167855547842,0.9514172073998036,0.47407479076136044,0.8834088319222475,0.39383676231167186,0.4744827326408183,0.22758976130878558,0.3044224160281719,0.9559059433394975,-0.19434460467966674
coupon,A,200307,395,0.21971704597931044,0.7325908964346285,-0.6448031337413644,0.24360828616434865,-0.020067904850123542,0.055723656925224754,0.3249268426390886,0.2131668573723087,0.7637668181350468,0.3694740484250832
coupon,A,200308,401,0.16653388575511358,0.627444291670279,-0.6758602097588879,0.21715580451855437,-0.01109224062053083,-0.088154985670153,0.3249268426390886,0.2131668573723087,0.7637668181350468,0.3694740484250832
coupon,A,200309,412,0.2235592642841776,0.7228670505908903,-0.6947386061401605,0.33330617920327416,0.14124790683100516,0.13460014857127034,0.30298150073243735,0.21125143995252124,0.7113622701885847,0.3404018146872226
coupon,A,200310,406,0.23021202988357148,0.7576889364818896,-0.6920291449367524,0.28759193586779797,0.1545198942029942,0.17869557869557873,0.2890628168979282,0.20832143186886098,0.7098362487114176,0.3450746227113179
coupon,A,200311,416,0.27902575145231256,0.6858441521694485,-0.7247217518080469,0.2125541823861934,0.13765287188808864,0.12735130313803522,0.2890628168979282,0.20832143186886098,0.7098362487114176,0.3450746227113179
coupon,A,200312,421,0.274971073497108,0.6791227965784146,-0.735669398337136,0.15273882830479066,0.13012359802525927,0.032545266533401306,0.2890628168979282,0.20832143186886098,0.7098362487114176,0.3450746227113179
coupon,A,200401,429,0.26029692334165433,0.6687054957648307,-0.7000457769659094,0.14041231535254572,0.10531009978373802,0.1846093050613807,0.2766244544610536,0.21381653998531358,0.6380424228424106,0.3225621846858645
coupon,A,200402,426,0.2456185232144887,0.6931260853452441,-0.6828277883733695,0.22053641036188198,0.15682819970967085,0.3108945670163702,0.25032937057103344,0.20197925549127452,0.635872745443275,0.3250378688564926
coupon,A,200403,428,0.23443055889338954,0.7629448367989009,-0.6678816149995783,0.268715284589598,0.15637534136238165,0.4016735524319407,0.25032937057103344,0.20197925549127452,0.635872745443275,0.3250378688564926
coupon,A,200404,423,0.23666637991845793,0.7250558348962929,-0.681626168177539,0.2509793749583314,0.13994552128916687,0.3375339348643244,0.25032937057103344,0.20197925549127452,0.635872745443275,0.3250378688564926
coupon,A,200405,423,0.19815028008922533,0.7054900335504891,-0.6464189058308607,0.2755175563717817,0.10844169413880955,0.3440678838791169,0.2361629689093546,0.17413982458355595,0.6426223083901971,0.33002208332511695
coupon,A,200406,424,0.27475751441919427,0.7808649003758574,-0.6036684829739203,0.4260805114947559,0.2684721837570647,0.35213870735736663,0.21623871612666964,0.1543793081158539,0.6401015598959462,0.3261187900910826
coupon,A,200407,425,0.24581149287179196,0.8676991814806095,-0.6455567386279996,0.3703115474199246,0.10841311039966581,0.47268746775882825,0.21623871612666964,0.1543793081158539,0.6401015598959462,0.3261187900910826
coupon,A,200408,428,0.2596002144450381,0.8204293653664703,-0.5767528719132562,0.4380102384217786,0.20031024097329,0.40525097740095,0.19755450184176454,0.1348854858213342,0.637212329851832,0.3264816933228548
coupon,A,200409,439,0.24263851337442682,0.8011070388094759,-0.5170228080447448,0.45150148787150685,0.14263201041235415,0.43988247375303885,0.1762784542035637,0.1048279790358808,0.6202426834296055,0.331022925522002
coupon,A,200410,436,0.24825816308235535,0.8523973165517676,-0.4536087217830347,0.5837859438219085,0.20929346308785327,0.5480086610485196,0.15247956415134614,0.10453953593349213,0.5768819356578861,0.3156146283804941
coupon,A,200411,444,0.3118742790405832,0.8045109710110849,-0.46159291936122226,0.5102770155449791,0.26523766048669584,0.33127771543577966,0.13567819566682943,0.12331221962512938,0.5251115288378698,0.2962006229010228
coupon,A,200412,445,0.3494903504873166,0.6990316461470792,-0.3063924191106146,0.47100685105925194,0.2896165134497972,0.4137825990448553,0.11994808698869634,0.13196257899014566,0.5250542300572737,0.3210172227867559
coupon,A,200501,444,0.2826253213394326,0.7745316789541155,-0.29105156329510656,0.531885886952212,0.1838156095173346,0.4978711940438676,0.10225190070897573,0.13884949182266923,0.47637938063027624,0.30593340423641796
coupon,A,200502,443,0.27777970001910446,0.7512594340661117,-0.33041749599897324,0.5305225256412458,0.1948991569117839,0.4384766264263164,0.09322599483832046,0.13847616452269265,0.46570292675689084,0.2891138252058216
coupon,A,200503,438,0.20586382869753453,0.6696239936789067,-0.1907081357971043,0.5331907938273014,0.13638873777083316,0.46405163583219855,0.08343399980700449,0.1452310304702627,0.43916571290098255,0.30733414171518164
coupon,A,200504,436,0.25756858282369993,0.7691894274977432,-0.0733603041781415,0.705545633750001,0.237859563405695,0.48282565622065843,0.07619895718548927,0.14735767449898585,0.5176751166992889,0.30963549923632605
coupon,A,200505,431,0.2633558202281058,0.7195184865435229,-0.06123566103892328,0.6322429360240293,0.18421601165595436,0.4492168624135926,0.07365755193936677,0.14866308312939083,0.4716554410316071,0.2872601928203134
coupon,A,200506,438,0.32042080983436105,0.792228789578304,0.0468825433276722,0.7574460680212322,0.3097861653154201,0.6108363152832091,0.06787727545102805,0.1487393210399532,0.4325593291122812,0.32504243350240436
coupon,A,200507,442,0.36291030373068084,0.8059758314110577,0.03732591371145841,0.7503953744017905,0.3325018166149192,0.5520162140244641,0.06630423622617768,0.1501186875415972,0.4243700072907193,0.34563625289879163
coupon,A,200508,439,0.26335182267756185,0.756484838655105,-0.001859941635710306,0.672926223165345,0.18235032077989224,0.5692231356651999,0.06425309030681688,0.14825810672531647,0.43270417260969984,0.3465332297095579
coupon,A,200509,449,0.30406438914998407,0.7616061501227794,0.02542096279316925,0.7140409053214105,0.2720801871390888,0.5396366621352131,0.06446229558852849,0.15451248064243003,0.44384544427245753,0.33731477308208335
coupon,A,200510,455,0.23878014594515548,0.7894670714528154,-0.01623472449969381,0.7271917973002537,0.18567525626787776,0.5953872903659081,0.06535674479524502,0.16416700728224695,0.47933946500961616,0.3422309859801659
coupon,A,200511,455,0.2912406279046421,0.7999304301033694,0.059026573060759056,0.7702084794184874,0.2732874815198681,0.5360994150096763,0.06451417299399763,0.17166007885734882,0.49248167425640266,0.35551877206414717
coupon,A,200512,446,0.3033302559505083,0.7486995227821538,0.06712084124848265,0.7044069921614107,0.24465699415050662,0.45513224675926056,0.06493696941106021,0.17328541383726478,0.503681707723599,0.3998068726860991
coupon,A,200601,430,0.29868746657084594,0.7287829970868841,0.05579208161451161,0.6812773585881015,0.24764824208191347,0.4102731887440245,0.06512502641691045,0.1726248270889712,0.5128855171669504,0.4248057633441007
coupon,A,200602,434,0.31997971446502893,0.7866159021281222,0.0407882689338659,0.7252375866771128,0.22586410219752567,0.38844409683137876,0.06419783901741082,0.1746957473617515,0.5597114643919262,0.45238993233111746
coupon,A,200603,434,0.318372906533502,0.7441324317998386,0.13687223364445494,0.6959197991330672,0.22117694961079962,0.46987254393177175,0.062464133156393105,0.17811367960402166,0.585525071214888,0.48718104236388216
coupon,A,200604,431,0.3346905365708359,0.7650854605512584,0.1708536349439873,0.7512223972561861,0.26621310246951485,0.40390678504060296,0.06039381900518731,0.17309561524499625,0.5958756149007953,0.5459973707262493
coupon,A,200605,433,0.3467410754174011,0.7886732848333535,0.1998799468466473,0.7659643202278786,0.24615643338170104,0.4733347728096549,0.06038947454551994,0.17549796571831888,0.6765832579267351,0.5795496301095872
coupon,A,200606,421,0.30973923020138955,0.8206238990429605,0.17225653269568716,0.7921124703891981,0.21615914184186566,0.46922052629632194,0.06307573172450572,0.1916224821052093,0.6772992496203706,0.5192195695053535
coupon,A,200607,423,0.371361552184686,0.7858332057346645,0.23132019206157137,0.7615458114889623,0.26535138082488285,0.21686961028657503,0.06314688518624671,0.19441419644459126,0.7085991970361827,0.48659574348033086
coupon,A,200608,414,0.39794440438929335,0.8151014636844791,0.20429636492869338,0.7809588878641146,0.30865944883567165,0.3258399057520619,0.06424546028465429,0.19918527127736044,0.696751113797183,0.5389456815055431
coupon,A,200609,415,0.44904677369488377,0.822658776240105,0.30682170428592553,0.8016813241697611,0.30107960821343005,0.3965927753563754,0.0636020110440565,0.19412950986485614,0.693923591571179,0.5419831282234425
coupon,A,200610,380,0.41816970323382135,0.8357918453451484,0.25577526531947276,0.796545995341755,0.2443353947978617,0.3983049814229128,0.06407281454930087,0.1990111438505058,0.6848384005482959,0.6509565022991693
coupon,A,200611,389,0.42525482918589924,0.7726512647878646,0.2977019439266897,0.746436372409828,0.28246169011749467,0.35316111312084825,0.063611957654123,0.1988928383106593,0.6879198556172436,0.7023393266328346
coupon,A,200612,380,0.4036294330613051,0.7108235963316114,0.24199982859750827,0.665956536327334,0.19949862524369658,0.2075887430107995,0.06327199706980217,0.19625837902765422,0.6878313806804706,0.650715074644393
coupon,A,200701,378,0.3871310922441043,0.7682444518085499,0.24063669696890166,0.7350762142650088,0.2264381131307122,0.2274658413197127,0.06437082742602648,0.2113780577069872,0.6959070786373627,0.614237761601138
coupon,A,200702,356,0.3860262510857209,0.7652989398646751,0.25696093142451715,0.7336456412591308,0.2405423205445301,0.33470093556068115,0.06622207920764482,0.21062003543285845,0.6859375198892446,0.642857736355442
coupon,A,200703,353,0.3752196531396588,0.7791244452913979,0.21404585139106477,0.7343609960931946,0.23309212503870316,0.35571898711266664,0.06857179958003293,0.211118062147592,0.6943011673164065,0.6218506727124969
coupon,A,200704,367,0.3956068068973948,0.7710032815778277,0.22900672692691887,0.7299379352740839,0.21593536823391213,0.21227431415664857,0.07264068769222706,0.22212695183554107,0.6857379976305207,0.6007491387780296
coupon,A,200705,371,0.39908753207085607,0.8266551236032557,0.2404063253245361,0.7969288217005808,0.2847715931311804,0.40055153840911606,0.07031091427925458,0.21146584312619812,0.6450738329946114,0.608088974025778
coupon,A,200706,370,0.3678364125795271,0.8082185436237278,0.2263244022237204,0.7709111377921956,0.22326396766769138,0.44872486763963426,0.06998672000569048,0.20718172890086686,0.6792501421096382,0.5946161359106643
coupon,A,200707,362,0.29670246595622807,0.732446475015181,0.1671924268709904,0.6892149146100792,0.17054798354560455,0.3436191899053168,0.06995741202371741,0.20370139098225723,0.6470717693937198,0.6495104084725116
coupon,A,200708,356,0.16716860720688081,0.5212222442387305,0.0169357830300928,0.46359425555314704,0.023667740488763894,0.04277455878695837,0.07322167778942751,0.2176076927908231,0.6448424770436524,0.5961298767718818
coupon,A,200709,364,0.21386721677916964,0.6459968425099184,-0.019707751015448558,0.603464779305377,0.09472580889468427,-0.08413628712507913,0.07697106951589465,0.230600132866954,0.6538831569599999,0.6109088361988623
coupon,A,200710,386,0.2938594509712241,0.6655396683968958,0.08287065492045158,0.6401193697253463,0.20262100590296814,0.17086635900950878,0.08040740578522015,0.2227912723706169,0.6713695895443194,0.5398233885598047
coupon,A,200711,379,0.03691226080829362,0.5906124474892411,-0.0883966247210071,0.5351210334059119,-0.08185981669786173,0.26133772543373235,0.08403825139664148,0.22726474440254393,0.6662547525659657,0.5202588260163368
coupon,A,200712,395,0.13553135409211825,0.6264629200181472,0.024508630597916824,0.6171255055210592,0.16076160010995227,0.11520077729034872,0.08822720520151801,0.23975694968780972,0.6683129203949443,0.4949760163348196
coupon,A,200801,394,0.29953928248939404,0.6679242654701183,0.1513624263854282,0.6551715681105068,0.2487485569870642,0.19586453091669273,0.0901238006135521,0.24661678429439934,0.5928724949070328,0.5400651120043767
coupon,A,200802,400,0.13043000545487174,0.7543367146044662,0.03265272824287033,0.7152286576791104,0.016308404666053756,0.47257101606885044,0.0910493273631203,0.24728637047946955,0.5933276945471228,0.5288697535075706
coupon,A,200803,401,0.1504767939136325,0.7851643279860052,0.11214661196428602,0.7675568541333235,0.09302564329456497,0.5499692931849481,0.09402361541303608,0.2472660853187505,0.5930103279843323,0.5107787637380659
coupon,A,200804,408,0.16222072556010309,0.8145738798694356,0.06646823534401868,0.7942319632237653,0.10221681796398512,0.1532672337360961,0.09488577350093876,0.24579252592098408,0.5957021568057346,0.5750092582673445
coupon,A,200805,414,0.22117933038549373,0.8558218134143059,0.10500395774236418,0.8435782079787727,0.19893064813622469,0.402673965680598,0.10258760533366267,0.27159474946224904,0.6310529826942918,0.6169628110956067
coupon,A,200806,439,0.19424839837162114,0.8512946893341314,0.14101786817827056,0.8382141854151713,0.12840612133829632,0.6717200872582031,0.10408693916232309,0.2694299766456645,0.6095833871584199,0.6095734965355
coupon,A,200807,449,0.16894510387050166,0.8705701824159506,0.1470542515211536,0.8606069042316258,0.13559372111507847,0.6918478894898715,0.10743790217140088,0.2794135891790729,0.6334763748180073,0.6020262076226104
coupon,A,200808,447,0.13803110795494045,0.8997547712918493,0.11494977155414496,0.8940041500242916,0.13622161085651582,0.6710760450838174,0.10539134492312693,0.26629851149474115,0.6350162547043077,0.5984688484037484
coupon,A,200809,440,0.18107458010570043,0.7783728691310858,0.1907564896843248,0.7767541060739889,0.13944255211096784,0.5938668447291942,0.1020472268075986,0.23270307945629656,0.6072060784717286,0.4669069248033404
coupon,A,200810,440,0.0514317610745098,0.7274696666821625,0.022712005950788386,0.7242091783907598,-0.03664927098785314,0.24819775083361154,0.09847433907059897,0.21344431896566174,0.5825052063680807,0.44117775063441034
coupon,A,200811,446,0.10690469392056336,0.8382203724262419,0.08764256374723853,0.8262842287120634,0.13438028061470003,0.5710649556354433,0.0964327093586753,0.20790271713808697,0.5632575931255585,0.47326914895499894
coupon,A,200812,518,0.05060543716547566,0.83264945606601,0.03282614150025583,0.8299831311760965,-0.014189136806409916,0.4500583827849847,0.08160015120714649,0.1582959919964977,0.5801012300625629,0.4129703117105207
coupon,A,200901,499,0.050452330260468845,0.8131969194581192,0.032689718518326125,0.81083574377671,0.05998265002547541,0.531676847671246,0.06927013662012423,0.09740304231967678,0.5076737213534568,0.3544191688594173
coupon,A,200902,506,0.052518950481092175,0.8922734621311955,0.0479466146629805,0.893199718936636,0.041184423790844055,0.7688003733185437,0.07052462791028526,0.0852457532301928,0.5047327010261616,0.337833767170585
coupon,A,200903,529,0.1783373624994152,0.8972313371616079,0.16974391279572265,0.8985658561576098,0.23197384313035851,0.7795529122231337,0.0637645991072472,0.05286061610511537,0.5221385341314941,0.3030725974809874
coupon,A,200904,527,0.17438197080622,0.9143984104797881,0.14979131442544225,0.913319938659763,0.19186730841181077,0.5705092971256276,0.05773854084732076,0.02848023263940081,0.5834033842252865,0.24554694189939846
coupon,A,200905,538,0.16467116506178733,0.8951191306846283,0.12075695810594339,0.8902575690596706,0.11222319136316421,0.3083324879074559,0.05148722080183711,0.003500485809197701,0.5748057123399387,0.2599701789522843
coupon,A,200906,561,0.17140752975555976,0.886148503892918,0.11414336266672123,0.8807228358829782,0.11455307493278269,0.5895499675120777,0.053077748747258915,-0.010208378296542805,0.6032784424207864,0.268259383871238
coupon,A,200907,575,0.17323999123723294,0.8883675593402447,0.09810548946369521,0.8822423509418137,0.09690019538053694,0.3016173102184219,0.05519805173065106,-0.020922982244645165,0.655188236943052,0.2829167086995375
coupon,A,200908,593,0.23925715873988943,0.8788275282794678,0.16057045164661568,0.8756143657071146,0.18728113105412802,0.3285420174121692,0.05744837302947784,-0.02768642598215227,0.7138945656892883,0.28929566035345855
coupon,A,200909,606,0.25452872265615,0.9149163115117066,0.16619806485814442,0.9054827034298457,0.1493971671378125,0.21726981145021795,0.06042639440949609,-0.042643412720669786,0.7666743183087907,0.31232669763646576
coupon,A,200910,604,0.27839885344318643,0.9267983181732179,0.1787686228862878,0.9186416573288347,0.1297091200210309,0.12384517296181742,0.06956647924414029,-0.049352439961287804,0.8667589320215682,0.2687551800834029
coupon,A,200911,601,0.24702734872761722,0.9033007003830826,0.13470318355456576,0.8884929325984933,0.13764772648539336,0.5543401639570816,0.07036585092312757,-0.06609796021497898,0.7266172720431376,0.24353586783839115
coupon,A,200912,622,0.34246424465769854,0.8577209091609495,0.1823411006391228,0.8381053959557203,0.17562968292977907,0.13225088040400856,0.08916407550747779,-0.07573166275779628,0.764708950531019,0.2273801740260007
coupon,A,201001,626,0.34649652460769753,0.8751150603124608,0.17648501991946727,0.8446608519415041,0.17995371131414645,0.2713187158400714,0.09937598692615776,-0.05469094676058016,0.7790924574613696,0.23416793447074485
coupon,A,201002,638,0.3599064096428539,0.9273328472524922,0.2074602046787132,0.9093721539999852,0.27524084720705533,0.5641125812394453,0.09414142905640902,-0.05002731446328748,0.780478438572985,0.21348707506502218
coupon,A,201003,637,0.3856888194321093,0.9117620923550842,0.21116386069172197,0.887414750877898,0.18552486720099814,0.12489429893463724,0.10027994396059227,-0.04128019633249067,0.8390060534935249,0.22274619756207137
coupon,A,201004,644,0.3661872580546097,0.891093474565477,0.13871793200923088,0.8386667921677444,0.11067594991782577,0.1993523515390019,0.12798475326571276,-0.03836475680912489,0.8834244444132321,0.2249446154501555
coupon,A,201005,641,0.351828021459955,0.8722239736600959,0.130013029339097,0.8282452851852392,0.2403312723643758,0.5361538083018649,0.14190932009684754,-0.04523633473754528,0.8450258363157547,0.21541003316891105
coupon,A,201006,648,0.34335531087033433,0.901173459959287,0.12310439521792217,0.8659995291902018,0.22354976718251057,0.4542812230430602,0.14738516775108512,-0.04813503719686271,0.8145660246797581,0.21243144149784135
coupon,A,201007,669,0.3829966916986405,0.9226844350252711,0.13297908776910436,0.8786029440349606,0.26260585874542286,0.10827923164446825,0.15553913585362916,-0.028138718412576074,0.8121513938889522,0.22247228245337894
coupon,A,201008,667,0.3696921580566657,0.9433957861597178,0.1298027568788374,0.8924747449871118,0.27812373027692083,0.6081383567805028,0.1578179706720188,-0.014184426135941562,0.8018782589444206,0.22203500698420858
coupon,A,201009,689,0.39873873654509945,0.9388865866125087,0.14143641706400506,0.8977659634954561,0.2838204078382745,0.4179326035036765,0.1666505503330308,0.0010936814068777665,0.7973882780591853,0.21989629228099108
coupon,A,201010,703,0.3789651464460275,0.9527045587928794,0.08940735817298887,0.8826828204033546,0.24718686377551533,0.5397001471564395,0.1681655072390213,0.011317389299473101,0.7818292829545962,0.21990639065435033
coupon,A,201011,722,0.36212648666860314,0.9357166506973846,0.02499656571956262,0.8486459598938719,0.18647793282354022,0.46508600240713344,0.17895016830206514,0.018080584793840077,0.815614905635205,0.2116807139599384
coupon,A,201012,732,0.34272680820332846,0.9112583675192285,-0.062246686448500524,0.7922457143680581,-0.007338207678022814,0.053677163944797886,0.18196657385580978,0.02797378060724971,0.8012953057895952,0.22346280970314145
coupon,A,201101,730,0.3714932600853181,0.9319356920362406,-0.08852541790608062,0.788514805217644,0.25513958524383484,0.3120907537781704,0.19651856527618045,0.04885090893450136,0.8097131594511924,0.216881950775238
coupon,A,201102,744,0.3909494715105984,0.9414122777444794,-0.12147603116703423,0.7590570517876744,0.2513695709973825,0.3483288203065517,0.2060525057302143,0.06321672170054626,0.8134971700947113,0.2241831089038547
coupon,A,201103,729,0.4171321849174674,0.9479339846883441,-0.09553039221369777,0.773616740663925,0.3356673860255969,0.6145123521835852,0.21414315480205068,0.07876417152386948,0.7788925727967063,0.22503574502644028
coupon,A,201104,758,0.4536805917668982,0.9386476129015165,-0.10685276130869462,0.728134173952019,0.3835783135283792,0.6136152929957314,0.2061522043685452,0.08301732175306636,0.7008272572460779,0.20543940021768703
coupon,A,201105,767,0.44806800232043215,0.9395948480146997,-0.08203290625676125,0.7416395417958817,0.3708242747986835,0.7397508891156417,0.2052997239060128,0.09355984844921439,0.7141500172871389,0.21593485689970235
coupon,A,201106,786,0.44064955415342316,0.9450994968333791,-0.07956404091760501,0.7497841452124775,0.3061906826313401,0.6879582062502526,0.20993824362853505,0.10580645538405131,0.7685741963830136,0.21290860147902896
coupon,A,201107,800,0.4440289081291714,0.9400319095033577,-0.029198869803820096,0.7727895915398649,0.36026794883333974,0.6533697746407,0.21071684303832203,0.106044258762039,0.7738889292685528,0.18323667631723933
coupon,A,201108,799,0.4455979272214395,0.9035520669634035,0.09566504971358283,0.8074983061533683,0.36804635968240107,0.6793018293543621,0.21467679855440175,0.10734990361311278,0.7851664381528218,0.18996085949659736
coupon,A,201109,820,0.4231085243531999,0.9340022248005524,0.1620262460870878,0.8690285482715892,0.3001478181245758,0.7406949466959567,0.21768218198663347,0.11281097483202146,0.8025765789648163,0.19626717128387364
coupon,A,201110,834,0.43485444101421494,0.930710245730587,0.06736014219620104,0.8371333033474448,0.11495314826289045,-0.12097853290790422,0.22187438349859648,0.11776923456907996,0.8141054481377324,0.18609281071561698
coupon,A,201111,823,0.4424841124503222,0.9243615136621263,0.18439484035999346,0.8672111257791523,0.3328917317237527,0.6620124839377379,0.22000189018721208,0.12485617952206632,0.8189155425742961,0.19942747237718095
coupon,A,201112,845,0.4487759801417281,0.9552670394577462,0.1571462829335011,0.8887348224981348,0.2343661249201921,0.35041043819520556,0.21997949779456627,0.13510206980029305,0.8505085007084388,0.20282488279837813
coupon,A,201201,858,0.48412222949568556,0.9373103353099783,0.15537226552127714,0.8637312932408896,0.21579955117442526,-0.02628972749155924,0.2134895236182151,0.14328661740603435,0.8553365786684961,0.2118127573207898
coupon,A,201202,871,0.5169920011052314,0.9606442757618231,0.16947414034299288,0.8808618492236939,0.24581208687003542,0.20497204920328152,0.20913052638067184,0.15903697967869843,0.8625770151684089,0.20881161069690862
coupon,A,201203,863,0.5106683630755433,0.9633920433504592,0.1176202722650619,0.8478205841120309,0.236760054164066,0.3744678613815306,0.20365716674922127,0.15633972217996636,0.8561581341811152,0.20008612693506128
coupon,A,201204,886,0.5030933927929425,0.9670729407691426,0.12687003637376598,0.8637948573027021,0.3414350087075475,0.5391392158331926,0.20083202639158587,0.15535527780719058,0.8998967809369544,0.21718997629859416
coupon,A,201205,877,0.5283945668572028,0.9631007500777702,0.256792660484975,0.9131693476574582,0.44602235828539405,0.653985492872338,0.19762469788607012,0.15890175834821257,0.9003508003879683,0.2068043194378403
coupon,A,201206,892,0.5030644627719462,0.9455221012042792,0.21075927136779204,0.871158620690355,0.046221400882514606,0.09336621766130804,0.19248609299436586,0.1621088859983849,0.905502593842767,0.20663501849540405
coupon,A,201207,896,0.5454389384447476,0.9402583210016556,0.20008393214895276,0.854258662380265,0.0554766501805694,-0.26556928922425643,0.18953344160499405,0.1708315489305392,0.9077308129839875,0.2230501190977405
coupon,A,201208,894,0.5585340471007121,0.9393072265425425,0.20416354263606523,0.8449108018473487,0.1429537047976481,0.04216647959110261,0.18895970108517246,0.17659933608198441,0.9431377966480647,0.21600264973366054
coupon,A,201209,930,0.5292342387162435,0.9410031390985952,0.06012622453274014,0.7835585128362366,-0.2451436227389428,-0.4212605469614967,0.19307015444263642,0.172379785699736,0.9659717698290509,0.2086345234429644
coupon,A,201210,942,0.5644989059501554,0.9232608403385716,-0.05182739049460013,0.6941392273272464,-0.15718511766577528,-0.6367893784597541,0.20159389924790763,0.165741265927963,1.0261456554729356,0.2609987576306123
coupon,A,201211,939,0.5650340663197508,0.921864018047386,-0.09316378365098729,0.6398249436652386,0.04696976464014005,-0.08824314373142568,0.2065849471876897,0.16546325454854655,0.9698529783984792,0.24495151291092845
coupon,A,201212,943,0.5910645708907875,0.8699793218942948,-0.1759982551133014,0.5070204510773131,-0.15372821185714602,-0.4599116485595194,0.2160356579226853,0.15567347217390487,1.0125113796494853,0.2759059243660713
coupon,A,201301,954,0.5669482876230018,0.8924444712508651,-0.25759672871512196,0.44878134965652694,-0.07809490176942283,-0.19808134826614354,0.22588672049943878,0.15083241859598107,1.000482539362572,0.264422933364805
coupon,A,201302,972,0.5670726207872787,0.9296189057928259,-0.26625002739363157,0.5293624352148901,0.18360942117160411,0.15606417323107824,0.23443460600257712,0.15048377311315958,0.9697258960360672,0.2625966267203521
coupon,A,201303,958,0.5494423699119189,0.9544354474121144,-0.2524922480077131,0.5606011209833881,0.15606883445077963,0.331891823369002,0.24272703822394937,0.16111066987771208,0.9664505744494151,0.2545844144474937
coupon,A,201304,947,0.5542858161588021,0.9432455074357688,-0.3526020512049685,0.47504449527928155,-0.061304300403019055,-0.23846419807164654,0.24712379273385432,0.1744000587887365,0.9631510592870495,0.24567259077433495
coupon,A,201305,948,0.5593936728769073,0.9609537863264185,-0.3951018559426383,0.45814000561737783,0.1500832382507003,0.07036406065748449,0.25267150608960776,0.18920236406920773,0.9702805639895201,0.24947848802429093
coupon,A,201306,958,0.5101656176824413,0.9417856340337025,-0.33791377042195464,0.5038314877626893,0.16672529727793625,0.3493600033558953,0.262113493315359,0.20132429896982326,0.982224962543726,0.24183664151396406
coupon,A,201307,965,0.5553782405308009,0.9413682175192085,-0.4688223688714275,0.395240211297772,-0.11482987207865591,-0.4966424116316884,0.26849213876405775,0.2122685442130156,0.9719036021377195,0.24849739886140196
coupon,A,201308,957,0.5560447400088686,0.9384071964331351,-0.48774187308088407,0.3426583590956118,0.14447101325367484,0.07519445354566663,0.27207572811639685,0.22926701097259616,0.9595309936435832,0.23971944199212983
coupon,A,201309,943,0.5100468251413784,0.9318525172670115,-0.46396896566639045,0.3599553961535701,0.0612792957247193,0.2619769481634192,0.27197578631836233,0.23647863068179822,0.9466707611202975,0.23358954915733282
coupon,A,201310,933,0.5145877563235488,0.9548048938377385,-0.5135976821719048,0.3893408245964942,0.06370189227863077,-0.04672957070818183,0.26443319081444705,0.2321535551673264,0.9152126902313645,0.2383715834475885
coupon,A,201311,946,0.49798667661548646,0.9437581173925712,-0.47272667392628737,0.41613416868072106,0.15770725815397513,0.2689284672243435,0.2593033990787927,0.22665958050103593,0.9322783193537162,0.23724447774483343
coupon,A,201312,942,0.5531122688700796,0.881731404694711,-0.5747915880062766,0.23774059877211298,-0.017486411572337872,-0.4627165106363007,0.2504784578230337,0.2254123999187713,0.9039098284317711,0.2341103471860513
coupon,A,201401,936,0.5347750859311038,0.9078993453028232,-0.45630606870156093,0.3397745912404711,0.2692977677141166,0.42784158315578996,0.24196732957624317,0.22533540062834845,0.9026483114524504,0.24594617734494656
coupon,A,201402,941,0.5706017428259742,0.9443385195584714,-0.45380306821271454,0.3978360482162164,0.18753533498642397,0.024336979500230355,0.23360714893081072,0.22354859718379091,0.9216869452802829,0.21629664184435474
coupon,A,201403,921,0.5834924247095049,0.9551935433244785,-0.46318057973801563,0.36069374364537354,0.10608099718903793,0.02738754576015587,0.22583072184916883,0.2209315748282395,0.927418700043281,0.20978992780611874
coupon,A,201404,927,0.609130211927544,0.9454287965633658,-0.4299946753378038,0.35914424469075623,0.21702835650380894,0.13721044432280705,0.22141741490236932,0.22186883680705216,0.9318776287984427,0.20246480836098243
coupon,A,201405,935,0.5867573806540568,0.9543268109689191,-0.396481701315407,0.3970714636163685,0.21752893451643984,0.3461752946637693,0.2147448754889248,0.21969589804142678,0.9134640160091342,0.18896980902846525
coupon,A,201406,943,0.5793234380254271,0.94037167284657,-0.387844887668801,0.39995212941377667,0.20367927259734603,0.2633875157691148,0.20513314477048444,0.22089852949425395,0.8897907032727517,0.199686108756883
coupon,A,201407,960,0.5949487816154758,0.9282717788078634,-0.31271997034621013,0.4643615435262621,0.2982428145629115,0.2851148132560556,0.19735961627449758,0.21868795399493596,0.8980936654464491,0.18638176454365266
coupon,A,201408,968,0.5762606443846495,0.9278387809382046,-0.2336414557648173,0.5335474508720862,0.29568180517349074,0.3982755563163614,0.18991105462163027,0.21244184932001783,0.900629825421357,0.1684453655961729
coupon,A,201409,985,0.5450624171486758,0.9188055100050816,-0.12868594770377642,0.6106428523280634,0.22099701072293193,0.4048827864419327,0.18233014996237837,0.20840405505221468,0.8997953127180038,0.16805254893222188
coupon,A,201410,994,0.5719980532546838,0.9166572644304225,-0.06855608256758293,0.6705904171821706,0.26484369569272276,0.20441103072555497,0.1773252935412257,0.19777666138024938,0.9175666767218229,0.11790038698809933
coupon,A,201411,973,0.571666339112778,0.9309352001171307,0.0303650302686332,0.7251735328272045,0.3147463631512684,0.4145431609472697,0.17266034924920856,0.18670408404525027,0.9243426038874069,0.12354960690604343
coupon,A,201412,967,0.5707903847997957,0.9128330069175201,0.09650823149106906,0.7439310140278642,0.2680825343001534,0.2544987230368587,0.16861146032494648,0.17574323840176256,0.9262123576477329,0.09605035573046519
coupon,A,201501,976,0.5346110556124405,0.941104617689227,0.11027729095332683,0.7938202258303537,0.17854319021267873,0.3492521640520502,0.1643287169934087,0.16465253172999272,0.9226121691592646,0.10870375635905662
coupon,A,201502,959,0.5644487687207805,0.9256736359233045,0.09213737853074254,0.7890702206062817,0.07880226310660521,-0.20244138121502403,0.16141561524762252,0.15774298261122738,0.9311735782535905,0.10760115273835841
coupon,A,201503,951,0.5676935948449772,0.9403203193104328,0.13760698092245008,0.8042288203491268,0.256846679621679,0.3717900289785515,0.15820821302770358,0.15109338239270503,0.9234045375926971,0.11415663575437851
coupon,A,201504,928,0.5597798040602171,0.9579044511546823,0.15561270072490271,0.8343169298238071,0.25847208747473494,0.38207233731527696,0.15327774076849965,0.1462789086488027,0.9129342462975504,0.10597817080647128
coupon,A,201505,923,0.5592360136128308,0.9592827813169384,0.16942441911220937,0.8486704856659945,0.1978783014702816,0.1942775076501513,0.1506393121669079,0.14413381047339408,0.9298696851296332,0.08264777662222303
coupon,A,201506,940,0.5463605673707458,0.9580140713127983,0.17688560558802605,0.8475598045546463,0.16070851295965952,0.23837148328067273,0.14752064178209498,0.14702868330362248,0.9241436157561678,0.09486954810235652
coupon,A,201507,927,0.5390181785038887,0.9595195613641803,0.21909614681207012,0.8774767787146208,0.30512320667648146,0.48618260454448353,0.14370420681371585,0.15208464306182382,0.9071254367933808,0.07458909596161459
coupon,A,201508,939,0.5028727938564793,0.952283638676782,0.20036657627414906,0.8696554935309256,0.17852797012480923,0.3718185961095594,0.1414359641832412,0.15582601166529952,0.9190787088033924,0.07598511015297427
coupon,A,201509,942,0.51317442663802,0.9598417740849418,0.2558630492907064,0.90100680869078,0.30603231334863545,0.4808952781339197,0.1391541891211753,0.16579479167901887,0.9203459082457806,0.08907423376221685
coupon,A,201510,956,0.5138232316632061,0.9531635214660767,0.2616704162675883,0.8984141254005507,0.2604445427922641,0.30111922677928377,0.13747363278504457,0.17228256426539929,0.9204358944053567,0.09538170878382145
coupon,A,201511,940,0.5228974608371871,0.9677782483347719,0.2936299847356973,0.9208759254011273,0.28218844662944065,0.36119131541160976,0.13721745349440387,0.1777607016750745,0.9155926940113357,0.05339246158751468
coupon,A,201512,849,0.5463915452273399,0.9354820759397786,0.3467486571162317,0.8880431832710416,0.20019742955616243,0.21570389006325913,0.13872287460411906,0.1892469993617229,0.9082782381290757,0.10421150567490092
coupon,A,201601,844,0.4967507899748239,0.9265013422065747,0.3640694893112159,0.8871876784196553,0.2779912896534857,0.49761428661910273,0.1422004338103458,0.19899230990104136,0.9374673454029478,0.08463189725945326
coupon,A,201602,854,0.5129526758933483,0.9531884833813314,0.37653236266573903,0.9267122938065683,0.20343195635518133,0.1787663582628393,0.1446629786773119,0.211634928613384,0.9378209152829039,0.07402795167490869
coupon,A,201603,867,0.5652695109509852,0.9293270513703805,0.39552652792269927,0.900890655642755,0.03079857827233644,-0.29414260723308366,0.1467883197667972,0.21927742620396815,0.9269092693196682,0.07661020510159741
coupon,A,201604,875,0.5761844395260002,0.9515463865957915,0.37454435144355497,0.8960998127962841,-0.04094980150577437,-0.24559714762903603,0.14991867366703104,0.23074252896558964,0.9333524702633744,0.0416911895262085
coupon,A,201605,890,0.5729309908357725,0.9711207999371241,0.38377156402297735,0.9236644619286398,0.2117294807768565,0.2378785814864732,0.15227897690651662,0.23634074537242797,0.9365176994052851,0.062319865611136616
coupon,A,201606,920,0.5882187993933167,0.9466515054029967,0.4157582442899427,0.9060872420257207,0.2545897005774598,0.2021481011428163,0.15476815605950753,0.23877477921413193,0.936057411797716,0.038721700555957965
coupon,A,201607,913,0.5776946360626866,0.9676254521970936,0.38136407485108653,0.9206504589914088,0.16847930670722563,0.2131368086424684,0.1581934977406627,0.23877197448079368,0.9387491891636999,0.0436160050957714
coupon,A,201608,922,0.5730606622019979,0.9573507174520923,0.3213872589638582,0.8899292977033809,-0.10857832034575021,-0.2394555453128399,0.16158121976309722,0.2417222294477957,0.9495725344236698,0.0430824525867264
coupon,A,201609,916,0.5652677210363058,0.9524776574025677,0.24881667690387566,0.8571951684665459,-0.07511431456524797,-0.16372773053190556,0.16472384004411048,0.24381517602418792,0.9498219728616495,0.01667263010313113
coupon,A,201610,933,0.5965165840445082,0.9451635207878766,0.24640734570744852,0.8482893972277752,0.03591289534261092,-0.2011926015671204,0.16875549387162547,0.25199921870315944,0.9559953151369318,-0.0004552317032807236
coupon,A,201611,940,0.6140925972095304,0.9442547146671176,0.18404593462393218,0.7920708359179487,-0.13225776421779048,-0.370717505104267,0.17233481228741954,0.2595115303175174,0.9649443043758331,-0.001520462902313287
coupon,A,201612,948,0.6259948956062787,0.9223627623128042,0.17686525907103054,0.7376486276932203,-0.09888071175507723,-0.20976027178689596,0.17463503667044844,0.26651735959668327,0.9730053991701545,0.008618054325451027
coupon,A,201701,930,0.6185071133644329,0.9476226986674505,0.14136814738056389,0.7499551597832312,-0.01022622326239189,-0.07400985099561468,0.1769015794194651,0.2699265349558871,0.9718690468695774,0.011591454326428063
coupon,A,201702,933,0.6258021361535693,0.9574363394906735,0.1681089050475329,0.7965480824807273,0.16666561611742267,0.08497127700453372,0.1816698448532698,0.2715866555515029,0.9888945723083788,0.015961054358021972
coupon,A,201703,935,0.625889883660822,0.9525818090760436,0.2010583230164289,0.7941617947461677,0.05568288577170228,0.024158194229797248,0.188609836971831,0.2675690479147142,1.0009850925107808,0.042340232838235396
coupon,A,201704,933,0.60799695925907,0.9524562776550548,0.20010078772313694,0.7915019849789542,0.16930612201426426,0.1693777761390309,0.19414671091912158,0.2675195187918799,0.9710592409729301,0.05372114044965512
coupon,A,201705,963,0.5987104940966248,0.946585390717876,0.15996931410200768,0.7692381683757782,0.168016880425032,0.0798191455460752,0.19835137124245172,0.2665712892251437,0.9592780626096968,0.04001486367586038
coupon,A,201706,994,0.6219930055896298,0.9636313699373952,0.11854562526033152,0.7563075420956044,-0.017078237698725556,-0.11485137283389224,0.20289141657951132,0.26725478545987,0.9608893661018622,0.056490953042159245
coupon,A,201707,983,0.5954264471184005,0.9561855848045553,0.05641429076105237,0.7180000674814463,-0.04303700826469883,-0.1054566029113655,0.20783205085091108,0.26962306226478705,0.9604537304445717,0.06548119394508051
coupon,A,201708,973,0.5985446825489887,0.9500764332643573,0.1300783256272828,0.7734892779804686,0.35461187233778635,0.4275417722845347,0.21181059086349893,0.2734913541507747,0.9564899476988689,0.08149018253976636
coupon,A,201709,972,0.6111784005465472,0.9604231147365712,0.0884395405062565,0.7451330207808841,-0.01539953779052867,-0.08199388265036628,0.2146629959443318,0.28231140037946423,0.9505902615611821,0.08589448405932551
coupon,A,201710,991,0.5678288432516896,0.9543450620241575,0.028445596744885244,0.6966679569736374,-0.07276169121567871,-0.006997187831966115,0.21541611519840945,0.29033912958020897,0.9446673080477682,0.09041883228255088
coupon,A,201711,1019,0.6060185208437063,0.934623038280611,0.01545571204250256,0.6679706290069177,0.11623310422467104,-0.008655197610816874,0.21571623246369662,0.29256437267457325,0.9411394607451302,0.08611595592738701
coupon,A,201712,1057,0.5915832259709516,0.9369449892179654,0.002676149577813812,0.6670982667730123,0.09098600139424375,0.1464574707581571,0.21415548343289995,0.28561811293436806,0.932792742944327,0.07592586002386295
coupon,A,201801,1065,0.5659000428280272,0.9470083450641311,-0.11985802504601001,0.5917128398875632,-0.2110759503572021,-0.2363043750344515,0.21060331558010031,0.28450176985607445,0.927557167119889,0.09220964121889884
coupon,A,201802,1057,0.5676017970258087,0.9393102834487839,-0.11555961847600449,0.6246473762394104,0.24791864195277485,0.20027871955652163,0.20419192254565127,0.2874211726476206,0.9068977614921713,0.11172193449784039
coupon,A,201803,1066,0.5912900111118261,0.9244796422577626,0.02407414997773912,0.679603478296291,0.29947545803928294,0.4067156038223212,0.19712069447379407,0.29271527465193975,0.8988017570704594,0.12976492762659975
coupon,A,201804,1083,0.6141944802950787,0.9450081738481815,0.193849611754529,0.793668457161472,0.39699398424264776,0.46991217072192415,0.19164934837852302,0.29752606692540323,0.9225838101607015,0.08797455427879135
coupon,A,201805,1061,0.6379052270507443,0.9632969018410142,0.2824262454615905,0.8523843884237525,0.39975052713728604,0.42315156150218586,0.18711054124182963,0.3009556261383348,0.933086385735728,0.02276763334103344
coupon,A,201806,1094,0.6291414667366384,0.9671243089594751,0.33706532986792886,0.8726131404739638,0.3497679834819719,0.43884334098052147,0.18288025676059655,0.3046289756456318,0.9287882391690868,0.017001554503828637
coupon,A,201807,1104,0.6379235017734618,0.9566410652296303,0.33193285173987297,0.8502238726780041,0.06048887218134063,-0.0097192988707445,0.17771627370322093,0.3035050854291939,0.9273249094039513,0.010239843947850989
coupon,A,201808,1112,0.6504968151828158,0.9600545735322675,0.4123624610919791,0.8832834808857828,0.45558137045311414,0.5484780593326779,0.17209080105428576,0.3072206711166298,0.9210369925776022,-0.02855540731972717
coupon,A,201809,1132,0.642176430276818,0.974600402341475,0.38797058003464147,0.8854023465067247,0.04636964501072453,0.08876601514611875,0.169303248423964,0.30543918705544304,0.9341179858283284,-0.05584305670135115
coupon,A,201810,1120,0.6622513521832514,0.970539367164645,0.4305634341540287,0.8921726512788976,0.26945177644498264,0.26599726669758,0.1672560566050382,0.30404955797442473,0.9356135443387023,-0.0685781803542347
coupon,A,201811,1111,0.6537610962288591,0.9471054909213076,0.4414915632452485,0.8677159065451215,0.32932890182646196,0.43207661115424617,0.1638444535882333,0.3007483153435606,0.9384433284670792,-0.06600225605285438
coupon,A,201812,1115,0.6425378903544733,0.9227229007224916,0.43371248281067143,0.8450284566617658,0.2584325169409916,0.3702859023607105,0.16247293283493927,0.29923461486920716,0.9375264179959768,-0.06412832899848572
coupon,A,201901,1128,0.6751637801733362,0.9386606023934032,0.5187840885560218,0.896777876184928,0.31101112496290834,0.13510175132017532,0.16075774154188952,0.3023779463374625,0.9418955116358249,-0.07371113644710785
coupon,A,201902,1150,0.6925644852074447,0.9454299377825698,0.5480126841623113,0.909483307788874,0.1486405410315966,-0.020795630419377084,0.15803118214132256,0.3039764801262294,0.9374182752441581,-0.05872853614122685
coupon,A,201903,1143,0.7136557436244444,0.9511512143025579,0.5826123318451069,0.919970249801749,0.3089164488364025,0.234607172516858,0.1547948599315127,0.2965409667971944,0.9324323479613413,-0.07555673103500189
coupon,A,201904,1153,0.6980537098567783,0.9518113380779439,0.5433104984970867,0.9076572747795606,-0.1782105545986286,-0.30492691764768465,0.15267835755522083,0.29336782865957833,0.9314034834071652,-0.0830980142020363
coupon,A,201905,1159,0.7072879394985429,0.9482873045527214,0.5747700414615257,0.9126089850563219,0.4047640446138176,0.46581934479289105,0.15345879697877476,0.29020264783046484,0.9394416622729237,-0.029298646263414732
coupon,A,201906,1188,0.7244052304165997,0.9548127321643426,0.5606592420970631,0.9109199756923979,-0.06390152614565262,-0.2513581353698143,0.1550416143104863,0.28302310755106097,0.9447340005341462,-0.028381041301090225
coupon,A,201907,1224,0.7154399913947112,0.9571788541380295,0.5474874085008264,0.9072444661796766,0.18557957354659663,0.2066324745101512,0.15764966015486348,0.2852279081948187,0.9555471383817451,-0.02173228409344065
coupon,A,201908,1225,0.6904760743538435,0.9569209593335886,0.5274959293603114,0.9089574124164257,0.29259030496865707,0.41259054433444387,0.1607509187340149,0.2820936517500258,0.9533366388897409,-0.04200047799069892
coupon,A,201909,1259,0.693847850044273,0.9630422873011506,0.5330137004373242,0.9190578154569636,0.31460664289053925,0.36103336133752323,0.16528019007915792,0.281160894589121,0.9507058276494341,-0.04780446006315776
coupon,A,201910,1252,0.6950623852892707,0.9742724543933777,0.5012662209016576,0.9209938039510598,-0.0625067444519961,-0.1570104556584166,0.1687756623919928,0.2779298788278369,0.9516666963054731,-0.03914360387820125
coupon,A,201911,1260,0.7127478695543176,0.9582928296084974,0.47450824768049493,0.8918145647576635,-0.11025727723515195,-0.29573475950133793,0.17697764255485224,0.27481654541930267,0.9568373999673307,-0.03721206053433272
coupon,A,201912,1249,0.694808942987322,0.9355568095194509,0.3863430947447607,0.8255477444740796,-0.35751283206745005,-0.5222408314688802,0.18459276491412263,0.2666844841726147,0.9774983855663754,-0.053175856296530565
coupon,A,202001,1235,0.7035115176296979,0.9543250911221866,0.4359679875364424,0.8727107970111296,0.4077727673744821,0.4621958491499326,0.19558897007073292,0.25313811982082274,0.9818104879099295,-0.09587370607622947
coupon,A,202002,1240,0.7060111488834241,0.9156592457994153,0.41235173228591276,0.8205501213455326,0.22688016218292825,0.09306383139531309,0.20984870519745089,0.2417973884498721,0.9813716461730742,-0.10521849605076211
coupon,A,202003,1159,0.4607694071263992,0.5867466926937476,0.17790706739012746,0.4023025269586744,-0.0983077818132468,-0.1703985242910922,0.2240325942240804,0.24864597077776546,0.9743906969482639,-0.07260552002324712
coupon,A,202004,1142,0.6394273679208797,0.7742088472898456,0.36156861204572377,0.7429887393443342,0.2834896223596961,-0.22230089659374822,0.23844487270484022,0.2584445268563153,0.9716292994301324,-0.04925793409672405
coupon,A,202005,1105,0.6620484723595819,0.8888793827368028,0.46656590722013364,0.8431552032889549,0.4459424542777547,0.30300398623137115,0.2483255196809057,0.2628893293440228,0.9569714631748694,-0.01655430490814144
coupon,A,202006,1099,0.7075424156428707,0.9488199406315728,0.48920392146431896,0.9011940042137391,0.17624319499411625,-0.09148237095819846,0.2592438971030561,0.26919567433753194,0.958879119605364,-0.023893027485758316
coupon,A,202007,1075,0.7121675632034463,0.9514654938496906,0.42555236975650074,0.8565471122095076,-0.4095300692826369,-0.587562817164801,0.26854434570692454,0.27817507964694704,0.9468837332519541,-0.028555524389877258
coupon,A,202008,1056,0.699703924157493,0.9617874075355268,0.4181560568175818,0.872391522694744,0.36269715871605307,0.45022359311322574,0.2793058880431887,0.28831838715673985,0.9499777227024933,-3.802227754291167e-05
coupon,A,202009,905,0.7017626490584499,0.9552744045841589,0.4283428397932265,0.88285639859824,0.4434464482643614,0.48136468912897706,0.2860843550145572,0.2877582077741582,0.9499789849538688,-0.018902304586026583
coupon,BBB,200307,442,0.34442974986368724,0.8366557887838518,-0.39351425457436323,0.5001067626217008,0.10043655530872772,0.11959380036091533,0.563333287498441,0.08814758839936204,0.789975170589095,0.21544468552971005
coupon,BBB,200308,444,0.36242816194928834,0.8193097198448859,-0.42491207288523747,0.474922453333187,0.1542390270492791,0.08926452513334597,0.563333287498441,0.08814758839936204,0.789975170589095,0.21544468552971005
coupon,BBB,200309,451,0.3549734786055963,0.7765353549482096,-0.41899805427837117,0.41656574377489536,0.17257394102253953,0.14147335648738624,0.5388821903792859,0.09551198894306742,0.785864943696266,0.2207120458208938
coupon,BBB,200310,433,0.3179105364355733,0.7749857940094608,-0.4754119853936816,0.41040691862133866,0.07490489118416942,0.01302601659442987,0.5285112237037992,0.1192558356089196,0.8011222591781785,0.22505366009486613
coupon,BBB,200311,437,0.3659870013723978,0.8154200682213809,-0.5330781746348859,0.3837132021687508,0.17794762934603134,0.12582260657901206,0.5285112237037992,0.1192558356089196,0.8011222591781785,0.22505366009486613
coupon,BBB,200312,442,0.3867546613941059,0.8151131263410034,-0.559892489219613,0.3048080840254143,0.13049659595373572,-0.08641685533390298,0.5285112237037992,0.1192558356089196,0.8011222591781785,0.22505366009486613
coupon,BBB,200401,441,0.30247730640233805,0.7673521425126749,-0.5954063335422568,0.25254885170851554,0.027261811639272947,0.06375865031327216,0.5132135265521285,0.14867854780283923,0.8015664475012874,0.23458499221782594
coupon,BBB,200402,445,0.2996033927083292,0.8036699264123907,-0.5734498992869583,0.36063508681396106,0.1762416651603962,0.2814333802723737,0.4985525291375867,0.15232023721590338,0.7878274755618215,0.2372726619518523
coupon,BBB,200403,438,0.3047711805473904,0.7717714235363262,-0.5742042427983833,0.33153558285638673,0.16005805675477477,0.21769506300778624,0.4985525291375867,0.15232023721590338,0.7878274755618215,0.2372726619518523
coupon,BBB,200404,440,0.3355701591512178,0.7557042696971106,-0.5984388617763623,0.3054521788006982,0.14518343169245188,0.1445935342453403,0.4985525291375867,0.15232023721590338,0.7878274755618215,0.2372726619518523
coupon,BBB,200405,435,0.3296387453425606,0.8168795384998914,-0.5611556568354187,0.32676747281455876,0.18760462435622435,0.25833363705413176,0.48197496649279126,0.147567258437179,0.7924574965252261,0.2466732758275931
coupon,BBB,200406,436,0.3222991996954412,0.7652150747417216,-0.5938096556591724,0.28339683369324514,0.11886665780585569,-0.0018809040675220091,0.4650100004387204,0.14436162314417594,0.7922469546986521,0.2515737928034262
coupon,BBB,200407,432,0.26235209724095904,0.8006575347685501,-0.6560194168194784,0.2842141048471458,0.07931606541871235,0.23455665521755986,0.4650100004387204,0.14436162314417594,0.7922469546986521,0.2515737928034262
coupon,BBB,200408,431,0.31924207441465463,0.8104991396727759,-0.5933239726315758,0.3468542599687045,0.23962363322759037,0.2357809193210909,0.4435732790073836,0.1449360747082595,0.789910918046773,0.2485343556635415
coupon,BBB,200409,441,0.23393422613749823,0.8235824399689946,-0.5946699011451592,0.34080289458440716,0.0008992216477732413,0.1182561136342649,0.4074898446763132,0.15972665280434897,0.8122187429678759,0.2630235948571949
coupon,BBB,200410,437,0.3194879413629266,0.8068961632337953,-0.5361918707756091,0.42181128600552914,0.22133206828109586,0.2242977054298433,0.37885429486159194,0.15214935958819245,0.7743024491517119,0.26814925063481787
coupon,BBB,200411,434,0.29965229600931476,0.7663125370912344,-0.6019467234203254,0.31855829834602334,0.13810769650577237,-0.02113481496302447,0.352596895065542,0.15955511981019666,0.761747972232926,0.2863667220916104
coupon,BBB,200412,423,0.3402714986845665,0.7275903651086398,-0.5459269911332221,0.3051967456142568,0.19467989541206207,0.15971827171815378,0.33254221933116074,0.1681628610808579,0.7901645685788657,0.31457655720025557
coupon,BBB,200501,425,0.299989774208075,0.805022619820803,-0.5315394676337043,0.3786510441704464,0.14350974564554642,0.2510774511527667,0.31665469716614814,0.1755316216151557,0.7769813476603942,0.32056603564358777
coupon,BBB,200502,427,0.2915933120335799,0.7980910126798414,-0.5670738662212358,0.3780316339588011,0.09514287551793338,0.004672897196261683,0.29800372920747337,0.18451682737544603,0.7797038637089245,0.32421946876558494
coupon,BBB,200503,411,0.2538145373956824,0.7417027514299848,-0.42463033861804894,0.4116562071302363,0.13697148851862415,0.3945792330572085,0.27708890827601296,0.19630917702294481,0.7570700742471622,0.33280659012272373
coupon,BBB,200504,404,0.31062037172736745,0.7566185402659372,-0.32765904893425146,0.533200846966417,0.2236323197821477,0.3226592634449549,0.2597435037245295,0.20272156944173422,0.7297242315794982,0.3491746784572788
coupon,BBB,200505,402,0.3184664410071417,0.7794281739185698,-0.2837139954111184,0.5507529461594708,0.19919482267221078,0.2330068868789472,0.24375569513746875,0.21338600130382057,0.7463165097111462,0.34857419787292204
coupon,BBB,200506,397,0.3167871809068947,0.8162138476828824,-0.3099319586114601,0.5783026055303813,0.18655606185784404,0.3312627527408223,0.2315784724250265,0.21510405550741696,0.735335261216555,0.36294701520038075
coupon,BBB,200507,403,0.3048794298126155,0.8518053077152866,-0.3838077015581575,0.5397844881700613,0.1253398009987592,0.3113350179978219,0.2183392491694924,0.2258457186027141,0.724287677964511,0.3728336461748748
coupon,BBB,200508,405,0.28119724760991865,0.8226924334469573,-0.3589703775216471,0.5420267314087731,0.15842600667233145,0.3715691109340819,0.20589663437917086,0.22109690281934288,0.7259571248571334,0.39248436996157804
coupon,BBB,200509,404,0.2731786828171089,0.8434036621197272,-0.3068743320634763,0.6491049435795524,0.18469576037459992,0.40803398784874345,0.19732915236062856,0.2123315111391311,0.725764094657072,0.40846888832435846
coupon,BBB,200510,414,0.2542248390509143,0.8447312714266388,-0.2666731162535598,0.6664418279497609,0.1253473956348891,0.43456335078179864,0.18771196649317456,0.22186552938819173,0.7352174823324784,0.4353388932209259
coupon,BBB,200511,411,0.25802786512773423,0.8784181030893612,-0.2582993736821639,0.6939086050282784,0.10290615057721599,0.4112223646326068,0.1828200620212169,0.21011158304072203,0.729345751629861,0.44693849025244115
coupon,BBB,200512,411,0.24877507746852,0.8653575916384207,-0.2581582887534339,0.7181323686243736,0.1663453227869345,0.37052671242466084,0.17516136325976825,0.21235980211346497,0.7165891586897928,0.45144530562516544
coupon,BBB,200601,413,0.27209586757171406,0.8193911401336406,-0.2333698507761062,0.6728735881242481,0.17920518814473363,0.37689983377572367,0.16929908007832892,0.214724243887617,0.7075063811938208,0.463260896828557
coupon,BBB,200602,424,0.27746497866197506,0.8693258082036507,-0.2658320313987853,0.6869050149164443,0.16089994668160643,0.3917719476389512,0.16419278533804701,0.21216261977766876,0.7089285040800366,0.467776609894122
coupon,BBB,200603,419,0.26219720998829726,0.8114951953881998,-0.21672666679068303,0.6579200224470919,0.19094502342069508,0.4466473734781737,0.15824275568568066,0.21353236791324778,0.7020413640813917,0.4724577777718005
coupon,BBB,200604,424,0.2604522792828679,0.8512571414942531,-0.1980522306615972,0.7366693719613898,0.11924053549642917,0.24202659936660623,0.15211801150902768,0.21790374254709552,0.7497607623688425,0.4603080799746481
coupon,BBB,200605,416,0.2827225866369997,0.8644267800765929,-0.12819908783476225,0.7595673268433728,0.20232566687687636,0.5187013071114557,0.14898232999496813,0.2184742693752186,0.7690118612599084,0.4797044475529771
coupon,BBB,200606,410,0.22442254262834987,0.8304462570619318,-0.1300880164109059,0.7251274836736017,0.08682538947422436,0.46561734309006925,0.14573480334518513,0.20395068602467228,0.7488019144285163,0.44252795312981225
coupon,BBB,200607,416,0.25875097266081787,0.8241350081066529,-0.07963902704751857,0.7579550076343003,0.1914618261227625,0.2907008221041332,0.14472217861985437,0.20200784375661088,0.7676492867061654,0.45511541861616295
coupon,BBB,200608,417,0.28942283901773525,0.8798779235518739,-0.08022588939869034,0.8092899129519047,0.21767744635116484,0.33513196351360086,0.14410228217670007,0.20001064837256294,0.7719892182118115,0.4329491568461194
coupon,BBB,200609,416,0.2383071490174927,0.8762503044136128,-0.10078418837449965,0.7849972811136073,0.05039455326326193,0.4031051937126893,0.1415393854332456,0.19508708018337942,0.7800474827718541,0.42760977414933715
coupon,BBB,200610,403,0.30778996362715516,0.9011759099842608,0.004556992941263857,0.8532784447660721,0.2624264418773583,0.4884316715809205,0.13868463856158125,0.19065854864270076,0.779705780276577,0.3995287999508499
coupon,BBB,200611,394,0.2846428011218808,0.8660751611586017,-0.016137439753907877,0.7855741019705811,0.11661223565297077,0.3819754901133692,0.13360416607160752,0.18037790720668198,0.7976061369877908,0.41093211674201024
coupon,BBB,200612,395,0.25629180183773287,0.8003308936240513,-0.07726247775147266,0.7060448057693989,0.01974912688237675,0.1219393824454844,0.13130188696185574,0.17243642725085542,0.810559595871579,0.37076714176869746
coupon,BBB,200701,400,0.2689251217443104,0.8237758985993663,-0.04151779359722982,0.7564809780061125,0.09898453058746874,0.08409596309976937,0.1227094281751868,0.1575156096008126,0.8216396852695828,0.3500861413221893
coupon,BBB,200702,391,0.2842750386376344,0.8620668766871413,-0.039615576876358936,0.7987465220201795,0.17531572346812718,0.2361446919905086,0.11835777669082509,0.15073173285814137,0.7911797186851102,0.3454817274424886
coupon,BBB,200703,380,0.22050457515449517,0.8377283838085248,-0.058726129536109686,0.7627884558240751,0.02465722247382333,0.39983173814615364,0.11631567008998492,0.1502046112809028,0.7914978398484792,0.33355704848875045
coupon,BBB,200704,384,0.23765715853481606,0.8024133637826008,-0.03926262659395752,0.7529241710314387,0.16736618751325846,0.2449993477882406,0.1141440466143062,0.14439597990575198,0.7835574885766826,0.3403881614139629
coupon,BBB,200705,384,0.2608094259138581,0.8682564632142268,-0.03376210978683307,0.8177531290135737,0.169461719850834,0.26262907871411434,0.10984299902426374,0.14539653963174215,0.7730295720962972,0.28445240140186884
coupon,BBB,200706,381,0.24589514399638396,0.8894190065591483,-0.019862837473452313,0.8346111702970168,0.07140732064331792,0.40734915368976504,0.10744837397698456,0.14845891783223616,0.7918690051836184,0.2650577821755978
coupon,BBB,200707,390,0.2340955976233957,0.7647824905935512,0.024553006651202688,0.7223322663831806,0.1265925282626471,0.24358214057949099,0.10370983887515736,0.14209148448973713,0.7804546627475408,0.23834693679728491
coupon,BBB,200708,376,0.21422781112662048,0.7134552013914567,-0.02169289519564461,0.656408637982316,0.031171950929768513,0.0003748518750974596,0.10267117835048391,0.13600687708716594,0.7355522680360367,0.2589608348841665
coupon,BBB,200709,381,0.2691815427809437,0.6781586649974071,-0.017102436623400972,0.617802131994454,0.08928504272500454,-0.1418054039745445,0.10234740066373588,0.13151677732954759,0.7368881909758022,0.2584845385278011
coupon,BBB,200710,379,0.255819452514507,0.7698185657635733,-0.0065772381161648946,0.7150486153819023,0.14598426100966497,0.20898552449725896,0.10137314724399428,0.1315688665431956,0.7521368991074758,0.25839090464484515
coupon,BBB,200711,387,0.11254798884207481,0.5786048830459845,-0.09416941131627245,0.5136947729801421,-0.041876253046867894,0.04515345491466077,0.10203521236394335,0.12644527133763284,0.7573102609926134,0.20987933987642923
coupon,BBB,200712,381,0.20394227126994535,0.6139788189193351,0.005535822875649209,0.5824946895415972,0.10139868319690447,-0.10253817129293116,0.10269225384983104,0.1234962674084253,0.757851422336799,0.23172734392891509
coupon,BBB,200801,384,0.22190070901977524,0.6952148536841748,0.06915479750839489,0.6679436099148893,0.13134389848899786,0.18729188566003188,0.10649988559769932,0.12942972541916475,0.7574801987943194,0.23646863713511942
coupon,BBB,200802,384,0.17973056197460047,0.6929830287206267,0.04010128460480728,0.6562218134346072,0.024395118597650624,0.08065278390017293,0.1093291602295154,0.13515533480398534,0.7932961473117917,0.153760552576493
coupon,BBB,200803,377,0.11896932941625496,0.7483619950604543,0.0038458459384841112,0.7238862059111508,-0.023120884845129554,0.19795829425323186,0.11008693434864034,0.1287589126269454,0.7944677068975965,0.12952196734848848
coupon,BBB,200804,387,0.22267302864843216,0.7206190535935891,0.06195556237249632,0.6952435788023978,0.10024297524050671,-0.3399430395497491,0.10989506857594955,0.13200221409880977,0.7988063466897313,0.11047340142374153
coupon,BBB,200805,405,0.23874846258971053,0.75400528558603,0.07728051740019258,0.7282045445923904,0.11108864901443273,0.010245655107382661,0.10921919683351461,0.12874807380817974,0.8003970847889711,0.1453572613245604
coupon,BBB,200806,413,0.2594131034729903,0.7458828380283793,0.1329983738736669,0.7275327227427449,0.1385429261538308,0.18795369705072004,0.10775852086154021,0.12814856591472376,0.7895997537696322,0.11927555995124439
coupon,BBB,200807,424,0.21336273592247312,0.7994382443242048,0.10360373464802282,0.7783408025102454,0.0779945817242819,0.1685889661049964,0.10694483061023416,0.13293649822029333,0.7904969835406996,0.10020440132780466
coupon,BBB,200808,427,0.15989811906643864,0.8022701861544631,0.05433391116042517,0.7854366893871271,0.041526857300820126,0.10900765401355582,0.10554393878594424,0.13356238690836503,0.8520061726025289,0.077013973526602
coupon,BBB,200809,428,0.14546282863087548,0.5538662348835477,0.06981523779433463,0.5403736756578797,0.050153015582368336,0.020532401565035243,0.1012450350917354,0.13135819160871443,0.8303952814114627,0.06893788864592625
coupon,BBB,200810,424,0.063353365120359,0.5084793298415212,0.027767035781358685,0.4975048999929156,0.011745490463629552,0.048699553687392254,0.10063095080388615,0.12820177410843292,0.7928661863174395,0.07311980137273535
coupon,BBB,200811,415,0.050931396699942726,0.7173697598659595,0.03333014779547449,0.7117204903107626,0.03350522402554303,0.16595538365650675,0.09740570103816724,0.12330206265476458,0.7747356074530908,0.12200722072105614
coupon,BBB,200812,422,0.10216864369772036,0.7555442556432963,0.08717198892816264,0.7570319798428302,0.11644664287548705,0.05580051561771093,0.08633562682010729,0.09755063355219308,0.7742273892111635,0.10311816205125914
coupon,BBB,200901,430,0.13625884722093412,0.767922575455085,0.11358702085662324,0.7658004866767615,0.12125493207237369,0.05414941180332644,0.08191173309116052,0.07031658787845257,0.7638286443051066,0.13472102238428707
coupon,BBB,200902,439,0.13870385826580597,0.8799762848316534,0.11403483297553617,0.8790736333283218,0.09880364428650894,0.3356080699654201,0.07904990386042601,0.04774323204675891,0.7962975979561521,0.17200964619798878
coupon,BBB,200903,434,0.14330747549630185,0.9122974352161516,0.11460894937764728,0.9105825637856351,0.13110456526706776,0.41672469392106554,0.07687130064530634,0.032421376508502756,0.813064790017981,0.20976170431225555
coupon,BBB,200904,441,0.19822171223734839,0.9074068788354502,0.15567649222343277,0.9076303248572157,0.16355977717338951,-0.20472510682594716,0.07260352081436452,0.019510161941164058,0.8443955961167321,0.22936630067042077
coupon,BBB,200905,451,0.20640586434953648,0.8973847693424639,0.15064201417853273,0.8962210492579582,0.08181696538792713,-0.13958898285684382,0.07520940561714218,0.019678798958401033,0.7977159080398589,0.24522516779223252
coupon,BBB,200906,457,0.25544156371117516,0.8736623085716357,0.19060923584733525,0.8699572069500863,0.13699384305676912,0.17749912367035528,0.07880916899182655,0.011400099460025813,0.7862257960778095,0.26593758511686993
coupon,BBB,200907,463,0.2589546081594254,0.8663367521731264,0.18121444141514734,0.8574839270359489,0.05219029799844492,0.09752120412543439,0.08525669695198307,0.01586589992949208,0.7931786229903297,0.2774727605379437
coupon,BBB,200908,460,0.2898217657306806,0.871950251838648,0.20228305793019927,0.8690117915819855,0.23185835494553356,0.18388531054535684,0.09112167811697143,0.009848439474894527,0.79868034883932,0.2784235722574074
coupon,BBB,200909,477,0.3286329960356786,0.8891316217021267,0.2194951450137539,0.8801978674156961,0.2047148525729222,0.11598345819736278,0.09681696343894947,0.005774917351754474,0.8155335285294902,0.26101613542150304
coupon,BBB,200910,488,0.3578834428749304,0.8884438011243143,0.23363800628560552,0.8777252102900291,0.23159423370632232,0.2579105418338328,0.09815833186384927,-0.003731098542309503,0.8181066410263669,0.23441623226838004
coupon,BBB,200911,506,0.309953444579639,0.886447775212304,0.1776566069960497,0.8637806975963871,0.09855533160227625,0.3224598508217172,0.10082311190185907,-0.008576235330607562,0.7921777118155257,0.225740759883137
coupon,BBB,200912,515,0.31803974050405104,0.8482918999554581,0.14460200307019205,0.8113507278258876,-0.03886826763290314,-0.11573762599351815,0.11143050112421009,0.0036866621765971673,0.8062512472407636,0.21582918972523712
coupon,BBB,201001,521,0.3282522401696849,0.8467018054848827,0.13590142700031171,0.8196053973603779,0.16266123985489878,0.21049094528477677,0.12004860995988778,0.003091285453976934,0.7912511282846268,0.1926541733213083
coupon,BBB,201002,522,0.34401876674839,0.8935103170736869,0.12767551545122918,0.859053547178026,0.22941735255231724,0.47636295598411393,0.13639183101447278,-0.000761248566745891,0.7579176542773699,0.16372242766696007
coupon,BBB,201003,521,0.3752039582221095,0.8870892831361042,0.10816239142548749,0.8338622604739864,0.19489641457536752,0.14612619011788666,0.14984734480740344,-0.00127460486088121,0.7903514834759688,0.1549240732916513
coupon,BBB,201004,523,0.39265599215003993,0.8688054167419523,0.07906645837366129,0.7924088070541525,0.21215753952903083,0.274484362477731,0.1657447087743749,-0.012540820184909384,0.8124147017190043,0.14787919047630987
coupon,BBB,201005,534,0.34481196850953616,0.8537992052026111,0.0966361992082165,0.8002599414195986,0.25229140866847216,0.546630247811214,0.17617067769887346,-0.028470797219781064,0.803180271703421,0.14868663620961028
coupon,BBB,201006,531,0.3754908537686808,0.9023325021860695,0.12441499237497824,0.8543577523918526,0.25060371823848776,0.5546801124974251,0.18602770763121082,-0.0475172742863114,0.7897523761936835,0.14702242273743563
coupon,BBB,201007,529,0.33960177015627935,0.9096732564435956,0.054396413375193894,0.8430791129903017,0.14238696648339574,0.2090402455197191,0.20026507509700503,-0.038727669646359104,0.7900319988063793,0.14486814106352985
coupon,BBB,201008,540,0.369830848933084,0.930232575862362,0.08645110135076481,0.8673411088515393,0.2927907334763462,0.5730047085209483,0.21152853870846525,-0.03887346798144327,0.7895851444091083,0.14023478853673
coupon,BBB,201009,548,0.37361313675009095,0.9335711077796828,0.044932005845144465,0.8509358103060435,0.22064305422340094,0.44281115489414097,0.22897977149729742,-0.03758514783017244,0.7908118501741078,0.14638487676012274
coupon,BBB,201010,563,0.4002216129982434,0.9413943114562883,0.01225985378675675,0.8331303667076815,0.2629427673351646,0.47482341903568287,0.24539041020933458,-0.016468086895322257,0.7899811509527372,0.15196349082948574
coupon,BBB,201011,565,0.41362004972936506,0.9381593329225918,-0.03362013290767748,0.7968224493068257,0.28023958766466645,0.45451203682203684,0.26253737579281955,0.00026386131975790635,0.796689327388447,0.15857254074929752
coupon,BBB,201012,573,0.37624484091739535,0.9078297342395464,-0.15354463373451696,0.6968424357031431,0.04074056928243189,0.19183154018487486,0.27219821040749054,0.003599540598485007,0.7956634610265436,0.16037088687247078
coupon,BBB,201101,568,0.390018174115345,0.9103351625461807,-0.1631980085821098,0.71887617966597,0.24380553965862395,0.24874960889466205,0.27430833252921805,0.015668467648545806,0.800139985178926,0.15388303109673582
coupon,BBB,201102,577,0.3922687426071916,0.9183026916526827,-0.22065620445159156,0.6688225603640839,0.09536063722029495,0.2781237487438343,0.26931713915547045,0.02627341770199179,0.8212170156422806,0.1661602507356508
coupon,BBB,201103,566,0.40604533300170703,0.9056832915927019,-0.2209764636831894,0.6484490342364069,0.1957303072758285,0.3412770110093249,0.2682457101678775,0.03496027850995963,0.803038303440642,0.1823035040108951
coupon,BBB,201104,548,0.4390535371690917,0.9247333186182687,-0.21576709325858137,0.6834468719440081,0.38448020112019604,0.537715593382071,0.2660561456645434,0.044220146713524575,0.7717896169307218,0.19741052687388386
coupon,BBB,201105,563,0.41709856684919816,0.9380457992229483,-0.195417834809354,0.6852611666050931,0.2846626026538474,0.6172062664976227,0.262672375915877,0.0611103391593734,0.7880644724231043,0.21113804596536268
coupon,BBB,201106,576,0.4003131338193984,0.9257350614121016,-0.14996570498211864,0.7045648406299452,0.24940296637173562,0.5817705272147289,0.2626647768734666,0.07038557585659912,0.8262780143440857,0.19795467741058245
coupon,BBB,201107,569,0.4224443835594804,0.9279996508511806,-0.08902885559126719,0.7553256268719524,0.29995572616169264,0.5037245580596706,0.26434345436603635,0.07288686715596482,0.8479039372305006,0.203658026461158
coupon,BBB,201108,582,0.4272509356103509,0.9145738735945507,0.04027240984858526,0.8113290332327929,0.341978407768667,0.6019326195162784,0.2628652076277534,0.07984928552397251,0.8428147214017766,0.2300278981260358
coupon,BBB,201109,583,0.3828535418340808,0.9338186935065448,0.06735447227609026,0.8512253335151709,0.177811089857201,0.5475347988710881,0.26121433519894255,0.08456949647164475,0.8570704385428208,0.23125250684177426
coupon,BBB,201110,585,0.4170834474231297,0.9210009836262737,0.04781821618093173,0.8348694517501426,0.09770303698361121,-0.08024380013576055,0.2611540508744532,0.0908013451920064,0.8623337729169583,0.2426438160862488
coupon,BBB,201111,619,0.4110342510524088,0.9035131879257282,0.12986082697999285,0.837272770048779,0.25502258732608485,0.5016713155342336,0.2589163145335189,0.09161760874386024,0.8669542249351102,0.22621748614435627
coupon,BBB,201112,643,0.37786264130242275,0.9416775052290967,0.05944574424909123,0.8554872135055814,0.06659471813054549,0.22675727575460455,0.2601949429986066,0.10028271850416874,0.8698741271053949,0.2281923287181789
coupon,BBB,201201,651,0.4284823771040294,0.9533052935586086,0.1038648868772822,0.8920285849120205,0.30258919527752426,0.19012876693858288,0.2598018688811695,0.10547190416017355,0.8762672158610298,0.2195827668638846
coupon,BBB,201202,654,0.43948670739202955,0.9461803157744477,0.08481209140880647,0.8619723521203513,0.1812297814993208,0.24506820809149366,0.25811316035856074,0.10770225182321906,0.8608580347418764,0.21451699270563965
coupon,BBB,201203,655,0.433504809841048,0.9494667991612578,0.05913360199339694,0.8527450340684513,0.17945205499665107,0.3349228100621927,0.25341233059151924,0.11351025236546274,0.8583576291869559,0.2091821707234664
coupon,BBB,201204,659,0.4405965238233847,0.9570813976341501,0.10569603658247556,0.8756450724745712,0.32160652845857896,0.6719518452807435,0.2488520945670864,0.11478274491630948,0.86843503355291,0.202125394917464
coupon,BBB,201205,662,0.40465159114166255,0.9482315516258197,0.12143836294657434,0.8803092544092215,0.2399811719789258,0.6286188614763266,0.24545131893002006,0.11778188258147869,0.8738343115233083,0.22017568109755287
coupon,BBB,201206,663,0.42408130230286983,0.9632891207550993,0.15006930374238933,0.9064155214177373,0.22089715745218588,0.4486867237648217,0.24143136723904735,0.12642586812018908,0.8767556752072644,0.21957814340994808
coupon,BBB,201207,680,0.4195272774185636,0.9393211973921683,0.14688542525843065,0.879848572336878,0.20134400902033045,0.3093218957958768,0.2352858995015257,0.13581288021050278,0.8708437933745534,0.23021352741593004
coupon,BBB,201208,652,0.4628135392111806,0.9586184302443106,0.1769958238530644,0.8982350419614652,0.18895167904475063,0.24382711492699372,0.23533252600535703,0.14593624284214277,0.898192867530391,0.20235413476138076
coupon,BBB,201209,704,0.4697003689931737,0.9591161532090985,0.12275980450012006,0.8649952813446656,0.01803409577553745,0.0221282923970494,0.23977927679268055,0.14621114600481847,0.9136836748382695,0.18662662864021046
coupon,BBB,201210,702,0.4930033278874507,0.9519044732608037,0.08015232412241281,0.8337817797236673,-0.024454321540120803,-0.24640006718240817,0.24353326365404215,0.13669137446557114,0.9490701059370136,0.15418459105551668
coupon,BBB,201211,713,0.45295985837167096,0.9501972676759554,0.0710231591226753,0.8267752809880595,0.12476441963059894,0.3519929424847818,0.2465771422123095,0.13980395889610756,0.9326159140993976,0.1518718735800935
coupon,BBB,201212,723,0.5204591779764285,0.914798487700739,0.04485427135594003,0.7948152973762042,0.07598934062780963,-0.344496884430433,0.25484386802717957,0.13592406667772028,0.9545110010799568,0.1489866937090043
coupon,BBB,201301,738,0.48184427494562837,0.9297190705468305,-0.040854696830045285,0.7230145937767932,-0.0954452881865852,-0.11137043913407647,0.2617675133856177,0.13906616630548702,0.9576766118707007,0.12997414466645765
coupon,BBB,201302,745,0.5018781085713498,0.9511847044465531,-0.005661813414722054,0.7870072732570388,0.214353191598063,0.2502081099921237,0.2709199336957255,0.145519736093791,0.9636895659142626,0.13037144777851736
coupon,BBB,201303,745,0.48734430306028137,0.9612727573055628,-0.04191090523287352,0.7590439677634397,0.005525321095825587,0.1675785771758288,0.28020686761916713,0.15256890414448154,0.9582006918191273,0.13640454512069283
coupon,BBB,201304,776,0.49418851046713563,0.9527216161003991,-0.08833630595643523,0.7289495681248259,0.06288628443704286,-0.036966049616531826,0.2870281609293107,0.15835611207781242,0.9555460428684208,0.13305602232716573
coupon,BBB,201305,797,0.49815260263949895,0.9569154472096537,-0.11150412847638394,0.7276004649429921,0.05867728379284545,-0.036892796924879685,0.29439998616861807,0.17330019296803215,0.9599076752902537,0.13217847853809686
coupon,BBB,201306,806,0.4722372889714028,0.9525234810850752,-0.0644636063022618,0.7569005666127,0.1450014603187754,0.3631759148920211,0.29997503978093215,0.17383392209845017,0.9665575342922036,0.12803914718292028
coupon,BBB,201307,798,0.48432952509680954,0.9671060084811113,-0.13121108147024566,0.7373659272749442,-0.026686020556460036,-0.2558747556623873,0.30478510643891293,0.17575438394359671,0.964772944876323,0.12927274987654078
coupon,BBB,201308,809,0.4784304423204718,0.9412853617222761,-0.13161162788896866,0.7065820302673036,0.12396934369014823,0.14091323635865854,0.3065963542867485,0.1748594959848652,0.9591488051699215,0.1308492881502032
coupon,BBB,201309,863,0.4540792204667973,0.8998585208047493,-0.1646941516623211,0.6233552842847229,0.014022364708036174,0.14424136099035215,0.3061838215772463,0.1770400260570294,0.9468167245093313,0.11753223889695895
coupon,BBB,201310,891,0.46864270436957456,0.9572126426863541,-0.19906525305770362,0.6854817807405099,0.06094417041897631,-0.0831875633105038,0.3044895744587276,0.17983359576222266,0.9342383012622021,0.12887615058799698
coupon,BBB,201311,897,0.47210128636400434,0.9618676270989104,-0.2142442765437302,0.6686175311528133,0.11055341023517049,0.15226245947308767,0.3017272691401245,0.1840094620840685,0.9398453970041848,0.13067739505777493
coupon,BBB,201312,912,0.5283005826215734,0.9178634347894784,-0.24197972853968955,0.5900470616018346,0.02159411883646239,-0.26452944377998333,0.2948414372923947,0.18506042621384614,0.9319936881839223,0.13151305597725527
coupon,BBB,201401,911,0.48486155085801164,0.9512294467910042,-0.2066324181741838,0.6309651048587439,0.20430892516886517,0.43478813346801093,0.29195987615072344,0.18641302424580358,0.9264803085517151,0.14725357070053507
coupon,BBB,201402,925,0.5160960223054788,0.9626263429274428,-0.21416119483830057,0.6559072752593271,0.13428241949739936,0.01918899966416165,0.28518546182091004,0.18163907644944777,0.9304504809848045,0.14313936775600816
coupon,BBB,201403,925,0.5311072124827505,0.9557595363744736,-0.26015994937480785,0.58656460334521,0.030282419905153523,-0.12526430828771834,0.28146497361043615,0.18332185465354,0.9415684910515602,0.14680553236414243
coupon,BBB,201404,938,0.5499336291862701,0.9477476132041687,-0.2493115382311087,0.5618170675490901,0.12766398589115746,0.09843406945020095,0.2796021307113702,0.1827678164517707,0.9452993505669226,0.12582000938433013
coupon,BBB,201405,931,0.5219459965597021,0.9690723466168241,-0.2667722455580074,0.5758531085729396,0.12467721155062994,0.26494735087357446,0.27626099420677785,0.18456109849836122,0.9405099473234634,0.14966854924998635
coupon,BBB,201406,950,0.5269520255751609,0.9437991947621928,-0.2911586089643885,0.549554470420466,0.101925940307412,0.03244241646921785,0.27236842263180316,0.1871438101157931,0.9276328757670841,0.15513254426129172
coupon,BBB,201407,962,0.5259460240379351,0.9487590560143978,-0.3063491938587036,0.5226366776260639,0.17262875252769452,0.21916846716696833,0.26910241089150855,0.18946555702619236,0.9315743357162364,0.15056104975585521
coupon,BBB,201408,976,0.5316146922525794,0.9427130431191039,-0.22088425719794613,0.5923730802144146,0.27024904477809447,0.3276629696125644,0.26524653658814745,0.19353095273640622,0.929899611181864,0.15425859252554147
coupon,BBB,201409,1001,0.5158772571241221,0.9118490905014094,-0.1474117826503641,0.6105926648202097,0.17285508440784084,0.28238554260111143,0.26021694470890666,0.1925735323236868,0.9345408422710195,0.156568395542058
coupon,BBB,201410,1017,0.5285976352388131,0.9438195366353374,-0.09778944497236598,0.6923128312829343,0.22567126734239634,0.22489208727888646,0.2552293620616136,0.18767090745591927,0.9368476467292163,0.14079698021308434
coupon,BBB,201411,1030,0.5193038449122599,0.9398262347512434,-0.011929631317619033,0.7411512275122374,0.28033803319368705,0.39792649386744244,0.25096301832901047,0.18802426391536442,0.937823853379224,0.1432743736914315
coupon,BBB,201412,1030,0.5344959697794733,0.9281732205783668,0.11847533624960013,0.8040849601112713,0.32062585640123575,0.37013278452602355,0.2468473572165942,0.19095951291580604,0.935235024624377,0.14703106052592213
coupon,BBB,201501,1046,0.5314223040393802,0.9376645250473371,0.20020059741701912,0.8427382660349636,0.2887437718100773,0.4385982521838567,0.24353412177524614,0.19327785996451072,0.939078889840056,0.1252458882053116
coupon,BBB,201502,1083,0.5485945476418799,0.9547949482566964,0.14877990600933833,0.8324551595087636,-0.15704262727900586,-0.3834776354193568,0.24105745379965884,0.1955285766036299,0.9501863180763017,0.13005835379252587
coupon,BBB,201503,1077,0.54926676358054,0.9635227262005321,0.188374536237536,0.8595435344378017,0.23916245235094047,0.3905244507636234,0.23628463586963788,0.19872302292731028,0.9425226083253626,0.13956930827457442
coupon,BBB,201504,1097,0.544965909883556,0.9695758005985138,0.19167908198822722,0.8675449118931244,0.06159449596430624,0.07682126261149706,0.23115367542764578,0.19939708940845932,0.9392437879378897,0.15777984804796058
coupon,BBB,201505,1125,0.5414276867942568,0.9528327566719784,0.1894893618540752,0.8514646365806996,0.1759190725039666,0.15717740353502524,0.22718936972739512,0.20210463683820612,0.9392311152647271,0.1493383759205493
coupon,BBB,201506,1143,0.5434913711958871,0.9560296932387539,0.20564917564949817,0.8597879245764668,0.171269014681334,0.2285971423395406,0.22336359663342273,0.20147298233358188,0.9434543049033361,0.15319758742091305
coupon,BBB,201507,1177,0.527658149292136,0.9650631305553841,0.27631062171883464,0.8989439001444735,0.2766317013532517,0.5198424409759352,0.21800689359774542,0.20873160832782564,0.9328086423296232,0.16255237185097637
coupon,BBB,201508,1197,0.5171342738363122,0.9595117296960541,0.3265654477780023,0.9076791408020696,0.28287247111249214,0.5090199434697512,0.21294069867441462,0.22027619074393331,0.9364601356845365,0.1613074267812531
coupon,BBB,201509,1190,0.5167416803367132,0.9731172885934949,0.37380279745666467,0.9377421180512464,0.34814752693555895,0.5935041502136823,0.20877574406358462,0.22736039019917112,0.9360727386502323,0.17347643009013233
coupon,BBB,201510,1198,0.5272477973596011,0.9635242904578779,0.3815399716522222,0.9327063562432851,0.15719383653557448,0.07279648924106087,0.20561164090603096,0.22882793009242675,0.9438666397700256,0.1919640593368692
coupon,BBB,201511,1232,0.5287194339525617,0.9545455057376613,0.4141825704118761,0.9262934515436503,0.2991685115841826,0.45817882578003427,0.2039960559881556,0.23057903452062103,0.9511272241980381,0.17489935525141467
coupon,BBB,201512,1347,0.5071217404437952,0.9093179426837487,0.4364743714855261,0.8858752446499174,0.23088995774816898,0.28724350765340284,0.20457265711413936,0.23517199558632926,0.9585272700415176,0.17420260868301704
coupon,BBB,201601,1352,0.5039623981728444,0.9592439596248125,0.49638646693567773,0.9469699011204089,0.28847129843292063,0.5649272517511332,0.20660538228390424,0.233979823217067,0.9806435828579156,0.15873440665529576
coupon,BBB,201602,1392,0.4906035488145416,0.9564848986352122,0.4622528790316138,0.9375656372756982,0.06404778008976346,-0.0010300490516020327,0.21137070784483092,0.23761969034837577,0.9999739362796389,0.14889152583827134
coupon,BBB,201603,1383,0.5094954275042686,0.9521826830029138,0.41226141737808775,0.928842654313923,-0.2366025452364523,-0.6547092184144107,0.21523919161234473,0.23926267070175936,0.9789687670491273,0.16730139573465888
coupon,BBB,201604,1397,0.5195684003181331,0.9700362406515638,0.3862394171790402,0.9437059845019357,-0.23393832020541003,-0.5766464892959854,0.2203154514780695,0.24224203336585726,0.9879067845852719,0.17282039368457855
coupon,BBB,201605,1413,0.5296655145786084,0.9790138867799532,0.3935805789188809,0.9524591872288686,0.16495264363088794,0.16104268130610364,0.22445891944836743,0.24163482486230134,0.9765620935085741,0.19533998323442694
coupon,BBB,201606,1422,0.5325098966298254,0.9707667679366108,0.3774332488595574,0.9334470654648431,0.030654620207370586,-0.10865120163333099,0.22842937568149255,0.24319429751476274,0.9746843819257655,0.19851271318445152
coupon,BBB,201607,1432,0.5318295090820557,0.9669012905563723,0.3516068002948892,0.9256428129200486,-0.03382466399043435,-0.12125428537331912,0.23347433833600745,0.24212205411448984,0.9794361231092945,0.19609521580666278
coupon,BBB,201608,1465,0.5483356807118147,0.9579999845220663,0.32358005276736623,0.9061326644805037,-0.19244193679433214,-0.5002515522028942,0.24178025164080266,0.25007745172264156,0.9932525398234127,0.19855109639539922
coupon,BBB,201609,1486,0.5374230879730983,0.9602161534146455,0.271249201485563,0.888963258056828,-0.2023141799223729,-0.39177331779041086,0.2509630496093895,0.2509502555779893,1.0060512975558225,0.20219375457943292
coupon,BBB,201610,1486,0.5364454856925369,0.9669378812825296,0.1980355556973245,0.8714206558118524,-0.2361281503861993,-0.5089757479183784,0.26152196320811627,0.2522100736675275,1.0237086307063252,0.20854714087306814
coupon,BBB,201611,1491,0.5447207585727892,0.9614840577506463,0.10482041458195704,0.812914701164146,-0.1810500854338549,-0.47419667194322046,0.2707653843908712,0.25265644069390886,1.013146710513938,0.21167084183488766
coupon,BBB,201612,1498,0.5459834061210754,0.9389015379270518,0.028884415548998153,0.7364431818337491,-0.19104077888443996,-0.44836247054727746,0.2802666911734206,0.24919855677904174,1.020311587517878,0.22085470659012904
coupon,BBB,201701,1541,0.5249854510211448,0.9266376805961271,-0.04809033738844319,0.666650388507583,-0.2354081921315196,-0.3974494193917761,0.28962797556645165,0.2500229419721968,1.0316666519374247,0.23829092906877547
coupon,BBB,201702,1560,0.5555134667069906,0.9516255390239083,-0.050936967384717285,0.6939360373128409,-0.06021865996485434,-0.2977360294096996,0.30488176429040637,0.25859136907978114,1.0586358848878206,0.23131756964828973
coupon,BBB,201703,1539,0.5535543672571898,0.9687206792081106,-0.050292722003375805,0.7080975429082323,-0.0990842149379493,-0.17052521605286822,0.32159601164288676,0.2628380971037186,1.0581775956074515,0.23795557913583865
coupon,BBB,201704,1545,0.5462398534298198,0.9711433398146895,-0.0848834858382554,0.673057597904955,-0.03767701038868772,-0.022532899200032687,0.3310276577863097,0.25411757618128084,0.9946657175910548,0.2227326494187828
coupon,BBB,201705,1536,0.5685414386870421,0.9669843221710275,-0.08343961886812444,0.6742679194627921,0.10436369500985665,0.0069448100059578514,0.33739988157623424,0.24697189432355818,0.9802827545827706,0.21602590107396627
coupon,BBB,201706,1555,0.5847415089868608,0.9519777605485411,-0.1030639872895763,0.6298416765242347,0.039035144260554475,-0.04452496350536465,0.3456041713098176,0.24859126991248903,0.9839981272296727,0.21368725956403437
coupon,BBB,201707,1586,0.5822294207391792,0.9677578171907473,-0.15864899402749466,0.5790694773364835,-0.032736954506143195,-0.10567300089858331,0.3521851384469057,0.25058996595135313,0.978013067428968,0.2175507072439106
coupon,BBB,201708,1603,0.5724517023896282,0.9486893669542964,-0.06023936375092462,0.6535185658191113,0.3039091414724139,0.44052682502115603,0.3558213245628648,0.2521829480764592,0.9718290132661266,0.20916716936237476
coupon,BBB,201709,1632,0.5729790853760725,0.9741007766833946,-0.10416140725057316,0.6433357768892635,-0.06215425941589287,-0.12882212761446563,0.3560211178359341,0.25658994220135617,0.9610494664631452,0.20821151737341878
coupon,BBB,201710,1640,0.5653031943415046,0.9738786196478211,-0.13121466159269615,0.6224520655352317,0.00800438160602925,0.03237505347428781,0.3522349646321803,0.26075515671263216,0.9515850637315908,0.2023779839072659
coupon,BBB,201711,1627,0.5642380687895102,0.9671431685481321,-0.1002726816181033,0.6438183534777593,0.13260750602127927,0.1766546557879856,0.34801142922850736,0.26439855192747697,0.9498930203582923,0.2010072061334739
coupon,BBB,201712,1635,0.584135988984268,0.951503689183832,-0.08230276440647592,0.6455774657792931,0.20352739037898077,0.18932457158304034,0.3407986879132745,0.26532134725336426,0.9400439262207189,0.19875349473710302
coupon,BBB,201801,1652,0.5621749360719811,0.959544957684886,-0.19687147658306575,0.5441372890233613,-0.2347316109919277,-0.3188710174370182,0.3304686165735313,0.2650485281076542,0.924306427552529,0.19224966119304374
coupon,BBB,201802,1686,0.6027713816646553,0.944498158264585,-0.11194536682427736,0.6161263477973496,0.3065769085143508,0.28070089237993545,0.3104288487155992,0.2607077187404477,0.8883665779911,0.20216375531532063
coupon,BBB,201803,1672,0.5985594029141961,0.9565843398990392,-0.0034996803037128273,0.6772938561741373,0.31096943103188873,0.48187758202393505,0.2912863318372812,0.2639454989791697,0.8685535600830053,0.22057931365056704
coupon,BBB,201804,1708,0.6023828717669254,0.9615961014745658,0.12763259042239353,0.7777543489111227,0.3213512550759322,0.4678290041996994,0.27878401052485174,0.26662155746521105,0.910690473691282,0.19749855829925494
coupon,BBB,201805,1730,0.6088953909587279,0.9473081357343431,0.205818052562902,0.8052504277929351,0.3386311354325452,0.41780335775024,0.26920159211537176,0.2733390245392476,0.9307441018186905,0.1694617252031633
coupon,BBB,201806,1726,0.6232523192102478,0.9677647259655868,0.29377289329857825,0.8567325948006058,0.4303536132981237,0.5773040516753932,0.258983874771424,0.27618575301630705,0.9208033098738705,0.16355901773131634
coupon,BBB,201807,1738,0.6210974829988959,0.970621042513376,0.2766810300712396,0.8508462246860045,0.026870067898287997,-0.020143887117009773,0.2504903585873345,0.27966348574476685,0.924774135027369,0.14536504506986092
coupon,BBB,201808,1749,0.6180513809559681,0.9710243511339423,0.338322797171024,0.8781269385090665,0.4013910844319477,0.5468105873754532,0.24193296319929214,0.2817892898145238,0.9229002986997208,0.13787097726043956
coupon,BBB,201809,1792,0.6095089738809991,0.972649932272845,0.3228526974364206,0.8708044420471089,0.020749148742988995,0.062378323302654776,0.23648142724184762,0.2792001713312945,0.9374227381484814,0.11978227611555478
coupon,BBB,201810,1818,0.6080028830872233,0.9787951334476918,0.3500458595635871,0.8975733052940804,0.3102765601813696,0.4580197188251194,0.23222370972379214,0.27995591166572315,0.9371869140708287,0.12364583261986885
coupon,BBB,201811,1849,0.5727831687454946,0.9430886798751392,0.35292562397668426,0.8631214990446713,0.23420388858580543,0.39940082398566507,0.22811150460516394,0.27742987639258665,0.9457307149049742,0.11534702460987052
coupon,BBB,201812,1870,0.5729427129031796,0.9583777875405199,0.37094963562959066,0.898016139498112,0.27759843976680176,0.4065097329889248,0.22555400978954412,0.2762234891685925,0.9561915709564069,0.09590868341888341
coupon,BBB,201901,1841,0.5894459014906936,0.9422169556142164,0.39863396798968415,0.8932952486956616,0.08617435487750415,-0.061325162065734,0.22471748241403258,0.27380921097244687,0.9654853450010632,0.0760043396113549
coupon,BBB,201902,1847,0.6204649584999854,0.9629142358335047,0.42861153051525047,0.9173965735037721,0.14352509684155645,-0.025801256588835957,0.22399229368181797,0.2730787907396546,0.9611414409832703,0.07178590760869673
coupon,BBB,201903,1828,0.6403322389684999,0.974025036696299,0.46648023012601286,0.9333012198567703,0.22029700075835,0.18816960402158384,0.2230661470519666,0.2677985639596703,0.960465493441576,0.06648604861143625
coupon,BBB,201904,1860,0.6549714206620373,0.9596254136414306,0.44255468383784224,0.907726671806466,-0.17938946032042544,-0.4495398812709867,0.22251172189241233,0.266580177494835,0.9588712576315896,0.06170510413113022
coupon,BBB,201905,1844,0.6551054578285527,0.9649947204655747,0.47618997487539333,0.9153366951014578,0.3811451282895981,0.48851984955984545,0.2235356675857271,0.26127849235544115,0.9602687596815508,0.042873272085084374
coupon,BBB,201906,1865,0.6672659501308166,0.9672572989679831,0.4668043864408214,0.9183440525284219,-0.08635247949276081,-0.26139530957360313,0.2249797024796032,0.257192232293413,0.9616438232994928,0.04326392241240995
coupon,BBB,201907,1886,0.6742570602116148,0.9671270801967334,0.47878040014865497,0.9209596354414371,0.20483938489588857,0.19002934301541313,0.22821685337173758,0.2536448471532092,0.9692718719138974,0.04016812895915696
coupon,BBB,201908,1883,0.6698536614752528,0.9649154268757488,0.48521714515267844,0.9161908965747756,0.32697804959194043,0.41952541069206156,0.23112835448240274,0.24837041697729476,0.965057497443338,0.04138419565209956
coupon,BBB,201909,1908,0.6666071229760677,0.9727554539102449,0.46989519976352645,0.9209184398372373,0.1653962387782553,0.16602967798878976,0.23392724823646144,0.24724809763416597,0.9652769737675455,0.04412923667558076
coupon,BBB,201910,1911,0.6587844797567605,0.972966541179304,0.44491979399106063,0.9188404110420174,0.016118605073787404,-0.0480552551271012,0.23652458939077067,0.2439029609800435,0.9659468109647407,0.03745908575433824
coupon,BBB,201911,1883,0.6523259008645129,0.9704562784902909,0.4124705431791098,0.9078006892101538,-0.12597767730887935,-0.24083409330215405,0.2413726746645201,0.24123807916814544,0.9738881999510314,0.040262349142670795
coupon,BBB,201912,1829,0.663877190933026,0.9655861766220181,0.3514882531848104,0.8767403755974997,-0.3169156772194267,-0.5596805812941532,0.24769883171472284,0.23942969007759762,0.9807660144136284,0.037032443562216376
coupon,BBB,202001,1806,0.6734318504256845,0.9696842569743143,0.4026922961542569,0.8981533784370095,0.3385306762669618,0.4185449565847313,0.2554610848986251,0.23575585430937834,0.9914250993852158,0.03426813007657737
coupon,BBB,202002,1798,0.6719853742083182,0.9236354213834782,0.40681391427333474,0.8432043684859235,0.24695427338248768,0.2189075628382785,0.26614208546591506,0.23113463035527945,0.9938609852243686,0.03623303661284337
coupon,BBB,202003,1772,0.39050055501007025,0.583929657251237,0.2933432929172083,0.5255077413942569,-0.02352480634305941,0.009602310099219576,0.2776690164542519,0.2267777102447618,0.9905096543603575,0.036971684314640776
coupon,BBB,202004,1728,0.4881849274871243,0.8692449703096419,0.35313024224198675,0.859142034109374,0.1540399632586606,-0.3683462542878736,0.28982672012996374,0.22619895471574408,0.9891434907524176,0.03958605336785402
coupon,BBB,202005,1757,0.5441190103963739,0.9193153732227408,0.3838400374857106,0.9005348910973965,0.14700326245545936,-0.1756913610673731,0.2981592695728365,0.228045936130053,0.9728369904276597,0.0768748985713153
coupon,BBB,202006,1739,0.6312558132986691,0.95665334948341,0.4466173134673358,0.9406716354396059,0.16209702392938535,-0.2643885131708907,0.30870041235044204,0.23158525243035388,0.9798575907308127,0.08421137739888647
coupon,BBB,202007,1726,0.6147495828900698,0.9654443689673674,0.40592145348501235,0.9148668801506967,-0.19787946372014215,-0.2920794569935264,0.31557371821995,0.23475428038292062,0.9701841092394919,0.09356046342036159
coupon,BBB,202008,1719,0.648465868687562,0.976267748637553,0.42509768437097606,0.9341844369295472,0.15873221711645466,-0.06653976560832929,0.32523080758087,0.24190314959160808,0.9741283119298354,0.10053506218343125
coupon,BBB,202009,1529,0.6515400452760335,0.9839823090576864,0.44858488480759645,0.9445375782136003,0.3220680166211374,0.3372293379564065,0.3351779261582817,0.24426602602530928,0.9745465060945928,0.10515517542046009
coupon,BB,200307,137,0.4220013443230112,0.8896568783019395,0.16060868925771235,0.832728172195568,0.06253012961028412,0.01448186383407695,0.23427917263779624,-0.04721967627481725,0.8196210292445189,0.09736338517478262
coupon,BB,200308,143,0.3988484560705337,0.8210011819166747,0.13979391751705061,0.7535580616566532,-0.015479515021527689,0.020342919990807312,0.23427917263779624,-0.04721967627481725,0.8196210292445189,0.09736338517478262
coupon,BB,200309,148,0.36201955879718617,0.8154047760950927,0.06424328345959243,0.7381217678437239,0.24130810492734067,0.2579876136923117,0.2551841483185068,-0.03641749914478107,0.8313700312997158,0.12289016291393011
coupon,BB,200310,150,0.4345426109404214,0.8251797857682563,0.15811704102690347,0.7726370060891595,0.06148165991873589,-0.15336326058935953,0.24595695369251877,-0.053183898281913174,0.8312630255786392,0.12154089176205195
coupon,BB,200311,152,0.34670162503269686,0.870597803429493,0.08309160227193507,0.8097649655888846,0.18439709983286515,0.2323860879311641,0.24595695369251877,-0.053183898281913174,0.8312630255786392,0.12154089176205195
coupon,BB,200312,150,0.41676240340147297,0.7645015334014845,0.09793335713799418,0.7523409929330193,0.22435360449094696,-0.08705986932752567,0.24595695369251877,-0.053183898281913174,0.8312630255786392,0.12154089176205195
coupon,BB,200401,139,0.31485008055517905,0.7894633361633674,-0.02073502742067746,0.6732159613923767,0.08930412683090612,0.01006747397113365,0.25559301538969414,-0.06074613602434719,0.8228025460591647,0.11351042600755125
coupon,BB,200402,143,0.32517824110563737,0.8008511441610031,0.03300171235959367,0.7289183820873962,0.11266569036280816,0.3221543714501461,0.25823294655257717,-0.06796808436702248,0.8219382124068558,0.11589520018512346
coupon,BB,200403,139,0.3661734667628691,0.8519638947227309,0.08786714621665996,0.790669824388936,0.12964796753628988,0.35590955806783137,0.25823294655257717,-0.06796808436702248,0.8219382124068558,0.11589520018512346
coupon,BB,200404,135,0.28976539929050504,0.8745098039215687,-0.07730038079888012,0.7568286020876014,-0.1801227226677611,-0.25308750365817967,0.25823294655257717,-0.06796808436702248,0.8219382124068558,0.11589520018512346
coupon,BB,200405,140,0.3906568350254275,0.6906606022173144,0.04989296436307342,0.6322888194004069,0.24469956675560678,0.09394939975071617,0.27943321689940376,-0.08279878152946041,0.8065394089870196,0.12621187099077313
coupon,BB,200406,146,0.31487657062450364,0.8156189447909538,-0.11753110549252359,0.6446415316244589,-0.028854699492132683,0.10634031600358614,0.3023118195101287,-0.09382977557714871,0.8080406962551362,0.1390325545859322
coupon,BB,200407,152,0.3487543646910397,0.8550119943411313,-0.07062098529086702,0.7388035730151243,0.0800520458991579,0.18500673186667485,0.3023118195101287,-0.09382977557714871,0.8080406962551362,0.1390325545859322
coupon,BB,200408,153,0.26283156401323327,0.8108305523166203,-0.14410672811824554,0.718306461340517,0.1551491837721333,0.14925348129682492,0.31818423093829323,-0.07528348612382478,0.8061496717261776,0.14477149330709993
coupon,BB,200409,155,0.2074457564903841,0.8977764171312558,-0.15745775885317548,0.8031774676935968,0.07886027829152668,0.4914053688247237,0.3331174293714165,-0.058613494057512615,0.8112582999404969,0.14678671013245115
coupon,BB,200410,162,0.3023148063728277,0.8160751156216614,-0.06485144073071022,0.74545310848325,0.2048385412149448,0.17723950372656694,0.3328519126913829,-0.058176940841926816,0.8070395601118021,0.16081206593023575
coupon,BB,200411,167,0.3292704311515542,0.8504720335576696,-0.12801459600605208,0.7060380100384429,0.16448634340921414,0.17218145464664475,0.35454487184178546,-0.029778532965928285,0.7798444183309093,0.17963709636572206
coupon,BB,200412,163,0.3169029455621141,0.9137646888491288,-0.13561137732307346,0.7821786499319173,0.20986562779393822,0.28377142667132194,0.36648702257206844,-0.018358411615453082,0.8062546122195199,0.18770649150582813
coupon,BB,200501,164,0.33160305640402904,0.8697896084977516,-0.08564426318755847,0.7479580128400874,0.2068400281187875,0.4241225525571646,0.36030395230053713,0.004499986315666069,0.793583780910854,0.1814905504257831
coupon,BB,200502,169,0.289118757710139,0.8498209934861519,-0.1322097976750137,0.7336631694097758,0.14347603861860775,0.2996867386007658,0.3467338572994152,0.02574641998781854,0.7703847685691816,0.19003817310141913
coupon,BB,200503,172,0.303419855473268,0.7335191723090492,-0.17561258840965838,0.600665529935876,0.1299226407352154,0.09562452980144943,0.3495597463001407,0.020063924829172936,0.7655978648745715,0.19359627104321417
coupon,BB,200504,187,0.3791917262240458,0.8036695429404057,0.011652891211387989,0.7128540440947079,0.285893321829985,0.3766750226639605,0.35142632146624975,0.03233262019402003,0.7718571341599623,0.21039862887070437
coupon,BB,200505,196,0.36309130347011526,0.8793296623608443,0.0030861321769235345,0.7844432579748026,0.17022598040618944,0.1921730191490888,0.3477993189377218,0.04699278748246163,0.7663131111548804,0.21310836103200706
coupon,BB,200506,190,0.3326501149282459,0.8644814479479677,-0.04521509706637439,0.7620351052150447,0.20045496818307543,0.3818612849750905,0.3423409429387925,0.05612728459537971,0.7793237152037317,0.20729236216371083
coupon,BB,200507,190,0.35890973537795423,0.9164263188512294,-0.027164403456785294,0.8361995739785767,0.18715035456482879,0.2808898336591916,0.32501687880904623,0.07841003132118543,0.775997046429385,0.20608247554817993
coupon,BB,200508,190,0.28540923535738655,0.9058763838041876,-0.056357650086256705,0.8111351677623378,0.15731284548064117,0.5294396549838821,0.3109726711935438,0.07880428973001323,0.7743312883919025,0.19409803040812018
coupon,BB,200509,197,0.3687850767427659,0.8347569761637927,0.03829633499897784,0.764610782014698,0.26549968929273116,0.3546973934936226,0.29851430483844543,0.09527289340964626,0.7655635735963705,0.19843264526243168
coupon,BB,200510,194,0.2644357515645514,0.8260858846297657,-0.01924598229786929,0.7374893681714898,0.10285270657689503,0.4311825880438668,0.28023830842343633,0.09320160709064683,0.7536072567370573,0.1704988707730779
coupon,BB,200511,197,0.23696370536256559,0.8929991932167423,-0.005441412636519487,0.8434683518077283,0.1403805940559163,0.49007217100037986,0.26417836967288594,0.11349268952472648,0.7559565544051012,0.1980010269783249
coupon,BB,200512,165,0.2064575901522209,0.8977880479790561,-0.047548351307081994,0.8491384607164804,0.1411455949660604,0.4989714957390539,0.25475172196148893,0.1310622046879244,0.7425819923252774,0.20976899666652885
coupon,BB,200601,164,0.1822797238745229,0.8076557887720539,-0.10728925723196045,0.7607008284249043,0.13891433405701004,0.010153306217947845,0.25106662875725383,0.14197110353301917,0.7666462371424287,0.24159504651274374
coupon,BB,200602,171,0.18232923663150993,0.8439868481052152,-0.11450715969272758,0.7899320805433557,0.1942130178551122,0.33117335061319514,0.2572072778227996,0.1528733404705444,0.8009222508018625,0.21765211896030937
coupon,BB,200603,168,0.1648028581052811,0.9234489600680298,-0.19087381025798814,0.8278961940868897,0.011989599122582953,0.30682928310749596,0.2553535814934055,0.17633827912630742,0.8013088047474655,0.23605803360536554
coupon,BB,200604,158,0.2639933768624601,0.8224988172368523,-0.054581211017906126,0.7577305551456662,0.10760669920949865,0.22693992171705266,0.24288485071638205,0.17573992961449864,0.7880373559024922,0.21813678637967338
coupon,BB,200605,152,0.2019175248497,0.8756757495608909,-0.13045871139737047,0.773686260841039,-0.014585838917617494,0.32438029237487953,0.24935517004177277,0.16014010008606067,0.8067892080630142,0.19284495484328654
coupon,BB,200606,142,0.26225744373529325,0.8343472529867495,-0.1714107655981697,0.6956774121892493,0.06430866010426971,0.20109976927477677,0.25143265558720546,0.15160193249517193,0.8034589132100765,0.22183648257765493
coupon,BB,200607,141,0.2598906968562072,0.8315552891818998,-0.04656290193746858,0.7671475662485551,0.2272428987042562,0.4332848152746265,0.25378114376874467,0.14787075481307788,0.8129225262045559,0.18036248751657133
coupon,BB,200608,140,0.2522637661776645,0.8989394502634976,-0.026656811494984594,0.8493625768078549,0.1547394865266652,0.502468784850539,0.2574902292130683,0.15223255687193796,0.8198250682962138,0.20317464127753365
coupon,BB,200609,142,0.258932109674356,0.9289886020482366,-0.028615291414866188,0.8548882942050459,0.15392619456374304,0.47625164766309513,0.25959364155506337,0.15082065209768347,0.8358761257048529,0.17260196196729705
coupon,BB,200610,143,0.22528456993858811,0.890463409829607,-0.12199928655953107,0.8073352703634394,0.12415093497786751,0.2661938999967169,0.2694481780593341,0.13587906289283314,0.8201292754240184,0.20748742565004497
coupon,BB,200611,157,0.20046120436439768,0.8972208956890082,-0.08175774239149389,0.8485043940982021,0.21339693747895355,0.24323829842655934,0.2671197587870591,0.12273851550888447,0.8445753383667933,0.16022779458337938
coupon,BB,200612,147,0.1281009567438502,0.9038338030510241,-0.16940208108323287,0.8407505912398282,0.07417117213650636,0.10428110525957884,0.26310773514017854,0.11362566118641923,0.866334918775166,0.14803999512405464
coupon,BB,200701,152,0.09470945874216566,0.83850354362728,-0.24637520052818854,0.7471791086598459,-0.004205434351468882,-0.13415209234617514,0.25760960892253565,0.10449196262870851,0.8766153302238575,0.15638698515684887
coupon,BB,200702,157,0.1699511426827576,0.888792413746054,-0.13362335098572029,0.8435831281513778,0.15942683389543635,0.4032616178467989,0.2509918419635945,0.11642111056906361,0.8480980252822476,0.18066418798459158
coupon,BB,200703,157,0.18944235922540145,0.9199511284490725,-0.10284479189689036,0.8468391642220554,-0.010674797312615055,0.2952573508890529,0.24730675890120501,0.11547768259548714,0.8575490049053963,0.17622639575696455
coupon,BB,200704,134,0.2057051097354621,0.9123280838913204,-0.030790008903615614,0.8742727465429745,0.17923488567640466,0.4119527674908665,0.24374819355167832,0.12823534848573992,0.8497895700525844,0.18686292132746243
coupon,BB,200705,131,0.20608166734880978,0.8905247424331393,-0.05145565327298022,0.8086958842684033,0.022871553154606452,0.2557572198793573,0.2386560904210988,0.14693683981010014,0.8435780987024226,0.18889583013229294
coupon,BB,200706,136,0.19301489425802926,0.9082581937884642,-0.05648896206549917,0.8414913410619722,-0.05970428561936469,0.2410333476456276,0.2263012655590644,0.14729222199468725,0.8498702961058877,0.16819393518122744
coupon,BB,200707,128,-0.006173433407320663,0.7994987181834828,-0.17610606440187512,0.7234309192455594,-0.16473274459951998,0.4474226332173594,0.21789153265046224,0.1603124021717192,0.8460624089486042,0.18220467604837984
coupon,BB,200708,125,0.23505654174620869,0.6474162826420891,0.06396322260356989,0.6701935483870967,0.26447089238302623,-0.33329646697388626,0.20562255621206932,0.13575460691247318,0.8508349083203907,0.16461851942883315
coupon,BB,200709,125,0.24937555739927394,0.7501259600614438,0.041792158201557524,0.7288909370199692,0.06852216801575167,0.12377265745007679,0.19986029973951358,0.13367111414486557,0.8496057962913981,0.17985705200806626
coupon,BB,200710,114,0.19003213326637083,0.7916283590854782,0.0031574070985283752,0.7447925315404711,-0.01311195374035853,0.09824426398817361,0.18931251527966414,0.13251154167683304,0.8662674762545975,0.1805251593263496
coupon,BB,200711,105,0.2706437478780501,0.8309143686502177,0.08478465701031213,0.8150425046651462,0.21311074621101458,0.32435206303130826,0.18409253912514723,0.15759370458809838,0.8645683675213321,0.1677943075404647
coupon,BB,200712,99,0.17810408298032396,0.7738651824366108,0.028656585494818598,0.7593197278911564,-0.03317479443892606,-0.0790599876314162,0.18137166708815017,0.1771280068032341,0.8452819756314854,0.18691323860119996
coupon,BB,200801,96,0.33686216129323415,0.7528214867064569,0.15789247096585643,0.7149620184481824,0.15541479461579036,0.21006511123168747,0.17727188081224518,0.18492507641263678,0.8267134184104014,0.1807775512977672
coupon,BB,200802,95,0.1973626024778905,0.8252268520027153,0.04198235709179711,0.7988521836506159,0.005078793407567647,0.20618701007838747,0.17338050098813815,0.18028347268131417,0.8584454158657491,0.15892644840854184
coupon,BB,200803,115,0.2589300500309788,0.6576593104631089,0.13579468939882158,0.674265513821074,0.17921220018913692,-0.19090623945874646,0.17136573940269167,0.1865667908578941,0.8547715228346531,0.14174300117149907
coupon,BB,200804,114,0.3859386953773571,0.7861282679573116,0.2346174520884147,0.7772341588870214,0.16842479635873234,-0.45513456592616597,0.1759788102352252,0.18456923340027329,0.8920610887874088,0.11309510181571322
coupon,BB,200805,106,0.35552320437472273,0.7049348817290979,0.136219516038898,0.6773862004685494,0.06502108021343615,-0.35115499911832126,0.17233806329235832,0.18245521270734133,0.9017406260683006,0.11902155236832627
coupon,BB,200806,105,0.357547493314048,0.7591644204851751,0.12175582699364558,0.6946921003524777,0.21349812666675938,-0.045967240306862944,0.1747910808731844,0.18184899814308925,0.9112519478644029,0.08443875881760038
coupon,BB,200807,100,0.20737211624057972,0.7469666966696669,0.037884193264953424,0.687092709270927,-0.08665678893785875,-0.0574017401740174,0.1747506212587321,0.191590596963831,0.9180180513341525,0.08288687644434511
coupon,BB,200808,100,0.3086133684595788,0.7093309330933093,0.18862075214588697,0.6864326432643264,0.06683209096446414,-0.06969096909690968,0.16347456214701686,0.17952939969218962,0.9319692985645047,0.11910433424607686
coupon,BB,200809,99,0.27988438983986436,0.7275448361162646,0.15889563471056556,0.6938280766852195,0.1661451783966122,0.1197773654916512,0.16386690345812868,0.18571905390378202,0.8815504779808498,0.08400613982068923
coupon,BB,200810,99,0.21332188252484094,0.728299319727891,0.14769104681595055,0.7039950525664811,0.11545133804667104,0.38477427334570186,0.16511658822375402,0.1830736819159786,0.873912385385592,0.09212603917751513
coupon,BB,200811,96,0.24503565591256,0.7957948996201845,0.18409752254954945,0.7781334780249592,0.06778824216016711,0.23918882257189364,0.16334946061239974,0.17498778981490923,0.8752932300311652,0.10975572206161564
coupon,BB,200812,94,0.19373761615263957,0.6491276234512157,0.14922583123677596,0.6516562511288517,-0.039508185961708686,-0.22525737817433084,0.16722317635868206,0.17403234257047637,0.9010628812436955,0.05430117819772739
coupon,BB,200901,94,0.11542055401886418,0.7225734205107828,0.059944923074083035,0.7075894953581621,-0.15968679531895613,-0.5268142903587039,0.16829115145933302,0.16461476453840132,0.8834939151360586,0.11861252918850564
coupon,BB,200902,97,0.1739105406231396,0.8590758468335787,0.12994428180060222,0.8651246581106669,0.09652044875769435,0.008678729223648221,0.1824304135973359,0.1550161852040648,0.895063317678957,0.06431548836907607
coupon,BB,200903,101,0.2351121298841984,0.8595806639487478,0.15194999384706293,0.8551077460687244,0.10014779976547447,-0.23463016889924285,0.1855368025747712,0.13046787914429633,0.8935267803949986,0.08886846857259564
coupon,BB,200904,113,0.26280597018055185,0.7793016834120701,0.16823294428252247,0.77680650741899,-0.03356917914511111,-0.6704621065939186,0.1817427081401952,0.11194582659579384,0.8641349564419475,0.07969780571176112
coupon,BB,200905,110,0.24552260989583358,0.7610891959515813,0.07126052705394997,0.7356265356265356,0.00455248016952232,-0.43335662601717645,0.18334860283617918,0.10325110483343235,0.8380918149332547,0.14553446465442646
coupon,BB,200906,113,0.2597191522457865,0.7279842304877239,0.08016233881491722,0.7198083704837316,0.20895646876489013,-0.12158160888948034,0.18285943786675357,0.10440513106286634,0.8209242813938051,0.1739042410793536
coupon,BB,200907,116,0.3843720895674177,0.7988467304809134,0.20566272809623679,0.7816476377196018,0.18431470762771912,0.025610271787183333,0.18731277358729084,0.08524299144180231,0.8134185236958554,0.17557430709981678
coupon,BB,200908,113,0.38922551206666006,0.8700262825204605,0.22761073611562316,0.8385454787411005,0.2649659977146474,0.37500000000000006,0.20686008731910785,0.08637399266865685,0.7894087405516271,0.20444072284905643
coupon,BB,200909,121,0.4653057169585585,0.811082509145102,0.2780669730266972,0.7581086573635007,0.21546877304339532,0.1218466332475274,0.2122609125842745,0.07443319935837522,0.8134029899452276,0.20359500507095135
coupon,BB,200910,120,0.5256031985162327,0.8910202097367871,0.33372955423880535,0.840850059031877,0.25263577448796193,0.3928745051739703,0.2151386043231033,0.0816343393712466,0.8086659750719188,0.19943874536107756
coupon,BB,200911,122,0.46155050954739757,0.8862603718843042,0.2531673288402598,0.828405827751544,0.17505298186027807,0.33843983067929856,0.22920899746607487,0.05527080953845056,0.8557535356495984,0.16472641572098598
coupon,BB,200912,116,0.3236963997777199,0.7940183754276708,-0.014715221406581633,0.6730173374851036,-0.08900304503039635,-0.20269865067466267,0.24453646128827597,0.03859495898635665,0.8344968499377688,0.1348483807536241
coupon,BB,201001,118,0.4041606784872292,0.8268637311508698,0.0598867556874055,0.7423918720030386,0.2697973997070647,0.3530324776585993,0.27487681034593525,0.028035383939344603,0.7930471593198697,0.11310215384083518
coupon,BB,201002,121,0.3205807501745149,0.899972903400623,0.06783230129349425,0.8343313914103777,0.21750195404511163,0.4934561712505079,0.2593821001616317,0.007462647793754251,0.7426360189043191,0.13430002745876976
coupon,BB,201003,130,0.42028564039559596,0.9264990645782407,0.1634175424688076,0.8841333351541055,0.327996555505524,0.3420475494681069,0.25907112491489986,0.014143564007611782,0.752611356029784,0.11707274585161312
coupon,BB,201004,127,0.4606614223040338,0.9483970753655792,0.16497922690864353,0.8788842800899888,0.3232485970202528,0.6032761529808773,0.28430902516707746,-0.01348239408081447,0.7419454859782088,0.11575348759862163
coupon,BB,201005,130,0.5024076953929013,0.8620328012126344,0.26368868288953645,0.8057709377432438,0.42916569736074806,0.4627866009367873,0.28755045591537726,-0.05045672476751363,0.7015989294389133,0.11758975758514278
coupon,BB,201006,134,0.5374103715645635,0.9068217808202099,0.3064666825169899,0.8643923240938167,0.3417937649461296,0.4507462686567165,0.29494668788852646,-0.08781433087512895,0.695229368589814,0.10525183164081986
coupon,BB,201007,140,0.5549879678514464,0.9626948896809605,0.3389600638585501,0.8992280947278652,0.31586993852875817,0.6228160328879754,0.30248786723218346,-0.09603617525171389,0.6925597983401821,0.1088419670257749
coupon,BB,201008,140,0.5428791274484291,0.9407316699831625,0.3057007532056933,0.878546281515821,0.38982305679108553,0.6482167457523343,0.330872379529605,-0.05791431275813283,0.6942517381099533,0.10474201198904402
coupon,BB,201009,150,0.5692953668860535,0.9359580425796703,0.29687152239888326,0.8616151828970177,0.35273185122655576,0.5870500911151607,0.3548174226339344,-0.05607164914136824,0.7033949124000141,0.0966441094289726
coupon,BB,201010,149,0.4666498506445286,0.9015998548884456,0.15791761317386524,0.7815998548884454,0.15639463651456054,0.4950843460910575,0.3659546550023732,-0.06569804280867243,0.7016083776588343,0.09516172973020733
coupon,BB,201011,159,0.45776273018740526,0.9186470026271794,0.1482441215619156,0.8442978266061619,0.32775185880469904,0.5625955337950801,0.38991242933015036,-0.06797085579000862,0.6909079234211558,0.10932628755589295
coupon,BB,201012,164,0.4379501450720135,0.9203025315250362,0.027824790768840892,0.799442275515895,0.24300371725763825,0.29401602437664087,0.3911625105690206,-0.04350287351066865,0.6831922411092869,0.12118499138810669
coupon,BB,201101,164,0.4420671307019293,0.9111095996626446,0.05341890079001153,0.7772040319399289,0.27934801900743417,0.5142328567736318,0.369599973693607,-0.035337933345880305,0.6839230138135906,0.11742491290686216
coupon,BB,201102,175,0.445028576604563,0.92384460367219,0.012769003882075114,0.7723667711598747,0.1727680505953553,0.38235333631885354,0.37158140822620134,-0.022279041073221078,0.7046198182572602,0.13050401632352301
coupon,BB,201103,186,0.4322426074265917,0.9275804353603214,-0.04422587415846319,0.7737655544107157,0.296068901607916,0.6292807556564672,0.3695694128594028,-0.006503426489942587,0.6944682235124765,0.13540465675105243
coupon,BB,201104,194,0.450282671366351,0.8770315523907746,0.057495141222329224,0.7567289715786056,0.38572151543401784,0.5969840532844645,0.3677643837479127,0.016275439725081876,0.7110401275853837,0.1472048962095863
coupon,BB,201105,193,0.46284498244999656,0.9380992601890924,0.09576097325758162,0.8161005688798675,0.29187187700623995,0.5688130975909407,0.38022643512553256,0.024585137002012696,0.8089143529053131,0.10122166862362833
coupon,BB,201106,199,0.5087679824709045,0.9186036241815136,0.12588779830156896,0.8009562966346886,0.3976255365358879,0.3838769605603777,0.3988745972814715,0.03781109584267062,0.8565677546329955,0.0520768784062555
coupon,BB,201107,221,0.4940519564141577,0.9293105940164763,0.11588932100512096,0.8044815280109396,0.26998332595565655,0.43510511745805863,0.42025737819760944,0.04101088878826478,0.8751899618814047,0.04430067008437141
coupon,BB,201108,221,0.5053581042069896,0.9399991105873458,0.09966739412139645,0.817569235216294,0.22984312652660158,0.29091353797236147,0.4380525053981157,0.034793284631210925,0.8752100123987475,0.047596665596623504
coupon,BB,201109,224,0.412204209065283,0.9126094383941918,-0.01568503475920778,0.7518663250053385,0.05671236388758339,0.19438714499252618,0.447570672823207,0.04080522892275553,0.8825867259283722,0.05047884609575844
coupon,BB,201110,221,0.4518138313534268,0.8773588891235949,0.018499554178151707,0.7394143217672628,0.1980188141149232,0.026327726327726328,0.46236252773745995,0.03003128848630602,0.889761109356438,0.03501534139814563
coupon,BB,201111,227,0.4262918114400802,0.9293389608284484,-0.047735805811603395,0.7661669084410376,0.035802367602787044,0.07404040880728976,0.46070438731496427,0.037471223191818344,0.8847904170394199,0.017225402727829933
coupon,BB,201112,228,0.3743950222709356,0.8890457102878776,-0.09999960991571703,0.7063969293605097,0.006986387910242242,0.10617843687764321,0.4639377590345097,0.025011665709141238,0.8899943962307953,-0.008249495198425112
coupon,BB,201201,234,0.43953266867981516,0.8809100679249525,-0.002881977120682515,0.7804663664950398,0.2494796074763607,0.2532984928199978,0.47054531257730514,0.010903338674114933,0.8846672162463858,-0.025527086177686918
coupon,BB,201202,239,0.43749958009847506,0.9537147076403784,0.054382031773708685,0.8313271333638057,0.24884896184590685,0.4299066488520094,0.474039860781045,0.00602373670880566,0.8931526877161118,-0.024861942404956427
coupon,BB,201203,232,0.5020270294656569,0.9709103978750271,0.08788594610832062,0.8400312134217711,0.13359177303059347,0.15672827985984708,0.4747118380956473,0.004823562023568714,0.8814583536948503,-0.04241577622354194
coupon,BB,201204,234,0.4806791853228565,0.9550379429111968,0.07694716619398692,0.822244075590802,0.17917807046809545,0.42854908461702373,0.4680011790944786,-0.008030673781112727,0.890118047403914,-0.05144746782715232
coupon,BB,201205,232,0.43996429771803713,0.9264216618071877,0.07105399610180178,0.7883080364951015,0.1797217593848413,0.44598194464999247,0.46087855394900407,0.003651310330789554,0.8862694897284241,-0.049852946490536
coupon,BB,201206,242,0.44437405157331933,0.9613368269221408,0.07169101126486728,0.8299140446757698,0.025889009054785094,0.1297907191280761,0.4540364973261526,0.0055723649745354695,0.8901659166174483,-0.05708112025942329
coupon,BB,201207,242,0.5068749838002686,0.9685009701355737,0.18784830690005236,0.8837124334420953,0.3028660066312454,0.4053667993061933,0.4484887416228968,0.0256031890174508,0.8925391807886027,-0.06306383452452909
coupon,BB,201208,256,0.5278068038962674,0.9568343728541998,0.21328784758174726,0.8761522945754177,0.3898121315021947,0.2886243991760128,0.44006823923424054,0.042872601720012025,0.9054352358094805,-0.06891681865296731
coupon,BB,201209,271,0.5546591241718425,0.9634571786894339,0.24459291303220057,0.87815341388708,0.37092859466348166,0.5304090393845116,0.435591361101734,0.048330779281099516,0.9129806836903445,-0.07024029131122517
coupon,BB,201210,266,0.5594893733999213,0.974972623417777,0.2919806881743865,0.9054898216497361,0.3250617459335908,0.5003992916359161,0.4255524333827071,0.055474766534671725,0.9213179099435305,-0.04840706906018407
coupon,BB,201211,273,0.5844323015286313,0.9836845743350681,0.3268082380638406,0.9241998877035373,0.39106762853548244,0.42669883787316154,0.42498351859410927,0.05737833884066212,0.9126187622746655,-0.019934548391733104
coupon,BB,201212,271,0.6031388040748972,0.9847315679039144,0.36518242468288264,0.9326622530931191,0.4751690131484225,0.47852302052432294,0.42052536356794623,0.05763721874178706,0.9065304873485511,-0.017788583263428564
coupon,BB,201301,272,0.5807852990419177,0.9690998170485905,0.2880034531600853,0.8853357408816491,0.17501832742670814,0.03748893823779866,0.4212416311928948,0.07291135396773858,0.9310081844842789,-0.01876962753571035
coupon,BB,201302,280,0.5808447403695438,0.9742542270036243,0.28180831881162044,0.8874280466405366,0.2139529774876774,0.38782655755448775,0.4272429889354999,0.08075764478033368,0.9336093160464766,-0.006510527590621625
coupon,BB,201303,274,0.5436853591688678,0.9835032121163508,0.22108328679555778,0.8778401160882914,0.1007933971214312,0.3644918585064571,0.43813305482834114,0.09475954337633569,0.9444535219628764,-0.0003136239252036996
coupon,BB,201304,269,0.5349964928391492,0.9805466133623532,0.2276378982096421,0.8889770478462705,0.39823734781091624,0.4647715573310646,0.45063143029109654,0.1022945835449653,0.9420768312315746,-0.0025457918034837816
coupon,BB,201305,273,0.5425226565139007,0.961047601115131,0.15659870275023097,0.8175404859329433,0.10562645675950337,-0.02677362749034355,0.45603163018920045,0.10134669492216514,0.9495249184944475,-0.006693546821687784
coupon,BB,201306,279,0.5788057786203623,0.9427477372940358,0.05133007405676307,0.7308263987888031,-0.14026713904574106,-0.3875283183591376,0.45898234992197073,0.08547155454434162,0.9543175375274233,-0.022636893575127996
coupon,BB,201307,285,0.5162447154511098,0.9561353398269632,0.03437355074231696,0.7354066985645933,0.13513477116699074,0.21576718315042998,0.45495559750891584,0.07902105026787001,0.9493000971015237,-0.004309125982601905
coupon,BB,201308,291,0.45263419513545106,0.9588860914832796,-0.15066794237309628,0.6455346751140741,-0.18054270972948752,-0.03772406975441809,0.4553597069963508,0.0811457016990749,0.9499619700706599,0.010208654292004446
coupon,BB,201309,275,0.4269384555156969,0.9501180000577018,-0.1600851446253295,0.6630108767779349,0.08341830313404078,0.3231885981362338,0.45604110780424534,0.08768293768560048,0.9413322400391779,0.014359930845763242
coupon,BB,201310,280,0.4605906276711117,0.9505010085770044,-0.07326141396722802,0.7521322247186099,0.35984063191402216,0.2681327932389808,0.46507206168673015,0.09902828857845417,0.9492206943648077,0.019340137299846127
coupon,BB,201311,291,0.45032758320936256,0.9444477450584129,-0.1312940396924884,0.6503703451197718,0.009418456921775287,0.04573287427744962,0.47394864957528493,0.12467052100153994,0.9659255617273909,0.03077287731256216
coupon,BB,201312,288,0.45886955135860674,0.931976879704536,-0.16615087147703705,0.6118499049548084,0.07021731609437086,0.09876411109637542,0.48838474861884246,0.14396710531070872,0.9744494245278688,0.03189126460864102
coupon,BB,201401,292,0.4678704193856762,0.9557085176743225,-0.13309404075281792,0.650155465787646,0.07833758146950992,0.17000259792464864,0.5092011909015455,0.14051211951983755,0.9787063348083589,0.032397866687706944
coupon,BB,201402,297,0.5293483214073744,0.9474520279889408,-0.05492156599011908,0.7015873408490858,0.41547242855061806,0.10724696630736899,0.5179061349712203,0.16037074542158647,0.9744697991991497,0.030772405641530276
coupon,BB,201403,296,0.5014579415170632,0.9687437823031042,-0.16665635955569064,0.5880920982615897,-0.09335237187466244,-0.08954779124270648,0.5210701005670547,0.16725254742442125,0.9760316196478189,0.017535221830428074
coupon,BB,201404,296,0.45521842946983115,0.9773469926012297,-0.32945007632178364,0.5266156757682181,-0.006712404036053738,0.036353456692439744,0.5178691987086037,0.18283982918867847,0.9824214042344942,0.013635517804352832
coupon,BB,201405,318,0.41782831839667217,0.8994779195670357,-0.34146172560840865,0.4554783740854357,0.0979856428858172,0.10465845908933247,0.5187548105075447,0.2025270744442581,0.9856965763432031,0.025969488169720258
coupon,BB,201406,323,0.4476836981157565,0.9540763673890609,-0.3225392576904021,0.5115556011369714,0.07135871573277712,0.03474763920315139,0.5159382152860756,0.23205253270577192,0.9760505381538599,0.03801660871841056
coupon,BB,201407,320,0.4666305662856402,0.9361874871824919,-0.4149200681109226,0.44823667711598747,-0.030185476902749128,-0.22594666451820822,0.5111669415247786,0.2485852221709673,0.9735745304068872,0.04385367536504839
coupon,BB,201408,325,0.4905325737800334,0.9297754006956461,-0.2778272076615949,0.5407215143411463,0.2561520998103801,0.1538639819621415,0.5014700786524929,0.25845823913255045,0.9732201066008034,0.05042607075572181
coupon,BB,201409,318,0.48757618560153043,0.9387169761612021,-0.3324705392152552,0.4938989860843856,-0.08896250044404136,-0.3318534741643794,0.48339718831044626,0.2575220614270489,0.9769208152800903,0.03427414128898012
coupon,BB,201410,319,0.5061640821232634,0.9258939460998024,-0.18553429586855866,0.5973375115833622,0.22529234498657288,0.23642095696503004,0.4635667439838391,0.25916095821961926,0.9733898896858282,0.025563090824627138
coupon,BB,201411,323,0.4558241657126489,0.9105432663785067,-0.16936449195322067,0.606273783350106,-0.05483356043114173,0.02604621813129015,0.4455089828212029,0.26175226726252665,0.9709576255527308,0.03200648234477657
coupon,BB,201412,329,0.43749469834559096,0.9101146388639902,-0.044314362023825965,0.7003491060055669,0.13933147683721483,0.18894317929087,0.42338839464802014,0.27791697440630625,0.9642433197391495,0.037234827385658344
coupon,BB,201501,338,0.43135939091616754,0.9038284789709387,0.03068524427141473,0.7271916029503602,0.10594287827113373,0.14931781197009367,0.40016156929405183,0.2930013509300978,0.9578763917257971,0.029899825318597983
coupon,BB,201502,340,0.4436424517519555,0.9593576781398986,0.06017547973100121,0.8336228229126754,0.12459559131332791,-0.06652754476300682,0.3835044502321566,0.2945025777243459,0.9669348464337446,0.00452007929959227
coupon,BB,201503,335,0.4380181159702767,0.9490385965808256,0.06434949290252152,0.7877516821367926,0.03351312227719905,0.046248547680757895,0.372139485550819,0.30330023126021805,0.9667418076248222,0.0255272038485393
coupon,BB,201504,341,0.43122689290173266,0.9253773125240219,0.07230468861173622,0.8199546649961111,0.1411078552122011,0.04543366351016406,0.3620059782206002,0.3093478534569737,0.9611617476875656,0.029520762508965456
coupon,BB,201505,336,0.478521264694904,0.9559796397410996,0.12563773040871232,0.8314375557566134,0.09428728284222247,-0.09774885639627215,0.3440261896994795,0.31698341441938527,0.9516357236821491,0.02299418020953637
coupon,BB,201506,338,0.4575539586964472,0.9453808286882726,0.05270627285688951,0.768528280344187,-0.007614364985781249,-0.12467491825661559,0.3240442402813778,0.3267460423122806,0.9547643253268719,0.03798212463554919
coupon,BB,201507,347,0.4368999427050557,0.9249890430174296,0.212176000053205,0.8308916829752904,0.2628509362056396,0.32729296759892446,0.31164326870589526,0.3348888781673874,0.9647000596306413,0.037708965839616714
coupon,BB,201508,352,0.3976830099085191,0.9315153146409718,0.24416588015644505,0.8688065554212862,0.07177739349388443,0.27158295748947303,0.30163327884201346,0.3405036996541597,0.9590037903891093,0.016985921290490032
coupon,BB,201509,367,0.3929402712294787,0.9452056648514529,0.339870130019604,0.9034036945575291,0.13742695780160732,0.41600802969940104,0.3017721885979357,0.35013090212298303,0.9643215145362837,0.0008163175322165673
coupon,BB,201510,370,0.41936571856481364,0.9374025790960903,0.3392922145917204,0.9218758828514925,0.1599732800631726,-0.20639082314185855,0.3016247008168173,0.3508229109358218,0.9540980834742505,0.026546245111129612
coupon,BB,201511,373,0.40073849857494614,0.9719694156309931,0.34673963793520063,0.935908422633321,-0.04530973182484435,0.25463364844809716,0.3012899512958501,0.3474306368057342,0.9545682900566131,0.014862073669046195
coupon,BB,201512,379,0.33882968256324986,0.9494404436773553,0.3581284012789046,0.9294022214727672,0.10960903496928376,0.4153248115892193,0.29880615349400796,0.3405868940285391,0.962010587775667,-0.010709583592431071
coupon,BB,201601,383,0.3422207736038197,0.9392108833540662,0.3490915087127433,0.9201143493773326,0.07744890231082605,0.18143907290199993,0.2968766501394279,0.33398730947361777,0.9630193666549316,0.0013233980901753892
coupon,BB,201602,375,0.3797266265383319,0.9557369982783608,0.34745776225254255,0.9311248151097964,0.06304380542016452,-0.180174081237911,0.29443725167905227,0.3275175703459575,0.9607159936538332,0.0027693373454986386
coupon,BB,201603,350,0.40615073748696495,0.9574478625481491,0.3276377063494807,0.9397977126343889,-0.03036245086915962,-0.41319562958531436,0.28691760204048894,0.3249836123702748,0.9506963459638246,0.009639912913751483
coupon,BB,201604,343,0.4401302146949636,0.9730781628965626,0.32333182296964047,0.9582811442464727,0.03621676776003327,-0.2917842779706742,0.2827696333948984,0.3169560744161051,0.9511884410207135,-0.008080231161355299
coupon,BB,201605,357,0.4693068449117493,0.9596075829113895,0.3623136743055819,0.9321965682889817,0.11075819810413666,0.20124892590894877,0.2835899650186748,0.307040674775661,0.9442327398067295,-0.007542774235178848
coupon,BB,201606,352,0.5133908214334221,0.9641242452857183,0.39151195342873885,0.9429141050954081,0.2190934935067095,0.10802842105958252,0.2889244538327686,0.30041867045464576,0.940820131398159,-0.015341520036670303
coupon,BB,201607,351,0.5214380893940492,0.9676945276945276,0.40963894549424384,0.9394771894771895,0.14256295833749114,0.08737012987012988,0.2878924864186951,0.2983344852749649,0.938731686131642,-0.03817253003706426
coupon,BB,201608,348,0.45895457933265393,0.9480092039065063,0.35718374863197777,0.908261619419434,0.03461611582545936,-0.06969786619369604,0.2920617784322046,0.2951035370791516,0.9529808487177871,-0.03413499602672106
coupon,BB,201609,347,0.44790683968876216,0.9713475623801265,0.3564883078309989,0.9348560714895005,0.07922819693429141,0.12414763866255309,0.2886237324502445,0.28604057336119676,0.9580413729292878,-0.011549649801750373
coupon,BB,201610,360,0.4694423296972192,0.9697171017266079,0.33730487628100475,0.9339213008330824,-0.14507743255148883,-0.31808527329171776,0.29679468910780565,0.26757941984776573,0.9977936619113632,-0.008621672262161227
coupon,BB,201611,352,0.4887834492088034,0.9345217263064288,0.2729099400570781,0.8687248382715803,-0.052476280327388866,-0.2464691037637213,0.3006510502185397,0.2421545729214953,0.952624584408019,0.0530218392154163
coupon,BB,201612,342,0.4708382499614481,0.9523106047481503,0.22835440053659453,0.8672055685326189,-0.06059931282993309,-0.11860445895995603,0.3081739316887794,0.22224349704960245,0.9649726817157036,0.09148642775452386
coupon,BB,201701,319,0.46121487360756774,0.9604790175666883,0.23835230439391047,0.9066677263855208,0.03161239143070301,-0.20984762228662687,0.30935273190148976,0.18959326275922647,0.9991913897461041,0.10350467364521505
coupon,BB,201702,335,0.4656664382310146,0.9450328244124381,0.2549791412301581,0.8831668220063073,0.13939738036630492,0.06882907958071065,0.31007173632345647,0.1700749301369788,1.0031282658818312,0.11455538799117763
coupon,BB,201703,325,0.5240711542200225,0.949315273566787,0.27707313415994056,0.9087778047627154,0.06462204683638326,-0.07732823635609387,0.31726170905639517,0.14097464112922692,0.9645004281158341,0.13525265278214021
coupon,BB,201704,329,0.47620287539897305,0.9432807203175652,0.24218821718552558,0.8649667405764967,0.1225708454540753,0.3990541114308629,0.3237468903743718,0.12217391321853448,0.9345623022638714,0.1538790219123865
coupon,BB,201705,327,0.46262756774615793,0.9462788644884252,0.22223403939503888,0.8797132804445623,0.20708613610435225,0.3780806977034705,0.3316662650052218,0.10632495818754416,0.9283369038575113,0.1493075073579206
coupon,BB,201706,314,0.4807844315598178,0.9793209239496452,0.2293975613058202,0.9133149411654122,0.25403502799558275,0.3936297980253129,0.34244742234295056,0.09670124972626856,0.9354188253168656,0.1542628895589217
coupon,BB,201707,334,0.5211845677077548,0.9779922204803786,0.2617530900234371,0.897638204832771,0.1174562141616193,0.20995024875621893,0.36022579863241383,0.08550519101546251,0.9341958866004033,0.15508191593365123
coupon,BB,201708,331,0.5014304721657347,0.9713553472334822,0.21446692001874218,0.8792268772977105,0.15980963979441892,0.3534111176924121,0.37391305058965796,0.08312807116130731,0.9299791657114319,0.148775235660648
coupon,BB,201709,321,0.49484332776884576,0.9835163355049831,0.22237397859018718,0.9081746676728392,0.1541378857860583,0.1844433882858304,0.38415598947865826,0.09016188794401112,0.9250586981948733,0.13820504067603015
coupon,BB,201710,322,0.49322836228390077,0.953898324152971,0.1514831208170759,0.830092371566307,0.08932349037627563,0.14329871904395214,0.38226239919431804,0.10632562721862326,0.9140822239402492,0.14284780521982265
coupon,BB,201711,306,0.5034869253685407,0.9743752597958073,0.1465668971649869,0.8717397654848773,0.18549107981390903,0.1921974877418261,0.38180536164448126,0.12469454003784526,0.9223297614597948,0.13162726088323698
coupon,BB,201712,302,0.46572317928092377,0.9233312079530324,0.12813925681322508,0.8126582190242523,0.21798952105626884,0.13790174643523187,0.3800651507777149,0.14928811442484466,0.9103449132541822,0.1319973337542113
coupon,BB,201801,310,0.48418160126691134,0.9444991707140721,0.09509417837703714,0.8306492397457058,0.01658753690039005,-0.11560437170136041,0.38033097711248387,0.18038392787699206,0.8829708792411031,0.1383828565579928
coupon,BB,201802,332,0.4821371780375731,0.9198059487070516,0.03569151771010876,0.7856319537970614,0.21702011517472847,0.030748617069732347,0.3780720027336427,0.20673346068352613,0.8599758524180969,0.1407275756156908
coupon,BB,201803,313,0.41793382515856753,0.9136472286184337,0.004040056287781922,0.7298120165990171,0.09800715538477066,0.3487809020510837,0.37008830238963325,0.22683644184374213,0.8827095199908301,0.13587286380944874
coupon,BB,201804,318,0.40116865131917245,0.9301346753444403,-0.02158475508876235,0.7661663294784476,-0.019217946655112585,0.13885854308940784,0.3675338701467174,0.24562212665300265,0.916216703343319,0.08919411503299875
coupon,BB,201805,318,0.4466429886633702,0.9276667297631349,0.06152970666384693,0.8176777447451705,0.17858556135250056,0.13367133633366565,0.36089282035108833,0.2554319088455441,0.9313738885867094,0.07291573746265519
coupon,BB,201806,315,0.4781874793227541,0.9660942245155743,0.07879462404894089,0.8449614724548209,0.2573052252234187,0.2307160709966483,0.35007377996810385,0.2602225931398613,0.9235873392611612,0.06991059466289624
coupon,BB,201807,327,0.47033673545575755,0.9389787451935419,0.07447372726420605,0.8074139230445043,0.1312079104885381,0.15727019261524863,0.3386366566325893,0.25829840018512323,0.9308628796296136,0.05975387138439142
coupon,BB,201808,319,0.4277679411818701,0.947169441651387,0.048285685045301716,0.8071301827645354,0.096611704680792,0.13459846513278523,0.33157995837945914,0.25496003623273333,0.9349977218189702,0.06313904602613021
coupon,BB,201809,321,0.4129987960439736,0.9532921570510862,0.027902597815538176,0.8183378562721311,-0.012830855216487547,-0.002818976026005689,0.3321118683841897,0.25407710746997125,0.9459741120492258,0.06641899692272514
coupon,BB,201810,327,0.42081735983143337,0.9143838634094092,0.028919958488680435,0.7402987743359166,0.06854685239806524,0.07572617463300162,0.33731136970534914,0.25829168425976845,0.94013830208028,0.07889010997659054
coupon,BB,201811,317,0.3829052107736824,0.9565475683710808,0.04076871087214157,0.8409765392204652,0.10804975380160492,0.3395604842689442,0.33893375226686473,0.25807194380248105,0.9483638707303664,0.050107128534401024
coupon,BB,201812,322,0.3838376802695714,0.9113637505244389,0.07184714623155626,0.8167071957207357,0.1305464323563924,0.0479693748797023,0.3412275352197904,0.2602983827739395,0.9610044598502809,0.033894837689689025
coupon,BB,201901,318,0.4437047743855793,0.88381502927922,0.12008475391531807,0.8190567865378241,0.12072404899202747,-0.20494602266976128,0.34385963777667045,0.26260614493002576,0.9639353289897488,0.02542419596616737
coupon,BB,201902,323,0.475651265076112,0.9457082604208732,0.16196612315924777,0.8561674860638382,0.04211290637670856,-0.10942353040885817,0.3460844681568121,0.2530585269736438,0.9604411566017578,0.017302791439978683
coupon,BB,201903,317,0.457903888893889,0.9610044308694705,0.17118546674568538,0.8705494474032964,0.1354917838428025,0.27401284884338556,0.3453194702768707,0.24503937234291906,0.9513012199646617,0.026985931769978967
coupon,BB,201904,317,0.4886475387639021,0.9558310649079808,0.20609067018037902,0.886936356259686,0.16989734195473666,-0.113550353768876,0.3358211682542896,0.2297253288450286,0.9517073789685704,0.035565409634131795
coupon,BB,201905,321,0.4445706094015913,0.9093649240078227,0.22537343052534822,0.8406995559296454,0.15564081484971112,0.253169080513148,0.3284279921867072,0.2125082824332841,0.9411459620282472,0.029055086016613735
coupon,BB,201906,322,0.46548220295673254,0.9391473765754546,0.2724678455949515,0.8994309368053154,0.2213546177539705,0.17025960312674365,0.32551222343345604,0.20252627108017895,0.9381537653086407,0.034870441511776144
coupon,BB,201907,326,0.42238653937065795,0.96993899406757,0.26915223529328064,0.929457464356997,0.06805212122208452,0.3950575613388694,0.32187983098887474,0.19399851736641135,0.932534119425268,0.03847991483681619
coupon,BB,201908,330,0.3948854432649057,0.9702107549724812,0.2673907625901951,0.9315513316802616,0.16513041697163675,0.623081656404031,0.3117041600375813,0.18636411287058954,0.9286960704451467,0.01225168341694916
coupon,BB,201909,325,0.4021550050720844,0.9771513427283011,0.29085532488417415,0.9531543448437293,0.16813198131193136,0.3015769670489213,0.30144088163382315,0.1767067947711072,0.921287399168127,0.022355156688529963
coupon,BB,201910,316,0.3811578931746631,0.9638556920192508,0.251887054023706,0.9349594887270088,0.1581903933218114,0.1007421520698684,0.28732300934477745,0.16810929781955758,0.9173685664002308,-0.023251372260696266
coupon,BB,201911,299,0.4003781575498848,0.9544230208076138,0.24160929073401063,0.9339951965163521,0.17391950683247087,0.2651522973670625,0.2799065848527379,0.14881190278902215,0.9150196644574766,-0.03711610186787665
coupon,BB,201912,290,0.42952313264097247,0.9755066996163387,0.2633098595833105,0.9463538661946449,0.17956248078362616,0.19637225585117046,0.2717054603384822,0.13481181921130253,0.9192803439107784,-0.04613794360930969
coupon,BB,202001,289,0.4663667136149757,0.964408582905779,0.29940100784700097,0.945806984051227,0.3038248565996454,0.4402855665592809,0.2724125970607188,0.11676412373713191,0.92774429218065,-0.021593535277459847
coupon,BB,202002,290,0.4004464111096177,0.9180699594197478,0.21032776607425602,0.8699380164018514,0.075023299402519,0.16207720703555048,0.27630919354718375,0.10071223872799655,0.9282785821830578,0.0004201794393977691
coupon,BB,202003,316,0.29297411866380746,0.49545600614562,0.17692418431461224,0.46310137040480853,0.07000249546340677,-0.10628081604402333,0.28075207629858084,0.09574684245448349,0.9297561131214918,-0.010196089900699761
coupon,BB,202004,309,0.1499290448032315,0.819566627033839,0.008301071844464608,0.8023745124277538,-0.07706949192499041,-0.3046335124318212,0.28909665627163106,0.09420984575884382,0.9364071348164745,-0.011834187364552407
coupon,BB,202005,306,0.2335303161239822,0.8956212845269368,0.03229864949979552,0.8980407755647789,0.1295656854775409,-0.4260257995979196,0.30057789609917884,0.10268949050218007,0.9420009151394456,-0.003415035205162653
coupon,BB,202006,302,0.2512538824431169,0.9014728297322043,0.024370867629805396,0.871913850864526,0.11541183589487786,-0.18441424569730305,0.30730614551456287,0.11058556343245607,0.9465464175542668,-0.008710966073026044
coupon,BB,202007,294,0.34656928288217725,0.8380111042508056,0.13226282459544247,0.8245840037872036,0.1992201707935382,-0.12878593445823983,0.3132228912386346,0.1167546021933633,0.9456989642635607,0.01466155855100319
coupon,BB,202008,286,0.34766321902677716,0.9524629414231467,0.10215567069078164,0.8953995939875271,-0.025754494440002842,-0.042892922225399754,0.31817704686089504,0.1281862918698613,0.9568441314433127,0.027288735369008294
coupon,BB,202009,259,0.29596784127242476,0.9485526415758972,0.03787386258841982,0.8914802356662822,-0.06286958214293335,-0.023994861204163526,0.32317377577017403,0.13020975602633844,0.975484261588349,-0.00169935528952792
coupon,B,200307,86,0.30584375745083303,0.8056700787773008,0.27194509806205297,0.7790084437945186,-0.13283588378100558,0.23519033916694182,0.03309679199998689,-0.3217457703077333,0.8472451076056706,0.2724601985162205
coupon,B,200308,88,0.5058374642999585,0.8753302102779053,0.4380062730144283,0.8737804233736044,0.27440198934056736,-0.11369800288823925,0.03309679199998689,-0.3217457703077333,0.8472451076056706,0.2724601985162205
coupon,B,200309,94,0.3625480595292663,0.8607809847198642,0.24237174005818024,0.7999060795434021,0.08667660955709966,0.2905826680634324,0.08269934949368751,-0.23378683125234984,0.8238172698676266,0.2673679549816364
coupon,B,200310,97,0.4580936509232143,0.8703055964653901,0.29447607645556306,0.8238349463496737,0.3072570532763016,0.19325952030296656,0.0966836037411863,-0.2708640619556988,0.8365802008632003,0.2576073847612687
coupon,B,200311,98,0.5056946490581846,0.9492378019623968,0.40660156145721527,0.9385396145337235,0.5009184631231679,0.3943601808108435,0.0966836037411863,-0.2708640619556988,0.8365802008632003,0.2576073847612687
coupon,B,200312,96,0.44072762767370666,0.7207677699403147,0.31145141734965504,0.6687059142702116,0.1580857550676622,-0.03475311991318503,0.0966836037411863,-0.2708640619556988,0.8365802008632003,0.2576073847612687
coupon,B,200401,106,0.5680787182523281,0.7299846335995163,0.449265429041318,0.7070408343199738,0.10104601479824261,-0.1777716200216641,0.10942151901795999,-0.2840086623998395,0.8356923505157712,0.2874785214502739
coupon,B,200402,101,0.45408856312110246,0.8877111240535818,0.34352634875362276,0.8484333139196272,0.08375236390475485,0.3629819452533488,0.1429182289625101,-0.24759077520630182,0.8234671792574056,0.2722272385822222
coupon,B,200403,106,0.41807874232506104,0.9087386956193163,0.23254274853530954,0.8134065546514851,0.20400185260526676,0.5152177746429201,0.1429182289625101,-0.24759077520630182,0.8234671792574056,0.2722272385822222
coupon,B,200404,107,0.3634145488873281,0.8358804051803523,0.19318837401596914,0.7671976331824683,-0.2622416483863747,-0.2363878602637199,0.1429182289625101,-0.24759077520630182,0.8234671792574056,0.2722272385822222
coupon,B,200405,108,0.46074064750001825,0.8238779806986958,0.20451989734185522,0.8197242943020188,0.30812182757735557,0.09423914182552612,0.15878589438358492,-0.24216915977009107,0.8315149509262111,0.2887676576440754
coupon,B,200406,106,0.4916641222914905,0.8475552308738695,0.20082481734408125,0.7996825956621407,0.1754211207306301,0.2160818197848704,0.18944737754069935,-0.22286642104928142,0.8299007210039266,0.2873267185663792
coupon,B,200407,110,0.5588229534774384,0.8857606564028582,0.27679522217390223,0.8371706151522665,0.3444344242418856,0.14120325496472286,0.18944737754069935,-0.22286642104928142,0.8299007210039266,0.2873267185663792
coupon,B,200408,108,0.6192064370783918,0.9378757133194242,0.4344963024026512,0.8943668009945982,0.40848495209922503,0.514285442091324,0.19898369142920022,-0.2243228476358557,0.8398174512856347,0.29467965588662576
coupon,B,200409,111,0.622574824583215,0.9403036153036153,0.3129247274546163,0.8244383994383995,0.3424973608411856,0.31511934011934006,0.2467485714983261,-0.23527916224995146,0.8384680030697843,0.29275484335276114
coupon,B,200410,108,0.6141731090782703,0.9474025169815274,0.30851386663355956,0.8437604199415054,0.4511974195786878,0.5133994493507483,0.2713575863092048,-0.22873509385511773,0.8202194705695419,0.2468409510375589
coupon,B,200411,109,0.6233106501734081,0.8978500602353815,0.3147357431103413,0.8011027708275416,0.3796539884120943,0.359864702066537,0.2961027868762204,-0.18128872214179456,0.8332220738679583,0.2799715586777093
coupon,B,200412,116,0.5977801266561504,0.9183715834390498,0.21058666161561926,0.7471187483181487,0.003861434931915143,0.08218198593011188,0.3111637130784324,-0.17362443141663775,0.8578509761308295,0.24758233908730662
coupon,B,200501,115,0.5419300968752178,0.9450643099502881,0.21517876529166416,0.824390436360767,0.17227170577828818,0.3612167600410321,0.31954690297853766,-0.14250052256128526,0.8056008763458752,0.23578708100645254
coupon,B,200502,115,0.5361586256259256,0.9034403850706226,0.21658018272907778,0.8197822141560799,0.4467126642261581,0.6038191430600489,0.32835037580844606,-0.12041452110888085,0.7938487023431233,0.22088125177665652
coupon,B,200503,111,0.42320069102288005,0.9427079677079677,-0.053771547197479515,0.7212267462267462,-0.09268655326854894,0.1664180414180414,0.33361545240866686,-0.10557643507908751,0.7930889224314978,0.22257615072448048
coupon,B,200504,100,0.397867327810816,0.8816801680168017,-0.01677619959711181,0.7401500150015,0.25952672698137574,0.5245124512451245,0.33717400508628464,-0.0691450116672446,0.8111523696885874,0.23082370300597566
coupon,B,200505,98,0.44631309124936575,0.8769772201289135,0.08320442745753492,0.8104546410879252,0.4029628317359514,0.4171464274557057,0.32097913006329337,-0.06282129800705287,0.7796248251619362,0.1674801439416367
coupon,B,200506,104,0.49576078891053704,0.953558092393044,0.21798785977945634,0.9039581777445856,0.40509308307391156,0.4718126533660515,0.31652052486526905,-0.03764909259839992,0.7712729944069232,0.1482871096466361
coupon,B,200507,105,0.4836171723722886,0.9524673439767779,0.15987949018219788,0.871687746216048,0.3479522586207873,0.41360149284677583,0.3111864598372588,-0.021688555336771467,0.7733262750418721,0.15645187522633977
coupon,B,200508,104,0.5718031944400257,0.9084177957964367,0.19352657201211265,0.7804438280166436,0.34249254441083243,0.44152352501867065,0.3181711195019376,-0.00497595231009309,0.7635238400422192,0.17308573625230728
coupon,B,200509,101,0.5663498492782267,0.914502038439138,0.15825321029752498,0.7395457192778101,0.17754456396322701,0.3636808386721025,0.32652296367592915,0.010185288729273198,0.789172345818576,0.17785439024105942
coupon,B,200510,103,0.5024536983428339,0.9181566577340421,0.08688916704795585,0.7404560031630278,0.23380725269140057,0.5315204498528313,0.341706363333236,0.033587284862781126,0.7988511189526843,0.20552112381685617
coupon,B,200511,101,0.5133684307296404,0.8424927198602211,0.06454190898063365,0.6958066394874781,0.33967707827647486,0.3919161327897495,0.34901819796429334,0.03888293847098392,0.8025194669942803,0.1810812556902682
coupon,B,200512,116,0.46461587899591444,0.898427709222312,0.0490982382994565,0.756444854495829,0.23838704373863812,0.3100372890477838,0.34869909583722825,0.04205359592982941,0.7926612640841507,0.13999087187897424
coupon,B,200601,116,0.4306793779159092,0.9156652443009264,0.053391563375090705,0.8258793680083035,0.26776951943847277,0.3241148656441011,0.35239179827153366,0.04441120434694081,0.8316829574673553,0.17903459857511822
coupon,B,200602,116,0.5308138075647898,0.967162572559874,0.15921452203653252,0.8729788951678008,0.28321943475173855,0.2695805943182255,0.35053632007800156,0.03878028387498797,0.8647311647190355,0.1575482095222108
coupon,B,200603,118,0.5640900361253741,0.90183296265051,0.0937110775433765,0.7182664460829965,0.018539028053564287,-0.06694568309722845,0.35690191917710906,0.05467707113240501,0.8630788679034692,0.16411672002047303
coupon,B,200604,117,0.46732082414139975,0.8869981567234635,-0.08707226714939754,0.6354808254282246,-0.055397696188179094,-0.07863147956660521,0.35283541772270466,0.06688436010276266,0.835462774238892,0.15454117877849596
coupon,B,200605,120,0.36431650945346744,0.8933050906312937,-0.2631844618415932,0.5526842141815402,-0.2842440832452753,0.019619418015139937,0.3551511881809087,0.06529988985714831,0.9135258298241163,0.17664124619630303
coupon,B,200606,128,0.3665991251098169,0.8741931422816335,-0.20678049318653716,0.6580697216626991,-0.016920356036447693,-0.09588445339681376,0.3582936181158838,0.07018649223817616,0.9134208933872147,0.13690468898437025
coupon,B,200607,125,0.25079107434388564,0.8996866359447003,-0.2972663218637208,0.6968663594470045,0.03833323922128908,0.1358648233486943,0.3612230198932989,0.04612626650717749,0.9163716963458,0.14909263850091325
coupon,B,200608,127,0.35946965154710553,0.8894884233220847,-0.08689167073820762,0.7677341113610797,0.3725013499218721,0.2398645481814773,0.3585412070081946,0.037120342823931604,0.9211568994981031,0.12247494325307978
coupon,B,200609,130,0.3679186081279997,0.9196930177934972,-0.08814773594282917,0.7666716737904381,0.05494235180064965,0.21584618115773804,0.34932495779803097,0.039041666276885864,0.9183123231947203,0.14445358357488208
coupon,B,200610,141,0.3578206909109266,0.9335074275439872,-0.04037133705031942,0.7899610428528618,0.1177215338094354,0.10016267819684062,0.34186882883137093,0.03337101208176746,0.9176903143161204,0.13153406161343872
coupon,B,200611,127,0.4376133404157125,0.9421400449943756,0.004895495659212636,0.8071569178852642,0.32859329037612095,0.18754686914135732,0.33413284835601786,0.042537826021577275,0.9242117394666728,0.13992777301080803
coupon,B,200612,127,0.39194228518267576,0.919449521934758,0.020764629985780263,0.7837106299212597,0.09106769248599154,0.17744656917885263,0.32576163532001357,0.04312953034354175,0.9288205490136837,0.15845952689207243
coupon,B,200701,123,0.40092760422794294,0.8985438082831385,0.010255784719821009,0.7724974526318505,0.03324578168143361,-0.22214984973752439,0.32243565591599926,0.058873152494536896,0.9286553128057832,0.15603215901381529
coupon,B,200702,118,0.4854995235030551,0.8778828350114493,0.13585448924721322,0.7933744553884136,0.3495792469268368,0.06719402232861854,0.3136745793966873,0.04937161904479749,0.9280653593389189,0.17121755394165675
coupon,B,200703,109,0.4574092053984496,0.9513668798072468,0.11885173138497354,0.8126216291353907,0.09724148251634905,0.25587989991659715,0.3097895709833062,0.03355992344483961,0.9306748688082852,0.1909702645611181
coupon,B,200704,118,0.40945411479265503,0.9161709012157666,0.05669128533490229,0.851113326686607,0.2971971108013234,0.14771436605933116,0.32009270207995943,0.03372711913442654,0.928910683976523,0.18864210722622993
coupon,B,200705,113,0.3715873198108992,0.8796493446004392,-0.06406491357551547,0.7192095282453923,-0.04203154435127204,0.2146849424446071,0.31737460396761813,0.04309507256426508,0.904726943521698,0.20869716647903083
coupon,B,200706,105,0.26397024308462164,0.848921832884097,-0.1581279542046858,0.7163591125855276,-0.0845939423008927,-0.11530167945262283,0.30384646529700093,0.06188179113798063,0.914725775598986,0.21741896200075564
coupon,B,200707,101,0.011511675524908924,0.7404892253931276,-0.28668443579374453,0.6180314502038439,-0.1853234042098629,0.09579499126383226,0.2888893428054492,0.06450054844383564,0.905682522179444,0.23369385823970681
coupon,B,200708,95,0.01866036881045048,0.8090845464725643,-0.20965596804264014,0.7692049272116461,-0.022989238151613543,0.30449328107502804,0.26855482757786686,0.0828334263621983,0.9118322342879432,0.21976140839244962
coupon,B,200709,91,0.05784131784207506,0.8601051122790253,-0.08985848385717984,0.8604554865424431,0.040816506637627994,0.36190476190476195,0.2580668345716243,0.09216644724702443,0.9060082039855829,0.1981627875094276
coupon,B,200710,79,-0.0874916811173824,0.9010710808179163,-0.2084568508182536,0.8828383641674782,-0.1862914792371229,-0.02370983446932814,0.2473266724175046,0.08971343154185202,0.9074861534735187,0.18393795261823268
coupon,B,200711,77,-0.1429183196921268,0.8051422261948576,-0.27820450372258027,0.784504968715495,-0.09874404483654539,0.15313633734686366,0.23648972173668054,0.06210383836292991,0.9012000087210814,0.2033970111429457
coupon,B,200712,73,-0.0007259365482475489,0.8404911761076146,-0.13798972600092768,0.8247871158830063,-0.18347660120494963,0.03656053313587561,0.23349501289373417,0.05553583309637783,0.9099605739696961,0.20197626955167944
coupon,B,200801,72,0.020914189377270666,0.9278731751238022,-0.10168900701065553,0.9150106116148949,0.01769414482341837,0.18850086822303688,0.22601154716444735,0.035598587648233225,0.9142483635463262,0.21004646638503985
coupon,B,200802,72,-0.12318159983926744,0.8612772525564347,-0.22093787338491355,0.8310180719017302,-0.29066026911093024,0.3310180719017301,0.22167782819488108,0.04441207816435789,0.8947854384955086,0.18876848986798037
coupon,B,200803,50,-0.22176299515639347,0.872172869147659,-0.3166119848471727,0.8828331332533011,-0.01980627661054284,0.09791116446578632,0.21756581817592568,0.048140400326860934,0.8919357713164787,0.1875878696090683
coupon,B,200804,52,-0.16678070474791507,0.8709980363698454,-0.27048984398009285,0.8621190130624092,-0.23677475916172105,-0.0636899171860326,0.20968887028177594,0.0412223831764478,0.9117609991305033,0.195500131841781
coupon,B,200805,55,-0.11142608754057355,0.78982683982684,-0.21804994901410357,0.7601731601731604,-0.3200521192351406,-0.018109668109668114,0.2136197676578628,0.04787889383781412,0.9193469037345577,0.19520071963140073
coupon,B,200806,40,0.45331161734051356,0.7446529080675423,0.2689041130439994,0.7303939962476548,0.08120697436910713,-0.3110694183864916,0.2171862531770484,0.03482029277556861,0.9169208090648812,0.18827939915042446
coupon,B,200807,37,0.3816271661780388,0.8624940730203886,0.17851261401414334,0.7946894262683736,-0.11076814664526069,-0.18231389284020863,0.21158956962391906,0.023774569521400897,0.924229431679293,0.17072060415160006
coupon,B,200808,38,0.25470378676154765,0.786191049348944,0.05912374722845573,0.7378268957216325,-0.008117174944166463,0.051537367326841006,0.19846636728748826,0.0023740279440791576,0.9238421918364749,0.17051867524275435
coupon,B,200809,38,0.3573750806499235,0.5439325965641755,0.2678667731574933,0.5465587044534412,0.1513743435533746,0.03862567020461757,0.17382052473942664,-0.026397685977267597,0.928821595998788,0.1693336030915552
coupon,B,200810,35,0.3615955217506842,0.7815126050420168,0.2857952182781029,0.7672268907563026,0.1160867610589347,0.01708683473389356,0.1597981070969334,-0.035078098217088384,0.9558555524583949,0.1750427101762891
coupon,B,200811,35,0.3328194806175746,0.6871148459383754,0.2542117584978607,0.6456582633053223,0.20662601242896242,-0.023529411764705885,0.12904709269613843,-0.055775816417308534,0.9523342262859292,0.11492355044881489
coupon,B,200812,32,0.10371516912856096,0.846774193548387,0.08863601333327374,0.8423753665689148,-0.08606152331944421,0.09127565982404691,0.08431545288282137,-0.03311216154036274,0.9450306299225867,0.1022179157433455
coupon,B,200901,32,0.2859522836789225,0.7991202346041056,0.2598395992529373,0.8031524926686215,0.10776079629315023,-0.6693548387096774,0.05164891126668156,-0.03732355868168232,0.9496711968999012,0.1166079235642612
coupon,B,200902,33,0.36037710118268945,0.8562834224598932,0.3387544751117281,0.8522727272727273,-0.020281688020049034,-0.31417112299465244,0.016860920093001955,-0.05678500719043366,0.9810138394071641,0.12220911279916666
coupon,B,200903,33,0.31562329373349035,0.90274064171123,0.32165751496259587,0.9050802139037433,-0.17348386033678306,-0.17179144385026737,-0.05115348903361236,-0.05279424878943939,1.0100649850085368,0.13261618521365534
coupon,B,200904,34,0.4757180645525675,0.9214667685255918,0.49395009343558055,0.9113827349121466,0.2193971879031487,-0.4194041252864782,-0.10073713995929207,-0.0753644452785282,0.9769261957694348,0.15568560535743659
coupon,B,200905,33,0.28119309652896424,0.8636363636363636,0.4325918810805924,0.9017379679144386,-0.4940557681717954,-0.27807486631016043,-0.17167696715697983,-0.09893324724066527,0.9667753366193723,0.16182241841804387
coupon,B,200906,34,0.3061028906684487,0.813292589763178,0.4828126134455321,0.8129870129870129,-0.19125688366427837,-0.2834224598930481,-0.2615171864115117,-0.12256943079908378,0.9842259987426225,0.19156054606689413
coupon,B,200907,35,0.35871241207150006,0.7711484593837535,0.5958892416492916,0.7462184873949581,0.19788126018028762,-0.2574229691876751,-0.3012329212287587,-0.11022726798029697,0.9733305082085311,0.18006237873268863
coupon,B,200908,38,0.47684864856838405,0.8236130867709816,0.6340081434079756,0.8128898128898129,0.27749500762471807,0.06313601050443154,-0.3262242861619769,-0.11223099218787194,0.9687056444705288,0.19160189600817648
coupon,B,200909,39,0.5972845924175049,0.9093117408906882,0.7735109083683093,0.8647773279352228,0.22942862525165097,-0.3459514170040486,-0.3537822373799737,-0.11133766586353434,0.9589078466950098,0.22135239456663916
coupon,B,200910,39,0.60078114660379,0.9301619433198381,0.7781671777420779,0.9172064777327935,0.2035378003003898,0.37834008097165994,-0.39934817348745827,-0.09164244295479948,0.9069206286912396,0.21241926143563405
coupon,B,200911,42,0.5837096433240772,0.9583502147313834,0.7493822037502266,0.9277206061097157,0.3307769151085543,0.501337006725549,-0.3860912048017071,-0.10051759385408672,0.8984016873339765,0.23072728361858538
coupon,B,200912,50,0.594508251681718,0.8985834333733493,0.7833792090762739,0.9022328931572627,-0.0023566786127662957,-0.14362545018007203,-0.36359406117655974,-0.15511591631237753,0.8874619630308164,0.26379990404818066
coupon,B,201001,55,0.5355038779003006,0.912842712842713,0.7568512610140522,0.9186147186147189,-0.07348140643926407,0.018181818181818184,-0.3587272709359564,-0.17934487857599676,0.896246123003907,0.24800791322169072
coupon,B,201002,58,0.6120775884758736,0.8430588452428559,0.7695015294330088,0.806022947491464,0.4037703858358609,0.2194776831031407,-0.3441110425231941,-0.2186298962468407,0.8552814756946213,0.21784118306989986
coupon,B,201003,59,0.645707368380161,0.9189947399181768,0.7432013393536382,0.9066627703097605,0.25927193181151925,0.18696668614845124,-0.20653922535475355,-0.18498600369099563,0.7918720635937111,0.24416345473742163
coupon,B,201004,66,0.5009977871752769,0.7993528859200503,0.5798036109127724,0.810708694290784,-0.29970030262841313,-0.3034965034965036,-0.09545989963890056,-0.12620840476015638,0.8051629096650481,0.25272637489135535
coupon,B,201005,66,0.5949229541551948,0.8570504122742929,0.5437110635699252,0.8556309362279513,0.5064774491174769,0.4189750547959504,0.10289661896107133,-0.1350964663886337,0.789777275797102,0.2234147696386734
coupon,B,201006,67,0.6370788228455905,0.916593503072871,0.16853979395149904,0.6911565168808366,0.253029455950182,0.3867028493894166,0.41154350678983176,-0.04150109956493066,0.7237782977753545,0.16498503872266457
coupon,B,201007,69,0.5567612935904119,0.8826452320058459,0.14816724638046905,0.7336865180854951,0.4031063714180736,0.5232736572890027,0.39324942283076775,-0.07721099570991527,0.7356463254226263,0.1753780760184391
coupon,B,201008,81,0.5406175735607807,0.9577235772357723,0.18676249781062787,0.8348915989159892,0.3709701669483424,0.6169828364950316,0.3921976610871094,-0.03686169450195312,0.7379273980223849,0.1665148355981715
coupon,B,201009,91,0.5908688002862692,0.964150342411212,0.1951123258877522,0.8250676859372512,0.3900014658483512,0.6333014811275681,0.41668894226828385,-0.030523664308453036,0.7351499120191073,0.1318822522008087
coupon,B,201010,104,0.5964872173980366,0.9239624453216687,0.18409018342449493,0.7558305771898006,0.32524503274905686,0.4853728795476369,0.4187324623525516,-0.014215746388455484,0.7568416420902031,0.16279200788547207
coupon,B,201011,106,0.6070539654309145,0.9399047786986423,0.22207606758162668,0.7858276444063783,0.26796042762204586,0.3303977630551427,0.4231951762956337,0.01903455862401771,0.7772416927795189,0.14835547585329573
coupon,B,201012,109,0.5779896141205996,0.9427949216940044,0.11053511145175648,0.7433046056899267,0.1312259562433719,0.29832267630432774,0.43449556462164113,0.028632677325196455,0.7859221875720354,0.12353325384527061
coupon,B,201101,109,0.578126743769073,0.9556760263182282,0.09165197764441603,0.7729496802891299,0.45201774067821615,0.5983412102678158,0.4355801065268825,0.02396688704750974,0.7536474890596748,0.16383204961919678
coupon,B,201102,106,0.5371099139043342,0.9568229337229512,-0.024795274165744487,0.7059525908758849,0.19145360564910618,0.44231554021714486,0.4247866945388634,0.041788732857158846,0.790333005523274,0.1688144142863764
coupon,B,201103,107,0.6269167514757876,0.9260271557044614,0.11571094842886313,0.7412566860635984,0.48305141687453285,0.4468053841180274,0.43771706800361204,0.03375218773046416,0.8321531545376091,0.11973759557403231
coupon,B,201104,107,0.666820458037164,0.932130331707126,0.11473560909511701,0.7027959011736123,0.5103543422246783,0.5510981798232724,0.45044358079575153,0.04693983127054412,0.8001906094160584,0.12453985055691223
coupon,B,201105,104,0.7154725679357107,0.9556385362210607,0.278158958927126,0.8102421849994667,0.5619659780892564,0.577595220313667,0.422155502773725,0.05272553286301825,0.7917376814092764,0.15120357006018245
coupon,B,201106,107,0.7080615791359318,0.9681028233311781,0.2634122209393589,0.7872607221928329,0.45618347725551395,0.5863555320441232,0.4257173718191263,0.07516181335831411,0.8061778212276253,0.1513476511896104
coupon,B,201107,106,0.6978674130374424,0.9640375847041338,0.17605284679483582,0.7466307277628033,0.3739313852320781,0.530735320049374,0.4376947024789226,0.0783353259663874,0.8269647470307453,0.16402645668667817
coupon,B,201108,110,0.6853427245350229,0.859883236030025,0.21868253137253474,0.6672271938326985,0.304325557028386,0.17836034533282238,0.44662692291068395,0.04515531451234924,0.8444850646321362,0.16094467985261995
coupon,B,201109,116,0.6046909574672971,0.8853035020951063,0.16616621397190512,0.6534501979779341,0.12175620976536297,0.27641563833467886,0.4451938303261659,0.041224607596141855,0.8654089503878787,0.17763713294333688
coupon,B,201110,119,0.6957224634655919,0.8178179746474863,0.27268671250145077,0.6950007121492665,0.26446862008903577,-0.17752456914969378,0.4533636615491117,0.023973997351738295,0.8914127963322342,0.1404532363848088
coupon,B,201111,126,0.6068091458325084,0.8623772028496438,0.14670121115609358,0.6370753655793027,-0.03897581243944104,0.0007049118860142483,0.4634602104640633,0.001978838602144148,0.8962989175750986,0.15163071680370407
coupon,B,201112,124,0.6280984696967576,0.9301022816679778,0.1958569013091235,0.7938568056648307,0.2434721436043245,0.17642800944138473,0.47096963930086216,-0.019495878939092777,0.8838070959536403,0.14068464562284072
coupon,B,201201,125,0.6152547601813216,0.9343840245775727,0.19555686060278724,0.7805345622119815,0.2258260787507453,0.10247619047619046,0.47998801745556546,-0.029060029111821584,0.8899026280721855,0.141718079663332
coupon,B,201202,127,0.609710557676597,0.9574486782902136,0.19674626617619065,0.8271700412448443,0.2965295040746142,0.21536370453693288,0.4908493328641577,-0.03711469138828624,0.9005306432596948,0.11588507560878829
coupon,B,201203,133,0.5760215927385093,0.9498729864008733,0.21464106847430664,0.8181359096520132,0.11588320706392265,0.22738494812336127,0.4799482194894545,-0.04254389986351172,0.8998165811524735,0.11812577992942852
coupon,B,201204,135,0.5337241201827032,0.9309628328943519,0.1666498293142183,0.8021900302409521,0.13082026244405778,0.2686420836991514,0.4767002826999199,-0.0383340195850741,0.9186564362470344,0.14854136978348897
coupon,B,201205,132,0.5014647010079492,0.9364163357735071,0.08252317591281513,0.7618873693602498,-0.12164923846913785,0.011056440546195465,0.49409429932081006,-0.03511226978845897,0.9444157588083641,0.1455786032933336
coupon,B,201206,136,0.5350944507086697,0.9595963933018462,0.1443399800475974,0.8492104384332807,0.27581769804676176,0.15254520299604024,0.5043628152310462,-0.031061965807203166,0.9418856407792946,0.14696527583247038
coupon,B,201207,141,0.49871436875058694,0.9609957618048717,0.14338825301803215,0.8616850036388544,0.14177957990753706,0.1168757224196241,0.5116380975462075,-0.02398742448509773,0.9515982907472147,0.1374459470974735
coupon,B,201208,136,0.5029896246046953,0.9582224130528122,0.14453049821931815,0.8821191737035445,0.14908542191860888,-0.17341252802824292,0.5146548864464728,-0.01975414666713727,0.9536676386214582,0.12587453577462115
coupon,B,201209,155,0.48218306992576193,0.9658116077470916,0.07386066873432737,0.8181270342560666,-0.011927729743872732,-0.06367503464277659,0.5251689869097587,0.005429465821889101,0.9564020216103414,0.10244323768228503
coupon,B,201210,162,0.5054675449876637,0.9653297316674216,0.07914064106045535,0.807641120524556,0.19808248777173124,0.10867518816305158,0.530092332620647,0.015215156982479031,0.9569688229620464,0.10869210664570444
coupon,B,201211,164,0.45421682637048627,0.9443200522356588,0.07335148973192936,0.788029328146042,0.14482056662499398,0.41477833852515883,0.5368487007718836,0.04880091618458779,0.9185169612951466,0.12232414114834343
coupon,B,201212,167,0.5056993100829636,0.9802683789048409,0.11411211672045402,0.852507549445,0.266618673327478,0.26051511434961405,0.5394923860079783,0.06031025704285926,0.8945638763684889,0.14599757779720732
coupon,B,201301,166,0.5293784332694506,0.9701425189052345,0.12967262715684452,0.805961789455044,0.13202992946031525,0.2377383240091559,0.5467626162576108,0.06648179948078817,0.8937767416794334,0.14965145763073068
coupon,B,201302,162,0.5931178644017635,0.9788754955466079,0.13605794814134514,0.7894634336352127,0.18723043522799104,0.31277899856187397,0.5515277917161265,0.06657732467677197,0.8854870462293498,0.15405679913803622
coupon,B,201303,158,0.6170009435449573,0.9735061054918241,0.11790844968530635,0.7536019131098837,0.18046264204029813,0.2450883003047041,0.5605321906437025,0.05385655000947859,0.8918451426293039,0.1544462201653182
coupon,B,201304,167,0.6501976494471394,0.9661331381986458,0.23371986632195554,0.7906793985179383,0.39240894484483285,0.4952384387850805,0.5641376600410021,0.04782352410481369,0.9016858284485265,0.16944339058480648
coupon,B,201305,158,0.6517939568548706,0.9741754505528942,0.29224710838961554,0.8323990391855897,0.2939685278894809,0.29636013198267613,0.5622810881306658,0.05001647984019068,0.9009250280996398,0.15150889772798837
coupon,B,201306,158,0.6077107023770549,0.9547005517533038,0.12311503948018082,0.726642519536509,-0.072594753273174,-0.17086401798712728,0.5525386248323999,0.05717598504714302,0.901336794609523,0.1258779131111962
coupon,B,201307,166,0.6044930793774081,0.9590689376996282,0.12910640073882096,0.752661161794702,0.3242155075202893,0.4395498160305894,0.5478780822857343,0.05809899133522146,0.9046547381530249,0.13126240495771632
coupon,B,201308,166,0.5767607653839568,0.9614352893337094,-0.04783296823020335,0.6500764079726638,-0.10264638965444893,-0.11476674252808731,0.5426269848244422,0.054442682911591794,0.9072831309544805,0.1311618508987722
coupon,B,201309,180,0.5739107265604072,0.8963877485930636,-0.014247905200628616,0.5819685792771382,0.06933026759476583,0.1935635873535191,0.534130132617891,0.02847728982254485,0.9073835104726822,0.13212506716455066
coupon,B,201310,171,0.5858964731652692,0.9603259173926608,0.13182409526388317,0.8166342669258647,0.49965249502740794,0.4992728058175535,0.5220620814683163,0.023668307986856655,0.9082699438428274,0.13182741918887061
coupon,B,201311,175,0.578143330443323,0.974023734885804,0.17474766461005534,0.7994379758172862,0.2236748601533812,0.40051948051948055,0.5087196245440466,0.022999229128041178,0.929496169482474,0.15848495922762135
coupon,B,201312,174,0.595434312925625,0.9367954668413109,0.1751616559771524,0.7684239300663458,0.2224611601208156,0.17097867251345422,0.49674674800846025,0.015558674567745933,0.9609690391943098,0.13199177633278875
coupon,B,201401,178,0.5899893654252578,0.973276158771789,0.1937988167447356,0.8053548753975511,0.07261344760271846,0.26805748093738996,0.48606750519069963,0.017193375270724436,0.956578637228257,0.1372564584338516
coupon,B,201402,176,0.6101043479984902,0.979817279129737,0.2984808470504686,0.8784634365655256,0.475969992857557,0.3264465402229146,0.4856382434886841,0.025097856415416193,0.9568949413190567,0.13509989267010158
coupon,B,201403,170,0.5739046543275496,0.9851167158951257,0.1860766117543038,0.8129022251344785,0.10295131221162954,0.2363714415346228,0.491701950670657,0.029459794296400794,0.9601614387032953,0.12406835285570997
coupon,B,201404,173,0.5885328016940276,0.989880916511767,0.21934499069293156,0.8470433085648331,0.2967414981590076,0.4033819896074279,0.49679663674941643,0.03525190617683401,0.956041930944629,0.11848448725729499
coupon,B,201405,169,0.6004538792792248,0.9787429764805331,0.24570309536988494,0.8445676495450253,0.29872434339291276,0.4606856943961017,0.5093645735317814,0.04676520034659809,0.9606184472222989,0.11808110106804669
coupon,B,201406,167,0.6049039208437159,0.9740819565687902,0.20007738707683917,0.8040622713265382,0.2654265896353019,0.28096560751131133,0.5252419908071894,0.06161108093533728,0.9604266677423072,0.11824043260138478
coupon,B,201407,185,0.5828618689862229,0.9463534361851333,0.0903056545861399,0.6670274060877147,0.00926428212463828,-0.1355274629468178,0.5251868911300378,0.06183926836684305,0.9565191957900013,0.10500055085268017
coupon,B,201408,188,0.6128487760917108,0.9676489551333105,0.10253527887385179,0.7161729940203031,0.11659880899407767,0.16744415367694462,0.5294179863461679,0.08359804916995923,0.9586270348415773,0.10611473538599311
coupon,B,201409,194,0.6000343421171023,0.9583688241378545,0.06496752407872494,0.7052921668764867,-0.07242933566143173,-0.19864898735685552,0.5265480888960601,0.08682383754696445,0.9565994383294117,0.10287509088873581
coupon,B,201410,191,0.5692885024030173,0.9649546039520236,0.16687860777850455,0.81080997296524,0.367486402934498,0.5388031046789838,0.5282139405838095,0.08700293552956286,0.955653695089159,0.10297530084210375
coupon,B,201411,187,0.5725413108528806,0.9727959069070943,0.16822252876899557,0.8233110302834555,0.09995030318883585,0.15108511739380973,0.534299183691954,0.09305300130787578,0.9601830189658743,0.08024511627012396
coupon,B,201412,185,0.5686538291302023,0.9724782987756342,0.19020216757422936,0.8367347712368751,0.2839542090178224,0.43111519654296654,0.5435728812257503,0.1095447016409989,0.9515280694177013,0.08624309876847618
coupon,B,201501,174,0.5515821175316202,0.9720242603718784,0.209087407887391,0.8661738659984622,0.12982378638477196,0.07502149833423502,0.5501369731618855,0.12066902981279515,0.9576324878452392,0.08264541581428399
coupon,B,201502,180,0.541686538286394,0.9624185931664558,0.16929068431453748,0.8305667870407522,-0.042666272372077915,-0.17244770929143902,0.5463397523596364,0.14289291284958347,0.9673379064868227,0.06535987280963843
coupon,B,201503,176,0.5241100421832998,0.9595641646489105,0.10787193505262777,0.808364516839093,0.04798028423299956,-0.10899625797930883,0.5455103452749992,0.15925978543735436,0.9700888854345405,0.08638885794613153
coupon,B,201504,164,0.5606830081772458,0.9595200848829457,0.145964203273905,0.8080910859303796,0.022949173393786527,-0.007715642131323711,0.5432186900604901,0.1741557246383253,0.9863472739675548,0.07202350615077069
coupon,B,201505,157,0.530826207875784,0.9109551659338002,0.07859011211706796,0.7151991763779235,-0.008491530951437403,-0.16391505777138285,0.5331561657827151,0.1860809291832566,0.9883549692524632,0.07839525207050493
coupon,B,201506,149,0.5586220001618711,0.9728314892073282,0.11039612432224913,0.7965935062579358,0.03323957312871864,-0.07685107926718665,0.5252172033447376,0.191043206903392,0.9954977370176242,0.08005826974695832
coupon,B,201507,150,0.5016609254893727,0.9560904929107961,0.09372954775737194,0.8093568603049025,0.07567123497939104,0.28873638828392373,0.5234106252601707,0.21179246509844102,1.00082875750686,0.10562508519613735
coupon,B,201508,151,0.4534545914285015,0.9614081561519692,0.11310543618402792,0.8338689438828859,0.07288373407869572,0.15883234576507493,0.5167724272340077,0.228868426840278,0.992499672963337,0.09623404956196281
coupon,B,201509,157,0.4410807524288938,0.9208070007876505,0.12359269494605704,0.8210637624892241,0.014984036933896376,-0.012912508760287522,0.5202177298935236,0.23916308353661045,0.998078147820624,0.09824964963766938
coupon,B,201510,154,0.3487972675878886,0.8920821114369502,0.06344370025825223,0.7977541749837765,-0.04067199054817963,-0.12993748819175766,0.5202762595368017,0.25169960064135266,0.9968380046409324,0.09296371147103044
coupon,B,201511,148,0.2789550489608551,0.9706889467196276,0.0648646921220369,0.9036303801404473,-0.21721620982850243,0.26773081806638854,0.5208583745453286,0.2532316693029567,1.0025525072040373,0.08585998579877142
coupon,B,201512,150,0.3496696999053908,0.9557242544113072,0.16521326455019042,0.9271256500288902,0.3172186516915778,0.22244010844926443,0.5196674290846965,0.24962371793226754,1.0037734703341534,0.07636533926086098
coupon,B,201601,147,0.2735281412926914,0.9511783239767584,0.1353892627847302,0.9035580170609525,-0.06595484702828498,0.214308381627364,0.5228784963674258,0.23551950214525066,1.0246749840922023,0.09139943704490279
coupon,B,201602,160,0.27660229194416586,0.9589681237548341,0.1634688682289411,0.9530938708543303,0.22798521103681332,0.18345247861244582,0.5283656433127732,0.22426726909529787,1.0156538205679815,0.1250068442433846
coupon,B,201603,161,0.25375599516564956,0.9611341154819417,0.06798230664584833,0.9351363008971707,-0.11332255447614704,-0.7719490453186107,0.5193774702522312,0.2184373154017256,0.990149714005083,0.12371898748719465
coupon,B,201604,160,0.37828256304475455,0.9342112973163014,0.10409358638993446,0.9151910230868393,0.0763771402096386,-0.5445827962029767,0.5111813270395703,0.21087399755439126,0.9773040033382167,0.14140829710918576
coupon,B,201605,160,0.3478841394129581,0.9423473573186452,0.12311373211181093,0.8986142036798312,-0.10042477526350213,0.040106058830423064,0.5064329189121047,0.20685130504548888,0.9716619897678308,0.14893922483865843
coupon,B,201606,160,0.4117547727952552,0.9826379936716279,0.20051053549047368,0.9447322161021915,0.16905580357534833,0.16989042540724247,0.49825884047870567,0.20803870195714508,0.9631845337371879,0.15894035345278523
coupon,B,201607,166,0.4326126025980616,0.9687783250585359,0.22377174931167004,0.9393878180112941,0.22519630279280148,0.11819821474247563,0.49669699199638895,0.18491656301392845,0.9605190783920617,0.13289666497741073
coupon,B,201608,161,0.5223539481746493,0.9463681849551416,0.24962054721975713,0.8760812054290317,-0.17934371438523136,-0.45643547273982066,0.4959504939975296,0.1597894671462764,0.9747409948284164,0.1444441079546402
coupon,B,201609,152,0.5635366514995686,0.9599197643504944,0.3037816766021365,0.9082039926462045,0.0700305869687067,0.05216000656100711,0.49008076811044704,0.1374403079424857,0.9786740145906793,0.14315080631913732
coupon,B,201610,147,0.5447364889964406,0.9664258891264762,0.24978882183367782,0.8644417411540701,-0.0908584245817253,-0.2826957513845968,0.48877928851061464,0.12642407456335658,0.9880119572874676,0.16000187921603565
coupon,B,201611,147,0.568164268071154,0.9210269816923436,0.2965912727636286,0.8532100733666291,0.10361608964401048,-0.09679710462489328,0.4755933076297516,0.11565970156832286,0.9605759247136835,0.17306450051806846
coupon,B,201612,149,0.5295470584781597,0.9522909486667878,0.2796141361593181,0.8919934699800472,-0.011081664278076303,-0.1333901686921821,0.45281525992912014,0.10245224382576912,0.9729603719133504,0.20296252795753084
coupon,B,201701,166,0.5301939394649635,0.9460566271618867,0.24863727086858162,0.8727049734047787,0.01533219636596632,-0.12061703537066067,0.43913293559833777,0.1011317248124001,0.9600931744160527,0.18777804592276576
coupon,B,201702,151,0.5599038917944337,0.9496444754269778,0.33124249657216426,0.9085360752875565,0.017819334245203218,-0.09035901010805157,0.41797072543301744,0.1044514044246994,0.9785303200738241,0.1771063998595794
coupon,B,201703,153,0.5493391690689465,0.9776245426400224,0.30528941547286353,0.9180102663074798,-0.00924657015768688,-0.08301502419149477,0.40949260940748655,0.08258064094650276,0.9776094790995308,0.15188686992831263
coupon,B,201704,154,0.511699392659141,0.9728036669213141,0.3120704680896585,0.9239770981706467,0.11421604477740892,0.33542636996147435,0.38949701229915806,0.0591729491721773,0.9299531862976017,0.10936281932541277
coupon,B,201705,159,0.4867385586114973,0.9827949605923096,0.2933700537972176,0.9445217339383808,0.14097763308272587,0.49688918079770716,0.3750458106507938,0.03936745999519883,0.909833191241714,0.09564262172887791
coupon,B,201706,161,0.457996911221628,0.9688980906372212,0.26683731335402766,0.9251869105129976,0.15183182594111316,0.486829997699563,0.36786574815706585,0.01815197702700242,0.9167928816703336,0.09731795021496965
coupon,B,201707,161,0.5183269992125616,0.9806015642972166,0.3360930385441005,0.9540113871635613,0.19819672125964483,0.14694904531861055,0.36395860118783574,0.01316982711872249,0.9199796962134262,0.10414189467412864
coupon,B,201708,162,0.47706366203159734,0.9710116701314354,0.31064390425762944,0.9409168723652588,0.22985758664418127,0.5375839200859206,0.37021584879616026,0.00490096101292943,0.9157281690712262,0.11409616081956228
coupon,B,201709,162,0.4827722270894046,0.9769871613029788,0.2775445835790176,0.9452580652900737,0.1802272416299758,0.06669715098629476,0.3792382597534657,-0.0006290887863364457,0.9037535186394619,0.11153310508365638
coupon,B,201710,163,0.4686336620110342,0.9568806424260562,0.2546742992508694,0.9068421256809706,0.1492950346808651,0.23197610299211374,0.39058327723157105,-0.01050947255893265,0.901558005460962,0.11543242150601639
coupon,B,201711,178,0.4888609341446602,0.97831538339598,0.25560456209438526,0.9322033898305085,0.27975006238645667,0.3800318960261892,0.40972745920778614,0.0002676428930070911,0.9081725840144413,0.10997617273285631
coupon,B,201712,176,0.4163928607243032,0.9637882456526524,0.13603965282450098,0.8830728593440459,0.027378453806602216,0.16269205370900286,0.44874872214969724,-0.01628981205277522,0.8951699600021276,0.11212326598979092
coupon,B,201801,166,0.48146552529620545,0.9665300286611882,0.10929524646665062,0.8754779597431643,0.2457058611475133,-0.004867810927979748,0.46351711754218394,-0.02295345765223817,0.8867305730715626,0.11238937447531398
coupon,B,201802,168,0.4193237760966286,0.942207723184232,0.050868964539539825,0.8049032956909512,0.11567565548050794,0.4377787113853443,0.4873907576197843,-0.03296174629094541,0.8756627049312767,0.13559447030964214
coupon,B,201803,163,0.38841942339623564,0.939811351078746,0.020852695343195626,0.8178268797002898,0.19719827899120068,0.5585122006639289,0.512972269527695,-0.021812201888713294,0.8705370819503594,0.14881213943752156
coupon,B,201804,156,0.402503128239889,0.93503500813959,-0.06197649845539301,0.7712822620157734,0.06328649617629939,-0.05157813216165383,0.5537915168042428,-0.008580260907119856,0.9079356691107283,0.2031986452695629
coupon,B,201805,159,0.425104911099469,0.9453427274898496,-0.09891859679849577,0.7559230952949606,0.06239043943692435,0.12135777406257464,0.5861398209632138,0.02900830215036223,0.9360597093617865,0.22057259366763135
coupon,B,201806,155,0.43799913906021215,0.9806612742096613,-0.08022508176577081,0.7853694692404369,0.20513865352716762,0.3292062775933744,0.6077099196312826,0.0470071848089764,0.9359331675317136,0.2139501096065851
coupon,B,201807,142,0.4483477899566816,0.9790901337200408,-0.0895978243585189,0.7563156052817426,0.09615243262034374,0.34958119495128787,0.621309855997033,0.06662315113631423,0.9397702594222878,0.21203923008878212
coupon,B,201808,140,0.40907244884605265,0.9544204150357527,-0.11898351581939225,0.7302617480483699,0.058591180045188616,0.1850211016597057,0.6388208494630551,0.09142899171885101,0.9337954914817291,0.20667679957624865
coupon,B,201809,140,0.41298022022354447,0.9863068815464348,-0.14199361785905473,0.7786578032406903,0.09603178277050024,-0.10424001224552275,0.6504007095178468,0.10671454754233525,0.9620441727084585,0.21060843299610624
coupon,B,201810,125,0.26236151690127285,0.9570138248847926,-0.19645668273927405,0.7867956989247311,0.008936978444926197,0.25219662058371733,0.6502488559361596,0.1151667925567596,0.9590088016474125,0.21263243290189232
coupon,B,201811,123,0.18892391193911987,0.9494008848073675,-0.2207587466185352,0.8297971134126995,0.05733368837173829,0.2624240626330114,0.6493174825816143,0.12705063396041216,0.9641334020768569,0.2133145382483843
coupon,B,201812,122,0.1389173971746087,0.9297272826406627,-0.17424463011564784,0.8335673994864865,0.030183614287170615,0.388462796699502,0.6430264016857021,0.1406976209983051,0.9687971826692771,0.2085082918643372
coupon,B,201901,123,0.22144910130288703,0.8757206794701474,-0.1098062439287961,0.8295842953141325,0.09412563212344933,-0.4256168500341799,0.6330509511626293,0.14857076932023772,0.9689551576178844,0.20113799254303172
coupon,B,201902,119,0.23539386275607793,0.9803090727816552,-0.11080818087033668,0.8780088306509044,-0.09148046793229693,0.12287423443953854,0.6298184363204352,0.14886765680338063,0.9560971993388017,0.18442667696023027
coupon,B,201903,112,0.1995499216508545,0.9784227970068677,-0.1612661941537274,0.8664707691256364,-0.09070528713640938,0.15370553866129086,0.614968918570722,0.12255268678730459,0.9623286925550227,0.1934202033173797
coupon,B,201904,108,0.27309421009949475,0.9700858365009954,-0.131861770364453,0.864471691102918,0.0930390633181613,-0.38455895662446293,0.5999749843597839,0.09780978525830047,0.9671988016784561,0.19260568911873896
coupon,B,201905,108,0.26217806540787997,0.9667419284155973,-0.07383161701520269,0.8489430011336896,0.09202961795371278,0.406232434955748,0.5881724838275314,0.07471366709646649,0.9565524314753253,0.19754293286712518
coupon,B,201906,110,0.2943913067838514,0.962365033924667,-0.03661781022518032,0.8800081148705002,-0.05840886011636368,-0.08438112841782566,0.5800271365380099,0.052776973994992184,0.9544405155759305,0.20397098765855262
coupon,B,201907,107,0.3675019304877611,0.977860067791297,0.00204500126789341,0.8759673974803582,0.21901620293553886,0.05161739062285703,0.5750347998186461,0.042534976479345524,0.9509124306051854,0.20621818057801736
coupon,B,201908,102,0.3532609242515635,0.952694641251675,0.016465767486633007,0.8336113451436521,0.04236481166952826,0.443418470916195,0.5612313715926252,0.030234857336918188,0.9624288529028425,0.2021334391681311
coupon,B,201909,98,0.4408187576153485,0.9343827502884939,0.1081054764456848,0.8387366192962658,-0.10164979796449242,-0.42581718723103107,0.5423837150724085,0.021836939677555917,0.9531464142159892,0.22046309917157564
coupon,B,201910,93,0.4387320236537916,0.9737847274029422,0.13309738780383315,0.9040165915669481,0.17258954564447654,0.40391214824982835,0.5262031960002104,0.01629439640093112,0.9528602161726999,0.21117963919151508
coupon,B,201911,90,0.414702051931701,0.9773963863851505,0.1549382790533201,0.9219492118368523,0.014714808625175654,0.07400913693048525,0.5073097325957847,0.011152770487992545,0.9531309473181184,0.20612065321367026
coupon,B,201912,87,0.3839285231134575,0.971914412772472,0.11640973476388025,0.9283370999489682,-0.19343820684597743,-0.3533571480644455,0.4805566366546215,0.007052738325048701,0.9613464071672428,0.1930850737001639
coupon,B,202001,85,0.38314745917058757,0.974047293335939,0.1406573675751535,0.9405901895641979,0.033265682743386225,-0.12904045339065856,0.46447654300578495,-0.0014654705315738912,0.9844535380141942,0.1945551450662297
coupon,B,202002,81,0.3537349015023718,0.949096657633243,0.08614023456047332,0.8973577235772358,0.1903003500999137,-0.08437217705510389,0.44813624472053176,-0.02827351637691304,0.9867241474493866,0.17251107899694726
coupon,B,202003,68,0.10110624494959246,0.6931709737756231,-0.06911858462420134,0.6273237393594686,-0.08651773040788689,0.2715959842730083,0.4383571639253188,-0.03630078900000978,0.9854087416666497,0.16602326284896743
coupon,B,202004,78,0.11071589980149321,0.7747315975164076,-0.10608216402935525,0.7458996699503029,0.15082430123901527,-0.379127201912012,0.4258105530728838,-0.04053711583540477,0.9838925243018277,0.1592848024014788
coupon,B,202005,79,0.04660178915304466,0.8501703992210321,-0.1559405057537551,0.8342745861733204,-0.2294748142656462,-0.35516066212268743,0.4157536755382204,-0.07206145174714865,0.9915766690616801,0.10046279592798121
coupon,B,202006,78,0.05727605853049273,0.9296652714374234,-0.1568728306601247,0.8823707937631988,0.1361556889939991,-0.3354746519303481,0.4053203425827148,-0.07430814723791819,1.0050210610221106,0.09579622008783133
coupon,B,202007,76,0.07636710519282884,0.9289131920710868,-0.16394694956689235,0.9234449760765552,0.00679062104260364,-0.3294326725905673,0.3903926897614008,-0.08140135124058535,0.9977730071748708,0.10133196737837528
coupon,B,202008,73,0.07770946787062755,0.9608786869060844,-0.15534167438922625,0.9023509811181045,0.19948881093851695,-0.22510181414291006,0.3822646296972932,-0.08741762256887438,0.9915128349790686,0.10088017677987025
coupon,B,202009,59,0.022670417114400883,0.9292226767971947,-0.18417517159606295,0.879076563413209,-0.0422653900466156,-0.013033313851548803,0.38274754181891,-0.0764749092751995,1.0017263825086578,0.08882155898632446
duration,AAA,200307,24,0.7478260869565216,0.9017391304347826,0.09739130434782609,0.5321739130434783,0.6765217391304347,0.5339130434782609,0.07536495832642928,-0.0094039882116378,0.5619145090323258,-0.6765181396134833
duration,AAA,200308,24,0.5434782608695652,0.7556521739130433,-0.19826086956521738,0.18869565217391301,0.07565217391304348,0.1060869565217391,0.07536495832642928,-0.0094039882116378,0.5619145090323258,-0.6765181396134833
duration,AAA,200309,26,0.5644444444444444,0.8119658119658119,-0.06324786324786325,0.47350427350427343,0.4516239316239316,0.4871794871794871,0.07788447554007752,0.006562238658619687,0.5641940416628832,-0.45711221100839444
duration,AAA,200310,26,0.44820512820512814,0.8543589743589743,-0.21641025641025638,0.45094017094017086,0.21162393162393162,0.4646153846153846,0.07944718525960252,0.032722370015288306,0.6134525650159018,-0.2614894858340788
duration,AAA,200311,25,0.28384615384615386,0.6900000000000001,-0.43153846153846154,0.22153846153846157,-0.04923076923076923,0.16307692307692304,0.07944718525960252,0.032722370015288306,0.6134525650159018,-0.2614894858340788
duration,AAA,200312,25,0.20076923076923076,0.763076923076923,-0.45230769230769236,0.4053846153846154,0.08538461538461539,0.07153846153846154,0.07944718525960252,0.032722370015288306,0.6134525650159018,-0.2614894858340788
duration,AAA,200401,27,0.5256410256410257,0.6776556776556776,-0.2814407814407815,0.3339438339438339,0.4975579975579975,-0.006105006105006104,0.07851955847554212,0.03602259794213188,0.6455131117523811,-0.20002271683129244
duration,AAA,200402,28,0.5769020251778874,0.7706622879036672,-0.09578544061302681,0.34537493158182814,0.4608648056923919,0.539135194307608,0.0765766495882415,0.05468659652282201,0.6567904269143993,-0.1144578899195303
duration,AAA,200403,29,0.13103448275862067,0.569950738916256,-0.4147783251231526,0.3290640394088669,0.06600985221674875,0.13497536945812805,0.0765766495882415,0.05468659652282201,0.6567904269143993,-0.1144578899195303
duration,AAA,200404,27,0.43345543345543347,0.8888888888888888,-0.24114774114774112,0.6330891330891331,0.5372405372405372,0.6196581196581197,0.0765766495882415,0.05468659652282201,0.6567904269143993,-0.1144578899195303
duration,AAA,200405,31,0.4693548387096774,0.8911290322580647,-0.1625,0.6431451612903226,0.25725806451612904,0.31370967741935485,0.07640403681916899,0.05306464353006251,0.6828105489486707,-0.1797611685883442
duration,AAA,200406,33,0.6099598930481284,0.6925133689839572,-0.25300802139037437,0.3225267379679144,0.4829545454545455,0.08422459893048129,0.07495547946685717,0.0679036012906341,0.6951819534986562,-0.11769816993344309
duration,AAA,200407,34,0.5700534759358289,0.841405653170359,-0.26875477463712755,0.3671504965622613,0.3964858670741024,0.4004583651642475,0.07495547946685717,0.0679036012906341,0.6951819534986562,-0.11769816993344309
duration,AAA,200408,34,0.4844919786096256,0.8178762414056532,-0.36226126814362103,0.32528647822765466,0.2375859434682964,0.40718105423987777,0.074693812193805,0.08023925082479726,0.711354507463001,-0.1130016977592025
duration,AAA,200409,33,0.6039438502673797,0.8422459893048129,-0.25501336898395727,0.41209893048128343,0.36564171122994654,0.45922459893048134,0.07032666476241096,0.07043686923992198,0.6931240697331417,-0.11958080702522583
duration,AAA,200410,33,0.5284090909090909,0.7523395721925135,-0.27840909090909094,0.17245989304812834,0.1771390374331551,0.1821524064171123,0.06762288761606582,0.06939155127156188,0.6911771123436593,-0.007538303884768432
duration,AAA,200411,34,0.22505729564553092,0.7448433919022154,-0.6070282658517953,0.09457601222307105,-0.36684491978609624,-0.23116883116883116,0.06718314990632439,0.0757095529922697,0.7164281211185891,-0.07468991667884213
duration,AAA,200412,34,0.2828113063407181,0.8389610389610389,-0.5239113827349121,0.45760122230710465,0.2904507257448434,0.1602750190985485,0.0638219681067414,0.08240058380202019,0.7653943865589291,-0.20239832255947562
duration,AAA,200501,36,0.5253539253539253,0.7091377091377092,-0.35933075933075936,0.4012870012870014,0.4494208494208495,0.051480051480051484,0.060118986795246715,0.08921710177647803,0.7571785526483837,-0.3025275814861475
duration,AAA,200502,36,0.36190476190476195,0.8872586872586873,-0.48262548262548266,0.31480051480051485,0.02084942084942085,0.31119691119691123,0.05721727029408454,0.08271150153669277,0.7156772720850222,-0.18779882515098642
duration,AAA,200503,35,0.5352941176470588,0.8089635854341737,-0.08431372549019608,0.6170868347338937,0.6210084033613446,0.28235294117647064,0.054963999859435196,0.0790607266098937,0.7013722857700617,0.028190120758389402
duration,AAA,200504,38,0.28175949228580804,0.7155049786628734,-0.04716052084473137,0.5684429368639895,0.18218623481781376,0.3741109530583214,0.04181861406596972,0.009223931844536577,0.5964033529024783,0.16771027577580783
duration,AAA,200505,38,0.4253200568990043,0.8400262610788926,0.07210854579275632,0.6143998249261406,0.27935222672064774,0.4601159864317759,0.04014513346193122,-0.002448421600402171,0.580902499206281,0.16398984567819974
duration,AAA,200506,38,0.5237991027464711,0.823394244446876,0.26381442170915853,0.763431447641974,0.409782251887515,0.35310208994419523,0.0376443218396924,-0.006719971781981258,0.5601663541578539,0.2778400227903619
duration,AAA,200507,43,0.5646330413772275,0.8415886439142253,0.2778616732105105,0.7308970099667774,0.3633343400785261,0.39610389610389607,0.036136315592044596,-0.0232888379523307,0.5340276749099978,0.45347442848529
duration,AAA,200508,43,0.509211718514044,0.9080338266384779,0.27408637873754155,0.8166717003926307,0.40712775596496525,0.7544548474781033,0.03413890123779584,0.0029838144266592674,0.5173678408095407,0.3585195080203208
duration,AAA,200509,43,0.6837813349441257,0.7192691029900332,0.4119601328903655,0.6633947447900936,0.4389912413168227,0.09317426759287224,0.033547862563214036,0.024961115703516792,0.5275210118143911,0.4073691865263497
duration,AAA,200510,43,0.6499546964663243,0.8686197523406824,0.35276351555421326,0.6940501359106009,0.37269707037148897,0.4424645122319541,0.03188155328146139,0.04057502309529065,0.5183700700857028,0.49592594936118767
duration,AAA,200511,45,0.67364953886693,0.9227931488801053,0.42081686429512516,0.8148880105401843,0.5530961791831356,0.5768115942028985,0.030753702682561508,0.0327670236101926,0.5002860239714422,0.5421951815501894
duration,AAA,200512,45,0.6187088274044795,0.7550724637681159,0.3102766798418972,0.5757575757575758,0.42463768115942024,0.3595520421607378,0.029758292829119893,0.043005378529099324,0.4779811004369841,0.6573422711887663
duration,AAA,200601,46,0.6651248843663274,0.7350601295097132,0.4440949737897009,0.6270120259019426,0.5410422448350293,0.41362935553499847,0.031582964301191056,0.04359502855659247,0.5028396843148175,0.7282037916857363
duration,AAA,200602,48,0.43497611810681713,0.708315240990013,0.17303517151541467,0.5552540165002171,0.1466565349544073,0.28126356925749024,0.031034499498960342,0.055347948659980856,0.5759164784506247,0.3867896445890906
duration,AAA,200603,46,0.7101449275362318,0.6980573543015726,0.5964230650632131,0.6921369102682701,0.6203515263644772,0.3610854147394388,0.028296982212626897,0.07195041152383881,0.5610474247500855,0.10723557188615528
duration,AAA,200604,46,0.8003083564600677,0.7350601295097132,0.41116250385445574,0.5597903176071538,0.4622263336416898,0.11378353376503236,0.03904595101746117,0.03695716929129328,0.7215284274676688,0.6035604605888538
duration,AAA,200605,47,0.7606382978723405,0.7284921369102684,0.5978260869565217,0.6376040703052729,0.5368871415356152,0.39500462534690106,0.02786974149562662,0.06997651216227681,0.6345968194216242,0.23474248913617315
duration,AAA,200606,47,0.7724329324699353,0.8149861239592969,0.6857076780758558,0.762604070305273,0.5979417206290472,0.5483348751156337,0.02665310256075925,0.07358820684481818,0.629379700585003,0.21938752297972525
duration,AAA,200607,48,0.689969604863222,0.7308944854537559,0.5285497177594441,0.6296135475466782,0.24229266174554928,0.17553191489361702,0.02600314429073572,0.05081454838390085,0.6518512003925481,0.2630624309962614
duration,AAA,200608,48,0.7430525401650021,0.8024316109422492,0.5343030829353018,0.6599001302648719,0.23252279635258358,0.08912288319583152,0.025978254751257795,0.039965202747356515,0.6276448873240877,0.6314858511870157
duration,AAA,200609,48,0.49587494572297003,0.6385149804602692,0.2632435953104646,0.48132870169344333,0.2079895788102475,0.13037342596613113,0.02655477412807879,0.02342297875125309,0.6557172777325457,0.7421548176340882
duration,AAA,200610,48,0.7224272687798523,0.6794398610508033,0.47145028224055574,0.6279852366478506,0.5683890577507599,0.1980026052974381,0.027435384342404615,0.017510617488037283,0.6135261967527131,0.6843716425255489
duration,AAA,200611,49,0.6172448979591836,0.7686734693877552,0.358673469387755,0.6428571428571428,0.33918367346938777,0.3183673469387755,0.02852259894700621,0.007151858397633347,0.6364252499635442,0.7037098858529812
duration,AAA,200612,50,0.4329891956782713,0.5868427370948379,0.1481392557022809,0.4138775510204082,0.09474189675870348,0.015222088835534215,0.03116910019522065,-0.01982087289628463,0.655047812934302,0.5938716721715964
duration,AAA,200701,49,0.6939795918367346,0.7308163265306121,0.5026530612244898,0.6091836734693877,0.46959183673469385,0.23734693877551016,0.032681767587229085,-0.01917863738665889,0.6357689926582878,0.6950784213609805
duration,AAA,200702,48,0.3826530612244898,0.5412505427702996,0.07739904472427268,0.32056013894919666,0.13645245332175424,0.24989144594007814,0.033220662718847105,-0.017575774495817383,0.632853040040228,0.758122668727049
duration,AAA,200703,48,0.5623100303951368,0.7269865392965696,0.2873425966131133,0.6210377768128528,0.3746200607902735,0.05036908380373426,0.0316854279909496,-0.027661537843502386,0.632170999175187,0.848334525498093
duration,AAA,200704,49,0.652142857142857,0.7442857142857142,0.21326530612244896,0.5538775510204081,0.37918367346938764,0.1057142857142857,0.0329599764007841,-0.030665734225058854,0.6312939393174586,0.7893003621791342
duration,AAA,200705,50,0.689891956782713,0.7813205282112845,0.19481392557022806,0.45891956782713084,0.41714285714285715,0.3061224489795918,0.04307686970533828,-0.04299078995601731,0.6826006842302241,1.0558434468868467
duration,AAA,200706,49,0.6464285714285714,0.6223469387755102,0.3533673469387755,0.38877551020408163,0.5379591836734693,0.39153061224489794,0.045581933753492766,-0.021975693181163374,0.6895017162541133,1.1841294965092999
duration,AAA,200707,50,0.6586794717887153,0.7210084033613444,0.23995198079231692,0.45085234093637455,0.05459783913565427,-0.040480192076830734,0.048088673803933224,0.01392544843203028,0.710492587749798,1.18581308079552
duration,AAA,200708,50,0.2138295318127251,0.7092917166866746,-0.3512605042016807,0.29968787515006,-0.4419207683073229,-0.010324129651860744,0.04906993609968675,0.012742144490352398,0.7081896345535785,0.8885246946951793
duration,AAA,200709,53,0.08740525721657796,0.7441541686824706,-0.42202870504757295,0.5796645702306079,0.01661022415739397,0.2611675536203838,0.04892284995907105,0.02508131164443974,0.6772470632722517,1.0393286936234312
duration,AAA,200710,54,0.6204307223175146,0.48130360205831896,-0.050505050505050504,0.33600152468076994,0.4999809414903754,-0.21974461597103104,0.047631828095260655,0.017634230831464513,0.7114739050737765,0.8078668644897142
duration,AAA,200711,56,-0.09446343130553657,0.3267259056732741,-0.4523581681476419,0.015105946684894053,-0.39104579630895425,-0.09589883800410116,0.04762763074998302,0.01977036082339456,0.6783484461818712,1.1390727976509163
duration,AAA,200712,55,0.2630591630591631,0.43975468975468984,-0.2620490620490621,0.46962481962481967,0.3201298701298702,-0.08167388167388169,0.04730040054042183,0.01881656402783909,0.6672126770312907,1.4067776919551371
duration,AAA,200801,54,0.5619592147894035,0.6028206594244329,0.2737945492662473,0.5711835334476842,0.5352010672765389,0.32936916333142746,0.0455171683866402,0.0116746474809148,0.6557258748695627,1.060780838780829
duration,AAA,200802,55,0.3815295815295816,0.7285714285714288,0.15988455988455993,0.6342712842712844,0.16774891774891776,0.38181818181818195,0.04558333893267631,0.004631171881387433,0.6625448665181891,1.1117859078358592
duration,AAA,200803,56,0.3610389610389611,0.8594668489405332,0.020915926179084075,0.7765550239234451,0.08550922761449078,0.16165413533834588,0.04473645239983954,-0.006013319929227639,0.6475037882780151,1.0747992090496574
duration,AAA,200804,55,0.3661616161616163,0.8134199134199136,-0.05966810966810968,0.650865800865801,0.018975468975468982,0.18881673881673885,0.04403028859698273,-0.015032699677095128,0.6417318101225485,1.1860115372097388
duration,AAA,200805,55,0.6616161616161618,0.7911255411255413,0.42135642135642143,0.7748917748917751,0.7122655122655124,0.3866522366522367,0.04298016508607114,-0.02447161048465667,0.6315385103655485,1.2473084609859393
duration,AAA,200806,56,0.6503759398496242,0.9165413533834588,0.5004101161995899,0.8808612440191388,0.5045796308954205,0.6758714969241286,0.0420829373258822,-0.04230542902302305,0.6365951616389238,1.1166525763056134
duration,AAA,200807,56,0.6112781954887218,0.7887218045112783,0.4961722488038278,0.7798359535201641,0.5855775803144224,0.6094326725905673,0.035032428733298565,-0.08947705076743107,0.5906936051197615,0.7859034994420062
duration,AAA,200808,57,0.5495203526056521,0.8317993259009594,0.3847549909255899,0.7855846512833808,0.25751879699248126,0.4519704433497538,0.035156415956619835,-0.09014631249827479,0.49320133426974594,0.8456876267228572
duration,AAA,200809,57,-0.28811252268602544,0.17260824474980554,-0.3408089188488463,0.1965906144672025,-0.46175784288306976,0.00388903292714545,0.03310318912322067,-0.07836565473748859,0.496023355337582,0.7608470562105428
duration,AAA,200810,55,-0.0798701298701299,0.6635642135642137,-0.13152958152958155,0.665007215007215,-0.06948051948051949,0.46868686868686876,0.027851778578778092,-0.06892752011869907,0.5231099741710552,0.6449116273014475
duration,AAA,200811,55,-0.22770562770562777,0.8448773448773451,-0.2652236652236653,0.8440836940836942,-0.3912698412698414,0.4401875901875903,0.027017979666713647,-0.07563376601717536,0.4502429992299798,0.7307829114352908
duration,AAA,200812,55,0.2410533910533911,0.671861471861472,0.15375180375180378,0.6855699855699857,0.36197691197691206,0.3223665223665224,0.020915713742729273,-0.06487390141712975,0.44200101065461755,0.5385730072658041
duration,AAA,200901,58,0.3564243747885201,0.8632993940139655,0.30203943523332005,0.8509335876218894,0.28844320034452,0.6416377003291397,0.017490543521350137,-0.06193278275019744,0.44652841386254677,0.7604000100799246
duration,AAA,200902,56,0.25304169514695835,0.9420369104579631,0.23663704716336298,0.937799043062201,0.1027341079972659,0.7348598769651402,0.0196940333296723,-0.04958182682569661,0.4653171464634876,0.7312009386446471
duration,AAA,200903,17,0.22794117647058826,0.8995098039215688,0.056372549019607844,0.8529411764705884,0.6764705882352942,-0.019607843137254905,0.023785108208276437,-0.0405802008324713,0.544695262615725,0.7047169655791422
duration,AAA,200904,20,0.37293233082706767,0.9142857142857143,0.10375939849624059,0.8661654135338346,0.26616541353383455,0.30977443609022554,0.02334500146429594,-0.04398477506248154,0.5831179206579074,0.4307442963297909
duration,AAA,200905,19,0.487719298245614,0.719298245614035,0.26842105263157895,0.7385964912280703,0.21228070175438596,-0.1649122807017544,0.02326256454673405,-0.043347088985717944,0.6077560974219822,0.24120463433760764
duration,AAA,200906,19,0.22280701754385965,0.8578947368421052,0.09473684210526316,0.8,-0.02456140350877193,0.5456140350877193,0.027707342144182693,-0.03803693591071868,0.6399219860941473,0.3198655548340168
duration,AAA,200907,22,0.3122529644268775,0.8870694522868439,-0.040090344438170535,0.8531902879728968,0.22868435911914178,0.4342179559570865,0.03592546157161738,-0.01713445303819224,0.7138555556970055,0.3879009793757022
duration,AAA,200908,22,0.46583850931677023,0.8204404291360814,0.051383399209486175,0.769621682665161,0.4116318464144552,0.25014116318464147,0.038915736167813644,-0.009656747437245754,0.7414154918111867,0.0951236021282799
duration,AAA,200909,22,0.7199322416713722,0.6905702992659515,0.0220214568040655,0.45793337097684933,0.4116318464144552,-0.07171089779785433,0.042579129399137036,0.00611683858197363,0.7072311670870364,0.009950592526205388
duration,AAA,200910,17,0.7622549019607844,0.7720588235294118,0.3357843137254902,0.482843137254902,0.7156862745098039,0.502450980392157,0.03319551602324765,-0.020558118532180352,0.6555908278906937,-0.1469943731206683
duration,AAA,200911,18,0.564499484004128,0.8802889576883385,0.23219814241486067,0.6676986584107326,0.16202270381836945,0.479876160990712,0.025046130268035996,-0.018886199290141226,0.6858530355692335,-0.048328829719867065
duration,AAA,200912,18,0.283797729618163,0.7853457172342622,-0.013415892672858616,0.6284829721362228,-0.2776057791537668,-0.07120743034055728,0.018799886587232934,-0.0012294289678137893,0.6888450131106082,-0.14275538044331604
duration,AAA,201001,17,0.37500000000000006,0.7745098039215688,-0.04411764705882353,0.6715686274509804,0.2058823529411765,-0.05147058823529412,0.02078041050058766,-0.004258748936206843,0.6831398839959156,-0.07546540825302722
duration,AAA,201002,9,0.8166666666666667,0.9833333333333333,0.7333333333333334,0.9666666666666667,0.8333333333333333,0.7166666666666667,0.022605815956211094,-0.0017293991273684064,0.719754894063526,-0.11528039253801428
duration,AAA,201003,9,0.8666666666666667,0.9500000000000001,0.5499999999999999,0.8333333333333333,0.35,0.4666666666666666,0.023328906037461364,-0.0004521477996599458,0.7867176967120778,-0.11101458138845202
duration,AAA,201004,9,0.8166666666666667,0.9500000000000001,0.7,0.8666666666666667,0.5666666666666667,0.6666666666666667,0.021659797179296694,0.006538569095073335,0.7527253576274872,-0.19217019043760575
duration,AAA,201005,9,0.5666666666666667,0.9166666666666666,0.5,0.8833333333333333,0.15,0.4666666666666666,0.02119955330658049,0.007450221655946783,0.7511369027257685,-0.18667101567029187
duration,AAA,201006,9,0.8666666666666667,0.8166666666666667,0.6,0.7666666666666667,0.35,-0.21666666666666667,0.01733629586647648,0.007337908287319735,0.7449151429068297,-0.17081942835828334
duration,AAA,201007,9,0.7999999999999999,0.9500000000000001,0.7,0.9,0.45,0.48333333333333334,0.011189928191086353,0.006010795236419451,0.7378133903426735,-0.18207571211985246
duration,AAA,201008,9,0.8499999999999999,0.8833333333333333,0.8499999999999999,0.8833333333333333,0.8166666666666667,0.8499999999999999,0.0060246949143783765,0.008410893921395806,0.7412937839539194,-0.1434085436154822
duration,AAA,201009,10,0.8666666666666665,0.9272727272727272,0.8666666666666665,0.9272727272727272,0.8303030303030302,0.6121212121212121,0.0010875941923590951,0.0036433086511344272,0.7501704315505855,-0.1320051415426124
duration,AAA,201010,10,0.8909090909090909,0.9393939393939393,0.8909090909090909,0.9393939393939393,0.7454545454545454,0.6606060606060605,0.014531665440861775,-0.0064375333089807,0.7638258027236732,-0.07184702082498995
duration,AAA,201011,11,0.790909090909091,0.9545454545454546,0.5727272727272729,0.8454545454545455,0.21818181818181823,0.4090909090909091,0.025427585351121867,-0.003512350567284478,0.7873460060426603,-0.16185310058331473
duration,AAA,201012,11,0.8909090909090911,0.790909090909091,0.3545454545454546,0.36363636363636365,0.39090909090909093,0.05454545454545456,0.0385064576875859,0.01217689548395552,0.819261022612592,-0.21283766053642408
duration,AAA,201101,11,0.9181818181818183,0.8636363636363636,0.009090909090909092,0.21818181818181823,0.06363636363636364,-0.21818181818181823,0.03931743858835086,0.01645974203927291,0.8666471007879736,-0.4292955572853667
duration,AAA,201102,11,0.9272727272727275,0.9090909090909091,0.1272727272727273,0.16363636363636366,0.19090909090909092,0.07272727272727274,0.034768446679749744,-0.01529496887479062,0.8292424120064731,-0.29729628340245523
duration,AAA,201103,12,0.8111888111888113,0.9370629370629372,0.14685314685314685,0.34965034965034975,0.6433566433566434,0.7342657342657343,0.03310658730367591,-0.04003416043240214,0.5925353207235656,-0.13184443988214475
duration,AAA,201104,12,0.8111888111888113,0.9230769230769231,-0.1398601398601399,0.2657342657342658,0.44755244755244755,0.3216783216783217,0.03671004765492526,-0.02590034742603889,0.698584292425816,0.045967377793283595
duration,AAA,201105,12,0.7902097902097903,0.9090909090909092,0.1398601398601399,0.44055944055944063,0.4825174825174825,0.6153846153846154,0.038668845533906857,-0.02117392833575624,0.7173473304320227,0.06957507535317448
duration,AAA,201106,12,0.6503496503496504,0.9300699300699302,-0.07692307692307693,0.34965034965034975,0.3216783216783217,0.5944055944055945,0.03881761992304961,-0.021473025025406208,0.7970455843012023,0.09975764899842443
duration,AAA,201107,12,0.5664335664335665,0.9790209790209792,-0.16083916083916086,0.5034965034965035,0.44055944055944063,0.7832167832167832,0.03967533339388537,-0.016949565316076085,0.7858543608065762,0.23132273071853698
duration,AAA,201108,12,0.7482517482517484,0.8251748251748254,0.2797202797202798,0.7062937062937064,0.7412587412587414,0.4895104895104896,0.04105172644959254,-0.028832902691458998,0.7817785851386304,-0.031810352653994
duration,AAA,201109,12,0.8251748251748254,0.9300699300699302,0.43356643356643365,0.7412587412587414,0.7132867132867133,0.44055944055944063,0.04250326191566241,-0.037282198821537764,0.7805536443178794,-0.23629904083329575
duration,AAA,201110,12,0.7482517482517484,0.9090909090909092,-0.3356643356643357,-0.04895104895104895,-0.30069930069930073,-0.3636363636363637,0.043390623824350716,-0.04365253597347281,0.8474704975246397,-0.5151778684415315
duration,AAA,201111,12,0.8251748251748254,0.8881118881118882,0.5594405594405596,0.8391608391608393,0.8461538461538463,0.7552447552447553,0.04371239463027205,-0.04194265967854248,0.8396803731207791,-0.5123962056814212
duration,AAA,201112,12,0.7412587412587414,0.8461538461538463,0.1258741258741259,0.4055944055944056,-0.11188811188811189,-0.027972027972027972,0.0441251002921915,-0.030334251489635294,0.8296850608925774,-0.2504935936249851
duration,AAA,201201,12,0.7762237762237763,0.8951048951048951,0.5034965034965035,0.7552447552447553,0.5454545454545455,0.027972027972027972,0.046112712749167756,-0.03477724654651862,0.8709538349445145,-0.1791988696698926
duration,AAA,201202,12,0.7482517482517484,0.9370629370629372,-0.06993006993006995,0.4125874125874127,-0.08391608391608392,0.1258741258741259,0.047629973911835585,-0.053076425827750025,0.9031655233588085,-0.712012717073035
duration,AAA,201203,12,0.7902097902097903,0.965034965034965,0.2797202797202798,0.6643356643356644,0.5804195804195805,0.5874125874125874,0.04641577293408862,-0.03974692543659175,0.912773568071477,-0.4302321867695268
duration,AAA,201204,12,0.7342657342657343,0.9580419580419581,0.055944055944055944,0.5804195804195805,0.027972027972027972,0.1258741258741259,0.04512924636525742,-0.03844403522176548,0.9146760666487533,-0.30787251623785755
duration,AAA,201205,12,0.34965034965034975,0.6153846153846154,0.02097902097902098,0.5174825174825175,0.18881118881118883,0.06993006993006995,0.04326584596422776,-0.011988717161918018,0.8993967318932599,0.23435023374673472
duration,AAA,201206,12,0.6573426573426573,0.7832167832167832,-0.2517482517482518,0.6083916083916086,0.0,-0.2447552447552448,0.04282689629248269,-0.01853268189859361,0.9182330912713118,-0.2220410108207911
duration,AAA,201207,12,0.31468531468531474,0.7692307692307694,-0.3076923076923077,0.32867132867132864,-0.06993006993006995,-0.30069930069930073,0.042555302199395996,-0.01646047345467812,0.9399886445175419,-0.14795841792831596
duration,AAA,201208,11,0.7545454545454545,0.8272727272727273,0.009090909090909092,0.36363636363636365,-0.20909090909090913,-0.4000000000000001,0.042147518841218,-0.00588489501739799,0.9434092892375914,0.26456817508665464
duration,AAA,201209,11,0.1272727272727273,0.5,-0.5272727272727273,-0.03636363636363637,-0.9090909090909091,-0.7636363636363637,0.042249258326253106,-0.006787321221218542,0.9433135896447422,0.36473587119263245
duration,AAA,201210,11,0.5272727272727273,0.8090909090909091,-0.28181818181818186,0.7545454545454545,0.8000000000000002,0.18181818181818182,0.043027340798091715,-0.00207950956429859,0.9534968228646186,0.015365391133333005
duration,AAA,201211,11,0.7636363636363637,0.8000000000000002,0.3727272727272728,0.7545454545454545,0.6181818181818182,0.45454545454545453,0.04232479721981716,-0.004600240770577759,0.91954524651847,-0.009754834684034583
duration,AAA,201212,13,0.6978021978021978,0.967032967032967,-0.005494505494505494,0.532967032967033,-0.2912087912087912,-0.34065934065934067,0.0441355509944205,-0.010753530848000343,0.9585778074787945,0.05848611144024309
duration,AAA,201301,13,0.7252747252747254,0.967032967032967,0.0,0.6538461538461539,-0.06593406593406594,-0.4010989010989011,0.04516862057365182,-0.021060631183873198,0.9564642798479078,0.2870960731677257
duration,AAA,201302,13,0.7857142857142857,0.9395604395604396,0.06043956043956044,0.6153846153846153,0.34065934065934067,0.0879120879120879,0.04653887950351078,-0.013061030899042732,0.9498834415850959,0.44426295175488695
duration,AAA,201303,13,0.7417582417582418,0.967032967032967,-0.1043956043956044,0.37912087912087916,0.12637362637362637,0.24725274725274726,0.04781649957997639,-0.018896092553394354,0.9533514374043501,0.3100873202621611
duration,AAA,201304,13,0.46153846153846156,0.7417582417582418,-0.1868131868131868,0.32967032967032966,0.054945054945054944,-0.18131868131868134,0.049487718250059376,-0.018571867676038092,0.9615674508408136,0.1258749747528298
duration,AAA,201305,12,0.7132867132867133,0.9230769230769231,-0.034965034965034975,0.4265734265734266,0.1258741258741259,0.04195804195804196,0.05087712645024093,-0.012053576203142742,0.9628296941262044,0.07476547792326177
duration,AAA,201306,13,0.7362637362637362,0.967032967032967,-0.06043956043956044,0.521978021978022,0.14285714285714285,0.22527472527472525,0.05018975932052184,-0.024716519101323647,0.9418314331886397,0.1323116444307329
duration,AAA,201307,13,0.6868131868131868,0.9725274725274725,-0.054945054945054944,0.5164835164835164,0.09890109890109891,0.1043956043956044,0.049911968162887385,-0.021308454690381905,0.914559784095591,-0.08123751920280203
duration,AAA,201308,13,0.7747252747252747,0.945054945054945,0.34615384615384615,0.8241758241758241,0.7747252747252747,0.7362637362637362,0.04094516865780538,-0.03815888323430745,0.9094276355805732,-0.12115806053577903
duration,AAA,201309,13,0.8021978021978022,0.8571428571428571,0.41208791208791207,0.576923076923077,0.4010989010989011,0.3186813186813187,0.04055507088491553,-0.03715426839852138,0.8010904410682311,-0.6399130307999058
duration,AAA,201310,13,0.7692307692307693,0.945054945054945,0.39010989010989006,0.7857142857142857,0.42857142857142855,0.6263736263736264,0.03771860576112084,-0.036767099254578176,0.7740659545849706,-0.7192219479055313
duration,AAA,201311,13,0.7087912087912087,0.9230769230769231,0.2747252747252747,0.7197802197802198,0.19230769230769232,0.23626373626373626,0.037300096894547434,-0.04287933647039643,0.7889880793221347,-0.5633293430944555
duration,AAA,201312,13,0.4725274725274725,0.7307692307692307,-0.4230769230769231,0.13186813186813187,-0.4175824175824176,-0.3516483516483516,0.036830400641737586,-0.03278667802272479,0.780282782571177,-0.579650541684963
duration,AAA,201401,18,0.7729618163054695,0.7812177502579979,0.3023735810113519,0.5356037151702786,0.7337461300309597,0.4282765737874097,0.0364788734120923,-0.02989000290411366,0.778104442080909,-0.7201670251554354
duration,AAA,201402,18,0.7069143446852425,0.9793601651186791,0.2652218782249742,0.7708978328173374,0.4984520123839009,0.5727554179566564,0.035842043632698994,-0.025781784193362224,0.782438663057933,-0.8220708198101995
duration,AAA,201403,18,0.7234262125902993,0.9463364293085655,0.23839009287925697,0.7420020639834881,0.3787409700722394,0.16202270381836945,0.03581495854595339,-0.018328208270210342,0.7867817805156248,-0.855837787851699
duration,AAA,201404,19,0.7649122807017543,0.9508771929824561,0.48947368421052634,0.8543859649122807,0.7280701754385965,0.7684210526315789,0.03520683652597418,-0.020245042414868197,0.783105850090738,-0.9869020563279688
duration,AAA,201405,18,0.7254901960784313,0.9669762641898865,0.5975232198142414,0.915376676986584,0.6243550051599587,0.762641898864809,0.03360209141289159,-0.03223946833819979,0.7719682344676185,-1.158839612394361
duration,AAA,201406,18,0.7977296181630547,0.890608875128999,0.4613003095975232,0.7585139318885449,0.36016511867905054,0.2053663570691434,0.03463826914791701,-0.01892854250760889,0.7844528904990278,-1.0392456804716077
duration,AAA,201407,18,0.8637770897832818,0.9463364293085655,0.5397316821465429,0.8410732714138286,0.2549019607843137,0.15789473684210525,0.03539612931532438,-0.013931962804870133,0.8062753155543936,-1.4218333172904603
duration,AAA,201408,18,0.8183694530443757,0.9711042311661506,0.4262125902992776,0.7337461300309597,0.5479876160990712,0.5995872033023736,0.045426015015891934,0.002487631212553016,0.8121102290461787,-1.5403720019087839
duration,AAA,201409,18,0.7956656346749225,0.9649122807017543,0.33746130030959753,0.7131062951496387,0.07327141382868937,0.04850361197110423,0.046828008806549665,0.0076012091991242954,0.9506069143698016,-0.47044448537706285
duration,AAA,201410,18,0.7027863777089782,0.9215686274509803,0.1826625386996904,0.5975232198142414,0.06501547987616099,0.2693498452012384,0.04988710811149181,0.01486451636007057,0.9645559891256047,-0.48160689023698133
duration,AAA,201411,18,0.7378740970072238,0.9484004127966976,0.3106295149638803,0.8101135190918473,0.24664602683178533,-0.15789473684210525,0.051898553318393006,0.03001643327478922,0.9699117641636864,-0.4665772560726203
duration,AAA,201412,18,0.7585139318885449,0.9504643962848297,0.36016511867905054,0.8637770897832818,0.3952528379772961,0.5170278637770898,0.051884361540730575,0.034954814724611524,0.9480251910254877,-0.3287413517180612
duration,AAA,201501,18,0.8328173374613003,0.9649122807017543,0.6284829721362228,0.915376676986584,0.7667698658410733,0.41589267285861714,0.05028085167312564,0.017249914650330954,0.9083249206813431,-0.6289697685677552
duration,AAA,201502,18,0.8534571723426212,0.9711042311661506,0.6945304437564499,0.9029927760577915,0.5892672858617131,0.6160990712074303,0.051152858000241906,0.024770152694014228,0.9144404510373203,-0.3030901442323263
duration,AAA,201503,24,0.8591304347826085,0.9782608695652173,0.5852173913043477,0.8469565217391304,-0.007826086956521738,-0.020869565217391303,0.051603797810046245,0.034146336625514855,0.9115771559290816,-0.24977826811386264
duration,AAA,201504,28,0.8516694033935412,0.9573070607553366,0.5035577449370552,0.8056923918992885,0.5867542419266557,0.7197591680350302,0.05123729257906111,0.03580967362677418,0.8903112343225605,-0.1699963465680354
duration,AAA,201505,28,0.8724685276409413,0.9835796387520527,0.6436781609195401,0.918992884510126,0.671592775041051,0.4477285166940339,0.052821452592950534,0.030264077801450604,0.9097863607223043,0.050327778574993605
duration,AAA,201506,28,0.8511220580186097,0.9792008757525997,0.47290640394088673,0.7843459222769567,-0.2370005473453749,-0.294471811713191,0.05321007209790316,0.0292860940288633,0.9153130725754847,0.06245584448670662
duration,AAA,201507,28,0.8680897646414888,0.9759168035030105,0.5254515599343186,0.8407224958949097,0.5922276956759714,0.5550082101806239,0.05334351250033584,0.028134621146171608,0.9082672325885175,-0.10801251157241074
duration,AAA,201508,28,0.8429118773946359,0.9540229885057472,0.4548440065681445,0.7542419266557197,0.32676518883415434,0.307608100711549,0.053734604149423805,0.03233683177535994,0.9144974872938516,0.12238649694218195
duration,AAA,201509,28,0.8686371100164203,0.9759168035030105,0.6677613574165299,0.9250136836343732,0.7580733442802408,0.7449370552818828,0.0536383047918727,0.0367645812174008,0.9079704756028222,-0.05911554415020659
duration,AAA,201510,28,0.8697318007662834,0.986863711001642,0.6168582375478927,0.8916256157635468,0.5845648604269293,0.7088122605363985,0.05383311975809811,0.042752580237609666,0.9150764706941865,0.11957855636835461
duration,AAA,201511,28,0.8467432950191571,0.975369458128079,0.6710454296661192,0.9080459770114943,0.43021346469622335,0.3672687465790914,0.05407684922949135,0.044796854544322924,0.9222635225391781,0.005821599192082277
duration,AAA,201512,34,0.8701298701298701,0.9728036669213138,0.6418640183346065,0.8844919786096257,0.25133689839572193,0.1605805958747135,0.054811473798298434,0.0422620484621319,0.9308141986124776,-0.03746210972563914
duration,AAA,201601,34,0.8796027501909853,0.9813598166539342,0.680977845683728,0.9110771581359814,0.6100840336134453,0.652864782276547,0.05826058879653821,0.06166858910937103,0.9849566907466378,-0.15599240143461932
duration,AAA,201602,34,0.8722689075630251,0.9853323147440795,0.626585179526356,0.8786860198624905,-0.28678380443086327,-0.307563025210084,0.06014371259301625,0.05230180181128438,0.9898268239505551,-0.29420110166675867
duration,AAA,201603,34,0.8481283422459893,0.977387318563789,0.5153552330022918,0.8071810542398777,-0.2110007639419404,-0.32620320855614976,0.06240480470512609,0.044147158921420154,0.9997164506441446,-0.36614942306326
duration,AAA,201604,33,0.8295454545454547,0.9852941176470589,0.45287433155080214,0.8298796791443851,-0.43716577540106955,-0.6049465240641712,0.06502688845553026,0.05081006605969041,0.9967504610052418,-0.447724625143335
duration,AAA,201605,33,0.8552807486631017,0.9679144385026738,0.3532754010695187,0.732620320855615,-0.29913101604278075,-0.4899732620320856,0.06742564016602803,0.06462317269738652,1.0077503875891272,-0.36073758181473936
duration,AAA,201606,33,0.8760026737967915,0.9639037433155081,0.4167780748663102,0.7219251336898396,0.4552139037433155,0.48094919786096263,0.06924616006300328,0.04881584493815136,1.0018873616224928,-0.2895139508757064
duration,AAA,201607,33,0.8746657754010696,0.9826203208556151,0.3572860962566845,0.6948529411764706,0.08288770053475936,0.04946524064171123,0.07005145675759451,0.048167943592594756,0.9892236334464334,-0.10236885588866125
duration,AAA,201608,33,0.8639705882352942,0.9802807486631017,0.2820855614973262,0.6066176470588236,-0.3165106951871658,-0.4445187165775401,0.07098844473288285,0.041910763930281085,0.9904647792196183,-0.11536755460087306
duration,AAA,201609,39,0.8983805668016195,0.9783400809716599,0.158502024291498,0.4969635627530365,-0.15647773279352228,-0.25668016194331983,0.07165655064858428,0.043045737360111025,0.9900148674099591,-0.08017718047476473
duration,AAA,201610,39,0.898178137651822,0.9933198380566802,-0.08947368421052633,0.28724696356275303,-0.3647773279352227,-0.5309716599190284,0.07332675675345295,0.043986040935129166,1.0026347169641103,-0.03956933412518
duration,AAA,201611,39,0.9018218623481781,0.9831983805668016,-0.5034412955465587,-0.1631578947368421,-0.6131578947368421,-0.8018218623481782,0.07504071983028278,0.04669564082235182,1.0064725503127812,0.026110633597526713
duration,AAA,201612,39,0.9026315789473685,0.9734817813765182,-0.5947368421052632,-0.3374493927125506,-0.19615384615384618,-0.2935222672064778,0.07656616578026812,0.055556296829447904,1.006841532596159,0.244157199083515
duration,AAA,201701,39,0.8959514170040487,0.9684210526315791,-0.4287449392712551,-0.1534412955465587,0.3321862348178138,0.3244939271255061,0.07794136068154096,0.05861914377614821,0.9970279474315974,0.18900191838197572
duration,AAA,201702,39,0.9192307692307693,0.9605263157894738,-0.5562753036437247,-0.2668016194331984,0.1368421052631579,-0.1062753036437247,0.08034993009555909,0.055929164943727,1.0160407043377233,0.12523323716677268
duration,AAA,201703,45,0.9180500658761527,0.9836627140974966,-0.6953886693017126,-0.48932806324110667,-0.22793148880105402,-0.2938076416337285,0.08201890040451185,0.05633544447891426,1.0033774866258167,0.17113177801225865
duration,AAA,201704,49,0.8959183673469386,0.9895918367346938,-0.7393877551020407,-0.47826530612244894,0.08908163265306122,0.008163265306122448,0.08346158555173978,0.05059034828868955,1.0003487666327422,0.1612839919900772
duration,AAA,201705,49,0.8820408163265304,0.9797959183673469,-0.767551020408163,-0.5020408163265306,-0.3016326530612245,-0.24622448979591832,0.08398253954230808,0.04966426259231303,0.9834422668715098,0.1265644659270102
duration,AAA,201706,49,0.8745918367346939,0.9543877551020408,-0.7962244897959184,-0.5351020408163265,-0.3514285714285714,-0.4540816326530612,0.0837023536478322,0.05303746110022856,0.9771305299090394,0.09481274275491884
duration,AAA,201707,49,0.791938775510204,0.9619387755102039,-0.848469387755102,-0.5658163265306122,-0.1510204081632653,-0.1276530612244898,0.08482713923052243,0.05773573581329483,0.9939521623449172,0.11350072691575473
duration,AAA,201708,48,0.8922058184976118,0.9584237950499348,-0.8158923143725575,-0.5779418150238819,0.3748371689101172,0.21059487624837167,0.08555122762584136,0.05734460871030777,0.9938723831968231,0.08862121600643774
duration,AAA,201709,48,0.8991532783326095,0.958966565349544,-0.9236864958749457,-0.7454407294832827,-0.25412505427702997,-0.4168475900998697,0.08565185006230287,0.060822267330118994,0.9871765410968621,0.11289722454938143
duration,AAA,201710,48,0.8991532783326095,0.9843682153712549,-0.8906860616587061,-0.6805254016500217,-0.23263135041250543,-0.2870169344333478,0.08461739409996125,0.051706752790223166,0.9799949478192753,0.006055102944437255
duration,AAA,201711,48,0.9004559270516718,0.9663482414242293,-0.9445288753799392,-0.7818063395570993,-0.28180633955709944,-0.4973947025618758,0.0831352623091064,0.05128133436782562,0.9720252556231387,-0.0806305771791102
duration,AAA,201712,48,0.8981762917933132,0.9527789839339992,-0.8899261832392531,-0.7279635258358662,0.2985236647850629,0.20733825445071646,0.08105808432337355,0.05214588464926521,0.9622537971042705,0.021745960093987743
duration,AAA,201801,48,0.9144594007815892,0.9304168475900999,-0.955601389491967,-0.8130699088145896,-0.28419452887537994,-0.42933130699088146,0.07878458336276577,0.052212804507309245,0.9597055398564718,0.046402309823554894
duration,AAA,201802,52,0.8995133612225732,0.97677793904209,-0.9328950738495688,-0.7710236489370783,0.2541620421753607,0.24314863826517544,0.07605559311511949,0.059379548501259226,0.9494001087526672,-0.008959767674210086
duration,AAA,201803,52,0.8990011098779134,0.9708016733543926,-0.8422265858447878,-0.6623409886450952,0.06539742166823188,-0.030308204559036968,0.07387849215907463,0.06066831542889992,0.9491787177575969,-0.042227004128696295
duration,AAA,201804,52,0.9226500469563733,0.9663621617006743,-0.758131990096474,-0.5899427985998463,0.5871254162042175,0.4530009391274652,0.07179891128265348,0.05498972475191729,0.9523262759586497,-0.04811114879564731
duration,AAA,201805,52,0.9018184922735422,0.9702040467856228,-0.7518995987364467,-0.5447793050456757,0.4944079228207974,0.4920174165457184,0.07045660688134711,0.05822696211912302,0.9628355825582974,0.010111636932552601
duration,AAA,201806,52,0.8085887475454622,0.8890122086570478,-0.5011525655254845,-0.20353453427815246,0.07103218645948944,-0.06147016135917356,0.06899795486751244,0.07237403965603594,0.9657787321463854,-0.11815556143182068
duration,AAA,201807,51,0.8942986425339368,0.9636199095022624,-0.7609954751131222,-0.5709502262443439,0.272579185520362,0.1871493212669683,0.0660004618795636,0.053620933120702756,0.9444950702003649,-0.38254061680773654
duration,AAA,201808,51,0.8961990950226243,0.9819909502262444,-0.3551131221719457,-0.04425339366515836,0.7415384615384615,0.6922171945701356,0.06284116107360851,0.048582151184811864,0.9404141648498905,-0.4380743385934543
duration,AAA,201809,51,0.8762895927601809,0.9659728506787331,-0.5452488687782805,-0.2606334841628959,-0.2662443438914027,-0.2639819004524887,0.06137531142602392,0.04583910233873922,0.9478617098357104,-0.42394533135932766
duration,AAA,201810,51,0.8652488687782804,0.9735746606334841,-0.5310407239819004,-0.22904977375565613,-0.09981900452488687,-0.20570135746606336,0.059622394207588275,0.04003726146416234,0.9437177677958184,-0.4832536923212865
duration,AAA,201811,51,0.8511312217194569,0.9306787330316743,-0.3047058823529412,-0.025158371040723982,0.38343891402714925,0.2986425339366516,0.058037181262319396,0.029662924417682562,0.9456364292448519,-0.4895894016971717
duration,AAA,201812,51,0.8064253393665158,0.9240723981900452,0.040361990950226245,0.3246153846153846,0.4454298642533936,0.3966515837104072,0.05671820973475707,0.02479515848800806,0.9529027579893591,-0.42261309663087143
duration,AAA,201901,51,0.8171945701357465,0.9583710407239819,0.026606334841628956,0.4490497737556561,0.12072398190045247,0.11773755656108596,0.05566888373257799,0.031581065267417746,0.95822240024129,-0.38812491829462986
duration,AAA,201902,51,0.8460633484162895,0.9648868778280543,0.08932126696832579,0.5110407239819004,0.5293212669683258,0.22425339366515837,0.053614731208428745,0.024445684129579648,0.938798895595319,-0.6212799031892691
duration,AAA,201903,51,0.81710407239819,0.955656108597285,0.16117647058823528,0.5013574660633484,0.176289592760181,0.22823529411764704,0.05164822025899919,0.028498794417089777,0.9432128335611064,-0.7090831374837014
duration,AAA,201904,51,0.7306787330316741,0.9156561085972851,-0.04,0.4407239819004525,-0.21049773755656107,-0.41266968325791853,0.049910459329982504,0.01624145885720023,0.9440501250671719,-0.6701074661299425
duration,AAA,201905,50,0.8633373349339735,0.9668667466986793,0.14535414165666266,0.5226890756302521,0.6318847539015606,0.4933013205282113,0.04872644660756404,0.011841201829440482,0.9448669607541957,-0.6511110403906221
duration,AAA,201906,50,0.8421128451380552,0.9713805522208883,-0.05248499399759904,0.3398319327731092,-0.06852340936374549,-0.11164465786314526,0.047914245478391695,0.01121035713692328,0.9411873491929013,-0.6778501047415931
duration,AAA,201907,50,0.853829531812725,0.9569747899159663,0.3327250900360144,0.6313085234093637,0.7397358943577431,0.6503241296518607,0.04438121820209192,-0.0057729089365152,0.9088183765185566,-0.6471529923868007
duration,AAA,201908,50,0.8684273709483793,0.9598559423769507,0.46084033613445374,0.7018007202881152,0.6645378151260504,0.6349579831932772,0.04455507971058265,-0.0009188536407735248,0.8932447296696159,-0.774258024440252
duration,AAA,201909,50,0.8674669867947179,0.9592797118847539,0.42415366146458583,0.6720288115246097,0.5392076830732293,0.5123169267707083,0.044495964668172426,-0.0005781420181684984,0.9007875511109161,-0.8617545052008434
duration,AAA,201910,50,0.8623769507803122,0.9513085234093637,0.2619447779111645,0.5245138055222089,0.014645858343337334,-0.13104441776710685,0.04419282397197521,-0.0019331638795463799,0.8965018418896098,-0.7916402540362402
duration,AAA,201911,50,0.912797118847539,0.9434333733493396,0.043841536614645855,0.37392557022809125,0.15860744297719087,-0.036638655462184866,0.043779995852945654,-0.0022253510480642626,0.8933883354022828,-0.9068359358574194
duration,AAA,201912,50,0.7880432172869147,0.8696758703481393,-0.4009123649459784,-0.18981992797118846,-0.5669627851140456,-0.6584873949579831,0.044041031714926876,-0.008204425028321334,0.9089279262894545,-0.9225354786643977
duration,AAA,202001,49,0.9046938775510203,0.9562244897959182,0.08530612244897957,0.33163265306122447,0.7478571428571429,0.6910204081632653,0.04481085037619197,-0.006864413939451613,0.9205998871563839,-0.9478710304889556
duration,AAA,202002,49,0.8936734693877549,0.9636734693877551,-0.009795918367346938,0.24581632653061225,0.43510204081632653,0.3353061224489795,0.046046003294584074,-0.005520925845167685,0.9302988011063358,-0.8231722893861303
duration,AAA,202003,49,0.82,0.9226530612244898,0.19438775510204082,0.438469387755102,0.4603061224489795,0.5683673469387754,0.047203760503319106,-0.00427084792073127,0.9311107602925603,-0.6623821561201848
duration,AAA,202004,49,0.8164285714285714,0.9427551020408163,0.4255102040816326,0.763469387755102,0.5429591836734693,0.4677551020408163,0.04818794357560579,-0.0012892858856869034,0.9325480018285719,-0.7100545277532858
duration,AAA,202005,49,0.7881632653061225,0.933877551020408,0.5451020408163264,0.8025510204081632,0.5771428571428571,0.5232653061224489,0.04740707132931605,7.861654575681644e-05,0.9152163148906447,-0.6691146925950633
duration,AAA,202006,49,0.8416326530612244,0.9557142857142857,0.49122448979591826,0.8428571428571426,0.19622448979591833,-0.033673469387755096,0.047641307312890284,0.004452463732449702,0.9246515456079222,-0.5044682074838236
duration,AAA,202007,49,0.9003061224489796,0.928469387755102,0.41081632653061223,0.6916326530612243,-0.3574489795918367,-0.601938775510204,0.05094400002313751,0.02980508475153002,0.9598506782949956,-0.5927605381961865
duration,AAA,202008,49,0.8827551020408163,0.9437755102040816,0.4395918367346939,0.6377551020408162,0.1063265306122449,0.07244897959183673,0.05133696172072614,0.030744141420564825,0.9821205337117941,-0.47508768809861684
duration,AAA,202009,42,0.9115144639818492,0.9542986791994167,0.4718418280528321,0.6193177214164168,0.20881614131755938,0.12778543067822706,0.0514223859688903,0.02828549419796249,0.9768134836179135,-0.5041068412040575
duration,AA,200307,54,0.4773394320564131,0.6305698494377739,0.20152468076996377,0.5563178959405375,0.22866399847531918,0.021307413760243945,0.04869701024798817,-0.01664379948666226,0.7431322025746279,0.25815903153049224
duration,AA,200308,54,0.33150371640937676,0.7229655040975794,0.07093577282256526,0.6562607204116638,0.2237087859729369,0.31396988755479316,0.04869701024798817,-0.01664379948666226,0.7431322025746279,0.25815903153049224
duration,AA,200309,53,0.40493468795355586,0.594581519109821,0.025318497016610226,0.5728914691178841,0.29559748427672955,0.04354136429608128,0.053676588989171464,-0.007399994609934638,0.7249920544594032,0.346760646399104
duration,AA,200310,62,0.3453703004205384,0.5808214348669134,-0.11953866686812219,0.42177230490292367,0.014328523582886356,-0.18037823273148498,0.055843269896375024,-0.009914781651050038,0.7289971708207768,0.29988852891309487
duration,AA,200311,62,0.3955327239303972,0.4721361839288862,-0.10664551383747577,0.26509027725315404,0.08901815617838887,-0.17871622472362822,0.055843269896375024,-0.009914781651050038,0.7289971708207768,0.29988852891309487
duration,AA,200312,64,0.3321886446886447,0.4353479853479853,-0.1498168498168498,0.24807692307692306,0.178525641025641,-0.1466117216117216,0.055843269896375024,-0.009914781651050038,0.7289971708207768,0.29988852891309487
duration,AA,200401,67,0.31642589193072074,0.6631016042780749,-0.2573230106153724,0.4248144305211909,0.02498204166334105,-0.05862399233777636,0.05834741551857869,-0.01145534334985971,0.750460631580622,0.3433160631380166
duration,AA,200402,69,0.32320058458165885,0.6861527219583486,-0.1999634636463281,0.5647058823529412,0.17723785166240413,0.18169528681037633,0.05842502777067903,-0.011898884249838636,0.7462159006163851,0.33824242899061185
duration,AA,200403,67,0.44796073110383916,0.5159230585042701,-0.13939659988825925,0.3823928485912683,0.3380158033362599,-0.1244712267539309,0.05842502777067903,-0.011898884249838636,0.7462159006163851,0.33824242899061185
duration,AA,200404,67,0.5749860324048209,0.7961130177987071,-0.06273445606193631,0.5060659270492458,0.34867108308723765,0.3323090430201932,0.05842502777067903,-0.011898884249838636,0.7462159006163851,0.33824242899061185
duration,AA,200405,69,0.5619291194738766,0.8499451954694923,0.08973328461819512,0.6005845816587505,0.3621848739495799,0.5075630252100841,0.060968696123870125,-0.01197501246557667,0.7520720720522993,0.3164649025886707
duration,AA,200406,73,0.5075897815623844,0.7154448969517464,-0.0977724299642108,0.4530420831790695,0.16574108354930273,0.0011106997408367274,0.060469761285800464,-0.009404670031509365,0.7415304866188346,0.32283965803426523
duration,AA,200407,71,0.659590878604963,0.732394366197183,0.13896713615023473,0.5493963782696176,0.38578135479543924,0.10124077800134137,0.060469761285800464,-0.009404670031509365,0.7415304866188346,0.32283965803426523
duration,AA,200408,69,0.6040189989039095,0.6900255754475705,0.021592985020095,0.38845451223967853,0.2317500913408842,0.01932773109243698,0.06035794878656639,-0.012362625088448244,0.7316698995886628,0.31263947347820686
duration,AA,200409,72,0.6291401376294298,0.7709820567239052,0.022059296417776066,0.5309344652389222,0.4329217313010484,0.23657469933757802,0.057966500378535304,-0.008740684027182824,0.7365833253865564,0.3447448814704849
duration,AA,200410,71,0.45868544600938965,0.7189805499664653,-0.13591549295774646,0.38397048960429236,0.15603621730382294,0.24205231388329976,0.05657197125189496,-0.004098976270222931,0.6276120045444803,0.4520688154943993
duration,AA,200411,72,0.11856067914335329,0.6979548524020839,-0.4757540677857098,0.36053765515467245,-0.2926876326451862,-0.005691684352691493,0.05629136241952924,-0.005664029177718813,0.5987631224401893,0.42851153576661366
duration,AA,200412,72,0.07280210946041547,0.8012412373786096,-0.4886809441121616,0.6185285227345811,0.04241430317062191,0.42147404977812086,0.05734105093200151,-0.009116498998834507,0.5719439130434837,0.4318146391438359
duration,AA,200501,72,0.42333912148691244,0.5880120908096984,-0.3526914914142389,0.48266769567174744,0.438870666923918,-0.13492829120843786,0.05457658265587884,-0.02012602662169784,0.5644787550460872,0.4176066900316192
duration,AA,200502,87,0.14901217467376246,0.4626376029744113,-0.5562076255741051,0.10419552380258075,-0.1202704673033462,-0.09369760151636655,0.0480022357282759,-0.03013068178366769,0.5617230447638165,0.42058874583509687
duration,AA,200503,88,0.48127927864464104,0.6532175689479061,-0.07859885174879365,0.5833891021802685,0.49186361875242157,0.3753830439223698,0.04286955322464166,-0.04748142252985862,0.5145875636466909,0.4482509384944204
duration,AA,200504,89,0.5955566905005109,0.8083248212461698,0.10396663261831804,0.633350357507661,0.560180456247872,0.5261150834184543,0.03788794997611367,-0.060876914223476186,0.45842121113028117,0.4122001453429472
duration,AA,200505,90,0.5169938675556652,0.8126188418323249,0.16750216076058771,0.6294028069308968,0.40830555212577685,0.615656253858501,0.02779850906134212,-0.09005971653260436,0.4385170055336152,0.3315156335359988
duration,AA,200506,93,0.5479096416102174,0.7930679478380233,0.2583330846587687,0.7603771895795409,0.544716660201128,0.5435827041866849,0.025153431173977153,-0.09893808280696155,0.4147596697463707,0.2920031116467631
duration,AA,200507,93,0.5417922473217749,0.7381009220852852,0.18508847841007428,0.591999641908627,0.37049028677150786,0.3905284831846259,0.02426416671459473,-0.10432285549822329,0.3834157289082392,0.3429461824324855
duration,AA,200508,95,0.5669232922732363,0.7952547592385218,0.22173852183650614,0.6704227323628219,0.45163773796192613,0.5536814109742441,0.024183226421615966,-0.10626249469067461,0.3809058344957982,0.3798201770968097
duration,AA,200509,100,0.6894569456945694,0.8318751875187518,0.3624722472247224,0.7600960096009601,0.6537173717371736,0.6619741974197418,0.02803721499501032,-0.09708318768937019,0.34742222387461574,0.3169205753327234
duration,AA,200510,94,0.6407614781634938,0.8425026189358089,0.34096738070295846,0.732413394502041,0.553502149333526,0.633955857385399,0.02962326477515129,-0.07694856708674665,0.47862052015999795,0.16266156530441112
duration,AA,200511,94,0.6891377379619261,0.8316511938734964,0.41496225120109814,0.7416609471516816,0.56010547989741,0.6014738287035364,0.03108150734682991,-0.06772413263923195,0.5023935538295721,0.3354714417527784
duration,AA,200512,95,0.6041433370660695,0.7389137737961926,0.42886338185890255,0.6841545352743561,0.48715005599104144,0.44174132138857786,0.02842342470488893,-0.06908700632228411,0.5365635465518256,0.32092746010137435
duration,AA,200601,100,0.7592822060706423,0.6562515939171268,0.49854185418541846,0.535085508550855,0.4102370237023702,0.11619561956195619,0.027829482480097336,-0.046111721897881534,0.5601200209678993,0.4886081264373866
duration,AA,200602,103,0.6226881342529544,0.6865271672453921,0.2768088564776172,0.5324444615307531,0.29584193647586,0.14527452794756676,0.029446417536451948,-0.021029738476303125,0.5409524160568611,0.4560203536571806
duration,AA,200603,101,0.7368513012590977,0.6549058092800316,0.5261619103086779,0.618124635993011,0.6379499126383227,0.3703319743739079,0.02887195354702346,-0.018332881833812806,0.5957751471012472,0.3144453624837752
duration,AA,200604,103,0.5080283793876027,0.6663188791014856,0.20613495584940472,0.4671189735525163,0.12357773579932348,0.15355553298045016,0.029473413633963164,-0.012815609215395015,0.6249075603784737,0.4590366620666964
duration,AA,200605,101,0.6976199697757295,0.7265717139568195,0.36242283051834595,0.5971694816540476,0.5839370995923121,0.3174490390215492,0.036914000190340295,0.026097351732827033,0.5997810911039072,0.5390179986404954
duration,AA,200606,130,0.6333037457837741,0.6708061981000097,0.39224624124322327,0.5224549324110519,0.3863414767373581,0.31898062103925884,0.03480238656099433,0.019746073739604325,0.5953389955600702,0.647031859923595
duration,AA,200607,127,0.5383565335583052,0.7281003937007873,0.2589344300712411,0.5749730502437195,0.08995359955005623,0.1115075459317585,0.034547899632394095,0.013195781565556983,0.6564340861268373,0.36132114557095846
duration,AA,200608,134,0.7300864100549883,0.7632838314692203,0.423424232222347,0.6475068267684136,0.4930061472088181,0.29720320702253145,0.033441475585957135,0.0006339993543438947,0.6359277030559769,0.6085261256899342
duration,AA,200609,128,0.6557521516205823,0.7375423457242264,0.38723448086431056,0.5933780443142281,0.3819870444973448,0.24971388024171393,0.033471930268214926,0.00014193106733879774,0.6787244995690604,0.6404503303013996
duration,AA,200610,164,0.778610585882769,0.8276332077319656,0.5282956755947926,0.7209527566552852,0.4863792798552636,0.3873083672275652,0.03420814406852014,0.010996907447424889,0.676664160278288,0.6518275258545433
duration,AA,200611,164,0.7472501462326391,0.8314066899732019,0.4642008896385673,0.6824343993579366,0.3716050222409641,0.31841987131527755,0.0342040401460501,0.006645022779743448,0.6901817938265398,0.6066905236118594
duration,AA,200612,159,0.6247880343921662,0.7329860281824696,0.2378910914736088,0.5152316694530691,0.3090339144972534,0.2425274659660855,0.03717309187374271,0.0007522307521817725,0.6306122190048322,0.7931582634612018
duration,AA,200701,158,0.8377051200333455,0.6593581285112092,0.5464457016637789,0.5099390135375038,0.6183546585655632,0.19816112656858734,0.03955623901345643,0.0005309358114138493,0.6264750529349266,0.7092119157851096
duration,AA,200702,184,0.551061697454215,0.6169591305114904,0.05531582901504498,0.24029203829631482,0.19731270828918726,0.1696268613588642,0.04181551709958581,-0.009973897829420207,0.5809121127514694,0.7346846291584016
duration,AA,200703,185,0.6892549037446776,0.7656034483167953,0.22505791339314601,0.5672058333677494,0.6040543402706889,0.4194403261061112,0.04289649525864436,-0.018523657077079727,0.5763610790750298,0.7734381585397719
duration,AA,200704,185,0.5595049467419735,0.7577404192411206,0.08165725332625753,0.4690155793942611,0.37151737993252726,0.46036541450286195,0.04235447920935745,-0.0279951217452736,0.5369943086809276,0.6657494812038085
duration,AA,200705,188,0.7142119903722326,0.754385782727125,0.272140319699769,0.5401466840765964,0.5203600460171173,0.33787364075223897,0.039811736807265886,-0.03580169453719287,0.6557692612685885,0.6087496238155288
duration,AA,200706,184,0.7399742925020976,0.8215139683988476,0.39140567095883594,0.5958672515783721,0.6287909252331282,0.5985410599589702,0.04105074090174972,-0.0418636052839038,0.5266452104827813,0.6719017887042922
duration,AA,200707,184,0.6894813668979276,0.7865893419407455,0.3827861064062523,0.579735104058276,0.48843139625104215,0.5256183907251294,0.039921316434996953,-0.044739186113776766,0.5489259112868663,0.6625002731924502
duration,AA,200708,186,0.3809006522479008,0.5739044892745082,0.042686571339322764,0.36579125269827356,0.016742117311377275,0.07844038622027236,0.0328539182695408,-0.05148249436769099,0.5440229493242564,0.4485046176770672
duration,AA,200709,192,0.3921455762492453,0.6597420939281232,0.028448240783441398,0.5291993326641892,0.25923351327889754,0.1847584298619212,0.03364152723723442,-0.05924458465986723,0.5342785022790575,0.5146163416712517
duration,AA,200710,183,0.5274960250013708,0.6671186679636804,0.20037909346533725,0.5513482448072321,0.3848268623749736,0.26068660791958354,0.03334627279796267,-0.07040940199994876,0.5362779937056203,0.5351772493366719
duration,AA,200711,185,0.029138395057048638,0.5440146317425419,-0.2621754292862287,0.3426803381221334,-0.20571623516925064,0.2089913195102536,0.03616001550460886,-0.06717002414523876,0.5416886424488984,0.5590025827373125
duration,AA,200712,186,0.16411750719151097,0.723653893672869,-0.12367161019912443,0.713587176964786,0.17674845796287922,0.39445099748705065,0.03757995440410446,-0.06278132876895542,0.5666068002853971,0.5421755001626842
duration,AA,200801,178,0.3377287007848465,0.7018562040324323,0.071725630340164,0.6837420698797463,0.3247511248190023,0.23798925237970103,0.0376956688708547,-0.05604966563670288,0.5692380617446857,0.5757626788359171
duration,AA,200802,179,0.0781390580210491,0.739436737597556,-0.15768417969158663,0.6422948967422007,-0.10166760822714624,0.42530077626430646,0.039060150494558715,-0.05458320902527984,0.6084463496863308,0.6156817612877797
duration,AA,200803,178,0.010350781814371084,0.838321830691467,-0.15304453847045896,0.8042681947253463,-0.04372138746650013,0.6242120415478192,0.03585834089594823,-0.06661438579843972,0.5765223325033582,0.4990475224947297
duration,AA,200804,177,0.02476584546666436,0.8470313013971367,-0.19981691798964704,0.8291061442842057,-0.041630598500718485,0.25244542165128725,0.037856684533082156,-0.05389239567595769,0.5843611063370883,0.6215573985263168
duration,AA,200805,177,0.3526016689461748,0.8632251865445544,0.14112463426879732,0.8782418067554232,0.5443876491057981,0.52501255172175,0.037944693757293216,-0.05981089792973348,0.5078723909631367,0.6340197558510043
duration,AA,200806,178,0.3491678626789896,0.8658260357963208,0.15018049235633757,0.8218312234221947,0.29217419613609114,0.6035572899655187,0.03645818542739027,-0.06519553909810007,0.7072518502413344,0.5201016634826048
duration,AA,200807,176,0.33177195685670263,0.9113757429011666,0.14283733215936606,0.8726656394453005,0.22106537530266343,0.5801826986572749,0.03838888366634149,-0.05892829562587396,0.6622132216070229,0.6592078745273628
duration,AA,200808,176,0.3209553158705702,0.9403984151441779,0.09129870129870131,0.9076733436055471,0.20860664758969844,0.721305304864627,0.04364631973151176,-0.05848938234752337,0.689053461260116,0.659079684307476
duration,AA,200809,173,-0.1783517436066212,0.672128715854467,-0.3241745507136203,0.6218902243998313,-0.28535537312671805,0.5168659117141254,0.042091868203655576,-0.0579434285110259,0.6809179019314634,0.5144515813782164
duration,AA,200810,172,-0.20073675248748296,0.8511660924053647,-0.3281095600946175,0.8277357596168131,-0.1734835138659931,0.314815469915547,0.04035348053297914,-0.055450211744012406,0.6693259014239376,0.5043881731160448
duration,AA,200811,173,-0.1988471754175339,0.874051480779304,-0.3101524583856748,0.8649174203058441,-0.18298482832787133,0.5691903342588688,0.03928465522624369,-0.06075878560515296,0.6547581785932701,0.43828540181538944
duration,AA,200812,103,-0.10166717919430655,0.87194130826341,-0.34329833501735274,0.8546105522119228,0.23856697271888594,-0.11692219830426571,0.03428420130763612,-0.05893153535061762,0.6507896698697354,0.325325295681368
duration,AA,200901,101,-0.0063832265579499125,0.8669539895165985,-0.2955270821199767,0.8178683750728013,0.004577751892836342,0.589551543389633,0.030583801181327905,-0.06708892211640435,0.6298739581763497,0.267900354965095
duration,AA,200902,104,-0.07800064013656248,0.9252000426757709,-0.3237490664675131,0.8589245705750562,-0.0866851595006935,0.7895444361463779,0.02903762848485601,-0.06170357701844866,0.6150253873261328,0.19336587412957523
duration,AA,200903,126,0.21405624296962883,0.8990986126734158,0.07235395575553057,0.9038260217472817,0.27805624296962883,0.683623547056618,0.027479303793508464,-0.05239071281279392,0.6573276080939172,0.24398255130825036
duration,AA,200904,132,0.14994808325463205,0.9388999911298023,0.02548355621879125,0.9029913437305962,0.17415850521515444,0.039216709365363436,0.021226099837030294,-0.044595065098316226,0.7497783029110625,0.1473563258389681
duration,AA,200905,134,0.14477237870796394,0.9028217309442761,0.03483085824012769,0.8877093230588912,0.03221237172533324,-0.2202296786742977,0.01847052690131517,-0.0332734696769915,0.7076354497908669,0.20481027962730902
duration,AA,200906,129,0.11053220035778177,0.8171791144901611,-0.018397808586762078,0.7940015652951701,0.07041592128801433,0.2049754025044723,0.01995312938751621,-0.02839719662795839,0.7017218227329177,0.12109515527024994
duration,AA,200907,131,0.19959963700421718,0.8011477072545775,0.07384828911546469,0.8024128543212513,0.20578657983238136,0.1258741258741259,0.01948288378213536,-0.02748755352885572,0.7424867819043458,0.035232970632754296
duration,AA,200908,132,0.2859647383552566,0.8081480592529205,0.17039128007388352,0.8174408957856124,0.3838499788680584,0.2459444934334448,0.018605290026570083,-0.023048611159520397,0.7862274902809712,0.0020486094862584617
duration,AA,200909,134,0.5110562475841345,0.8253743812266987,0.40801755632863257,0.8311350515592465,0.4106659684035961,0.055195201935186226,0.01957312809382127,-0.020628628911659192,0.8389916735742313,0.07700892903687005
duration,AA,200910,138,0.54677400573987,0.9331398733758153,0.5180335579204043,0.9307105886220886,0.1882079230300304,-0.17130338889789465,0.00616083079955373,-0.03194384622404878,0.9299689755831851,0.035536462801146994
duration,AA,200911,141,0.42078428014897895,0.8947985787062801,0.43106297358619794,0.8915578577850078,0.07965238237938267,0.363427372747121,-0.008094195578557662,-0.04316647705473838,0.8215570807351125,0.08219733720838249
duration,AA,200912,144,0.27163009404388716,0.7998874688529861,0.34770516839482357,0.809814323607427,-0.1420062695924765,-0.09426493047182702,-0.01876997666263382,-0.03410434531384122,0.8387509354866804,0.07683401403294089
duration,AA,201001,141,0.44166274241191833,0.8724859797080353,0.5407936983603749,0.844008733250567,0.42108395051158004,0.3277280705509653,-0.024374759784385046,-0.041727061185193925,0.8150112783995189,0.009265334632720246
duration,AA,201002,156,0.498471653680201,0.8692039006811967,0.6140190608651672,0.8590918430244503,0.3555372919663036,0.26711763683203993,-0.03091893428057775,-0.04467662972458226,0.8243373219042415,0.009033485032871325
duration,AA,201003,158,0.6230735412461076,0.9254471301069889,0.7337467046165033,0.8943925617508849,0.2340288944092954,-0.13254097076331198,-0.03690704199747345,-0.04581926218206987,0.8521782675662648,0.041425881296629226
duration,AA,201004,157,0.44972060109526857,0.785008589733253,0.5495537680089804,0.7945007101259621,-0.06092818734921451,0.020168817717797806,-0.030798451173307536,-0.042425449567827754,0.8644999171665385,0.0673887848412209
duration,AA,201005,159,0.3861475997133987,0.7757165034631001,0.5006299259613088,0.8000806066395989,0.11935454979699069,0.3443664915213757,-0.026747477430265513,-0.03469457468085985,0.8609076402357999,0.07156142827544554
duration,AA,201006,156,0.43774557064057784,0.8491662847117952,0.567410029871505,0.8346604289484912,0.33948886535695655,0.27618340155837584,-0.029720282567520736,-0.03924139223713226,0.844739128378935,0.08182779893593205
duration,AA,201007,160,0.45775811555138873,0.8631255127153405,0.5800626977616313,0.8498007734677135,0.18056369389429272,0.00825618188210477,-0.03261600478350793,-0.04122991561123542,0.8381988727436769,0.09184675710243084
duration,AA,201008,161,0.5602369450195537,0.8920979986197378,0.6570249597423512,0.8703674948240167,0.6254054520358869,0.5417874396135267,-0.03424659387794202,-0.039089117206638546,0.8193951416963206,0.10480087460598882
duration,AA,201009,163,0.6399044563042767,0.9270398634456692,0.7311697452352846,0.914118742414418,0.6185096513541823,0.5184464728082864,-0.0342129434051225,-0.035501659751575244,0.8095143774392247,0.11627113618621325
duration,AA,201010,163,0.7033074522974267,0.9495957127260434,0.7457700855127161,0.9459186105153485,0.5976302503311333,0.5296745196490819,-0.01396966371921201,-0.02711164051469412,0.779975690638661,0.1344986959201006
duration,AA,201011,165,0.6140945155344216,0.9210001870007749,0.5924131114257475,0.9138727860443995,0.12744369940961187,0.4341757272994417,0.005508080456312478,-0.013706895101753469,0.8097167111932162,0.10026851762486433
duration,AA,201012,165,0.566353217749045,0.9367082520770444,0.42120588785296403,0.8931531002057009,-0.00021905805038335163,0.031611145246173165,0.022795627191717623,-0.004167245225782171,0.7927403750245986,0.11754347084695257
duration,AA,201101,165,0.6057008521892449,0.9326075922314537,0.42203403414099866,0.8847808083776347,0.31556380733577327,0.372184970480592,0.02768933911709086,-0.00786094808600469,0.7982749313444323,0.18515432418181205
duration,AA,201102,174,0.6042780261396964,0.912562430593126,0.31575044847518435,0.8447131182550756,0.4776753324411287,0.3351860816082462,0.03709814682788982,-0.0016174440745912902,0.7832937536149129,0.20863922583759312
duration,AA,201103,173,0.6584983150312195,0.943927854596697,0.31231255591454177,0.8582308523114436,0.5752696645359268,0.6466177786224512,0.048599357818483103,0.012927957313250962,0.7348045892844359,0.19222804291080275
duration,AA,201104,175,0.604729064039409,0.9391289744738021,0.24400806090461263,0.8080564263322885,0.43317510076130766,0.6881549484997761,0.05114460739808807,0.014290543436839614,0.6777578505351985,0.1617600358699561
duration,AA,201105,177,0.7416011668773048,0.9588866189989786,0.43686700368760933,0.87904468412943,0.7420404771385538,0.838976558577587,0.051764904465777986,0.012623841709313702,0.658181639845433,0.1566338846209574
duration,AA,201106,181,0.6584421103758119,0.9351304312630279,0.33816202213992264,0.8028029061178231,0.5329083439580676,0.7780199542630482,0.0548976156308182,0.015704019831635073,0.6752119224924161,0.17314899618261884
duration,AA,201107,181,0.6058041406107704,0.9426001254730535,0.2882014854390545,0.807131726468743,0.41235302450772066,0.7192216623155849,0.05792326196396523,0.014989881570068595,0.6874409322682048,0.18984070536099903
duration,AA,201108,182,0.5365943720259452,0.9265893059933454,0.23474044296433574,0.8290129397818918,0.3538369971664057,0.684028859465867,0.06007018542017276,0.01525013853949833,0.7282808442826816,0.17425232645738375
duration,AA,201109,182,0.5579373981692611,0.9365402281804781,0.291547687888599,0.8693600575676476,0.5043927180509011,0.763775577741704,0.06334311957064256,0.0161518952375326,0.7456363574668441,0.20460768374362848
duration,AA,201110,186,0.515177002084023,0.9426282932924298,0.14283902670999443,0.8098774296117749,0.028832247807579873,0.02050361557002923,0.06484966124006523,0.014715387486308526,0.7753005126437759,0.15784865262190018
duration,AA,201111,160,0.5849642564162663,0.9466043595452948,0.29166764326731515,0.8716629555842025,0.5278770655103715,0.7633862650884801,0.06660937063753813,0.016894461923190624,0.779289933211416,0.1899966886372646
duration,AA,201112,159,0.6013165751134464,0.8997104131836637,0.2009075710532601,0.7762180558872702,0.30151062813470264,0.21466742297587774,0.06841380308258185,0.01838119492083633,0.7859168789706432,0.2402676956967759
duration,AA,201201,159,0.6279854310962504,0.8845623358012897,0.28372342966324343,0.8038004537855267,0.4853893002149511,0.34316336278958687,0.07085202008715763,0.023934894533527127,0.8404401047003635,0.27554157145401525
duration,AA,201202,160,0.6551916090472284,0.9338743700925817,0.24099378881987576,0.7877212000468767,-0.017616899097621,-0.16271827024493146,0.06980392734567756,0.02497073965997932,0.8645216523901139,0.24254022903304875
duration,AA,201203,161,0.6595899470899472,0.8826432022084197,0.2416005291005291,0.7036461927766277,0.32487922705314015,0.21247699562916955,0.06848318858086168,0.022430258149717223,0.8613943789255792,0.2471468228907131
duration,AA,201204,158,0.6791646573637844,0.9071648825071231,0.31874972427547205,0.7732593605624933,0.41326428937612475,0.43911622112118337,0.06788089215140265,0.022171985623682746,0.874810098203243,0.2551757814973285
duration,AA,201205,169,0.7260877131917858,0.9171473323057033,0.48331758738998565,0.8407737059320771,0.5098254686489981,0.5445204117149819,0.06749727616502792,0.02144682527489512,0.8848388579747438,0.2267644055100896
duration,AA,201206,172,0.7863960209705606,0.9626694778349286,0.4727054900323802,0.8384049921820279,0.1662268320350547,0.06624404808229742,0.06845591095267949,0.023077258471100755,0.9044749573853051,0.1845019747498564
duration,AA,201207,178,0.7637417294284995,0.9447064618710563,0.24800064685736903,0.6908362227359727,-0.261639974934277,-0.5005090810050546,0.0688933416152474,0.024118281188882422,0.9158090499978131,0.19987683979776796
duration,AA,201208,170,0.7360910106801987,0.9204328258865053,0.28223447585200384,0.7372048289885871,0.35370448397359566,0.1623548952436783,0.06924238565687417,0.02596262884144657,0.9438056261670531,0.21604296889807037
duration,AA,201209,177,0.7680679870500858,0.9071150949602674,0.3258426966292135,0.7280063537681136,0.11740188016135457,-0.1323860390228701,0.06891269571089541,0.026243321227227907,0.9641451355437343,0.19632426272734801
duration,AA,201210,175,0.700320197044335,0.9202283922973579,0.04384460367218988,0.5239005821764443,-0.5530519480519481,-0.6255060456784595,0.0697829308704526,0.03119064230283723,1.0062510567368592,0.2889171326360424
duration,AA,201211,177,0.7646573812780251,0.9402170149408772,0.11258245182735759,0.6422348124166826,0.34415738993438477,0.09582157511123424,0.06799925693610831,0.030612168806693606,0.957278461627109,0.30983275170358243
duration,AA,201212,173,0.6008176849873222,0.8682456392451712,-0.02720517681742541,0.4869165766626031,-0.11834877694907082,-0.09413111699292175,0.06967017521314059,0.03177907948283738,0.9775365108833762,0.37295068966655454
duration,AA,201301,173,0.7856172733635872,0.872987655923349,0.15501249240952855,0.6457555937718734,0.3560128122522957,-0.110994711005836,0.0727961030564987,0.03623116691780999,0.9730296780087998,0.2824458945576094
duration,AA,201302,180,0.7555809335679085,0.937037151352408,0.10768233587456402,0.5861662396987561,0.1973229626428799,0.09047192814593043,0.07540015972354233,0.03596338385544371,0.9726322593418294,0.2967598824146945
duration,AA,201303,182,0.7502416069574842,0.9490550206970821,0.1559810536352516,0.636169283121552,0.285643620033621,0.24802758151186735,0.0768207273491081,0.037770386569709394,0.9652868391510309,0.31160098430811195
duration,AA,201304,175,0.7686811464397671,0.9444043887147336,0.11474025974025975,0.5749910434393194,0.0024764890282131663,-0.08796238244514107,0.07746027265282208,0.03717089092712905,0.9566348445729734,0.31366604974100043
duration,AA,201305,177,0.7963065456724483,0.9655893280011543,0.18411644535240043,0.6122232128945136,0.3240594865047351,0.2974411800349718,0.0795859123347107,0.03608497146302055,0.9586398809508655,0.3037609401491476
duration,AA,201306,190,0.7710898284890484,0.9520362442198376,0.16592185783914154,0.5603828770805721,0.2689622262297476,0.3955107644813827,0.08187692151277011,0.03442625014336151,0.9535863582990067,0.3283026169824537
duration,AA,201307,193,0.7141278510763313,0.9118924402628691,-0.13182722610971634,0.37357545235611506,-0.31118797072805937,-0.3980199366770687,0.08436296849322425,0.037499365624963435,0.9478536930732028,0.31384844792382055
duration,AA,201308,194,0.7646838392097725,0.9447432541818525,-0.11000316386780784,0.44239336327365814,0.32898390536337224,0.136520485016826,0.08483499521170365,0.04259486112838181,0.9323381363426373,0.2817538432282211
duration,AA,201309,197,0.8396431946105624,0.932911420221065,0.20945600205933784,0.5939243256139558,0.6578281520268467,0.4608207842435544,0.08496750561496819,0.04425548816832268,0.9178057841114693,0.28749279585976023
duration,AA,201310,198,0.8726612604632143,0.9504877100469273,0.14275113453747743,0.5085657482922998,0.3510051410722278,0.16543801919921095,0.0839142172055354,0.04146585065559458,0.8866854001294558,0.2363986417096439
duration,AA,201311,200,0.8282982074551866,0.9408100202505064,0.03637290932273307,0.37721293032325814,0.19381084527113182,0.06671416785419637,0.08367636818884565,0.04192827043988692,0.9092113896752637,0.24369182621873933
duration,AA,201312,219,0.8067704822511912,0.8995772732985252,-0.26165183314862844,0.1011984873239115,-0.28301781164669193,-0.43610086030596285,0.08173999582444146,0.042419331859099456,0.8910810936357899,0.21158621928302815
duration,AA,201401,216,0.8256683218423653,0.8987461151002035,0.0019409614308338989,0.3887531406661189,0.549367103680682,0.4212553138284571,0.07936290662209383,0.03629764176266399,0.8997328168379978,0.1782057255149192
duration,AA,201402,218,0.8299928938319968,0.940206258408531,-0.015008666976704856,0.3396070700290559,0.21077751439332032,0.1436702691714509,0.0782123785802258,0.03715532839423407,0.8975955231563324,0.17004240247636532
duration,AA,201403,215,0.8350853679151875,0.9644425124972833,-0.17010915501461035,0.23491149267067546,0.05403656210002657,0.024116737907218237,0.07841551058881675,0.040356040374486445,0.909266552676553,0.14662889366032608
duration,AA,201404,214,0.7482139522638984,0.9342984225719455,-0.2466144836854205,0.1886699462149992,0.2685888860657971,0.28934126384037767,0.07855846224421244,0.042417815049482395,0.9204456127197292,0.14678466790903155
duration,AA,201405,216,0.8470522392502887,0.9567582371783422,-0.18204074828230862,0.20660522273425497,0.44548637159289817,0.3931185177246692,0.07826873344623109,0.04559603350042588,0.9186681207139821,0.15181852009476363
duration,AA,201406,231,0.8760295177086782,0.9542962285091221,-0.16981152281002357,0.17292879534258843,0.2516170486185479,0.1324237232033334,0.07655132488007586,0.04594103698596384,0.9232790117303383,0.07362888229386709
duration,AA,201407,234,0.8234981467562968,0.935158245705228,-0.18330839707882904,0.15957938509303685,0.1935142323965263,0.18800156407680838,0.07475348232349424,0.04493285831869723,0.9322437314365273,0.02781107607424002
duration,AA,201408,236,0.8468751569154641,0.9259705934714035,-0.12021345067947248,0.26938881711987656,0.3492182756873468,0.24438642059278665,0.07297092461517984,0.044233463289850214,0.9337520773419521,0.0809838207598875
duration,AA,201409,237,0.868419154832068,0.9480239210037158,0.021055279009265154,0.36722202290055694,0.4040158006991683,0.32185811462538244,0.071798706380535,0.041110335997407425,0.9220410805906485,0.10143860454241886
duration,AA,201410,235,0.8256327036348673,0.9227662348470136,0.04590048729969393,0.38794603641340025,0.21648312019750893,0.13814160355811994,0.07103929575542231,0.03892777145578584,0.9315010043325698,0.06495581033319273
duration,AA,201411,234,0.844939111051795,0.94337854639197,0.21477912097946802,0.5548356431563446,0.5251144375060001,0.4491134166414964,0.07179997345050974,0.04139697902489737,0.9398745773495357,0.09469180132216953
duration,AA,201412,236,0.7519772489694934,0.8651252813066321,0.13215043799385576,0.4579201796710594,0.233385220046835,0.20287400658246107,0.07129197208188376,0.03434444022378803,0.9308626526974118,0.089356425296053
duration,AA,201501,231,0.8209661403064702,0.9010806285169104,0.30807550770069514,0.668523530442571,0.4170661422535486,0.3185303452170019,0.07079185966806195,0.035068188416085846,0.9188548979636694,0.10777401430804368
duration,AA,201502,227,0.7927596954258479,0.9313774573269947,0.1587534291265961,0.5467910351294399,-0.03078468265318476,-0.10782384599759116,0.07014577096479067,0.034479317395146404,0.9264699729717426,0.11019596497556645
duration,AA,201503,229,0.8525106672129348,0.945693643640143,0.381414567365823,0.7097478840446475,0.538436941033046,0.4185724421172545,0.06872546165900649,0.032680104690906285,0.9207733876842548,0.08961420533727715
duration,AA,201504,246,0.8907297727029985,0.9349824574838328,0.4579961025587286,0.711567581510732,0.5007075447933691,0.34338392214790525,0.06733432188019736,0.03141531378969763,0.9120454941210296,0.099645107686273
duration,AA,201505,241,0.8563475189465383,0.9406621857960975,0.49425859881348383,0.746693357566613,0.44704742635712086,0.3969779842940915,0.06492362228822203,0.024868652490725573,0.9138428367398994,0.03636274202143782
duration,AA,201506,251,0.8327611458926201,0.9205221020679187,0.37743046860178336,0.6556850692468222,0.002627964333143616,-0.011640295959021057,0.0637622961423293,0.023938805247232475,0.9131155787620221,0.0791046977007847
duration,AA,201507,252,0.9049613704039481,0.9662715597238375,0.5552141143688001,0.7871581620065944,0.6617400152823676,0.5632804749381919,0.06273056943927464,0.02353531179712992,0.9025808381385498,0.12183897475723406
duration,AA,201508,252,0.8902046622469281,0.9555559054952785,0.5453450643126722,0.7525336260829073,0.4557849910352942,0.44470564945188196,0.06274992495324459,0.02641643082618743,0.9205484787294852,0.09815622798586882
duration,AA,201509,254,0.9124195618305209,0.9539663912622406,0.659937718201407,0.8337760674591332,0.43443879559230864,0.32775640896550334,0.06274732250941065,0.028267879345505707,0.9340974823069131,0.00901793145250766
duration,AA,201510,253,0.8969723646204305,0.9720704378355869,0.6597493001121896,0.8554333376312152,0.33047524197815203,0.27659833034704656,0.06246987798084904,0.028307554919850035,0.9314287023501763,0.033076520970579594
duration,AA,201511,252,0.8520219892123584,0.9520397611511418,0.5890430373368188,0.8275604527120205,0.20637495191453273,0.18189316890165672,0.061380741897721344,0.02348366218791335,0.9312183097308048,-0.01863758800104303
duration,AA,201512,258,0.7497611110858782,0.8963660585233294,0.3869168883194763,0.6977600168261646,-0.12483539811383444,-0.07121387711379566,0.06157310259622389,0.020983692479638806,0.9470062791601888,-0.11557739622288324
duration,AA,201601,251,0.8313185353822804,0.9440295959021058,0.5521335609941188,0.8241214190855625,0.5359575033200531,0.5378288749762853,0.0625863418380175,0.023517256735680243,0.9626043075169702,-0.13839177362129504
duration,AA,201602,226,0.8549202760126311,0.9702779618728316,0.582935038270113,0.8622431874001013,0.20194612295816927,0.12579366626382338,0.06396328914844639,0.025619049388548854,0.9385472060049951,-0.0036991999791685455
duration,AA,201603,234,0.86779336391244,0.9499055232047653,0.5129333698596781,0.7947650255567342,-0.11553423291164137,-0.2943063389597953,0.06460098891855269,0.02410039468155655,0.9325385565953976,0.020165493468888778
duration,AA,201604,243,0.8192489558609777,0.9549075788519406,0.27900632421248417,0.656286327423933,-0.19523434376886936,-0.24559972970305805,0.06608867995982935,0.026936351504365685,0.9394156799402358,-0.03262104608862752
duration,AA,201605,244,0.8503847440615591,0.9645358082516552,0.3167135463778711,0.6875167796323144,0.3944578681502959,0.2793626011424606,0.06917590036664066,0.03683040464961557,0.9427814470211912,0.004594590097231085
duration,AA,201606,252,0.8605855141451886,0.9540396666674166,0.28273654862949865,0.635893467350249,0.3111649018456571,0.24222027755719078,0.07131088502871984,0.03569437507335964,0.9416326716620564,0.038405562611201045
duration,AA,201607,253,0.8769153361758634,0.9741119316607163,0.3393103530042935,0.6858078016927727,0.5168921572550467,0.44399489589493013,0.07230104896956482,0.031457751510685444,0.9273513282051469,0.10365624033039851
duration,AA,201608,257,0.8258182234639398,0.9482442199800921,0.00868911750067867,0.3969762351823364,-0.28882920663288386,-0.37225562166319787,0.0747277238605593,0.03242422121345001,0.9374973484090652,0.06748556843304075
duration,AA,201609,258,0.7783376406125477,0.9265993503619059,-0.1718941558775058,0.2915297240697657,-0.0696130156812448,-0.10806723059007921,0.07678906375412906,0.031597889531687726,0.9419250463058153,0.019054606712229024
duration,AA,201610,257,0.8098397486652791,0.9320324518143153,-0.21824947968509636,0.2648749264772418,0.045676720432540036,-0.08314999773776129,0.07931987042313027,0.030916016058709625,0.9463701361667989,0.02061051015561897
duration,AA,201611,258,0.7925902685652935,0.9263617716246436,-0.482765933584864,-0.036644773320187306,-0.2568865516110109,-0.4365554716654164,0.0825049782526011,0.035778002057813896,0.9570555478479809,0.07574812974284433
duration,AA,201612,259,0.7425836263045565,0.8634337378523425,-0.6151041918483778,-0.19073428143195584,-0.10570516849586616,-0.23723623956182097,0.0846575988876449,0.03940796827004882,0.9506573566467647,0.028239341389078708
duration,AA,201701,259,0.8072689095944909,0.8924230389346669,-0.5116147837078069,-0.05734661316056665,0.45512463651998525,0.23596811736346618,0.08469295433603313,0.03627959314714403,0.9378997676172698,0.02317276459473105
duration,AA,201702,264,0.8145914993249809,0.9456443334268141,-0.5642663814412145,-0.1046794800722629,0.20551885161971964,0.01846421746701537,0.08652941128326434,0.03836482428138959,0.9659559892207757,0.03417981169827274
duration,AA,201703,269,0.8275314875436942,0.9227018562700745,-0.516203369768259,-0.09813324948984939,0.31230033229145476,0.16424815205262408,0.08934702535153578,0.038479564001633375,0.9720667165175736,-0.004588757664867842
duration,AA,201704,264,0.8548311147923745,0.9694415276953479,-0.4531615023902849,-0.042490983440836363,0.30023609362873294,0.2644418211819029,0.0904660076676616,0.03779498381840706,0.9601746508282681,0.016301674813890294
duration,AA,201705,245,0.8191286750605882,0.9683995789439328,-0.5728043476486957,-0.15538519286163088,-0.002905776464924235,-0.0073750091800014695,0.09004012593541949,0.035521996323268974,0.9529030269825983,-0.04393122015988431
duration,AA,201706,254,0.8431516567287959,0.9647077130936406,-0.6094766461562684,-0.170911727175698,0.18834916618914846,0.040827348336863606,0.0897669523926193,0.03690551237556523,0.9536384828921002,-0.02958544336053236
duration,AA,201707,255,0.8321162864752201,0.9543256426586384,-0.6892919175544233,-0.3138345298749421,-0.12203276980083373,-0.1397435155164428,0.09076660256786541,0.039229037361654694,0.9678156935757394,-0.041993755528895366
duration,AA,201708,256,0.8539210917830166,0.9154311627374684,-0.5685955024032958,-0.17285348477912563,0.5763146601052872,0.3469200617990386,0.09081618258841498,0.04212756565598598,0.9660240628631565,-0.05176153207199211
duration,AA,201709,258,0.8562103605991037,0.9463833703269049,-0.6095190812410973,-0.2871575765431525,-0.016378608270744728,-0.14069727263103426,0.08969660540574986,0.04356907901319084,0.954505805035841,-0.02847360644343264
duration,AA,201710,261,0.8785861326529925,0.9412254236944945,-0.695844385499558,-0.4140745540324377,-0.08649172184313011,-0.24189564055318202,0.08748197158908011,0.046088298559354056,0.9474525150317672,-0.0072367132153975345
duration,AA,201711,264,0.8050598394726216,0.9003718964403291,-0.6986512662314369,-0.4034520540797891,0.08053792824579824,0.06223806324961357,0.08497611250831545,0.045736115773351335,0.9415683997655702,-0.050861245162489896
duration,AA,201712,239,0.8473585668577054,0.9218761914745203,-0.7102941176470587,-0.4098191013455808,0.24188055975528283,0.1208673483851134,0.08219899298051417,0.0460450145274765,0.935685343780751,-0.01499209611190134
duration,AA,201801,243,0.8017716492629557,0.9156225276443855,-0.7410259240860333,-0.46440560598533775,-0.26819695547961814,-0.32697734088692854,0.08082281863193785,0.045728115717727544,0.945175671653387,-0.0071205930267909875
duration,AA,201802,249,0.7658165565487758,0.9360404197434902,-0.7661142635056355,-0.4011752817722503,-0.0681383598911776,-0.031728721336960745,0.07736670323670923,0.04535332414789878,0.9268283263133872,0.030937389813730835
duration,AA,201803,247,0.7650077881868017,0.9108738377445155,-0.6242088380789775,-0.21078194032560668,0.3932365410894542,0.33427885212638203,0.07432486060356677,0.04462399586489754,0.9244155117221434,0.030087207791946
duration,AA,201804,235,0.8425975755222057,0.9425199034647286,-0.4278657752873403,-0.0075896696163555155,0.5558952166957937,0.4161040065836315,0.07190657676138784,0.04267923109368064,0.9310117208326648,0.004760431121916036
duration,AA,201805,239,0.8551360711648675,0.9688143876797579,-0.3444569459582996,0.036415737843254456,0.4115053971379346,0.3398271861045673,0.07087037919031589,0.040467518930396754,0.9418323747845961,0.03600582695578455
duration,AA,201806,244,0.8270696256644734,0.963134786397862,-0.20013465009561807,0.19779603401773582,0.399230924913985,0.43716673068741757,0.06914547451549428,0.03841966685756008,0.9362788355202986,0.023381107287526535
duration,AA,201807,261,0.8219477460330317,0.9571243444631179,-0.3295610855758263,0.08727262909942562,-0.07604767786394531,-0.21323560181154286,0.06696518366871897,0.036155118326080114,0.928125451221412,0.04301364655150112
duration,AA,201808,264,0.8491994338970448,0.9643446445225624,-0.0958031422627161,0.309090909090909,0.5870618082684944,0.5121920836893216,0.06405972399439076,0.03419709284365174,0.9151349389027411,-0.020630439668979435
duration,AA,201809,263,0.8433214682452772,0.9757515508611202,-0.10079937622531879,0.2659156215450296,0.05162104896525701,0.027271671816413927,0.06261471497986108,0.032077842273268105,0.9306371308189993,-0.01794745916136788
duration,AA,201810,274,0.8560186838034399,0.9584272540386313,-0.055989266208244313,0.2914443221012564,0.2811503824642511,0.24482466438670822,0.061378801960647815,0.03305564338079843,0.9331558757389948,-0.04313869833759267
duration,AA,201811,282,0.8662115593512689,0.9622956565478542,0.09645840356594719,0.4190687557189562,0.42428335982107585,0.3984543474654866,0.0600235736979938,0.028383960969454218,0.9291899629337685,-0.005314816774042885
duration,AA,201812,282,0.8417463059663458,0.9104870235588205,0.17530884280501216,0.42592709027576925,0.34837265065292233,0.3442539439279042,0.058987018527698304,0.03039853990788861,0.9433164103289973,-0.05808650307000611
duration,AA,201901,281,0.8510708606907592,0.9380269121353394,0.22289208103927566,0.5489983666670272,0.15550249326655774,0.021316076972168432,0.058514235698239415,0.0340984748484427,0.9530073391151077,-0.11285422276800479
duration,AA,201902,275,0.8726464902916824,0.9630287643172443,0.2643841781829722,0.6024505928853755,0.1489253050979487,0.011207985920775512,0.056727743418463324,0.0325955184836251,0.9387082130271343,-0.11366840337504232
duration,AA,201903,277,0.874576808043313,0.9324729259483157,0.2516715241838863,0.5436363513176273,0.15525385373697587,0.04113682841201532,0.05463554978663894,0.027335753547282637,0.934060289928628,-0.1655530892426522
duration,AA,201904,282,0.9009523674473447,0.9630409248765244,0.19534372632994446,0.5155062212038022,0.004138773179765202,-0.16834607308123684,0.053042287398370566,0.026989048361144824,0.9431065820200256,-0.19481229878453812
duration,AA,201905,284,0.9062141183253369,0.9591054122292949,0.4695560381070129,0.6779172476821322,0.6062944151799395,0.5624465397017784,0.05160434103101349,0.022461027749392286,0.9406064845256992,-0.18928034538629518
duration,AA,201906,286,0.7921517240335755,0.905373934249046,0.11398280794943182,0.38800895997570917,-0.43421610481944245,-0.44980647719501365,0.050804430461049516,0.0191097210261658,0.9428580647812675,-0.30917387169083077
duration,AA,201907,264,0.9124914399754774,0.9062634769455795,0.33850282725381364,0.5813291323443672,0.5784770004369688,0.3437302049400689,0.05047785260872571,0.01592584249233042,0.9532047074654642,-0.3351082205805857
duration,AA,201908,268,0.904478625700914,0.9554896077686132,0.47161398637321716,0.6806041219490451,0.5064196996721417,0.45316003832805396,0.04998528489263668,0.011703424848727646,0.9469130501097549,-0.28987836657314475
duration,AA,201909,279,0.8861379402659443,0.9550695264257332,0.46575661130082113,0.6918289366427113,0.37715191901778117,0.3685227442731671,0.04953708091960313,0.0070994854660781795,0.9493729704265603,-0.2719110994894096
duration,AA,201910,275,0.8896409350049045,0.9544208056376922,0.26068780473731284,0.5089354763185587,-0.4324220305242203,-0.48122074972170226,0.04901427022550246,0.006187122713631161,0.9487788613919783,-0.22979935173243518
duration,AA,201911,272,0.8588818584240422,0.9414522517848654,0.1016590854337761,0.36371586413470947,-0.18673447238674062,-0.22666508243921388,0.04866695577994429,0.004262393433472158,0.9566715331394449,-0.2014094944130178
duration,AA,201912,273,0.779843492703089,0.8888281075020662,-0.28742173455569764,0.032687181318560965,-0.42424707109121024,-0.4689486817180764,0.04902016755258603,0.0038545514248173487,0.9635581523285665,-0.22495058021637251
duration,AA,202001,273,0.8466079862601975,0.8950983537716041,0.22570822264896975,0.5117120964050976,0.6352069463383332,0.4466656679516276,0.04986041402043447,0.003345535001200113,0.9719747576322526,-0.1741598375054987
duration,AA,202002,256,0.6859570575207355,0.8426266174420519,-0.04884198329137101,0.26180690661478595,-0.16289983405813685,-0.1291664282444495,0.05143972408869287,0.004827820382534903,0.9802868478725293,-0.2052739975970962
duration,AA,202003,251,0.05376173544364843,0.3819444404920049,-0.4579500015082612,-0.07939862621841824,-0.5250044631008373,-0.3318274831445821,0.05330383817880551,0.00880678427156732,0.9798771539506392,-0.17126961415944636
duration,AA,202004,246,0.5954803778705214,0.6959041382217827,-0.10053826606183106,0.7733802692298316,0.6571138379317363,-0.35126754529064164,0.05470895341646583,0.012451697254089239,0.9715594759534583,-0.14665338288761112
duration,AA,202005,218,0.8327241642723648,0.8646552595359576,0.5774268258710846,0.8379425465861343,0.7122575316983163,0.34383090905986,0.05509131463400715,0.01901633636193003,0.962973101967521,-0.22922431614923464
duration,AA,202006,218,0.8421874719474318,0.9406440956546969,0.5914492007443233,0.8268805428255211,0.0592858272199246,-0.09003752311531625,0.05583933160605428,0.02176934608717967,0.9712473430994935,-0.176065299012075
duration,AA,202007,217,0.8050623129788564,0.9577984000150321,0.35486454619334173,0.6897375009982292,-0.7083515363331878,-0.7023586390262923,0.05510806639123769,0.022474576363196084,0.948891290124308,-0.22941085302159192
duration,AA,202008,216,0.8327427094868954,0.9583419664439918,0.5165243691875349,0.818212886554972,0.642849998213839,0.601531335214756,0.055450722423576924,0.025145788401471948,0.9546575340364978,-0.18376881905554965
duration,AA,202009,197,0.8557019485228332,0.9514172073998036,0.565810911351158,0.8308046799707425,0.4516714853915725,0.4744827326408183,0.055689699523536515,0.029017776569420242,0.9559059433394975,-0.19434460467966674
duration,A,200307,395,0.5179615988971512,0.7325908964346285,0.5094998043144289,0.7275065763981784,0.32509292630734515,0.055723656925224754,0.0008433868913656732,-0.052404452302263926,0.7637668181350468,0.3694740484250832
duration,A,200308,401,0.5223516080299075,0.627444291670279,0.49630904083075905,0.6277932035582686,0.13693304053299588,-0.088154985670153,0.0008433868913656732,-0.052404452302263926,0.7637668181350468,0.3694740484250832
duration,A,200309,412,0.5675334767940728,0.7228670505908903,0.5131881555491458,0.7164828700980314,0.2869955487819421,0.13460014857127034,0.007600139140548902,-0.055948290949030664,0.7113622701885847,0.3404018146872226
duration,A,200310,406,0.6046290179399745,0.7576889364818896,0.5132856098373341,0.7473711956470577,0.3529947323050772,0.17869557869557873,0.010083076928679406,-0.06165441149936461,0.7098362487114176,0.3450746227113179
duration,A,200311,416,0.4837240418671387,0.6858441521694485,0.384830094513226,0.6563564991714164,0.20088662067556162,0.12735130313803522,0.010083076928679406,-0.06165441149936461,0.7098362487114176,0.3450746227113179
duration,A,200312,421,0.5248902812242187,0.6791227965784146,0.4075144294864888,0.6587923778217707,0.2201570558540535,0.032545266533401306,0.010083076928679406,-0.06165441149936461,0.7098362487114176,0.3450746227113179
duration,A,200401,429,0.5684563860395201,0.6687054957648307,0.4595999957443122,0.655272265226623,0.39496187359695295,0.1846093050613807,0.011974517192966995,-0.07144839774956441,0.6380424228424106,0.3225621846858645
duration,A,200402,426,0.6537406890717498,0.6931260853452441,0.5436546763706637,0.6790000562681782,0.5229993655277859,0.3108945670163702,0.016312841545998758,-0.06925816867826332,0.635872745443275,0.3250378688564926
duration,A,200403,428,0.6673402691739195,0.7629448367989009,0.5605476184609018,0.7398662315163006,0.4917986869879011,0.4016735524319407,0.016312841545998758,-0.06925816867826332,0.635872745443275,0.3250378688564926
duration,A,200404,423,0.6325083596768556,0.7250558348962929,0.5298211210365661,0.6916893189768051,0.4210216979000272,0.3375339348643244,0.016312841545998758,-0.06925816867826332,0.635872745443275,0.3250378688564926
duration,A,200405,423,0.640251214046908,0.7054900335504891,0.5011361795487527,0.6557477636611777,0.44681106512715424,0.3440678838791169,0.020891402529847617,-0.06893642240421902,0.6426223083901971,0.33002208332511695
duration,A,200406,424,0.6871126127436271,0.7808649003758574,0.4966909303567722,0.7325698579647426,0.4839103314642651,0.35213870735736663,0.022926716178475796,-0.07273389574474001,0.6401015598959462,0.3261187900910826
duration,A,200407,425,0.7281578940580828,0.8676991814806095,0.5611911647465259,0.8156112926169671,0.5325894545966141,0.47268746775882825,0.022926716178475796,-0.07273389574474001,0.6401015598959462,0.3261187900910826
duration,A,200408,428,0.6783393823251743,0.8204293653664703,0.4921868575804028,0.7469076615821508,0.4411150532137949,0.40525097740095,0.025340770219510627,-0.07281632330286703,0.637212329851832,0.3264816933228548
duration,A,200409,439,0.7735669485443254,0.8011070388094759,0.6139255695470005,0.7623094772734363,0.6177670864100171,0.43988247375303885,0.0258675440594122,-0.07583983134893663,0.6202426834296055,0.331022925522002
duration,A,200410,436,0.7509844305273727,0.8523973165517676,0.5459263608176598,0.7612653354636058,0.5433161738782951,0.5480086610485196,0.028350235147570645,-0.07811338777184762,0.5768819356578861,0.3156146283804941
duration,A,200411,444,0.5867869391190972,0.8045109710110849,0.17928227260918056,0.5610984104047232,0.2117244390762538,0.33127771543577966,0.031779220084170716,-0.0751526512647183,0.5251115288378698,0.2962006229010228
duration,A,200412,445,0.6147772350372238,0.6990316461470792,0.25140691152179034,0.5706211981114989,0.5042131767480686,0.4137825990448553,0.035661223528157496,-0.06768994108788129,0.5250542300572737,0.3210172227867559
duration,A,200501,444,0.67672114790047,0.7745316789541155,0.2847865950004078,0.624605171788574,0.567386048386378,0.4978711940438676,0.037830707366617485,-0.06062323774604481,0.47637938063027624,0.30593340423641796
duration,A,200502,443,0.5800510751024023,0.7512594340661117,0.08317437209549018,0.4781789834925893,0.38517262346723735,0.4384766264263164,0.038348767285456546,-0.05725584082790562,0.46570292675689084,0.2891138252058216
duration,A,200503,438,0.677779754121146,0.6696239936789067,0.2717808133491577,0.5267361719916729,0.6281188548941167,0.46405163583219855,0.04069469180029327,-0.05270508662615267,0.43916571290098255,0.30733414171518164
duration,A,200504,436,0.6959300166430546,0.7691894274977432,0.32362003450230464,0.6079293043000471,0.5760195228315345,0.48282565622065843,0.042260738415602093,-0.04796619099944043,0.5176751166992889,0.30963549923632605
duration,A,200505,431,0.6588898481387555,0.7195184865435229,0.2128581449306642,0.4802805206328651,0.49648509865285345,0.4492168624135926,0.042325196328115704,-0.04878198840534424,0.4716554410316071,0.2872601928203134
duration,A,200506,438,0.7113693480680463,0.792228789578304,0.3173173354724493,0.6470812784340847,0.6433569144975068,0.6108363152832091,0.04327422706488533,-0.041660349156998976,0.4325593291122812,0.32504243350240436
duration,A,200507,442,0.6745415086579047,0.8059758314110577,0.22268615349403093,0.558477559886189,0.5266458070147099,0.5520162140244641,0.04458180661513094,-0.033801282978089424,0.4243700072907193,0.34563625289879163
duration,A,200508,439,0.7061222370922722,0.756484838655105,0.26448469151842324,0.5570810257760985,0.6223942391430767,0.5692231356651999,0.0466535877659252,-0.02477630863290957,0.43270417260969984,0.3465332297095579
duration,A,200509,449,0.7761653393894742,0.7616061501227794,0.31107898504613424,0.5315350601558408,0.6828282426556367,0.5396366621352131,0.04947335225133766,-0.013634189897708426,0.44384544427245753,0.33731477308208335
duration,A,200510,455,0.7190561985823657,0.7894670714528154,0.27625502251052914,0.5222965403785995,0.5767905871082315,0.5953872903659081,0.05120785573106133,-0.006222097413724795,0.47933946500961616,0.3422309859801659
duration,A,200511,455,0.69430903340457,0.7999304301033694,0.18757335309979525,0.5463029145944832,0.5493841946461441,0.5360994150096763,0.053550754912280986,-0.0009764373865097095,0.49248167425640266,0.35551877206414717
duration,A,200512,446,0.6844113846766692,0.7486995227821538,0.22405489241015916,0.5261691039191124,0.5428006802373729,0.45513224675926056,0.053946617208856594,0.006013017101470885,0.503681707723599,0.3998068726860991
duration,A,200601,430,0.7706324474039674,0.7287829970868841,0.28575412069719525,0.465554959797662,0.602361163360462,0.4102731887440245,0.05537821741384324,0.010662535589948246,0.5128855171669504,0.4248057633441007
duration,A,200602,434,0.7225768204128495,0.7866159021281222,0.07039523734902484,0.3962058650310073,0.45171544026520166,0.38844409683137876,0.05676927252082625,0.020568905753080406,0.5597114643919262,0.45238993233111746
duration,A,200603,434,0.7291588964151637,0.7441324317998386,0.21169494753692744,0.4786723820744081,0.5911803466515271,0.46987254393177175,0.05629400597907069,0.024511077747953403,0.585525071214888,0.48718104236388216
duration,A,200604,431,0.6732332068784669,0.7650854605512584,0.1802970077399474,0.501138678346234,0.4983797670221886,0.40390678504060296,0.05722016350739418,0.03403371952785235,0.5958756149007953,0.5459973707262493
duration,A,200605,433,0.7348817298902972,0.7886732848333535,0.32269342836093934,0.5725610807705491,0.5394027250076567,0.4733347728096549,0.057963684792250884,0.038719245009538786,0.6765832579267351,0.5795496301095872
duration,A,200606,421,0.7579953393036352,0.8206238990429605,0.4216562107501082,0.6591276854765951,0.5681975565158237,0.46922052629632194,0.05644493304753881,0.036152337077763136,0.6772992496203706,0.5192195695053535
duration,A,200607,423,0.6787928404009783,0.7858332057346645,0.25812799696601285,0.5242674199208336,0.24883688704295973,0.21686961028657503,0.05700481718888916,0.03770528287019166,0.7085991970361827,0.48659574348033086
duration,A,200608,414,0.7727503896310082,0.8151014636844791,0.30554566936024974,0.5678724515648681,0.47266569171728506,0.3258399057520619,0.05640005167636055,0.03458242614279073,0.696751113797183,0.5389456815055431
duration,A,200609,415,0.7644996496646743,0.822658776240105,0.3435927657116762,0.607126995497924,0.5111613678795449,0.3965927753563754,0.05598433465311369,0.03255176101584739,0.693923591571179,0.5419831282234425
duration,A,200610,380,0.7971145517972237,0.8357918453451484,0.330344101376996,0.586780256916467,0.5280292435324491,0.3983049814229128,0.05606709315715089,0.03475473893843019,0.6848384005482959,0.6509565022991693
duration,A,200611,389,0.7203518772949117,0.7726512647878646,0.22151677067003175,0.4764591366116133,0.43200402014967515,0.35316111312084825,0.056781404208168705,0.038540608090540676,0.6879198556172436,0.7023393266328346
duration,A,200612,380,0.6327461426915858,0.7108235963316114,0.061740331340682124,0.3617727175781977,0.3040074267900237,0.2075887430107995,0.05876337971732476,0.03791509940267082,0.6878313806804706,0.650715074644393
duration,A,200701,378,0.7502466637283195,0.7682444518085499,0.1677433051284384,0.44060894092663405,0.491938403593394,0.2274658413197127,0.06006559463599565,0.03890684990041743,0.6959070786373627,0.614237761601138
duration,A,200702,356,0.5989984184680183,0.7652989398646751,-0.010875298054021418,0.37034973296815327,0.276467529566028,0.33470093556068115,0.061390046467175136,0.04025236990977379,0.6859375198892446,0.642857736355442
duration,A,200703,353,0.677521876481489,0.7791244452913979,0.09882958964979899,0.5078115478281424,0.4931647402628581,0.35571898711266664,0.06267849473049966,0.04385911614309926,0.6943011673164065,0.6218506727124969
duration,A,200704,367,0.6785850992827456,0.7710032815778277,0.06354935220556962,0.4460942762597986,0.36206523195721124,0.21227431415664857,0.06234173824884751,0.04113221687467806,0.6857379976305207,0.6007491387780296
duration,A,200705,371,0.6936150902994488,0.8266551236032557,0.0468156705527369,0.4738398776134625,0.4823169313126708,0.40055153840911606,0.06169490701411323,0.03772842177777185,0.6450738329946114,0.608088974025778
duration,A,200706,370,0.7961660036211347,0.8082185436237278,0.2840994041178118,0.4905360085590072,0.5764660591167724,0.44872486763963426,0.06334819339976815,0.04215527635015859,0.6792501421096382,0.5946161359106643
duration,A,200707,362,0.6218450162472502,0.732446475015181,0.12129032927195296,0.3770676176766742,0.3477485754644325,0.3436191899053168,0.06476653074219779,0.04310596009310435,0.6470717693937198,0.6495104084725116
duration,A,200708,356,0.3144431692601079,0.5212222442387305,-0.17670517486944137,0.2322213519052185,0.018997527797319277,0.04277455878695837,0.06440505094050462,0.0403083850969594,0.6448424770436524,0.5961298767718818
duration,A,200709,364,0.4031074778272785,0.6459968425099184,-0.25603611830261885,0.41272625257681295,0.2247727366033717,-0.08413628712507913,0.06584722428846414,0.046236300080787926,0.6538831569599999,0.6109088361988623
duration,A,200710,386,0.5397960396728576,0.6655396683968958,-0.13611852259882143,0.41709620258843055,0.3638069365265413,0.17086635900950878,0.06637737660597749,0.04244638175115996,0.6713695895443194,0.5398233885598047
duration,A,200711,379,0.04449161602334772,0.5906124474892411,-0.3423900560548248,0.3385592575633933,-0.1822328468488724,0.26133772543373235,0.0663602007946976,0.0381326055620832,0.6662547525659657,0.5202588260163368
duration,A,200712,395,0.11723376539928619,0.6264629200181472,-0.30205946894246066,0.5794736544913247,0.14184516890293414,0.11520077729034872,0.06511984313991452,0.03075529172330955,0.6683129203949443,0.4949760163348196
duration,A,200801,394,0.2791599570914181,0.6679242654701183,-0.17681975207393932,0.5811582864623621,0.22257262159761385,0.19586453091669273,0.06398566218804659,0.030177450358786537,0.5928724949070328,0.5400651120043767
duration,A,200802,400,0.07472484203026268,0.7543367146044662,-0.25476796729979556,0.6259072244201525,-0.05433315208220051,0.47257101606885044,0.06283232596596675,0.026097973986126375,0.5933276945471228,0.5288697535075706
duration,A,200803,401,0.08117020880634238,0.7851643279860052,-0.1668533889157703,0.7327423977370009,0.05317657349164403,0.5499692931849481,0.06211225288009815,0.01826077462383752,0.5930103279843323,0.5107787637380659
duration,A,200804,408,0.0018230512980980404,0.8145738798694356,-0.3373176727843778,0.7345689962545996,-0.0789253291051076,0.1532672337360961,0.06352021985906464,0.021720846756608774,0.5957021568057346,0.5750092582673445
duration,A,200805,414,0.2280854759177779,0.8558218134143059,-0.14610990546035074,0.8401686755443715,0.4158126981026539,0.402673965680598,0.06440983751201683,0.02389476761460369,0.6310529826942918,0.6169628110956067
duration,A,200806,439,0.2184575495649855,0.8512946893341314,-0.024519243043597896,0.8007842174987304,0.19398823319159075,0.6717200872582031,0.06343761475739108,0.021173590836240784,0.6095833871584199,0.6095734965355
duration,A,200807,449,0.19933092056421675,0.8705701824159506,-0.009115097041043588,0.834755541414784,0.17939945911549474,0.6918478894898715,0.06263653082529386,0.021225304909241946,0.6334763748180073,0.6020262076226104
duration,A,200808,447,0.17605263469037655,0.8997547712918493,-0.02947997863183555,0.8722663690028332,0.16297820404232355,0.6710760450838174,0.0628945267215366,0.02249051418055286,0.6350162547043077,0.5984688484037484
duration,A,200809,440,0.0330715926876031,0.7783728691310858,-0.11842327322314304,0.736712576933859,-0.06595385306742287,0.5938668447291942,0.05937915049410467,0.009650778580903192,0.6072060784717286,0.4669069248033404
duration,A,200810,440,-0.1939984194133234,0.7274696666821625,-0.3263679047928967,0.6945859975798147,-0.2906297412317588,0.24819775083361154,0.05577197690128214,0.0012947372714632412,0.5825052063680807,0.44117775063441034
duration,A,200811,446,-0.05766252773313161,0.8382203724262419,-0.16926284735948124,0.851864346140593,0.028772931719601255,0.5710649556354433,0.053438210200107895,-0.002453627918050297,0.5632575931255585,0.47326914895499894
duration,A,200812,518,-0.10338469064333042,0.83264945606601,-0.22493389766787875,0.8252927373576742,-0.11972038770710522,0.4500583827849847,0.046818600356678924,-0.019610745535692434,0.5801012300625629,0.4129703117105207
duration,A,200901,499,-0.042554169605576696,0.8131969194581192,-0.19074660163700893,0.8187023685926069,-0.010761957650240237,0.531676847671246,0.040923426614070106,-0.026579936224695882,0.5076737213534568,0.3544191688594173
duration,A,200902,506,-0.05617529724564348,0.8922734621311955,-0.20928864659966856,0.8853919761336977,-0.07483191507596153,0.7688003733185437,0.0381797107068478,-0.027193202887631798,0.5047327010261616,0.337833767170585
duration,A,200903,529,0.1826723290975886,0.8972313371616079,0.050919969391096824,0.9238889681492313,0.30043781431679567,0.7795529122231337,0.03376327718290278,-0.026635195838449564,0.5221385341314941,0.3030725974809874
duration,A,200904,527,0.07846075162779229,0.9143984104797881,-0.06446316470234047,0.8897014549940938,0.035070585218131056,0.5705092971256276,0.027004081144619243,-0.03314348056995995,0.5834033842252865,0.24554694189939846
duration,A,200905,538,0.038119530362682105,0.8951191306846283,-0.09083834870274551,0.8812697640373671,0.07444295617809295,0.3083324879074559,0.021371683362765428,-0.0361200636909853,0.5748057123399387,0.2599701789522843
duration,A,200906,561,0.12696817214942563,0.886148503892918,-0.027432788061843953,0.8744627938525781,0.11080658403769143,0.5895499675120777,0.019656609461873625,-0.039932644602002285,0.6032784424207864,0.268259383871238
duration,A,200907,575,0.1552820910973085,0.8883675593402447,-0.0031618946624248855,0.8735782595057924,0.18024617482199667,0.3016173102184219,0.01687555073384285,-0.043037514183454896,0.655188236943052,0.2829167086995375
duration,A,200908,593,0.26634456777795734,0.8788275282794678,0.13542160127320332,0.8729408160268195,0.32724181332950314,0.3285420174121692,0.014035444856334862,-0.043397570724810416,0.7138945656892883,0.28929566035345855
duration,A,200909,606,0.3342724852213429,0.9149163115117066,0.20712522952160423,0.8965838773483459,0.3542723809598273,0.21726981145021795,0.013384482665062756,-0.04497008407351577,0.7666743183087907,0.31232669763646576
duration,A,200910,604,0.42544412195494524,0.9267983181732179,0.3334302163311841,0.9258886036933798,0.3955310743093682,0.12384517296181742,0.009925951629591631,-0.04723169820839545,0.8667589320215682,0.2687551800834029
duration,A,200911,601,0.36949652019612944,0.9033007003830826,0.33619725706325565,0.9011919779326816,0.20699161419782094,0.5543401639570816,-0.00045249226762257604,-0.05112899684189312,0.7266172720431376,0.24353586783839115
duration,A,200912,622,0.32356623690654507,0.8577209091609495,0.31245302083027116,0.8582803929032508,0.0984731768279804,0.13225088040400856,-0.0019079218693860264,-0.04885854611280176,0.764708950531019,0.2273801740260007
duration,A,201001,626,0.46343645617722956,0.8751150603124608,0.4953940045038815,0.867056523339353,0.4336211916442808,0.2713187158400714,-0.0063897036643785834,-0.04873987380800974,0.7790924574613696,0.23416793447074485
duration,A,201002,638,0.47738940304577826,0.9273328472524922,0.5182727321277526,0.9261206178848704,0.35899159882869747,0.5641125812394453,-0.011703772896490435,-0.047306622643385844,0.780478438572985,0.21348707506502218
duration,A,201003,637,0.4959695012673915,0.9117620923550842,0.579334365792215,0.9008917934003909,0.23118316760848595,0.12489429893463724,-0.018112409909220945,-0.04870870048456905,0.8390060534935249,0.22274619756207137
duration,A,201004,644,0.3894293796974451,0.891093474565477,0.45249933224590694,0.8867882185039658,0.026028504170177668,0.1993523515390019,-0.01539964753686485,-0.04675465034854431,0.8834244444132321,0.2249446154501555
duration,A,201005,641,0.30681190389136137,0.8722239736600959,0.34781463688454084,0.8786227710790676,0.1332818172539986,0.5361538083018649,-0.015612619599966083,-0.04720794776545468,0.8450258363157547,0.21541003316891105
duration,A,201006,648,0.3926810345352247,0.901173459959287,0.43011278354321864,0.8987735670475125,0.36285558366610415,0.4542812230430602,-0.018508616636148643,-0.050137058971890885,0.8145660246797581,0.21243144149784135
duration,A,201007,669,0.4517233653969085,0.9226844350252711,0.5113493513608616,0.9080540344917554,0.31851169490214404,0.10827923164446825,-0.019440686866347402,-0.0510032828361776,0.8121513938889522,0.22247228245337894
duration,A,201008,667,0.5367312554348662,0.9433957861597178,0.5778538146366209,0.9341695473674396,0.5431961556040236,0.6081383567805028,-0.018144478640303347,-0.05085453484635564,0.8018782589444206,0.22203500698420858
duration,A,201009,689,0.6093829954129495,0.9388865866125087,0.6553919003027487,0.9372625452662756,0.5148902487860867,0.4179326035036765,-0.01466651487584691,-0.04560906534256851,0.7973882780591853,0.21989629228099108
duration,A,201010,703,0.6252173797936812,0.9527045587928794,0.6536650861186087,0.9487615285000122,0.4519337017242477,0.5397001471564395,-0.008359686890430696,-0.04343029721387856,0.7818292829545962,0.21990639065435033
duration,A,201011,722,0.5295766922570007,0.9357166506973846,0.4926541010472865,0.9260244445992227,0.10178809142452343,0.46508600240713344,0.0030093316502952916,-0.042440870435787086,0.815614905635205,0.2116807139599384
duration,A,201012,732,0.4932865683386345,0.9112583675192285,0.3959117830781103,0.8882755294498247,0.08518353090846642,0.053677163944797886,0.010367395254218767,-0.0422849919876338,0.8012953057895952,0.22346280970314145
duration,A,201101,730,0.5403783693189365,0.9319356920362406,0.3975753178465413,0.9114285033227157,0.30047681270870863,0.3120907537781704,0.01765144656474872,-0.04250795243983205,0.8097131594511924,0.216881950775238
duration,A,201102,744,0.5560136506797805,0.9414122777444794,0.37022882546401914,0.9155631386190285,0.46731876091408975,0.3483288203065517,0.02563148872604014,-0.041008614002599274,0.8134971700947113,0.2241831089038547
duration,A,201103,729,0.596271599024311,0.9479339846883441,0.3598137895702584,0.8990170971145098,0.49384893532534335,0.6145123521835852,0.035810967113831305,-0.03298797549737772,0.7788925727967063,0.22503574502644028
duration,A,201104,758,0.5669208219676344,0.9386476129015165,0.28462910692475024,0.8598685662560599,0.37979038211520966,0.6136152929957314,0.039473528792049475,-0.027170479617295802,0.7008272572460779,0.20543940021768703
duration,A,201105,767,0.5795390865385884,0.9395948480146997,0.29053090245982277,0.8626707276493476,0.5021960347867824,0.7397508891156417,0.044153997833783425,-0.023398547765188456,0.7141500172871389,0.21593485689970235
duration,A,201106,786,0.5472273229402721,0.9450994968333791,0.23710810119582582,0.8465975666512414,0.36932969606033433,0.6879582062502526,0.04809981135954838,-0.020839415946959337,0.7685741963830136,0.21290860147902896
duration,A,201107,800,0.5355571102454848,0.9400319095033577,0.22576298556716498,0.8473959589866074,0.35550777423089724,0.6533697746407,0.051820458361017875,-0.014909693227664668,0.7738889292685528,0.18323667631723933
duration,A,201108,799,0.4203399926599979,0.9035520669634035,0.14990881458966565,0.8136149274939539,0.23876558574157547,0.6793018293543621,0.0555806649454182,-0.012308491291325838,0.7851664381528218,0.18996085949659736
duration,A,201109,820,0.43243724317670074,0.9340022248005524,0.20375049526886962,0.8885407433935403,0.38005187033439314,0.7406949466959567,0.06012472885386297,-0.008151852124654245,0.8025765789648163,0.19626717128387364
duration,A,201110,834,0.4300196506294914,0.930710245730587,0.10911622823428255,0.8266142772619198,-0.039529977329319704,-0.12097853290790422,0.06422791607945492,-0.005445845496174207,0.8141054481377324,0.18609281071561698
duration,A,201111,823,0.4106403013552605,0.9243615136621263,0.12903204036461327,0.8544923398441235,0.30418193126579124,0.6620124839377379,0.06798555761859716,-0.004484893683855611,0.8189155425742961,0.19942747237718095
duration,A,201112,845,0.404437535732353,0.9552670394577462,0.1037049323984734,0.8672427101550363,0.2636542673022378,0.35041043819520556,0.0696169321963545,-0.0040705531307757645,0.8505085007084388,0.20282488279837813
duration,A,201201,858,0.5448013406235944,0.9373103353099783,0.24222785261570107,0.902470272336694,0.5598495434299651,-0.02628972749155924,0.07004631185923314,-0.001578019061957433,0.8553365786684961,0.2118127573207898
duration,A,201202,871,0.5341209473524017,0.9606442757618231,0.1960020063699704,0.8578149454223055,0.1826293725444759,0.20497204920328152,0.06975559300721952,-0.0005704600457764068,0.8625770151684089,0.20881161069690862
duration,A,201203,863,0.6027031389172637,0.9633920433504592,0.24826010350172678,0.8660907202433283,0.4483622408088,0.3744678613815306,0.06933150722227902,0.00015748232499606388,0.8561581341811152,0.20008612693506128
duration,A,201204,886,0.6172606755687089,0.9670729407691426,0.28317931371850835,0.8733970838223355,0.4108878639174665,0.5391392158331926,0.07021526445541246,0.0022633302907555633,0.8998967809369544,0.21718997629859416
duration,A,201205,877,0.602152041583451,0.9631007500777702,0.33230063071203964,0.8862265581349854,0.4211520287388616,0.653985492872338,0.07093658660406467,0.004296274852932473,0.9003508003879683,0.2068043194378403
duration,A,201206,892,0.6187597904380706,0.9455221012042792,0.34067845576892025,0.8591156308378953,0.28574834527962745,0.09336621766130804,0.07232353594966813,0.006112636705492271,0.905502593842767,0.20663501849540405
duration,A,201207,896,0.5755290861758626,0.9402583210016556,0.19622816611370167,0.8013951966784733,-0.16045038729790975,-0.26556928922425643,0.07263055654136948,0.006901876831204251,0.9077308129839875,0.2230501190977405
duration,A,201208,894,0.6382966658104089,0.9393072265425425,0.2734397833088956,0.8415897401621413,0.4193240844415026,0.04216647959110261,0.07267117052223934,0.007037066325106525,0.9431377966480647,0.21600264973366054
duration,A,201209,930,0.6854557535151903,0.9410031390985952,0.2648422980136147,0.7904121491866156,-0.011563289377551408,-0.4212605469614967,0.07070611916826171,0.002236266351059653,0.9659717698290509,0.2086345234429644
duration,A,201210,942,0.6282838293426196,0.9232608403385716,0.0685120418086105,0.6549523688739809,-0.4585941681310655,-0.6367893784597541,0.06982738655893052,-9.688421858219082e-06,1.0261456554729356,0.2609987576306123
duration,A,201211,939,0.6758354266466234,0.921864018047386,0.17357740657637072,0.7389319174841531,0.24689760458030116,-0.08824314373142568,0.0669804056684437,-0.004761968408268674,0.9698529783984792,0.24495151291092845
duration,A,201212,943,0.5741369697940278,0.8699793218942948,0.016850898493636357,0.574641875636025,-0.34088762816386337,-0.4599116485595194,0.06598483068267076,-0.010139998700635883,1.0125113796494853,0.2759059243660713
duration,A,201301,954,0.6749767875245596,0.8924444712508651,0.11757002067148407,0.6886289315682854,0.2133628085405159,-0.19808134826614354,0.0664384525102208,-0.014646492664504235,1.000482539362572,0.264422933364805
duration,A,201302,972,0.6887894640356225,0.9296189057928259,0.1455609448654765,0.6957024412020251,0.334953262440315,0.15606417323107824,0.0687963086574623,-0.017258023338199934,0.9697258960360672,0.2625966267203521
duration,A,201303,958,0.7346455857855724,0.9544354474121144,0.23660175916034487,0.7411754186896627,0.4413168561351468,0.331891823369002,0.07024109395413465,-0.019732570831971528,0.9664505744494151,0.2545844144474937
duration,A,201304,947,0.7369723591865374,0.9432455074357688,0.1540303492154604,0.6672537800565612,-0.05723434630486291,-0.23846419807164654,0.07167430056076417,-0.02062738236383252,0.9631510592870495,0.24567259077433495
duration,A,201305,948,0.7361636362117744,0.9609537863264185,0.07622237655934458,0.5980327740101743,0.028927017566820656,0.07036406065748449,0.0741895363655888,-0.020436691527104797,0.9702805639895201,0.24947848802429093
duration,A,201306,958,0.7129572576652285,0.9417856340337025,0.13291296245863793,0.6187422791667413,0.24779005569540002,0.3493600033558953,0.0773063511463323,-0.020066842360724136,0.982224962543726,0.24183664151396406
duration,A,201307,965,0.6925813302904297,0.9413682175192085,-0.022767220910304656,0.5446446803622992,-0.31993133636673365,-0.4966424116316884,0.080084597927632,-0.019864961053798553,0.9719036021377195,0.24849739886140196
duration,A,201308,957,0.7089479660407707,0.9384071964331351,-0.006331449943686155,0.5713941435799236,0.21407508477882148,0.07519445354566663,0.08095596110600863,-0.020869461094574562,0.9595309936435832,0.23971944199212983
duration,A,201309,943,0.763897925005,0.9318525172670115,0.09936339218425534,0.599939350377315,0.4621483074602442,0.2619769481634192,0.08297065792061017,-0.0179498830779269,0.9466707611202975,0.23358954915733282
duration,A,201310,933,0.7831244762819533,0.9548048938377385,0.04991950259426497,0.5706501739453769,0.17368536097917325,-0.04672957070818183,0.08366908109694467,-0.01463975194653701,0.9152126902313645,0.2383715834475885
duration,A,201311,946,0.7939010929291093,0.9437581173925712,0.07642342758935917,0.5282422662257478,0.35196272736579265,0.2689284672243435,0.08451007973909591,-0.010196592241380791,0.9322783193537162,0.23724447774483343
duration,A,201312,942,0.6877404977867905,0.881731404694711,-0.2509217839896068,0.22730001693524196,-0.44398302417415964,-0.4627165106363007,0.08522185937350732,-0.005308371799628385,0.9039098284317711,0.2341103471860513
duration,A,201401,936,0.7806609925952007,0.9078993453028232,-0.03874174458015252,0.49882785513396355,0.6059142983118123,0.42784158315578996,0.08460419939267162,-0.0017612062760602053,0.9026483114524504,0.24594617734494656
duration,A,201402,941,0.7775559068435006,0.9443385195584714,-0.09001945521649383,0.4124318242927088,0.1614568960166276,0.024336979500230355,0.0834379070760605,0.001727223648882748,0.9216869452802829,0.21629664184435474
duration,A,201403,921,0.7748457737822958,0.9551935433244785,-0.16821738731064073,0.3359923960430058,0.057391322780320615,0.02738754576015587,0.08319534487966695,0.005939049913528776,0.927418700043281,0.20978992780611874
duration,A,201404,927,0.7491845965345874,0.9454287965633658,-0.22015159945557222,0.3085284764095338,0.14550698515260396,0.13721044432280705,0.08294284035310237,0.008324953979384283,0.9318776287984427,0.20246480836098243
duration,A,201405,935,0.8043419021831306,0.9543268109689191,-0.1477050387996351,0.360429128750076,0.47176919524192484,0.3461752946637693,0.08185826954776995,0.010846394229847166,0.9134640160091342,0.18896980902846525
duration,A,201406,943,0.8033424879938769,0.94037167284657,-0.1584147909864775,0.29555162842259103,0.3256696844845838,0.2633875157691148,0.07943124206908406,0.010081048307713931,0.8897907032727517,0.199686108756883
duration,A,201407,960,0.7811579479699071,0.9282717788078634,-0.17707941577627578,0.2727414205686355,0.27469139235177115,0.2851148132560556,0.07766890290405055,0.011168326408513162,0.8980936654464491,0.18638176454365266
duration,A,201408,968,0.8064911705405414,0.9278387809382046,-0.06558597841027797,0.38807240128098636,0.4608044672302822,0.3982755563163614,0.07654666303829526,0.012966764075692645,0.900629825421357,0.1684453655961729
duration,A,201409,985,0.8172655208444929,0.9188055100050816,0.0816463172342921,0.4501278244261543,0.4407457922137667,0.4048827864419327,0.07479312374571752,0.014245469596333755,0.8997953127180038,0.16805254893222188
duration,A,201410,994,0.7802054177230728,0.9166572644304225,0.060423529075967986,0.47544320394390027,0.22523749650046965,0.20441103072555497,0.07386073768065679,0.014751641678340336,0.9175666767218229,0.11790038698809933
duration,A,201411,973,0.8450861254384457,0.9309352001171307,0.23867428660637213,0.5975293035673479,0.5402046473378319,0.4145431609472697,0.07370327427441853,0.01586331711550399,0.9243426038874069,0.12354960690604343
duration,A,201412,967,0.776270481854003,0.9128330069175201,0.19214456670771995,0.5555411392396559,0.24457250978295245,0.2544987230368587,0.07312818018245908,0.017575368016562124,0.9262123576477329,0.09605035573046519
duration,A,201501,976,0.843432070299306,0.941104617689227,0.3451216838003,0.7016401467731346,0.49789396503532696,0.3492521640520502,0.07217299670520419,0.019143094265424238,0.9226121691592646,0.10870375635905662
duration,A,201502,959,0.7821127065641186,0.9256736359233045,0.1436599972570593,0.5465446720639672,-0.13100868652323555,-0.20244138121502403,0.07152069412624477,0.019317792526276394,0.9311735782535905,0.10760115273835841
duration,A,201503,951,0.8023333510222952,0.9403203193104328,0.24975335443823887,0.6525915224133818,0.4359951418721233,0.3717900289785515,0.07047890541540967,0.019722179751110198,0.9234045375926971,0.11415663575437851
duration,A,201504,928,0.8237733833815689,0.9579044511546823,0.306255660066964,0.6908284658215009,0.43994705738982065,0.38207233731527696,0.06877400593326811,0.019867572070282183,0.9129342462975504,0.10597817080647128
duration,A,201505,923,0.8240899212607989,0.9592827813169384,0.3289485406897035,0.7079802205676757,0.26418290090344104,0.1942775076501513,0.0670599393246761,0.020379811325944203,0.9298696851296332,0.08264777662222303
duration,A,201506,940,0.845751615181334,0.9580140713127983,0.3632259535849431,0.6992891234742977,0.2799491383799713,0.23837148328067273,0.066441327649628,0.02078870822191392,0.9241436157561678,0.09486954810235652
duration,A,201507,927,0.8490716598219704,0.9595195613641803,0.4592663721820234,0.7748356658808779,0.559711172219045,0.48618260454448353,0.06524157322248267,0.021692630640473054,0.9071254367933808,0.07458909596161459
duration,A,201508,939,0.858505553027841,0.952283638676782,0.4750734531326059,0.752977112962687,0.3953457886891776,0.3718185961095594,0.0643541235995921,0.020679383058796644,0.9190787088033924,0.07598511015297427
duration,A,201509,942,0.8430877645735866,0.9598417740849418,0.48854159893245863,0.7844019958355033,0.48163132256655306,0.4808952781339197,0.06421467795259214,0.02097837554443919,0.9203459082457806,0.08907423376221685
duration,A,201510,956,0.8426446695519326,0.9531635214660767,0.4800776622436801,0.7882825987263815,0.3419346518353106,0.30111922677928377,0.06387847879546815,0.02122503125306372,0.9204358944053567,0.09538170878382145
duration,A,201511,940,0.8425097070093497,0.9677782483347719,0.505710424674445,0.8285960659973008,0.4321365716271651,0.36119131541160976,0.06366846792446729,0.02079703537681842,0.9155926940113357,0.05339246158751468
duration,A,201512,849,0.7653973439670357,0.9354820759397786,0.37139536753430613,0.726390857429711,0.10427022585819445,0.21570389006325913,0.06468842365762525,0.021889881016852637,0.9082782381290757,0.10421150567490092
duration,A,201601,844,0.7514860400771585,0.9265013422065747,0.4550944249598734,0.8053910055169223,0.47986214617523293,0.49761428661910273,0.06713662482223211,0.02443067513859336,0.9374673454029478,0.08463189725945326
duration,A,201602,854,0.7146822017729755,0.9531884833813314,0.39192630163805336,0.8312200409120549,0.16635560997125065,0.1787663582628393,0.06925371205480167,0.028607709599082373,0.9378209152829039,0.07402795167490869
duration,A,201603,867,0.7641896498220884,0.9293270513703805,0.3709675946314913,0.8134712871442727,0.042744617337186465,-0.29414260723308366,0.0699801097092831,0.027772694387751765,0.9269092693196682,0.07661020510159741
duration,A,201604,875,0.7749848594087959,0.9515463865957915,0.2779629299574129,0.741549699478967,-0.06292293568943204,-0.24559714762903603,0.07145955483439831,0.028220609847546214,0.9333524702633744,0.0416911895262085
duration,A,201605,890,0.8000745259246176,0.9711207999371241,0.31064314951778466,0.767539186985352,0.37391712654917114,0.2378785814864732,0.07321099921568322,0.02925819274464212,0.9365176994052851,0.062319865611136616
duration,A,201606,920,0.7712533956869048,0.9466515054029967,0.26589274346249586,0.7127870262575322,0.2545465528977314,0.2021481011428163,0.0745280420512846,0.02864117455864155,0.936057411797716,0.038721700555957965
duration,A,201607,913,0.7982908369494871,0.9676254521970936,0.25783234074362427,0.722335372835258,0.33125623850610636,0.2131368086424684,0.07620230361714518,0.029153448081868736,0.9387491891636999,0.0436160050957714
duration,A,201608,922,0.8052009983861254,0.9573507174520923,0.12287067445116626,0.5957299818065486,-0.053554229768630106,-0.2394555453128399,0.07841376552149125,0.029080586087467945,0.9495725344236698,0.0430824525867264
duration,A,201609,916,0.7697352122848907,0.9524776574025677,-0.052560549832535386,0.45623615600798056,-0.12327906636700535,-0.16372773053190556,0.08028039215794797,0.03090249980281205,0.9498219728616495,0.01667263010313113
duration,A,201610,933,0.7889238131839724,0.9451635207878766,-0.1044857981276186,0.41706117133604376,-0.012564442176663087,-0.2011926015671204,0.08238342097777421,0.03198544491223014,0.9559953151369318,-0.0004552317032807236
duration,A,201611,940,0.7455720716362175,0.9442547146671176,-0.29517321000984537,0.23053958124468762,-0.32081541850853545,-0.370717505104267,0.0846625900932067,0.033631850579658916,0.9649443043758331,-0.001520462902313287
duration,A,201612,948,0.7690606484821597,0.9223627623128042,-0.3101714099615273,0.22097685819344187,-0.011021150008493604,-0.20976027178689596,0.08616941039971875,0.03411210111322074,0.9730053991701545,0.008618054325451027
duration,A,201701,930,0.7896453691767138,0.9476226986674505,-0.36792249122178866,0.17400295628779858,0.13464256495749163,-0.07400985099561468,0.08718914632872203,0.035560312706832194,0.9718690468695774,0.011591454326428063
duration,A,201702,933,0.7951134493576472,0.9574363394906735,-0.3838503891567374,0.1604993605168737,0.23352062328434556,0.08497127700453372,0.08850948419348231,0.03339451915669034,0.9888945723083788,0.015961054358021972
duration,A,201703,935,0.83805279470824,0.9525818090760436,-0.31178110422977534,0.17673312717365736,0.2512518237105717,0.024158194229797248,0.09125905537780724,0.034013638429066746,1.0009850925107808,0.042340232838235396
duration,A,201704,933,0.8330369613950726,0.9524562776550548,-0.30379529731794597,0.1481175791106147,0.2569846248935549,0.1693777761390309,0.0928492632913343,0.03622226632012558,0.9710592409729301,0.05372114044965512
duration,A,201705,963,0.8398792069944164,0.946585390717876,-0.38837819659279244,0.056281442430574154,0.1960756420059618,0.0798191455460752,0.09357305916588551,0.03784798255098143,0.9592780626096968,0.04001486367586038
duration,A,201706,994,0.8365515343573144,0.9636313699373952,-0.4955580588746591,-0.049384669597270676,0.03860194098384908,-0.11485137283389224,0.09443631049799224,0.04057956717744262,0.9608893661018622,0.056490953042159245
duration,A,201707,983,0.8381146966395713,0.9561855848045553,-0.566059616227848,-0.13831009934661057,0.00941468174909076,-0.1054566029113655,0.09498403837106595,0.04287864944974075,0.9604537304445717,0.06548119394508051
duration,A,201708,973,0.8702863130458854,0.9500764332643573,-0.4321549376971159,-0.01917165794489228,0.5341841060576135,0.4275417722845347,0.09533472961322355,0.04495469437716888,0.9564899476988689,0.08149018253976636
duration,A,201709,972,0.8652360465949313,0.9604231147365712,-0.5070532559289237,-0.13212048922724398,0.0435510548944004,-0.08199388265036628,0.09475497962429705,0.04669501041130589,0.9505902615611821,0.08589448405932551
duration,A,201710,991,0.8613654118740216,0.9543450620241575,-0.5092697917622236,-0.14063073736841947,0.08892150567226248,-0.006997187831966115,0.09322991367866956,0.04868455867627237,0.9446673080477682,0.09041883228255088
duration,A,201711,1019,0.8528288547826094,0.934623038280611,-0.540393938943728,-0.19075071616859696,0.05644744537708194,-0.008655197610816874,0.0912299930928547,0.04972885472658883,0.9411394607451302,0.08611595592738701
duration,A,201712,1057,0.8418964911429234,0.9369449892179654,-0.4992222789486463,-0.1080616075589309,0.2763829199760362,0.1464574707581571,0.08814113694370979,0.04747182889535513,0.932792742944327,0.07592586002386295
duration,A,201801,1065,0.8388350561318946,0.9470083450641311,-0.588311713227818,-0.23181781306752594,-0.15998567389308788,-0.2363043750344515,0.0855957680149934,0.04488537496447931,0.927557167119889,0.09220964121889884
duration,A,201802,1057,0.7821515725023311,0.9393102834487839,-0.5589497554553843,-0.14172973865562272,0.11582878304894345,0.20027871955652163,0.0820331809411018,0.045018495542497136,0.9068977614921713,0.11172193449784039
duration,A,201803,1066,0.7790679449191559,0.9244796422577626,-0.3940152052476428,0.0849056163598904,0.40953506601466794,0.4067156038223212,0.0788399719089209,0.04604829757334711,0.8988017570704594,0.12976492762659975
duration,A,201804,1083,0.8360319841619058,0.9450081738481815,-0.19678020516386743,0.2926637515051927,0.5924432361204733,0.46991217072192415,0.07646081742489326,0.04629764564420084,0.9225838101607015,0.08797455427879135
duration,A,201805,1061,0.833056840895554,0.9632969018410142,-0.12419345618176028,0.3356732411868317,0.41418411349629725,0.42315156150218586,0.07467278824704585,0.04661021956281319,0.933086385735728,0.02276763334103344
duration,A,201806,1094,0.8437824465384677,0.9671243089594751,0.01283193386373715,0.46229447148451935,0.5038511858566787,0.43884334098052147,0.07280092883466201,0.046733399263497115,0.9287882391690868,0.017001554503828637
duration,A,201807,1104,0.8468340798435109,0.9566410652296303,0.0020936586837999632,0.39864524771819476,0.0795894051759826,-0.0097192988707445,0.07078266719590258,0.04710670891069672,0.9273249094039513,0.010239843947850989
duration,A,201808,1112,0.8561155498694587,0.9600545735322675,0.18254416727134906,0.5626336893375921,0.5817260312003393,0.5484780593326779,0.0682481141051163,0.048991847968215395,0.9210369925776022,-0.02855540731972717
duration,A,201809,1132,0.8563299992093251,0.974600402341475,0.14855210835081203,0.5195564256305011,0.08645927305821001,0.08876601514611875,0.06681234713681758,0.048076935568713855,0.9341179858283284,-0.05584305670135115
duration,A,201810,1120,0.8410843325451342,0.970539367164645,0.17683558307319167,0.5584839435752408,0.21993160241905252,0.26599726669758,0.06555419294068701,0.046477656006133065,0.9356135443387023,-0.0685781803542347
duration,A,201811,1111,0.8236205961825794,0.9471054909213076,0.2475455095159306,0.6001690000832492,0.34337635860863625,0.43207661115424617,0.06436046291361751,0.045720705946302904,0.9384433284670792,-0.06600225605285438
duration,A,201812,1115,0.7845685042229001,0.9227229007224916,0.26972245371927395,0.6328652674267641,0.3228409895302158,0.3702859023607105,0.06386719949248153,0.04707881125300116,0.9375264179959768,-0.06412832899848572
duration,A,201901,1128,0.8290221480886929,0.9386606023934032,0.3674273541448889,0.7519173543366665,0.30827519467116166,0.13510175132017532,0.06352101913841794,0.04688977751454491,0.9418955116358249,-0.07371113644710785
duration,A,201902,1150,0.8276427554221056,0.9454299377825698,0.3365551837188864,0.7129480654235417,0.11540515737054721,-0.020795630419377084,0.06235424300497742,0.047445561346093686,0.9374182752441581,-0.05872853614122685
duration,A,201903,1143,0.8479504672680673,0.9511512143025579,0.394621551312278,0.7346948991139916,0.33835428513288857,0.234607172516858,0.06085133329172812,0.04592625557488731,0.9324323479613413,-0.07555673103500189
duration,A,201904,1153,0.8261836052684789,0.9518113380779439,0.2516965707658715,0.6364582033063968,-0.16141697096370064,-0.30492691764768465,0.05949221693574871,0.04614158530184228,0.9314034834071652,-0.0830980142020363
duration,A,201905,1159,0.8471725047293708,0.9482873045527214,0.384008909894585,0.7121978974037138,0.5013691208092209,0.46581934479289105,0.05893807521587778,0.0470589261429282,0.9394416622729237,-0.029298646263414732
duration,A,201906,1188,0.8330721620385717,0.9548127321643426,0.2061287179886982,0.5866639046771808,-0.17335041084193487,-0.2513581353698143,0.05848181905405563,0.047561932897749994,0.9447340005341462,-0.028381041301090225
duration,A,201907,1224,0.8605931713054135,0.9571788541380295,0.28273016483780755,0.6440197989190414,0.3465217779671149,0.2066324745101512,0.05875926733874348,0.047960716837899355,0.9555471383817451,-0.02173228409344065
duration,A,201908,1225,0.853872161213097,0.9569209593335886,0.3598318751965121,0.6846604548964166,0.4503044168737786,0.41259054433444387,0.059001005182318156,0.04813388007989704,0.9533366388897409,-0.04200047799069892
duration,A,201909,1259,0.8732064807410765,0.9630422873011506,0.40674273345617507,0.7156160517464608,0.44962010491450793,0.36103336133752323,0.05911655822058044,0.04714952792017145,0.9507058276494341,-0.04780446006315776
duration,A,201910,1252,0.8655401953554859,0.9742724543933777,0.2927496728333761,0.6290529370981809,-0.17663141210613764,-0.1570104556584166,0.059367329954167825,0.047391135531400945,0.9516666963054731,-0.03914360387820125
duration,A,201911,1260,0.852161584101138,0.9582928296084974,0.1435212064315509,0.5336073625934035,-0.14872224391315797,-0.29573475950133793,0.05963301248790677,0.04688573331203063,0.9568373999673307,-0.03721206053433272
duration,A,201912,1249,0.8288751739029718,0.9355568095194509,-0.10449595692630405,0.3023447696979857,-0.3872232592030906,-0.5222408314688802,0.06047832926471606,0.04588501606085681,0.9774983855663754,-0.053175856296530565
duration,A,202001,1235,0.8681818434615365,0.9543250911221866,0.17708128161704245,0.5558606698335167,0.5907123473064994,0.4621958491499326,0.0614627180720735,0.04581858926818621,0.9818104879099295,-0.09587370607622947
duration,A,202002,1240,0.7782308219595664,0.9156592457994153,0.018030332448336028,0.3894807375806552,0.028588359211163678,0.09306383139531309,0.06361201320591404,0.04646086260364908,0.9813716461730742,-0.10521849605076211
duration,A,202003,1159,0.2678734154992292,0.5867466926937476,-0.28370540239185826,0.12090514324494726,-0.38747353714542326,-0.1703985242910922,0.06572518778836994,0.04876523103625548,0.9743906969482639,-0.07260552002324712
duration,A,202004,1142,0.6014802549274418,0.7742088472898456,0.0059504477438446285,0.7472489148665388,0.4855260418743804,-0.22230089659374822,0.06774478222681235,0.05181198244364641,0.9716292994301324,-0.04925793409672405
duration,A,202005,1105,0.775450629851873,0.8888793827368028,0.4179328125983893,0.8434871566967703,0.7315054098350743,0.30300398623137115,0.0680632840582921,0.05227156892927232,0.9569714631748694,-0.01655430490814144
duration,A,202006,1099,0.8273124599113948,0.9488199406315728,0.4686862961270396,0.827067880433235,0.18915331509880953,-0.09148237095819846,0.06867304728370863,0.050541053900672046,0.958879119605364,-0.023893027485758316
duration,A,202007,1075,0.7982685205848764,0.9514654938496906,0.30372554749038033,0.6840383618780649,-0.5026145463906423,-0.587562817164801,0.06824228589078313,0.05144172979363116,0.9468837332519541,-0.028555524389877258
duration,A,202008,1056,0.8273147535794286,0.9617874075355268,0.40763149549361527,0.7709185352683515,0.5340208910702617,0.45022359311322574,0.0682451861178749,0.05191247434155137,0.9499777227024933,-3.802227754291167e-05
duration,A,202009,905,0.8269026533571827,0.9552744045841589,0.45909810021554837,0.7838929699265285,0.4830707974315529,0.48136468912897706,0.06802539479803255,0.0504828839829474,0.9499789849538688,-0.018902304586026583
duration,BBB,200307,442,0.15511876412724376,0.8366557887838518,0.4098983576761143,0.8037436888281967,0.060554522208258195,0.11959380036091533,-0.07859878792198048,-0.04230663516229233,0.789975170589095,0.21544468552971005
duration,BBB,200308,444,0.17447352239753386,0.8193097198448859,0.430294920684755,0.7853546650361015,0.12118256181968863,0.08926452513334597,-0.07859878792198048,-0.04230663516229233,0.789975170589095,0.21544468552971005
duration,BBB,200309,451,0.1802439737405561,0.7765353549482096,0.4181519926220983,0.755873869277711,0.06274225091406183,0.14147335648738624,-0.06661499083226877,-0.047441607707405735,0.785864943696266,0.2207120458208938
duration,BBB,200310,433,0.16235873276028234,0.7749857940094608,0.3650784781865762,0.7459137429474934,0.09891530055614091,0.01302601659442987,-0.057511704829126105,-0.050633098249071994,0.8011222591781785,0.22505366009486613
duration,BBB,200311,437,0.25717608576303586,0.8154200682213809,0.47120060945430664,0.788315859069731,0.18399411712094385,0.12582260657901206,-0.057511704829126105,-0.050633098249071994,0.8011222591781785,0.22505366009486613
duration,BBB,200312,442,0.2558953082882745,0.8151131263410034,0.49957965474781685,0.7865424343031188,0.13883775423696132,-0.08641685533390298,-0.057511704829126105,-0.050633098249071994,0.8011222591781785,0.22505366009486613
duration,BBB,200401,441,0.3348942491295209,0.7673521425126749,0.5448474494692983,0.7316943560641039,0.24253533581264672,0.06375865031327216,-0.05233467810728946,-0.05776032083567728,0.8015664475012874,0.23458499221782594
duration,BBB,200402,445,0.32177073531434386,0.8036699264123907,0.496595850145505,0.7938375462095013,0.15920984722314896,0.2814333802723737,-0.04683911358287124,-0.06307308040130505,0.7878274755618215,0.2372726619518523
duration,BBB,200403,438,0.3967200205590487,0.7717714235363262,0.574735305460608,0.7489236882413622,0.30105675024361744,0.21769506300778624,-0.04683911358287124,-0.06307308040130505,0.7878274755618215,0.2372726619518523
duration,BBB,200404,440,0.4296421985650752,0.7557042696971106,0.6042882922479408,0.7473844953181106,0.2987403203153285,0.1445935342453403,-0.04683911358287124,-0.06307308040130505,0.7878274755618215,0.2372726619518523
duration,BBB,200405,435,0.4157776880384058,0.8168795384998914,0.5553451701832676,0.8174785731051102,0.17354975748501686,0.25833363705413176,-0.0390360849297573,-0.06099813981963028,0.7924574965252261,0.2466732758275931
duration,BBB,200406,436,0.4857368515162988,0.7652150747417216,0.6019947052065469,0.7585342529121726,0.27476503177672396,-0.0018809040675220091,-0.031630423109486445,-0.060620560443697395,0.7922469546986521,0.2515737928034262
duration,BBB,200407,432,0.5698505662336487,0.8006575347685501,0.6712979583914571,0.7942328175579169,0.38387744871270485,0.23455665521755986,-0.031630423109486445,-0.060620560443697395,0.7922469546986521,0.2515737928034262
duration,BBB,200408,431,0.5623870633164865,0.8104991396727759,0.6538564842293326,0.8175067597139037,0.2536249153162227,0.2357809193210909,-0.02695738383274301,-0.06460934899207256,0.789910918046773,0.2485343556635415
duration,BBB,200409,441,0.6010381775087658,0.8235824399689946,0.6659995466718156,0.8195559342618166,0.26563870303366105,0.1182561136342649,-0.020716115212719904,-0.06936877438816205,0.8122187429678759,0.2630235948571949
duration,BBB,200410,437,0.538983655389411,0.8068961632337953,0.5925227675414392,0.8189791007673107,0.22165305565469318,0.2242977054298433,-0.0136060328237789,-0.07085336133772818,0.7743024491517119,0.26814925063481787
duration,BBB,200411,434,0.42448095669920277,0.7663125370912344,0.4164553231733341,0.7579038389700147,-0.03643397168818024,-0.02113481496302447,-0.005443338845436115,-0.06820331954154654,0.761747972232926,0.2863667220916104
duration,BBB,200412,423,0.4385454475981407,0.7275903651086398,0.4075556680194038,0.7340569811193915,0.33322805702424463,0.15971827171815378,0.0016850482119521847,-0.06995026105701915,0.7901645685788657,0.31457655720025557
duration,BBB,200501,425,0.5078723171437057,0.805022619820803,0.4171307311125354,0.7944375886900942,0.3259689546825905,0.2510774511527667,0.007899726927793742,-0.06649827614625038,0.7769813476603942,0.32056603564358777
duration,BBB,200502,427,0.42393623360880167,0.7980910126798414,0.2785410178244278,0.7550219348880166,0.04835555388405197,0.004672897196261683,0.012121794173889932,-0.06778983246023387,0.7797038637089245,0.32421946876558494
duration,BBB,200503,411,0.4861058057111646,0.7417027514299848,0.33378060015452393,0.7076212255972785,0.369619445822408,0.3945792330572085,0.0147108804991099,-0.06947994286136759,0.7570700742471622,0.33280659012272373
duration,BBB,200504,404,0.46707267914549927,0.7566185402659372,0.2706114118442448,0.6951115624382951,0.2878164408665846,0.3226592634449549,0.01982054290689535,-0.0665845686246865,0.7297242315794982,0.3491746784572788
duration,BBB,200505,402,0.4753353309503981,0.7794281739185698,0.26571501323355434,0.722826927717926,0.26118188473854437,0.2330068868789472,0.02508115841191038,-0.06585858084266039,0.7463165097111462,0.34857419787292204
duration,BBB,200506,397,0.6166978052086548,0.8162138476828824,0.4101274256428043,0.7912558552272024,0.47311525536215093,0.3312627527408223,0.027858963789189336,-0.0657016299510532,0.735335261216555,0.36294701520038075
duration,BBB,200507,403,0.6009509732129465,0.8518053077152866,0.3690701224487102,0.7792958887155218,0.34392877271505523,0.3113350179978219,0.03049390897622172,-0.06143335341004766,0.724287677964511,0.3728336461748748
duration,BBB,200508,405,0.6746501415330369,0.8226924334469573,0.41867983185839114,0.7299251600036851,0.43996614768209175,0.3715691109340819,0.034894380578038585,-0.052789237348342906,0.7259571248571334,0.39248436996157804
duration,BBB,200509,404,0.6879221751786426,0.8434036621197272,0.4413641364136413,0.7641051119173125,0.48797768114280404,0.40803398784874345,0.03918202439175588,-0.047999430374285904,0.725764094657072,0.40846888832435846
duration,BBB,200510,414,0.6527198446473486,0.8447312714266388,0.3784659640773855,0.7281387894984508,0.3909466690850147,0.43456335078179864,0.04386142791202046,-0.041393549908652724,0.7352174823324784,0.4353388932209259
duration,BBB,200511,411,0.6507759903621289,0.8784181030893612,0.33001066457408246,0.7703583940896486,0.39246669697226344,0.4112223646326068,0.04948451495228902,-0.0316417045758079,0.729345751629861,0.44693849025244115
duration,BBB,200512,411,0.6419873096753788,0.8653575916384207,0.29690675497924984,0.7405411104639004,0.4416784345718873,0.37052671242466084,0.05058778058189677,-0.027382903584752396,0.7165891586897928,0.45144530562516544
duration,BBB,200601,413,0.6697185975290876,0.8193911401336406,0.2960209403749194,0.6779642278815927,0.4343032531784133,0.37689983377572367,0.05230023445341211,-0.02714274770005392,0.7075063811938208,0.463260896828557
duration,BBB,200602,424,0.6382160090049669,0.8693258082036507,0.17389582890562885,0.6632030604293101,0.3331799970088396,0.3917719476389512,0.05409062716578681,-0.021781380815877334,0.7089285040800366,0.467776609894122
duration,BBB,200603,419,0.6658032040043923,0.8114951953881998,0.2385569586800588,0.6507201503433133,0.5206509982919982,0.4466473734781737,0.056083018640311545,-0.015879080912207702,0.7020413640813917,0.4724577777718005
duration,BBB,200604,424,0.6792177076075997,0.8512571414942531,0.2314504070123193,0.6648862440033634,0.3263003410828137,0.24202659936660623,0.05649733090855088,-0.013739523167044004,0.7497607623688425,0.4603080799746481
duration,BBB,200605,416,0.6773321287363067,0.8644267800765929,0.2947948406798194,0.7111596098488986,0.5134513705069309,0.5187013071114557,0.05788095236328632,-0.01459297941074908,0.7690118612599084,0.4797044475529771
duration,BBB,200606,410,0.6935784792324036,0.8304462570619318,0.3682783620975967,0.6942340162787347,0.47929482321611006,0.46561734309006925,0.058237222801759254,-0.01449034265119007,0.7488019144285163,0.44252795312981225
duration,BBB,200607,416,0.6642924213855603,0.8241350081066529,0.26447683373227276,0.6436433614924557,0.3057702308959135,0.2907008221041332,0.05941633614152098,-0.016714409389144005,0.7676492867061654,0.45511541861616295
duration,BBB,200608,417,0.679540772735152,0.8798779235518739,0.27458160449924934,0.7140451901747227,0.36460018588000415,0.33513196351360086,0.059276019922081924,-0.01827646410251632,0.7719892182118115,0.4329491568461194
duration,BBB,200609,416,0.6891875758090854,0.8762503044136128,0.25729192364366155,0.6995898688321245,0.4171500056673846,0.4031051937126893,0.06013449970165703,-0.01690266165522386,0.7800474827718541,0.42760977414933715
duration,BBB,200610,403,0.7145440996266853,0.9011759099842608,0.3092146202139195,0.7388068868736434,0.4671447812163906,0.4884316715809205,0.06095174229377605,-0.015164464434177688,0.779705780276577,0.3995287999508499
duration,BBB,200611,394,0.6973841750097618,0.8660751611586017,0.2671692091768456,0.6813492052592186,0.4052279214415837,0.3819754901133692,0.0627615611090078,-0.010626916956523142,0.7976061369877908,0.41093211674201024
duration,BBB,200612,395,0.708650275809564,0.8003308936240513,0.30449609505061537,0.6439184277315135,0.32015950807957494,0.1219393824454844,0.06541984265222707,-0.008291739048516801,0.810559595871579,0.37076714176869746
duration,BBB,200701,400,0.7297718110738192,0.8237758985993663,0.2963386646166538,0.6263341645885286,0.2601164382277389,0.08409596309976937,0.06725526180656663,-0.005458007935755721,0.8216396852695828,0.3500861413221893
duration,BBB,200702,391,0.6878959621254511,0.8620668766871413,0.12468131065135087,0.5550325815945109,0.24388859222618817,0.2361446919905086,0.06820899943289783,-0.004689892531254877,0.7911797186851102,0.3454817274424886
duration,BBB,200703,380,0.7158981718251368,0.8377283838085248,0.22122125542609797,0.5985492281009334,0.46770595442813434,0.39983173814615364,0.06998092859623423,-0.0019858311728913024,0.7914978398484792,0.33355704848875045
duration,BBB,200704,384,0.7047139068607696,0.8024133637826008,0.162227255890953,0.5278618400382604,0.39333654723774614,0.2449993477882406,0.07208678392457116,0.0023520015046082474,0.7835574885766826,0.3403881614139629
duration,BBB,200705,384,0.7352874605811943,0.8682564632142268,0.159752975484046,0.5595453146481835,0.4133013037875962,0.26262907871411434,0.07177534065216803,0.002912534644517554,0.7730295720962972,0.28445240140186884
duration,BBB,200706,381,0.7598470761559873,0.8894190065591483,0.16023502711100213,0.5421603747588867,0.4566699140562788,0.40734915368976504,0.07360920811747346,0.013207506728939765,0.7918690051836184,0.2650577821755978
duration,BBB,200707,390,0.6170074762544584,0.7647824905935512,0.023555811574141737,0.3710240344471996,0.21386890218769455,0.24358214057949099,0.07457336042729494,0.01741529615242694,0.7804546627475408,0.23834693679728491
duration,BBB,200708,376,0.46951453242282293,0.7134552013914567,-0.16645973249054688,0.34058605680828863,0.08532355099046221,0.0003748518750974596,0.07439303054245848,0.014257282367624384,0.7355522680360367,0.2589608348841665
duration,BBB,200709,381,0.4659015411720545,0.6781586649974071,-0.3077368876699726,0.24986797082990692,0.04666477175335172,-0.1418054039745445,0.07491461551537132,0.01327773623721468,0.7368881909758022,0.2584845385278011
duration,BBB,200710,379,0.4825749510098906,0.7698185657635733,-0.2766108322697685,0.42849692392811406,0.24956432417896104,0.20898552449725896,0.07497281864072143,0.01527962288839924,0.7521368991074758,0.25839090464484515
duration,BBB,200711,387,0.08203261354305512,0.5786048830459845,-0.4304226195430328,0.23970531786838065,-0.25804065326464626,0.04515345491466077,0.07493984518179284,0.018016899807993456,0.7573102609926134,0.20987933987642923
duration,BBB,200712,381,0.172988806269704,0.6139788189193351,-0.37327521301501676,0.49485834799721395,0.07745696847139077,-0.10253817129293116,0.07514757053058342,0.019050479559483153,0.757851422336799,0.23172734392891509
duration,BBB,200801,384,0.12271158997660303,0.6952148536841748,-0.3115738699942355,0.5861745956393476,0.02626754772642501,0.18729188566003188,0.07619019582450372,0.023990835284702156,0.7574801987943194,0.23646863713511942
duration,BBB,200802,384,-0.07201837001118985,0.6929830287206267,-0.4174877505001526,0.5657081821572684,-0.25120608829812485,0.08065278390017293,0.07704818929468138,0.026919478537651913,0.7932961473117917,0.153760552576493
duration,BBB,200803,377,-0.1436132140460827,0.7483619950604543,-0.42386703538574416,0.7052399585414993,-0.11087237536247076,0.19795829425323186,0.07687984559397706,0.025633341477107302,0.7944677068975965,0.12952196734848848
duration,BBB,200804,387,-0.1795163082207975,0.7206190535935891,-0.5155978714779117,0.6801906328299399,-0.05347930380383675,-0.3399430395497491,0.07657452912549324,0.02302313769586673,0.7988063466897313,0.11047340142374153
duration,BBB,200805,405,0.0003800708478072767,0.75400528558603,-0.3928109888164515,0.7555309882383969,0.23532346666522155,0.010245655107382661,0.07684612649565309,0.022498738481868865,0.8003970847889711,0.1453572613245604
duration,BBB,200806,413,0.08940210745238171,0.7458828380283793,-0.24884700859330794,0.7170952418428648,0.15739095002676148,0.18795369705072004,0.0760824560179366,0.02074993983639729,0.7895997537696322,0.11927555995124439
duration,BBB,200807,424,0.08204335931090596,0.7994382443242048,-0.2338871007740456,0.7515725927681853,0.052486915739285614,0.1685889661049964,0.07513696565040977,0.01965206042149504,0.7904969835406996,0.10020440132780466
duration,BBB,200808,427,0.1149179433888454,0.8022701861544631,-0.20573432937135608,0.7830398971121042,0.12013925131916056,0.10900765401355582,0.07491839338520974,0.021650763782592043,0.8520061726025289,0.077013973526602
duration,BBB,200809,428,-0.15668397788820648,0.5538662348835477,-0.36820051405619053,0.5163445410113099,-0.2221784650159095,0.020532401565035243,0.07185384983510958,0.014522110482057848,0.8303952814114627,0.06893788864592625
duration,BBB,200810,424,-0.3933564122352791,0.5084793298415212,-0.5009585881723223,0.500711581300525,-0.32458072590738424,0.048699553687392254,0.06772593119826946,0.005660602243723993,0.7928661863174395,0.07311980137273535
duration,BBB,200811,415,-0.20394470860028743,0.7173697598659595,-0.29715769432244027,0.7384323556110886,0.07998532591906087,0.16595538365650675,0.06331020387437873,-0.0004134758002481862,0.7747356074530908,0.12200722072105614
duration,BBB,200812,422,-0.09575957086733587,0.7555442556432963,-0.2026649376683161,0.7698878522297221,0.06132890321417568,0.05580051561771093,0.05521401212639417,-0.012827618619894465,0.7742273892111635,0.10311816205125914
duration,BBB,200901,430,-0.025309531023662568,0.767922575455085,-0.1365516585610472,0.7764403620983775,0.06513431531507397,0.05414941180332644,0.04834120240888642,-0.01903485201849085,0.7638286443051066,0.13472102238428707
duration,BBB,200902,439,0.056029780124079116,0.8799762848316534,-0.0548556523515178,0.8860859192606314,0.1322076665806188,0.3356080699654201,0.04122202651914032,-0.02324442074293237,0.7962975979561521,0.17200964619798878
duration,BBB,200903,434,0.18407277560866225,0.9122974352161516,0.11028163188762467,0.9198816530262556,0.35800025615910336,0.41672469392106554,0.033660935201753076,-0.019841864546689417,0.813064790017981,0.20976170431225555
duration,BBB,200904,441,0.1662686053442356,0.9074068788354502,0.09103389607591289,0.902817630548723,0.030892636774989716,-0.20472510682594716,0.023725523530491913,-0.026733123742719744,0.8443955961167321,0.22936630067042077
duration,BBB,200905,451,0.16802739242195314,0.8973847693424639,0.1042909561838981,0.8949903524779413,0.008872188319630579,-0.13958898285684382,0.015021621817434399,-0.028025908682058415,0.7977159080398589,0.24522516779223252
duration,BBB,200906,457,0.08582938503032832,0.8736623085716357,0.02301855203688179,0.8647509036127917,-0.08747366610558102,0.17749912367035528,0.008711895345219964,-0.029401953322836565,0.7862257960778095,0.26593758511686993
duration,BBB,200907,463,0.06960594518314037,0.8663367521731264,0.00786637024255256,0.8652755786702311,-0.01417441015824869,0.09752120412543439,0.003734796496119789,-0.03591074126406724,0.7931786229903297,0.2774727605379437
duration,BBB,200908,460,0.15009360866833257,0.871950251838648,0.09631828209922091,0.876568291499693,0.23471270617083959,0.18388531054535684,-0.0002397221309627099,-0.03646870446789929,0.79868034883932,0.2784235722574074
duration,BBB,200909,477,0.21866397147001218,0.8891316217021267,0.17437798518791742,0.8917532908797843,0.23615057454259825,0.11598345819736278,-0.0023703543613322227,-0.03661343278356989,0.8155335285294902,0.26101613542150304
duration,BBB,200910,488,0.28247964114136415,0.8884438011243143,0.2735421471174195,0.8908378372741053,0.21701212310580995,0.2579105418338328,-0.010332323177100268,-0.041047206289926856,0.8181066410263669,0.23441623226838004
duration,BBB,200911,506,0.246938061441853,0.886447775212304,0.3116157923999244,0.8813349305087445,0.1677851603014688,0.3224598508217172,-0.027871682667979576,-0.05500495984498439,0.7921777118155257,0.225740759883137
duration,BBB,200912,515,0.226736938097242,0.8482918999554581,0.3624291787502427,0.840752627052158,0.01199469713675255,-0.11573762599351815,-0.03584979315254195,-0.05353761985723916,0.8062512472407636,0.21582918972523712
duration,BBB,201001,521,0.3290856173575781,0.8467018054848827,0.5101870849603988,0.8008287639732473,0.3372212350933642,0.21049094528477677,-0.043281531231386186,-0.05689289810876229,0.7912511282846268,0.1926541733213083
duration,BBB,201002,522,0.3380471782704811,0.8935103170736869,0.5189765190661166,0.8677112212908109,0.2659019889061516,0.47636295598411393,-0.04777397015567574,-0.05776416645245152,0.7579176542773699,0.16372242766696007
duration,BBB,201003,521,0.3904012042406377,0.8870892831361042,0.589899465592761,0.8474691959567829,0.28018399629359986,0.14612619011788666,-0.04763713427987418,-0.05762929555464868,0.7903514834759688,0.1549240732916513
duration,BBB,201004,523,0.3917237118016532,0.8688054167419523,0.5452449581260775,0.8397995111591373,0.21825801664286884,0.274484362477731,-0.0381968513968552,-0.04535473102156123,0.8124147017190043,0.14787919047630987
duration,BBB,201005,534,0.3435753746385516,0.8537992052026111,0.44032811644524494,0.8564822325094632,0.24972474067425188,0.546630247811214,-0.03187380759230912,-0.03933236824170663,0.803180271703421,0.14868663620961028
duration,BBB,201006,531,0.3582970057058219,0.9023325021860695,0.42113085720377047,0.9022902635546332,0.268528532716505,0.5546801124974251,-0.027580899981375268,-0.03586101984145201,0.7897523761936835,0.14702242273743563
duration,BBB,201007,529,0.36228887476613697,0.9096732564435956,0.43709116524592506,0.9057423307512475,0.13172115094663872,0.2090402455197191,-0.02823634472126658,-0.03280083522839128,0.7900319988063793,0.14486814106352985
duration,BBB,201008,540,0.477158395985964,0.930232575862362,0.5491609291450855,0.9162322230185975,0.5267695248154716,0.5730047085209483,-0.02938188360881953,-0.03540071805685029,0.7895851444091083,0.14023478853673
duration,BBB,201009,548,0.5310640632523196,0.9335711077796828,0.6089489032135937,0.9301795697294638,0.37480896119736584,0.44281115489414097,-0.029453228253087306,-0.035874900956475136,0.7908118501741078,0.14638487676012274
duration,BBB,201010,563,0.5030257381406411,0.9413943114562883,0.5574059103433092,0.9392499483225228,0.2967035619869489,0.47482341903568287,-0.020543975193120602,-0.03357294901883984,0.7899811509527372,0.15196349082948574
duration,BBB,201011,565,0.44232362664733493,0.9381593329225918,0.4217174435616991,0.9346770786413691,0.11790623234795708,0.45451203682203684,6.799995613865544e-05,-0.02941652505109556,0.796689327388447,0.15857254074929752
duration,BBB,201012,573,0.34345016405268475,0.9078297342395464,0.24649999225809296,0.8828431637772772,0.00152867183781408,0.19183154018487486,0.01212490568326752,-0.028065764936293206,0.7956634610265436,0.16037088687247078
duration,BBB,201101,568,0.4253316295830642,0.9103351625461807,0.2820086567704083,0.9071376773300089,0.24255832462718777,0.24874960889466205,0.020302423967470052,-0.025930316650852502,0.800139985178926,0.15388303109673582
duration,BBB,201102,577,0.40933875656593494,0.9183026916526827,0.2193980427419541,0.8974447626355293,0.29247512745390275,0.2781237487438343,0.028381663616012083,-0.02421685081167358,0.8212170156422806,0.1661602507356508
duration,BBB,201103,566,0.494199690474779,0.9056832915927019,0.2957188388960752,0.8876232250897329,0.4873115390591402,0.3412770110093249,0.03342338932814156,-0.020116343925791962,0.803038303440642,0.1823035040108951
duration,BBB,201104,548,0.445906349915053,0.9247333186182687,0.23819329338681802,0.8724626813050207,0.19055527639711634,0.537715593382071,0.03258290687716068,-0.022681710487806997,0.7717896169307218,0.19741052687388386
duration,BBB,201105,563,0.49042947917306895,0.9380457992229483,0.2843122645682406,0.900936663519171,0.42879085731623295,0.6172062664976227,0.03324093760050829,-0.022639434826044764,0.7880644724231043,0.21113804596536268
duration,BBB,201106,576,0.48603025393715626,0.9257350614121016,0.2848767990354909,0.8821109938964661,0.354955039811117,0.5817705272147289,0.03300530192330498,-0.022046957389778025,0.8262780143440857,0.19795467741058245
duration,BBB,201107,569,0.45929172295822857,0.9279996508511806,0.2520604991525325,0.8861395084036735,0.25627829505941396,0.5037245580596706,0.036893773461619206,-0.019380598713207662,0.8479039372305006,0.203658026461158
duration,BBB,201108,582,0.4058447112960439,0.9145738735945507,0.21166481835612352,0.8725612580495252,0.2656584550384219,0.6019326195162784,0.04081836901047789,-0.019190656566340274,0.8428147214017766,0.2300278981260358
duration,BBB,201109,583,0.4890820228383076,0.9338186935065448,0.32654443570514474,0.9153202237379133,0.4618306714535528,0.5475347988710881,0.04675496670004733,-0.015296231505307633,0.8570704385428208,0.23125250684177426
duration,BBB,201110,585,0.37140556312794387,0.9210009836262737,0.13805778431520638,0.8498353582454222,-0.2498903701998751,-0.08024380013576055,0.052164427717892856,-0.01300579233542484,0.8623337729169583,0.2426438160862488
duration,BBB,201111,619,0.420415721588066,0.9035131879257282,0.2203112928270495,0.8793531083493932,0.37543708040660434,0.5016713155342336,0.055834491431477014,-0.012043183817664893,0.8669542249351102,0.22621748614435627
duration,BBB,201112,643,0.42641754358438205,0.9416775052290967,0.20775671233292234,0.9045284171353497,0.21228561696660303,0.22675727575460455,0.059216437948787094,-0.008579815281989332,0.8698741271053949,0.2281923287181789
duration,BBB,201201,651,0.49295046137318055,0.9533052935586086,0.3020553125876696,0.9395862755886504,0.4476131467977896,0.19012876693858288,0.06029277913621798,-0.006089248609811197,0.8762672158610298,0.2195827668638846
duration,BBB,201202,654,0.5230291713368683,0.9461803157744477,0.30493753503656673,0.9116057625184909,0.2967540869783071,0.24506820809149366,0.06127279449463897,-0.004576909738143582,0.8608580347418764,0.21451699270563965
duration,BBB,201203,655,0.5527751882857905,0.9494667991612578,0.3403520691310282,0.9169416882032116,0.4073497409636188,0.3349228100621927,0.06139094590493015,-0.004408037689965235,0.8583576291869559,0.2091821707234664
duration,BBB,201204,659,0.5411211943707988,0.9570813976341501,0.35098743312671565,0.9236718839289842,0.43226664531026393,0.6719518452807435,0.06183268249280732,-0.005536658163270399,0.86843503355291,0.202125394917464
duration,BBB,201205,662,0.5366693365562553,0.9482315516258197,0.37470746013091155,0.924232946870452,0.405541365526815,0.6286188614763266,0.061958417975310015,-0.008244313003491504,0.8738343115233083,0.22017568109755287
duration,BBB,201206,663,0.528655680211403,0.9632891207550993,0.3501658889114166,0.9293228744700885,0.38482171636059626,0.4486867237648217,0.06304562576540956,-0.008110260171472915,0.8767556752072644,0.21957814340994808
duration,BBB,201207,680,0.5045933592111626,0.9393211973921683,0.29793925108987235,0.8873579769343589,0.10440166075058935,0.3093218957958768,0.06308938380362052,-0.009039569851257107,0.8708437933745534,0.23021352741593004
duration,BBB,201208,652,0.586228506814855,0.9586184302443106,0.3774334647356269,0.9368341175315881,0.48991861070292175,0.24382711492699372,0.06368577224346661,-0.008916655468038753,0.898192867530391,0.20235413476138076
duration,BBB,201209,704,0.6024207871212353,0.9591161532090985,0.3740264506081976,0.9114991429381127,0.20900021598509844,0.0221282923970494,0.0622078647851916,-0.012617490853388862,0.9136836748382695,0.18662662864021046
duration,BBB,201210,702,0.529923223684477,0.9519044732608037,0.24607723226238132,0.8682788085896427,-0.2677834840159339,-0.24640006718240817,0.06354197794972723,-0.011824634518548687,0.9490701059370136,0.15418459105551668
duration,BBB,201211,713,0.5629127731124347,0.9501972676759554,0.30617492771005433,0.9036913412391756,0.36703157857831786,0.3519929424847818,0.061916961283478206,-0.01592029635311286,0.9326159140993976,0.1518718735800935
duration,BBB,201212,723,0.4933744331763254,0.914798487700739,0.1673617963748559,0.8118255960529188,-0.2520441912746161,-0.344496884430433,0.06365436200880098,-0.01466415736253323,0.9545110010799568,0.1489866937090043
duration,BBB,201301,738,0.5995716086955983,0.9297190705468305,0.2886468228632617,0.8897588603164819,0.34380923409082065,-0.11137043913407647,0.06676536269834862,-0.013824616644456372,0.9576766118707007,0.12997414466645765
duration,BBB,201302,745,0.5962076052884461,0.9511847044465531,0.2975593291957046,0.8730602471317038,0.2748009881089125,0.2502081099921237,0.07061026826714561,-0.01534949368790052,0.9636895659142626,0.13037144777851736
duration,BBB,201303,745,0.6450134182117966,0.9612727573055628,0.34619550169421653,0.8905111514170048,0.3878534429989709,0.1675785771758288,0.07530253368068685,-0.013141192184709766,0.9582006918191273,0.13640454512069283
duration,BBB,201304,776,0.656688704477198,0.9527216161003991,0.3082651933134141,0.8513564616923446,0.08341252649865886,-0.036966049616531826,0.07929929691094682,-0.012620211340837332,0.9555460428684208,0.13305602232716573
duration,BBB,201305,797,0.639239031067493,0.9569154472096537,0.24665546674704267,0.8273962192164774,0.06531852667171673,-0.036892796924879685,0.08355145885859046,-0.013295756152524697,0.9599076752902537,0.13217847853809686
duration,BBB,201306,806,0.6326983802912636,0.9525234810850752,0.27635123993191313,0.8178344859341868,0.26590720755700104,0.3631759148920211,0.08886704814467365,-0.014894480713935093,0.9665575342922036,0.12803914718292028
duration,BBB,201307,798,0.59578486041392,0.9671060084811113,0.15388244796472098,0.7982354264752433,-0.20917576060367063,-0.2558747556623873,0.09362197477912036,-0.016555929064701724,0.964772944876323,0.12927274987654078
duration,BBB,201308,809,0.6003613693693098,0.9412853617222761,0.1503995887845892,0.7843937587001387,0.19845318277192367,0.14091323635865854,0.09703499240240755,-0.017463247602854507,0.9591488051699215,0.1308492881502032
duration,BBB,201309,863,0.6727978736560801,0.8998585208047493,0.24282382078141893,0.7612349730865041,0.40678888790310125,0.14424136099035215,0.1012419205581043,-0.015884052697574758,0.9468167245093313,0.11753223889695895
duration,BBB,201310,891,0.6984111847757499,0.9572126426863541,0.2083124454263669,0.7688244192652918,0.04359605188445819,-0.0831875633105038,0.10265117350473885,-0.014594233907835862,0.9342383012622021,0.12887615058799698
duration,BBB,201311,897,0.707278201306295,0.9618676270989104,0.20289743119763934,0.754023586300298,0.26467177818308346,0.15226245947308767,0.10484528963176679,-0.012161305135986162,0.9398453970041848,0.13067739505777493
duration,BBB,201312,912,0.6308756842083748,0.9178634347894784,0.01169924262409751,0.594182179376385,-0.2903137400045826,-0.26452944377998333,0.10618018820186555,-0.010736173833990073,0.9319936881839223,0.13151305597725527
duration,BBB,201401,911,0.7142690171345782,0.9512294467910042,0.1644012928546986,0.7539031495398124,0.5249211964302379,0.43478813346801093,0.10601676257619495,-0.009361083053310447,0.9264803085517151,0.14725357070053507
duration,BBB,201402,925,0.7168419699263278,0.9626263429274428,0.1175841472169766,0.6927920296386819,0.16495782310037171,0.01918899966416165,0.10604035180615645,-0.006777356773368852,0.9304504809848045,0.14313936775600816
duration,BBB,201403,925,0.711064185724915,0.9557595363744736,0.021492062312796656,0.6122655844999821,-0.06414994613698717,-0.12526430828771834,0.10661816988250769,-0.00647005286652171,0.9415684910515602,0.14680553236414243
duration,BBB,201404,938,0.6962371511682303,0.9477476132041687,-0.0381042758580739,0.57303481084459,0.10899014894271443,0.09843406945020095,0.10733931828092425,-0.005738209244114287,0.9452993505669226,0.12582000938433013
duration,BBB,201405,931,0.7529403996928895,0.9690723466168241,-0.012282119432003004,0.5660248403885845,0.3352971836446202,0.26494735087357446,0.10784764649955818,-0.0021038077100675556,0.9405099473234634,0.14966854924998635
duration,BBB,201406,950,0.7299226026260068,0.9437991947621928,-0.06995910128140687,0.4839374109818231,0.12199943070355349,0.03244241646921785,0.10681654242612369,0.0014532166829170894,0.9276328757670841,0.15513254426129172
duration,BBB,201407,962,0.7371711647186943,0.9487590560143978,-0.09359242386005569,0.46877782574079785,0.2022916859787922,0.21916846716696833,0.1072071952081234,0.0045903191500236435,0.9315743357162364,0.15056104975585521
duration,BBB,201408,976,0.7165378355389598,0.9427130431191039,-0.055453230092893165,0.5182651682260723,0.34810505433288463,0.3276629696125644,0.10694041583850862,0.0075815379207042665,0.929899611181864,0.15425859252554147
duration,BBB,201409,1001,0.7245478995528298,0.9118490905014094,0.026088713681528056,0.5263521269150011,0.3241329568634958,0.28238554260111143,0.10631422976138158,0.008898388098138468,0.9345408422710195,0.156568395542058
duration,BBB,201410,1017,0.7100766140604956,0.9438195366353374,0.011814389121463376,0.5741074667443263,0.19088757936822454,0.22489208727888646,0.10661237165561999,0.009170886399666612,0.9368476467292163,0.14079698021308434
duration,BBB,201411,1030,0.7345552169863778,0.9398262347512434,0.1314320899685399,0.6481922910645201,0.4399020277700548,0.39792649386744244,0.10840879489861009,0.010399968910934103,0.937823853379224,0.1432743736914315
duration,BBB,201412,1030,0.6795902380161888,0.9281732205783668,0.11277055124808648,0.6335365727603236,0.257653737286028,0.37013278452602355,0.10895019181093574,0.010802838798502197,0.935235024624377,0.14703106052592213
duration,BBB,201501,1046,0.6825559067583232,0.9376645250473371,0.16612238285392394,0.7074477326653823,0.33215339559819046,0.4385982521838567,0.1085272168271955,0.010906896832565483,0.939078889840056,0.1252458882053116
duration,BBB,201502,1083,0.6951225500703606,0.9547949482566964,0.05816857094331691,0.6746187814496305,-0.1009141514193315,-0.3834776354193568,0.10927243272909465,0.011870966697773393,0.9501863180763017,0.13005835379252587
duration,BBB,201503,1077,0.7174246583181081,0.9635227262005321,0.12295046110728726,0.6859783670368629,0.34627780854095475,0.3905244507636234,0.10892190885193521,0.013380006382865822,0.9425226083253626,0.13956930827457442
duration,BBB,201504,1097,0.7468713335453974,0.9695758005985138,0.16782508634417423,0.7183869613360657,0.29510961952628284,0.07682126261149706,0.10733545185065671,0.0161384422016443,0.9392437879378897,0.15777984804796058
duration,BBB,201505,1125,0.7604336738681048,0.9528327566719784,0.21161581849480307,0.7059707157090181,0.3106903071791728,0.15717740353502524,0.10507178455833621,0.017505644368950725,0.9392311152647271,0.1493383759205493
duration,BBB,201506,1143,0.7590928583090608,0.9560296932387539,0.2373475612647117,0.7060830881536366,0.2189168455733537,0.2285971423395406,0.10399167296469729,0.019495054539231838,0.9434543049033361,0.15319758742091305
duration,BBB,201507,1177,0.7667867498140316,0.9650631305553841,0.3606757767157962,0.8077230426530905,0.5012668139599056,0.5198424409759352,0.10104299756571979,0.02060678308533477,0.9328086423296232,0.16255237185097637
duration,BBB,201508,1197,0.7392005579467575,0.9595117296960541,0.384192120549054,0.8059410444174163,0.33914229574808036,0.5090199434697512,0.0995950800862689,0.022236234713142376,0.9364601356845365,0.1613074267812531
duration,BBB,201509,1190,0.7279186180098799,0.9731172885934949,0.42698790447406226,0.8688940544980769,0.43723023780188275,0.5935041502136823,0.09808622421398955,0.02245781515742271,0.9360727386502323,0.17347643009013233
duration,BBB,201510,1198,0.7224316259564151,0.9635242904578779,0.3957232649516345,0.8584100809095376,0.1494719650724065,0.07279648924106087,0.09644530349453677,0.022215583968110793,0.9438666397700256,0.1919640593368692
duration,BBB,201511,1232,0.6763425367387663,0.9545455057376613,0.3773148424446698,0.8437300541134687,0.2625654569804184,0.45817882578003427,0.09524057942800594,0.02237485989506038,0.9511272241980381,0.17489935525141467
duration,BBB,201512,1347,0.6551864951593088,0.9093179426837487,0.3632388278201133,0.8062995646044997,0.20996481748626727,0.28724350765340284,0.09569294318347257,0.02329747193083809,0.9585272700415176,0.17420260868301704
duration,BBB,201601,1352,0.6369870217587945,0.9592439596248125,0.4213869226749685,0.9010333427849843,0.3689179420449287,0.5649272517511332,0.09824448838439187,0.026985759389441286,0.9806435828579156,0.15873440665529576
duration,BBB,201602,1392,0.6045910863069143,0.9564848986352122,0.38144063321854177,0.8939751264306873,0.03392731261781913,-0.0010300490516020327,0.09957975542944399,0.02836804793453645,0.9999739362796389,0.14889152583827134
duration,BBB,201603,1383,0.6291233106950206,0.9521826830029138,0.3379373214220033,0.8816077607304654,-0.22900261358681542,-0.6547092184144107,0.09966807474477495,0.02869567772545572,0.9789687670491273,0.16730139573465888
duration,BBB,201604,1397,0.6599223053979739,0.9700362406515638,0.29517762419646526,0.8749543544450175,-0.18512708826876068,-0.5766464892959854,0.10122248370650247,0.029042888892894476,0.9879067845852719,0.17282039368457855
duration,BBB,201605,1413,0.688726062793078,0.9790138867799532,0.3186064994536995,0.8703036792787361,0.2802739267036587,0.16104268130610364,0.10358840102594429,0.030093714837862644,0.9765620935085741,0.19533998323442694
duration,BBB,201606,1422,0.686235321667268,0.9707667679366108,0.28782638480341666,0.8417003939679372,0.06643171990308669,-0.10865120163333099,0.10568693724965293,0.03053472476834371,0.9746843819257655,0.19851271318445152
duration,BBB,201607,1432,0.7230989584423603,0.9669012905563723,0.29907619000005387,0.8354628387894836,0.16136222746553952,-0.12125428537331912,0.1084389918713117,0.03262132753452651,0.9794361231092945,0.19609521580666278
duration,BBB,201608,1465,0.741916806300824,0.9579999845220663,0.21182166293159818,0.7536054793236416,-0.17096242171242168,-0.5002515522028942,0.11281243090314289,0.03354933691727895,0.9932525398234127,0.19855109639539922
duration,BBB,201609,1486,0.7202078100769415,0.9602161534146455,0.09473647841656752,0.67011518276109,-0.26115416841611094,-0.39177331779041086,0.11743318206935369,0.03595627553588374,1.0060512975558225,0.20219375457943292
duration,BBB,201610,1486,0.7346817650429831,0.9669378812825296,0.01741983462773291,0.62653218046186,-0.21832390219122602,-0.5089757479183784,0.12232420492861824,0.03649888920365943,1.0237086307063252,0.20854714087306814
duration,BBB,201611,1491,0.698892574723722,0.9614840577506463,-0.1419774602650652,0.4850466595706874,-0.35293190043222405,-0.47419667194322046,0.12664581796447866,0.03836001473713532,1.013146710513938,0.21167084183488766
duration,BBB,201612,1498,0.7188707089690387,0.9389015379270518,-0.18513021700496823,0.4456385178191385,-0.14898407397194227,-0.44836247054727746,0.1299912290156536,0.041173206440790124,1.020311587517878,0.22085470659012904
duration,BBB,201701,1541,0.7546156199054382,0.9266376805961271,-0.25173511434668855,0.3344373853724436,-0.08753055639003166,-0.3974494193917761,0.1333165193519619,0.043588928293714684,1.0316666519374247,0.23829092906877547
duration,BBB,201702,1560,0.7862657189843515,0.9516255390239083,-0.2879268365652934,0.3067258946368,0.01861049290498431,-0.2977360294096996,0.13744853474396057,0.046143386641400344,1.0586358848878206,0.23131756964828973
duration,BBB,201703,1539,0.800630992573767,0.9687206792081106,-0.24792310281411306,0.2888054769913018,-0.00784054981841343,-0.17052521605286822,0.141940085476438,0.046973561065280084,1.0581775956074515,0.23795557913583865
duration,BBB,201704,1545,0.8116778893111778,0.9711433398146895,-0.28536745164435606,0.24041848533150906,0.09047383996145134,-0.022532899200032687,0.14408495953031406,0.04724651904768601,0.9946657175910548,0.2227326494187828
duration,BBB,201705,1536,0.8076457175996206,0.9669843221710275,-0.3198081801844938,0.1887760836287167,0.05646248407269048,0.0069448100059578514,0.14507716773269416,0.0464906318301037,0.9802827545827706,0.21602590107396627
duration,BBB,201706,1555,0.7962730916332104,0.9519777605485411,-0.3569505744974214,0.1508417965624592,0.03090895733172492,-0.04452496350536465,0.14650065092292994,0.04686967418787849,0.9839981272296727,0.21368725956403437
duration,BBB,201707,1586,0.7955501232923562,0.9677578171907473,-0.42062521853572016,0.11842490951738692,-0.043681340259290616,-0.10567300089858331,0.14742012695976608,0.04633884788255497,0.978013067428968,0.2175507072439106
duration,BBB,201708,1603,0.7901660960325465,0.9486893669542964,-0.31084919813307765,0.2198059641780161,0.4694456141752518,0.44052682502115603,0.1468992776123913,0.04641344811182427,0.9718290132661266,0.20916716936237476
duration,BBB,201709,1632,0.8185105215490187,0.9741007766833946,-0.3504816454781189,0.19205228486292225,0.062439900744957914,-0.12882212761446563,0.1450835036060186,0.0476647941095916,0.9610494664631452,0.20821151737341878
duration,BBB,201710,1640,0.8198106065651364,0.9738786196478211,-0.3678896919902934,0.14467824818102543,0.1259431027241214,0.03237505347428781,0.1415495120129005,0.048466645312612064,0.9515850637315908,0.2023779839072659
duration,BBB,201711,1627,0.7916737012878842,0.9671431685481321,-0.3556063546814994,0.1585637918756021,0.1532761082383232,0.1766546557879856,0.1379464168672198,0.04913367588864622,0.9498930203582923,0.2010072061334739
duration,BBB,201712,1635,0.7840734498130022,0.951503689183832,-0.31746733223370704,0.19969490216135102,0.22348505849803413,0.18932457158304034,0.13343612414145484,0.048298294074693215,0.9400439262207189,0.19875349473710302
duration,BBB,201801,1652,0.79284122068832,0.959544957684886,-0.4179478347357981,0.09306698966612599,-0.1549607513424719,-0.3188710174370182,0.12853233575850187,0.048611937802010494,0.924306427552529,0.19224966119304374
duration,BBB,201802,1686,0.7815506168588274,0.944498158264585,-0.4318268541236624,0.07621983122253417,0.27645079679703494,0.28070089237993545,0.12259802146548526,0.05042574647118913,0.8883665779911,0.20216375531532063
duration,BBB,201803,1672,0.785699468863428,0.9565843398990392,-0.29868938910735243,0.23072457482754236,0.4651598474173323,0.48187758202393505,0.11799461030581161,0.05275291709019708,0.8685535600830053,0.22057931365056704
duration,BBB,201804,1708,0.8013141157779965,0.9615961014745658,-0.14548581842797767,0.38535818391801346,0.5445210263512217,0.4678290041996994,0.11491172337711887,0.055615826246647515,0.910690473691282,0.19749855829925494
duration,BBB,201805,1730,0.8002630286014767,0.9473081357343431,-0.027909635566188005,0.441056066396736,0.4183898856542394,0.41780335775024,0.11250195676828248,0.056800974571175826,0.9307441018186905,0.1694617252031633
duration,BBB,201806,1726,0.8100193650714632,0.9677647259655868,0.10995544333659805,0.5877675957538888,0.5671305878590833,0.5773040516753932,0.1094292381872292,0.05696591000066023,0.9208033098738705,0.16355901773131634
duration,BBB,201807,1738,0.7964798639333741,0.970621042513376,0.051205937389250264,0.5265503648713414,0.023885783493271615,-0.020143887117009773,0.10643474126847166,0.05760787150929125,0.924774135027369,0.14536504506986092
duration,BBB,201808,1749,0.8122941115668911,0.9710243511339423,0.19471947300573006,0.6633919981511599,0.5853943681636786,0.5468105873754532,0.10276451594648565,0.05669910145884788,0.9229002986997208,0.13787097726043956
duration,BBB,201809,1792,0.8047981090592425,0.972649932272845,0.1590641287812184,0.6070939227132828,0.09079867670619882,0.062378323302654776,0.1003647914044587,0.05691023903150196,0.9374227381484814,0.11978227611555478
duration,BBB,201810,1818,0.7824584332210197,0.9787951334476918,0.19328808779866474,0.6665585250498527,0.34917492026231306,0.4580197188251194,0.09875090086653719,0.0573934771968108,0.9371869140708287,0.12364583261986885
duration,BBB,201811,1849,0.7019160833009335,0.9430886798751392,0.20869321942875216,0.6795139800258067,0.19484116996826567,0.39940082398566507,0.09733674150480133,0.05824712791224558,0.9457307149049742,0.11534702460987052
duration,BBB,201812,1870,0.6846189553479687,0.9583777875405199,0.24211282487345676,0.7668891557406502,0.27055633231455606,0.4065097329889248,0.09645282202693786,0.05880975441352816,0.9561915709564069,0.09590868341888341
duration,BBB,201901,1841,0.7298183682668441,0.9422169556142164,0.2975195147031367,0.8048968990905622,0.19538635577405278,-0.061325162065734,0.09596832242989531,0.059061658766906465,0.9654853450010632,0.0760043396113549
duration,BBB,201902,1847,0.7712064823073225,0.9629142358335047,0.3391485151495675,0.8142260338115012,0.2574342145954277,-0.025801256588835957,0.09445448757133683,0.05902946422408187,0.9611414409832703,0.07178590760869673
duration,BBB,201903,1828,0.784487926488433,0.974025036696299,0.3839088997502227,0.818776032624093,0.2515658011117389,0.18816960402158384,0.09232218196476144,0.05932296851460044,0.960465493441576,0.06648604861143625
duration,BBB,201904,1860,0.7605877383046513,0.9596254136414306,0.2457710142808789,0.7238516839216699,-0.31720715754275375,-0.4495398812709867,0.09055021278333647,0.05973724288846379,0.9588712576315896,0.06170510413113022
duration,BBB,201905,1844,0.7569934036031871,0.9649947204655747,0.3287302888716864,0.7724767673102519,0.36894907501578117,0.48851984955984545,0.08925317879896232,0.057690009565410656,0.9602687596815508,0.042873272085084374
duration,BBB,201906,1865,0.7485766914509542,0.9672572989679831,0.23028993737360423,0.7321134516673715,-0.20664723633201876,-0.26139530957360313,0.08856909048993236,0.05556284551313871,0.9616438232994928,0.04326392241240995
duration,BBB,201907,1886,0.7747125732383673,0.9671270801967334,0.2752431653956502,0.771223231918508,0.3506874931218713,0.19002934301541313,0.08881195404547257,0.053501120431382054,0.9692718719138974,0.04016812895915696
duration,BBB,201908,1883,0.7550176806584983,0.9649154268757488,0.2870823534130735,0.7552787800231399,0.3146568704552931,0.41952541069206156,0.08874411717067242,0.050980920269598606,0.965057497443338,0.04138419565209956
duration,BBB,201909,1908,0.7844030004593034,0.9727554539102449,0.3028530034021267,0.7791841874525208,0.31701273389632095,0.16602967798878976,0.08886092843826875,0.048809271176562016,0.9652769737675455,0.04412923667558076
duration,BBB,201910,1911,0.7699920018545751,0.972966541179304,0.2397488673468432,0.7191404137462143,-0.08323531023102541,-0.0480552551271012,0.08855731386403588,0.04661476130979533,0.9659468109647407,0.03745908575433824
duration,BBB,201911,1883,0.7636648548688962,0.9704562784902909,0.15734200680587496,0.6793521017407064,-0.15535905473337738,-0.24083409330215405,0.08863130281533166,0.04407078317699864,0.9738881999510314,0.040262349142670795
duration,BBB,201912,1829,0.7469478620662795,0.9655861766220181,-0.0426373780590816,0.525563225215889,-0.42175664195027457,-0.5596805812941532,0.08913270962459807,0.04190670942913633,0.9807660144136284,0.037032443562216376
duration,BBB,202001,1806,0.7835857631662444,0.9696842569743143,0.10261583607752861,0.6493247424622213,0.5127802475002209,0.4185449565847313,0.09029509382588287,0.0402242224495548,0.9914250993852158,0.03426813007657737
duration,BBB,202002,1798,0.6564432047039206,0.9236354213834782,-0.009279132491826124,0.5287695216766837,-0.0373744753295895,0.2189075628382785,0.09239136248727382,0.03758665236031324,0.9938609852243686,0.03623303661284337
duration,BBB,202003,1772,0.08019624098742822,0.583929657251237,-0.23161910624643625,0.34075689174231577,-0.39745910796446543,0.009602310099219576,0.09510297187638153,0.03544132519838396,0.9905096543603575,0.036971684314640776
duration,BBB,202004,1728,0.29935380146187507,0.8692449703096419,-0.05847880887689804,0.8695164594349367,0.4442637715768792,-0.3683462542878736,0.09752933511835546,0.03361817276733867,0.9891434907524176,0.03958605336785402
duration,BBB,202005,1757,0.4871859504731297,0.9193153732227408,0.13843570064906738,0.9029036293415699,0.47880533831594585,-0.1756913610673731,0.09789182608882555,0.032022368755974924,0.9728369904276597,0.0768748985713153
duration,BBB,202006,1739,0.6116549999533366,0.95665334948341,0.22262960256124997,0.9043024930075718,0.30385140617223605,-0.2643885131708907,0.0986461527263726,0.0315627554779971,0.9798575907308127,0.08421137739888647
duration,BBB,202007,1726,0.6006735390717699,0.9654443689673674,0.1333347666602595,0.8002156816681639,-0.21030606790591494,-0.2920794569935264,0.09793472004292623,0.03272339136295746,0.9701841092394919,0.09356046342036159
duration,BBB,202008,1719,0.6662868519124463,0.976267748637553,0.1862598708743428,0.836732454875093,0.33996787673372997,-0.06653976560832929,0.09798055198074927,0.032428459991671627,0.9741283119298354,0.10053506218343125
duration,BBB,202009,1529,0.6908598853964341,0.9839823090576864,0.27969788013137387,0.8482263717262045,0.3645276829464558,0.3372293379564065,0.09770931255533413,0.032793562251134924,0.9745465060945928,0.10515517542046009
duration,BB,200307,137,-0.19381802228984263,0.8896568783019395,0.01820617171019471,0.87928202064704,-0.14956969776168164,0.01448186383407695,-0.08613047135891773,-0.029167886254393947,0.8196210292445189,0.09736338517478262
duration,BB,200308,143,-0.01613234183656719,0.8210011819166747,0.1406973308381759,0.7682130076496274,0.2709133589415279,0.020342919990807312,-0.08613047135891773,-0.029167886254393947,0.8196210292445189,0.09736338517478262
duration,BB,200309,148,-0.13930709232722657,0.8154047760950927,-0.038995028448527966,0.8232674531811638,-0.2636069846041083,0.2579876136923117,-0.057862994983010216,-0.009496670978171598,0.8313700312997158,0.12289016291393011
duration,BB,200310,150,0.0223992177430108,0.8251797857682563,0.1582808124805547,0.799166185163785,0.26627138983954846,-0.15336326058935953,-0.06155075275250647,-0.009359346662392855,0.8312630255786392,0.12154089176205195
duration,BB,200311,152,0.014916039612080453,0.870597803429493,0.14981991402346928,0.865174720986338,0.019177277045359795,0.2323860879311641,-0.06155075275250647,-0.009359346662392855,0.8312630255786392,0.12154089176205195
duration,BB,200312,150,-0.046997644339748436,0.7645015334014845,0.11681052491221833,0.7560993821947642,-0.08141339615094004,-0.08705986932752567,-0.06155075275250647,-0.009359346662392855,0.8312630255786392,0.12154089176205195
duration,BB,200401,139,-0.043009071004066306,0.7894633361633674,0.09381563072523345,0.7771616247374771,-0.049367710800303846,0.01006747397113365,-0.047112327286602196,-0.005473878176532436,0.8228025460591647,0.11351042600755125
duration,BB,200402,143,-0.0096112807380413,0.8008511441610031,0.08454397714961094,0.7848542302767654,0.07667274040513476,0.3221543714501461,-0.039851809606137226,-0.010922506819282618,0.8219382124068558,0.11589520018512346
duration,BB,200403,139,0.10095178515572632,0.8519638947227309,0.20258724697260824,0.8420528173734304,0.10698869475847893,0.35590955806783137,-0.039851809606137226,-0.010922506819282618,0.8219382124068558,0.11589520018512346
duration,BB,200404,135,0.05462881670080968,0.8745098039215687,0.1935177055896986,0.870071212564628,0.03679641010633109,-0.25308750365817967,-0.039851809606137226,-0.010922506819282618,0.8219382124068558,0.11589520018512346
duration,BB,200405,140,0.12207036802169208,0.6906606022173144,0.20508189193326193,0.6839343115173516,0.1626292886663314,0.09394939975071617,-0.0334862641019856,-0.02377429680301805,0.8065394089870196,0.12621187099077313
duration,BB,200406,146,0.2693356983794935,0.8156189447909538,0.3347767827017439,0.8001831625422962,0.31376129100671923,0.10634031600358614,-0.03107782373188653,-0.04080601516142178,0.8080406962551362,0.1390325545859322
duration,BB,200407,152,0.17121836535241491,0.8550119943411313,0.22580457766933887,0.8627485152304212,0.05288103390537113,0.18500673186667485,-0.03107782373188653,-0.04080601516142178,0.8080406962551362,0.1390325545859322
duration,BB,200408,153,0.18790626298366234,0.8108305523166203,0.2548148445981263,0.8123718386876282,0.020110436519105247,0.14925348129682492,-0.035726208038879825,-0.040614652911022064,0.8061496717261776,0.14477149330709993
duration,BB,200409,155,0.18022300280364797,0.8977764171312558,0.2118752215526409,0.899265250878154,0.12704070123424963,0.4914053688247237,-0.028612448827085794,-0.04065771426730046,0.8112582999404969,0.14678671013245115
duration,BB,200410,162,0.31947143576911513,0.8160751156216614,0.38565628082832665,0.8093488069481667,0.18050245497564782,0.17723950372656694,-0.036901853391733776,-0.04759029739580963,0.8070395601118021,0.16081206593023575
duration,BB,200411,167,0.21798313871396624,0.8504720335576696,0.26184721778474035,0.8496810166242387,-0.045667700743092135,0.17218145464664475,-0.030550790187197256,-0.05654266629073289,0.7798444183309093,0.17963709636572206
duration,BB,200412,163,0.27826982107026493,0.9137646888491288,0.31744171224943335,0.9091946952189359,0.2337883297033379,0.28377142667132194,-0.026800871030513,-0.06119400863194278,0.8062546122195199,0.18770649150582813
duration,BB,200501,164,0.35259637927747417,0.8697896084977516,0.38287947905786,0.8683232001982611,0.24635795461893706,0.4241225525571646,-0.028782485656960444,-0.0681646583293412,0.793583780910854,0.1814905504257831
duration,BB,200502,169,0.285162348963254,0.8498209934861519,0.2990751330117846,0.8473720849286462,0.08692009348117946,0.2996867386007658,-0.033812864974638264,-0.0785536732864379,0.7703847685691816,0.19003817310141913
duration,BB,200503,172,0.22595944087938624,0.7335191723090492,0.27282010645648935,0.7345309098798886,0.07798869400952305,0.09562452980144943,-0.029989813464086943,-0.0778622364933555,0.7655978648745715,0.19359627104321417
duration,BB,200504,187,0.2340480586069831,0.8036695429404057,0.24899342653390052,0.8091712881571174,0.11540084930209683,0.3766750226639605,-0.02705418354272566,-0.07325745317057195,0.7718571341599623,0.21039862887070437
duration,BB,200505,196,0.31385380391906864,0.8793296623608443,0.32569388551984635,0.878304871343305,0.22136123484926967,0.1921730191490888,-0.024634042473472922,-0.07219166425376158,0.7663131111548804,0.21310836103200706
duration,BB,200506,190,0.32746001128475644,0.8644814479479677,0.31703604561141074,0.8618080979061967,0.21778967488529358,0.3818612849750905,-0.0195038180500687,-0.06597963653677953,0.7793237152037317,0.20729236216371083
duration,BB,200507,190,0.35087981734440815,0.9164263188512294,0.3265992205645003,0.9155532811085306,0.23936892842927568,0.2808898336591916,-0.010889451125799246,-0.059546896923665917,0.775997046429385,0.20608247554817993
duration,BB,200508,190,0.32799888027223384,0.9058763838041876,0.2855821928293684,0.9028321239398672,0.21380764301679156,0.5294396549838821,-0.0013936745095098054,-0.06057362617873225,0.7743312883919025,0.19409803040812018
duration,BB,200509,197,0.36771108997359914,0.8347569761637927,0.3305629589168386,0.8325767778269593,0.19789577113725051,0.3546973934936226,0.0038936481373892367,-0.047733119011064445,0.7655635735963705,0.19843264526243168
duration,BB,200510,194,0.261165371672289,0.8260858846297657,0.21375173088222604,0.8231093835388478,0.16414885792589975,0.4311825880438668,0.014721161066425856,-0.03120679443856154,0.7536072567370573,0.1704988707730779
duration,BB,200511,197,0.28279322804340934,0.8929991932167423,0.2222421040405087,0.883636426421053,0.15045409026554787,0.49007217100037986,0.023356691886596045,-0.025480326369182845,0.7559565544051012,0.1980010269783249
duration,BB,200512,165,0.21187187775492217,0.8977880479790561,0.12394411348275587,0.8784494964336284,0.1496353484893009,0.4989714957390539,0.027218198172728456,-0.020178048127123368,0.7425819923252774,0.20976899666652885
duration,BB,200601,164,0.3636554078870403,0.8076557887720539,0.2531280181736563,0.8020867057527239,0.2245643627657693,0.010153306217947845,0.03747424009318474,-0.014536066061898346,0.7666462371424287,0.24159504651274374
duration,BB,200602,171,0.32096623227014187,0.8439868481052152,0.175702594379245,0.8115823073415414,0.12072863417092664,0.33117335061319514,0.04904255383702226,-0.004133313109758559,0.8009222508018625,0.21765211896030937
duration,BB,200603,168,0.35816026442465876,0.9234489600680298,0.20087972828645334,0.9043890241495034,0.26653539919316066,0.30682928310749596,0.05545642941790768,0.00512884169456649,0.8013088047474655,0.23605803360536554
duration,BB,200604,158,0.2980426220680024,0.8224988172368523,0.11735596530967098,0.7855479273882308,0.13154303812680743,0.22693992171705266,0.06017204294103157,0.008339744180843425,0.7880373559024922,0.21813678637967338
duration,BB,200605,152,0.37468134692008553,0.8756757495608909,0.18987622933453613,0.8656872996671655,0.5275528126900813,0.32438029237487953,0.06579245901224896,0.009320147298536148,0.8067892080630142,0.19284495484328654
duration,BB,200606,142,0.46021613986852233,0.8343472529867495,0.24045927102564804,0.7942249539492574,0.35227613261775687,0.20109976927477677,0.07411239983563828,0.011361361892355946,0.8034589132100765,0.22183648257765493
duration,BB,200607,141,0.28410462776659956,0.8315552891818998,0.08717410848067124,0.7570914850806968,0.058803887152703446,0.4332848152746265,0.07731321350966908,0.013400792935335321,0.8129225262045559,0.18036248751657133
duration,BB,200608,140,0.2917102184513788,0.8989394502634976,0.09401937416632045,0.8625527541492644,0.17713585970129675,0.502468784850539,0.08362996951157275,0.016240838422361632,0.8198250682962138,0.20317464127753365
duration,BB,200609,142,0.35565423488707876,0.9289886020482366,0.17448987931457216,0.9147092044904451,0.30190636453747033,0.47625164766309513,0.08976857463207635,0.020141653645514703,0.8358761257048529,0.17260196196729705
duration,BB,200610,143,0.363262910798122,0.890463409829607,0.08401457697232344,0.817865819626383,0.10189106667979905,0.2661938999967169,0.10002457819621918,0.028943819548735587,0.8201292754240184,0.20748742565004497
duration,BB,200611,157,0.40292050930606116,0.8972208956890082,0.17658258857968603,0.8710268607470897,0.27794764293998353,0.24323829842655934,0.10270491958580187,0.02691027082112118,0.8445753383667933,0.16022779458337938
duration,BB,200612,147,0.43602898397418943,0.9038338030510241,0.17584190284777368,0.8501915390369402,0.0878586162343501,0.10428110525957884,0.10921971739715665,0.026884797532320114,0.866334918775166,0.14803999512405464
duration,BB,200701,152,0.5864310171611342,0.83850354362728,0.3243597892276464,0.7994792200602792,0.20829488993227124,-0.13415209234617514,0.11032855660751165,0.02808995061941737,0.8766153302238575,0.15638698515684887
duration,BB,200702,157,0.4772542623062659,0.888792413746054,0.18376757484231485,0.7645141684083876,0.103182232586409,0.4032616178467989,0.11318749952717647,0.028628633229865866,0.8480980252822476,0.18066418798459158
duration,BB,200703,157,0.4361010673596339,0.9199511284490725,0.17477471331377645,0.8364942724775023,0.13573949230645188,0.2952573508890529,0.1163732819689725,0.02693412834889502,0.8575490049053963,0.17622639575696455
duration,BB,200704,134,0.4581428696118406,0.9123280838913204,0.14711155999451367,0.8114141074078232,0.206199578548361,0.4119527674908665,0.11977009557834942,0.02549692835299392,0.8497895700525844,0.18686292132746243
duration,BB,200705,131,0.45733198099610306,0.8905247424331393,0.15163081193615544,0.8199540917098169,0.21204291891314794,0.2557572198793573,0.12078819938092332,0.024145788014113143,0.8435780987024226,0.18889583013229294
duration,BB,200706,136,0.4774772195983015,0.9082581937884642,0.18373169219025806,0.8247650398358856,0.27525404322312863,0.2410333476456276,0.11903272419580918,0.02140309190787784,0.8498702961058877,0.16819393518122744
duration,BB,200707,128,0.2545550265519136,0.7994987181834828,0.04799945065006409,0.7239173228346456,0.09510620765427577,0.4474226332173594,0.12001546152236695,0.017067172864096054,0.8460624089486042,0.18220467604837984
duration,BB,200708,125,0.10334254992319507,0.6474162826420891,-0.19346850998463896,0.5836129032258064,-0.11088786482334867,-0.33329646697388626,0.11640371407153012,0.007108800814073164,0.8508349083203907,0.16461851942883315
duration,BB,200709,125,0.08219969278033794,0.7501259600614438,-0.21251612903225806,0.7165837173579108,-0.020196620583717354,0.12377265745007679,0.11455729478553478,-0.004956512848157747,0.8496057962913981,0.17985705200806626
duration,BB,200710,114,0.009619084263178146,0.7916283590854782,-0.2979000020250704,0.7342702658917399,-0.007618314736437093,0.09824426398817361,0.10946878858012758,-0.016592036905437257,0.8662674762545975,0.1805251593263496
duration,BB,200711,105,-0.18775658303960188,0.8309143686502177,-0.4318577648766328,0.7612585527679867,-0.3101285506945884,0.32435206303130826,0.10755461220950538,-0.02150689424242844,0.8645683675213321,0.1677943075404647
duration,BB,200712,99,-0.12185528756957327,0.7738651824366108,-0.38655534941249226,0.7682622139764995,0.10858379715522573,-0.0790599876314162,0.1062401659964034,-0.026422976636521007,0.8452819756314854,0.18691323860119996
duration,BB,200801,96,-0.34875203472599026,0.7528214867064569,-0.5542322300596852,0.6895822029300054,-0.4278350515463918,0.21006511123168747,0.11068070080600997,-0.030885845888257615,0.8267134184104014,0.1807775512977672
duration,BB,200802,95,-0.3779898445916362,0.8252268520027153,-0.5615061590145577,0.7994120940649496,-0.3913773796192609,0.20618701007838747,0.11152042646080353,-0.03966161144118283,0.8584454158657491,0.15892644840854184
duration,BB,200803,115,-0.1112680501854336,0.6576593104631089,-0.2998421841710724,0.6851706091124535,0.17649333228122782,-0.19090623945874646,0.11359661174268962,-0.043142055120960004,0.8547715228346531,0.14174300117149907
duration,BB,200804,114,-0.40819343472185665,0.7861282679573116,-0.577343512687066,0.7316052732832465,-0.25527632085214963,-0.45513456592616597,0.11343107499101922,-0.04979880259991461,0.8920610887874088,0.11309510181571322
duration,BB,200805,106,-0.01177418948535154,0.7049348817290979,-0.32564173615134645,0.8117036551880495,0.3748545230118145,-0.35115499911832126,0.1176673772406411,-0.04228415171640699,0.9017406260683006,0.11902155236832627
duration,BB,200806,105,0.0579722164627825,0.7591644204851751,-0.22486004561476258,0.7410118183703088,0.16309351026332158,-0.045967240306862944,0.11986882641686625,-0.036209008757793155,0.9112519478644029,0.08443875881760038
duration,BB,200807,100,0.0964056405640564,0.7469666966696669,-0.19965196519651962,0.7165196519651965,0.25118511851185116,-0.0574017401740174,0.12234334063157931,-0.03336417884014198,0.9180180513341525,0.08288687644434511
duration,BB,200808,100,0.08276027602760275,0.7093309330933093,-0.207044704470447,0.6834803480348035,0.018169816981698166,-0.06969096909690968,0.1256737328603083,-0.03494857997536958,0.9319692985645047,0.11910433424607686
duration,BB,200809,99,-0.32123685837971555,0.7275448361162646,-0.4845392702535559,0.6611379097093381,-0.509721706864564,0.1197773654916512,0.11811009714511568,-0.03243063105157045,0.8815504779808498,0.08400613982068923
duration,BB,200810,99,-0.4274087816944959,0.728299319727891,-0.5098330241187384,0.7221026592455163,-0.36445269016697585,0.38477427334570186,0.109232837891645,-0.03529851317201513,0.873912385385592,0.09212603917751513
duration,BB,200811,96,-0.18785946825827454,0.7957948996201845,-0.27263971785132934,0.8173629951166577,0.1492810634834509,0.23918882257189364,0.10060577813759533,-0.033721873176983636,0.8752932300311652,0.10975572206161564
duration,BB,200812,94,0.06424881696347938,0.6491276234512157,-0.007795397897626702,0.6749196257631037,0.3479608423942491,-0.22525737817433084,0.08311210113022496,-0.03287822804458232,0.9010628812436955,0.05430117819772739
duration,BB,200901,94,-0.22590759672000868,0.7225734205107828,-0.31364375248347365,0.7099013835205723,-0.28215872557165045,-0.5268142903587039,0.06863461739054852,-0.030061856911201095,0.8834939151360586,0.11861252918850564
duration,BB,200902,97,-0.13859667578371554,0.8590758468335787,-0.18220071533768142,0.8588128550389227,0.07557069219440352,0.008678729223648221,0.044025009115924864,-0.021927593437247477,0.895063317678957,0.06431548836907607
duration,BB,200903,101,-0.030914385556202673,0.8595806639487478,-0.05419918462434478,0.8604542807221899,0.3210133954571928,-0.23463016889924285,0.021147159313289903,-0.01592882352294438,0.8935267803949986,0.08886846857259564
duration,BB,200904,113,-0.13394936456184714,0.7793016834120701,-0.13844899860270146,0.7806906647148847,-0.20429669306008386,-0.6704621065939186,0.002864451001848646,-0.005827643104961657,0.8641349564419475,0.07969780571176112
duration,BB,200905,110,-0.3181795640511237,0.7610891959515813,-0.2837454635619773,0.7663728782994839,-0.1898473953519825,-0.43335662601717645,-0.020986767623599585,-0.017662186303148895,0.8380918149332547,0.14553446465442646
duration,BB,200906,113,-0.151091223634307,0.7279842304877239,-0.08842903719475681,0.7068833588395769,0.18894304344933133,-0.12158160888948034,-0.03449626419588622,-0.020364949775466653,0.8209242813938051,0.1739042410793536
duration,BB,200907,116,-0.10665436512512974,0.7988467304809134,-0.027078768308153617,0.7835697535847462,0.08732556798523815,0.025610271787183333,-0.0485020698333822,-0.024269010802035994,0.8134185236958554,0.17557430709981678
duration,BB,200908,113,-0.14893705502694793,0.8700262825204605,-0.04936289839643357,0.8673647614611751,0.006487457582008118,0.37500000000000006,-0.059638525012403375,-0.03157469899490242,0.7894087405516271,0.20444072284905643
duration,BB,200909,121,-0.07725240482319468,0.811082509145102,0.0223817910852188,0.7848936458474459,0.08264462809917353,0.1218466332475274,-0.06555738693438347,-0.029205719065426333,0.8134029899452276,0.20359500507095135
duration,BB,200910,120,-0.1416140009722897,0.8910202097367871,-0.018688797833182856,0.899437460934787,-0.1580665323980832,0.3928745051739703,-0.08290452103689977,-0.026068267790470258,0.8086659750719188,0.19943874536107756
duration,BB,200911,122,-0.1614990367489368,0.8862603718843042,0.007299559515036962,0.8707690477527997,-0.1853836977605652,0.33843983067929856,-0.1155645456315461,-0.03103861630161406,0.8557535356495984,0.16472641572098598
duration,BB,200912,116,-0.342982354976358,0.7940183754276708,-0.09349940414408181,0.769200015376927,-0.2494752623688156,-0.20269865067466267,-0.11893108563227867,-0.03207592843149871,0.8344968499377688,0.1348483807536241
duration,BB,201001,118,-0.19313853311859294,0.8268637311508698,0.013932561290487512,0.7648665724438408,-0.05929829558942222,0.3530324776585993,-0.11788162584042257,-0.02301657918769777,0.7930471593198697,0.11310215384083518
duration,BB,201002,121,-0.10006774149844191,0.899972903400623,0.07988754911258635,0.8557106083186559,0.08590299417423111,0.4934561712505079,-0.11322062858167951,-0.020387934669618604,0.7426360189043191,0.13430002745876976
duration,BB,201003,130,-0.13031176173373935,0.9264990645782407,0.052397274303896,0.913367654890822,-0.13525515847546737,0.3420475494681069,-0.10177187659023945,-0.01817190783924446,0.752611356029784,0.11707274585161312
duration,BB,201004,127,-0.1296751968503937,0.9483970753655792,-0.0035444788151481063,0.9355959411323584,-0.16162823397075363,0.6032761529808773,-0.09540787895018639,-0.025389744212959215,0.7419454859782088,0.11575348759862163
duration,BB,201005,130,-0.0829589370331426,0.8620328012126344,0.028537874339401057,0.8491526580999331,-0.017913668082317116,0.4627866009367873,-0.08645052903126108,-0.039730246392981935,0.7015989294389133,0.11758975758514278
duration,BB,201006,134,-0.0550355989476178,0.9068217808202099,0.07518048853476976,0.8936146335989228,0.10438284766642979,0.4507462686567165,-0.0996634876046991,-0.03782678566991629,0.695229368589814,0.10525183164081986
duration,BB,201007,140,-0.09277732828934422,0.9626948896809605,0.03005838490301984,0.9519100828759487,-0.12377162100107149,0.6228160328879754,-0.10769302591163246,-0.04458196633321721,0.6925597983401821,0.1088419670257749
duration,BB,201008,140,0.021936979291946386,0.9407316699831625,0.1637357591130743,0.8952089392315935,0.1941483894950909,0.6482167457523343,-0.11009582739661938,-0.04708219294443343,0.6942517381099533,0.10474201198904402
duration,BB,201009,150,0.03399084403751278,0.9359580425796703,0.16670429796879865,0.9233388150584472,0.00870260900484466,0.5870500911151607,-0.10770429768275092,-0.05684975645621951,0.7033949124000141,0.0966441094289726
duration,BB,201010,149,-0.117021585343733,0.9015998548884456,0.006065662978414657,0.9007836023943407,-0.2589334300743697,0.4950843460910575,-0.08849369860599063,-0.06045808912892105,0.7016083776588343,0.09516172973020733
duration,BB,201011,159,-0.16863506090279437,0.9186470026271794,-0.12141151182230714,0.9118760449008838,-0.15583651779316934,0.5625955337950801,-0.052110622462303954,-0.05972029219884866,0.6909079234211558,0.10932628755589295
duration,BB,201012,164,-0.2202630827200631,0.9203025315250362,-0.17007604097234502,0.9211323167330947,-0.14609932937031544,0.29401602437664087,-0.04661026295190565,-0.058013310839860104,0.6831922411092869,0.12118499138810669
duration,BB,201101,164,-0.19299715696543468,0.9111095996626446,-0.10716199855807815,0.904131242093235,-0.21503679621291472,0.5142328567736318,-0.058187940192628525,-0.05616615051987992,0.6839230138135906,0.11742491290686216
duration,BB,201102,175,-0.11480519480519483,0.92384460367219,-0.03820868786386028,0.9116569637259293,-0.07677115987460816,0.38235333631885354,-0.05433785219357368,-0.052724800412710784,0.7046198182572602,0.13050401632352301
duration,BB,201103,186,-0.02177734056291931,0.9275804353603214,0.0662570108490412,0.9112271491778132,0.08549529346493293,0.6292807556564672,-0.05353533310780055,-0.047663512267149044,0.6944682235124765,0.13540465675105243
duration,BB,201104,194,-0.14223845701865037,0.8770315523907746,-0.06549535075789015,0.8862453928743121,-0.2763617985561258,0.5969840532844645,-0.05917096522302846,-0.04578745756663741,0.7110401275853837,0.1472048962095863
duration,BB,201105,193,-0.07334343785054216,0.9380992601890924,-0.015375447358581271,0.9298848886277441,0.04665048608514502,0.5688130975909407,-0.058033334491965946,-0.041878076320857736,0.8089143529053131,0.10122166862362833
duration,BB,201106,199,-0.07274097761534948,0.9186036241815136,-0.012765341860819249,0.9158961474036852,-0.15616872239987817,0.3838769605603777,-0.05675931492309794,-0.04257059724178853,0.8565677546329955,0.0520768784062555
duration,BB,201107,221,-0.08071531012707482,0.9293105940164763,-0.02371396489043548,0.9212803095156036,0.10081825964178905,0.43510511745805863,-0.053838650264155644,-0.038683190432768896,0.8751899618814047,0.04430067008437141
duration,BB,201108,221,-0.08071753365871014,0.9399991105873458,-0.012074888545476779,0.9280365103894516,0.1493212669683258,0.29091353797236147,-0.054186574963134844,-0.03923738404417809,0.8752100123987475,0.047596665596623504
duration,BB,201109,224,-0.025519965833867182,0.9126094383941918,0.03617766389066838,0.8956609011317532,0.16548579970104635,0.19438714499252618,-0.04787670544947473,-0.034007465079850994,0.8825867259283722,0.05047884609575844
duration,BB,201110,221,-0.14111532346826464,0.8773588891235949,-0.09702936173524408,0.8828098769275239,-0.21092087562675796,0.026327726327726328,-0.04263618205880762,-0.029964168274284154,0.889761109356438,0.03501534139814563
duration,BB,201111,227,-0.05643362626675067,0.9293389608284484,-0.003433743221255353,0.921097771914094,0.18258547425051658,0.07404040880728976,-0.0412252184603187,-0.0360457617465014,0.8847904170394199,0.017225402727829933
duration,BB,201112,228,-0.025728046719727202,0.8890457102878776,0.01910644876817016,0.890378129692197,0.1477304827387901,0.10617843687764321,-0.04038006576434441,-0.04083918386145642,0.8899943962307953,-0.008249495198425112
duration,BB,201201,234,0.02189567045744564,0.8809100679249525,0.0554034405006919,0.8798629793790055,0.0347117345564976,0.2532984928199978,-0.03924102872205639,-0.05513940248629722,0.8846672162463858,-0.025527086177686918
duration,BB,201202,239,-0.008482472486902712,0.9537147076403784,0.011071164867620688,0.9542843078654054,-0.07125452691536865,0.4299066488520094,-0.03539500392778646,-0.06391634848244655,0.8931526877161118,-0.024861942404956427
duration,BB,201203,232,-0.03306719919121871,0.9709103978750271,-0.02813820780373984,0.9627111086338552,0.021280480655943134,0.15672827985984708,-0.03230740789306549,-0.07608906373515348,0.8814583536948503,-0.04241577622354194
duration,BB,201204,234,-0.020752114898768177,0.9550379429111968,-0.003313126772171609,0.9505564413974606,0.05971073944774978,0.42854908461702373,-0.023813407808451065,-0.08751441088532602,0.890118047403914,-0.05144746782715232
duration,BB,201205,232,0.02320537239880143,0.9264216618071877,0.02932408719000401,0.9077945142026833,0.2311647949504986,0.44598194464999247,-0.024284232804655043,-0.10288846778949425,0.8862694897284241,-0.049852946490536
duration,BB,201206,242,0.03814286034831741,0.9613368269221408,0.02050049088902352,0.9530312979325932,0.06388500453633109,0.1297907191280761,-0.019132479845677418,-0.11868819133799723,0.8901659166174483,-0.05708112025942329
duration,BB,201207,242,0.017567434265535614,0.9685009701355737,-0.0036150938954912296,0.9627085219943261,-0.12465871676232548,0.4053667993061933,-0.020928487158240295,-0.13034110822677109,0.8925391807886027,-0.06306383452452909
duration,BB,201208,256,0.01178258754863813,0.9568343728541998,-0.014645084687571527,0.9455560482948041,0.10052071412222476,0.2886243991760128,-0.0195016540213185,-0.1432641458986455,0.9054352358094805,-0.06891681865296731
duration,BB,201209,271,0.051305983648071776,0.9634571786894339,0.032637532257675524,0.9530448833900105,0.09747546004871814,0.5304090393845116,-0.022338214822391216,-0.14703406189631826,0.9129806836903445,-0.07024029131122517
duration,BB,201210,266,0.05078128860416889,0.974972623417777,0.006951340615690168,0.9458429835453592,-0.10969091161229341,0.5003992916359161,-0.023507834578639572,-0.1465222729014369,0.9213179099435305,-0.04840706906018407
duration,BB,201211,273,0.037772661001514586,0.9836845743350681,-0.018583767027305027,0.9586195792185488,-0.02722658406428265,0.42669883787316154,-0.02606504681823201,-0.14775404101546274,0.9126187622746655,-0.019934548391733104
duration,BB,201212,271,0.03450425680727396,0.9847315679039144,-0.03617803825097075,0.96255275788052,-0.08870438704387043,0.47852302052432294,-0.0230284015144641,-0.14112959449286103,0.9065304873485511,-0.017788583263428564
duration,BB,201301,272,0.055605779070072525,0.9690998170485905,-0.030340237145099307,0.9473782132779308,-0.06244856727817439,0.03748893823779866,-0.015504713321206464,-0.14233163365848062,0.9310081844842789,-0.01876962753571035
duration,BB,201302,280,0.07886525520551464,0.9742542270036243,0.0062252980632041596,0.9513822151521613,0.22295892986973231,0.38782655755448775,-0.007812531530428404,-0.1389151149700891,0.9336093160464766,-0.006510527590621625
duration,BB,201303,274,0.1833322881498064,0.9835032121163508,0.11933847174723086,0.9692762711740815,0.407679036292175,0.3644918585064571,-0.004442841482789668,-0.13861155394944857,0.9444535219628764,-0.0003136239252036996
duration,BB,201304,269,0.2170939319964534,0.9805466133623532,0.1327556763888118,0.9590356766354103,-0.028099897045133684,0.4647715573310646,-0.0038183270349052252,-0.1401591654666376,0.9420768312315746,-0.0025457918034837816
duration,BB,201305,273,0.14952946366643233,0.961047601115131,0.0388224913772359,0.9309593401520321,-0.2956811865678332,-0.02677362749034355,0.006349093830401368,-0.1322526118160951,0.9495249184944475,-0.006693546821687784
duration,BB,201306,279,0.09000154714937728,0.9427477372940358,-0.007256130579407442,0.9185066693189228,-0.0397263755815624,-0.3875283183591376,0.0166051168023907,-0.12753601475393558,0.9543175375274233,-0.022636893575127996
duration,BB,201307,285,0.19025229773932514,0.9561353398269632,0.05502910729004131,0.9379695915648473,0.0805776876940702,0.21576718315042998,0.02782363256815137,-0.1275567792603265,0.9493000971015237,-0.004309125982601905
duration,BB,201308,291,0.24691476462023193,0.9588860914832796,0.1371309331917857,0.951317026135993,0.3908458283215404,-0.03772406975441809,0.03608797865859899,-0.13431849793578493,0.9499619700706599,0.010208654292004446
duration,BB,201309,275,0.21443755229220166,0.9501180000577018,0.09549176307665676,0.925148149216699,0.2365742477135686,0.3231885981362338,0.04322188777446013,-0.1336568226016441,0.9413322400391779,0.014359930845763242
duration,BB,201310,280,0.2386588385784804,0.9505010085770044,0.08947799990160224,0.923049127813219,-0.06305164242255276,0.2681327932389808,0.0505572363269897,-0.13496789967230166,0.9492206943648077,0.019340137299846127
duration,BB,201311,291,0.24213947961762658,0.9444477450584129,0.07575542125844295,0.9159469975505117,0.06896503026554793,0.04573287427744962,0.061315829532268495,-0.13117852561440171,0.9659255617273909,0.03077287731256216
duration,BB,201312,288,0.2719141458592046,0.931976879704536,0.07553329796768062,0.893919117144706,0.02392958618167497,0.09876411109637542,0.06743505622179999,-0.13152368828688463,0.9744494245278688,0.03189126460864102
duration,BB,201401,292,0.2538466395434979,0.9557085176743225,0.07910174465822832,0.9144612824879155,0.1208247037088628,0.17000259792464864,0.0707958890287128,-0.13303789000542157,0.9787063348083589,0.032397866687706944
duration,BB,201402,297,0.22579046404549763,0.9474520279889408,-0.017986870335863624,0.8695434299461146,-0.3857214444462767,0.10724696630736899,0.0697251767686062,-0.13787910377313134,0.9744697991991497,0.030772405641530276
duration,BB,201403,296,0.25482955991430567,0.9687437823031042,0.009644313034143542,0.9128472077624619,0.055642082760726824,-0.08954779124270648,0.07124733666893307,-0.13532870427482976,0.9760316196478189,0.017535221830428074
duration,BB,201404,296,0.3179041907855467,0.9773469926012297,0.07378642124404836,0.9139225512106868,-0.11750857174585987,0.036353456692439744,0.07943275278950716,-0.13263422403118724,0.9824214042344942,0.013635517804352832
duration,BB,201405,318,0.39436915887414525,0.8994779195670357,0.11738833279628265,0.8571498673668291,0.06927170143440112,0.10465845908933247,0.08600607320603891,-0.13261887162419342,0.9856965763432031,0.025969488169720258
duration,BB,201406,323,0.36170562809410567,0.9540763673890609,0.041509001261323245,0.8442864051290487,-0.16260457908055165,0.03474763920315139,0.0837333084094173,-0.13248982311174393,0.9760505381538599,0.03801660871841056
duration,BB,201407,320,0.24621517299973636,0.9361874871824919,-0.06394508247150851,0.793398250959482,-0.25795015088037965,-0.22594666451820822,0.07974556219096889,-0.13420221051529102,0.9735745304068872,0.04385367536504839
duration,BB,201408,325,0.33636271476762275,0.9297754006956461,0.04117036337895234,0.8802006536975864,0.2530288570779368,0.1538639819621415,0.0824482063023674,-0.1269747819268727,0.9732201066008034,0.05042607075572181
duration,BB,201409,318,0.22251177974290137,0.9387169761612021,-0.12110247206885544,0.7888549326907881,-0.2749423968830039,-0.3318534741643794,0.08811256665021845,-0.12470579917424718,0.9769208152800903,0.03427414128898012
duration,BB,201410,319,0.23123745261184933,0.9258939460998024,-0.14787700248759847,0.8311687495535123,0.08044006184938798,0.23642095696503004,0.09299807087878212,-0.12044768722949373,0.9733898896858282,0.025563090824627138
duration,BB,201411,323,0.2222845405642552,0.9105432663785067,-0.13362975497852334,0.8128558822461097,0.22615539986653194,0.02604621813129015,0.09823627132826512,-0.12407614947406392,0.9709576255527308,0.03200648234477657
duration,BB,201412,329,0.2635319014146207,0.9101146388639902,-0.07894412282061478,0.8295911146456034,0.17639389671045094,0.18894317929087,0.10588257694950921,-0.12010433136943643,0.9642433197391495,0.037234827385658344
duration,BB,201501,338,0.2419618163649611,0.9038284789709387,-0.06498962271172519,0.8095883750753028,0.045640956236387434,0.14931781197009367,0.11416735833761395,-0.11473916905311765,0.9578763917257971,0.029899825318597983
duration,BB,201502,340,0.2753813766962161,0.9593576781398986,-0.07966189408314646,0.8628942953404342,0.01885809107854078,-0.06652754476300682,0.12147502511810919,-0.1128431832136008,0.9669348464337446,0.00452007929959227
duration,BB,201503,335,0.25709146738505934,0.9490385965808256,-0.09481091122658736,0.8437199162442706,0.025385582779004892,0.046248547680757895,0.12689842378623412,-0.1123260133160958,0.9667418076248222,0.0255272038485393
duration,BB,201504,341,0.29274367564590276,0.9253773125240219,-0.05562253918390939,0.8223249170018371,0.07799073325888467,0.04543366351016406,0.1269870863576754,-0.11022687857211523,0.9611617476875656,0.029520762508965456
duration,BB,201505,336,0.32310459149778875,0.9559796397410996,-0.04363567917091103,0.8559805887898363,0.07948093361087737,-0.09774885639627215,0.12819280702000452,-0.10621315728290867,0.9516357236821491,0.02299418020953637
duration,BB,201506,338,0.3476465379231346,0.9453808286882726,-0.07317988796537558,0.7947669627913966,0.0759569022058089,-0.12467491825661559,0.13552098458885226,-0.10358770376650259,0.9547643253268719,0.03798212463554919
duration,BB,201507,347,0.3417670984933646,0.9249890430174296,-0.053712478437864565,0.8028639226055044,0.16780554184935487,0.32729296759892446,0.14244803254985755,-0.09545079705877173,0.9647000596306413,0.037708965839616714
duration,BB,201508,352,0.3250960193771468,0.9315153146409718,-0.01700569653827444,0.810653109874073,0.07745575167671484,0.27158295748947303,0.14063670679552592,-0.08822915077932814,0.9590037903891093,0.016985921290490032
duration,BB,201509,367,0.2862291905524799,0.9452056648514529,0.002717148704140989,0.8536281036080315,0.08828093217682469,0.41600802969940104,0.13905569233856474,-0.08303733124437211,0.9643215145362837,0.0008163175322165673
duration,BB,201510,370,0.3294987446851229,0.9374025790960903,0.07017171665123804,0.8869379141813563,0.05936801307256898,-0.20639082314185855,0.13368692326156525,-0.0804221812796091,0.9540980834742505,0.026546245111129612
duration,BB,201511,373,0.3721764192535567,0.9719694156309931,0.14293123789183734,0.9243676006957465,0.20973314754187822,0.25463364844809716,0.12970673848890762,-0.07520722010789838,0.9545682900566131,0.014862073669046195
duration,BB,201512,379,0.38905178513566235,0.9494404436773553,0.15519339245210653,0.9009599636734756,0.14764373554819324,0.4153248115892193,0.12706526007033425,-0.06880456808513362,0.962010587775667,-0.010709583592431071
duration,BB,201601,383,0.35880427836178974,0.9392108833540662,0.1575418130493623,0.8932242184189303,0.13349012514866104,0.18143907290199993,0.12428804174375777,-0.06343100498524665,0.9630193666549316,0.0013233980901753892
duration,BB,201602,375,0.4129067250487392,0.9557369982783608,0.22711116167937195,0.9368053248378656,0.19743110706565026,-0.180174081237911,0.12407623897818312,-0.060477330703981425,0.9607159936538332,0.0027693373454986386
duration,BB,201603,350,0.4143764672131434,0.9574478625481491,0.22135527636960303,0.9317955015376217,-0.05867313202556755,-0.41319562958531436,0.1262689425283394,-0.05722834768391011,0.9506963459638246,0.009639912913751483
duration,BB,201604,343,0.4350184906975554,0.9730781628965626,0.2245873344966593,0.9350740995821303,-0.04343470208506553,-0.2917842779706742,0.12735084444867129,-0.05564522861768448,0.9511884410207135,-0.008080231161355299
duration,BB,201605,357,0.4491095791778516,0.9596075829113895,0.24016280292796297,0.9391179609123169,0.40706481575744985,0.20124892590894877,0.127259616325725,-0.05379290776776027,0.9442327398067295,-0.007542774235178848
duration,BB,201606,352,0.4724979144242599,0.9641242452857183,0.26794172934399557,0.9260214918855143,0.106053727512651,0.10802842105958252,0.12559832750455405,-0.051744931538452894,0.940820131398159,-0.015341520036670303
duration,BB,201607,351,0.47665112665112663,0.9676945276945276,0.2874186924186924,0.9321558996558995,0.08994338994338993,0.08737012987012988,0.1259080872708873,-0.04709319128097299,0.938731686131642,-0.03817253003706426
duration,BB,201608,348,0.49878259799936614,0.9480092039065063,0.28200275228809213,0.9009740070222356,0.05678808036590112,-0.06969786619369604,0.13031814127419059,-0.04755201219059417,0.9529808487177871,-0.03413499602672106
duration,BB,201609,347,0.5083497089722034,0.9713475623801265,0.26010268257951785,0.9046601784480317,0.13059028697242056,0.12414763866255309,0.13384714082576674,-0.046803528867751305,0.9580413729292878,-0.011549649801750373
duration,BB,201610,360,0.4779514759630346,0.9697171017266079,0.18943664688770745,0.8713169083094777,-0.2627972952466197,-0.31808527329171776,0.14079624232495933,-0.041884323385251755,0.9977936619113632,-0.008621672262161227
duration,BB,201611,352,0.49448780681075283,0.9345217263064288,0.07839150934051782,0.822072324905186,0.020850254561302715,-0.2464691037637213,0.15436006705328695,-0.030277642806052867,0.952624584408019,0.0530218392154163
duration,BB,201612,342,0.5281356782344274,0.9523106047481503,0.12831183230684287,0.822776463572001,0.12183865012942316,-0.11860445895995603,0.17211169052834488,-0.017126811941138742,0.9649726817157036,0.09148642775452386
duration,BB,201701,319,0.48612556929082623,0.9604790175666883,0.027329656355355766,0.7335079404980186,-0.22936098953096348,-0.20984762228662687,0.19222217060906463,-0.005400120583953272,0.9991913897461041,0.10350467364521505
duration,BB,201702,335,0.5135838541667099,0.9450328244124381,0.01191731675242266,0.7302152624388749,0.0807546953002311,0.06882907958071065,0.20937790722610908,0.0035935442346156318,1.0031282658818312,0.11455538799117763
duration,BB,201703,325,0.4933899638194117,0.949315273566787,-0.06140877073392411,0.704897549935992,-0.0030825162113505677,-0.07732823635609387,0.22492671506052347,0.006281027010882836,0.9645004281158341,0.13525265278214021
duration,BB,201704,329,0.5069450528713633,0.9432807203175652,-0.014224384852303897,0.7312331933764213,0.29532447313973004,0.3990541114308629,0.23841421296810578,0.014834253704483625,0.9345623022638714,0.1538790219123865
duration,BB,201705,327,0.514437220552765,0.9462788644884252,-0.008258322156587918,0.706060289904413,0.20959005940034073,0.3780806977034705,0.24925013835025478,0.017897809715354675,0.9283369038575113,0.1493075073579206
duration,BB,201706,314,0.4914532622841366,0.9793209239496452,-0.1025048427217695,0.701420499418098,0.18391683406640366,0.3936297980253129,0.2611564771767969,0.019990686996848164,0.9354188253168656,0.1542628895589217
duration,BB,201707,334,0.4360474694016566,0.9779922204803786,-0.21597386107172506,0.6707896027227515,-0.0836122027828168,0.20995024875621893,0.2711188700870329,0.018559951142841292,0.9341958866004033,0.15508191593365123
duration,BB,201708,331,0.4636519160961341,0.9713553472334822,-0.21001545318875064,0.6518181487278419,0.2652511722252923,0.3534111176924121,0.28101369716002317,0.022292660228216566,0.9299791657114319,0.148775235660648
duration,BB,201709,321,0.44215570417764666,0.9835163355049831,-0.26182990363963543,0.6352284930632148,-0.0010590207232832184,0.1844433882858304,0.2885574923526952,0.021620310059225364,0.9250586981948733,0.13820504067603015
duration,BB,201710,322,0.3798995421004648,0.953898324152971,-0.4051335284215271,0.5299833106306533,-0.00603038537855742,0.14329871904395214,0.2952856228599312,0.030143681177609908,0.9140822239402492,0.14284780521982265
duration,BB,201711,306,0.38518841936304615,0.9743752597958073,-0.4197477271466071,0.5695957498714764,0.13159378772601585,0.1921974877418261,0.2905514234347013,0.031192764303383913,0.9223297614597948,0.13162726088323698
duration,BB,201712,302,0.42133221044706837,0.9233312079530324,-0.379156445489877,0.539453542722867,0.16806849548126143,0.13790174643523187,0.27721549509379906,0.031286204490378916,0.9103449132541822,0.1319973337542113
duration,BB,201801,310,0.45189023819186463,0.9444991707140721,-0.46158789876971634,0.44528213344504614,-0.07216408884789174,-0.11560437170136041,0.26554091367362315,0.026098030204645722,0.8829708792411031,0.1383828565579928
duration,BB,201802,332,0.4810282200083096,0.9198059487070516,-0.40595959407155857,0.4999952451268289,0.3258367019150334,0.030748617069732347,0.2530485483026437,0.01994829307919946,0.8599758524180969,0.1407275756156908
duration,BB,201803,313,0.48158908509735715,0.9136472286184337,-0.3194152462380622,0.47963474022162284,0.26582416687929394,0.3487809020510837,0.24275944218319812,0.017069958089168086,0.8827095199908301,0.13587286380944874
duration,BB,201804,318,0.509207496904808,0.9301346753444403,-0.31030937664368763,0.5122077186404228,0.2526933853579024,0.13885854308940784,0.2344393297506614,0.011349834493083579,0.916216703343319,0.08919411503299875
duration,BB,201805,318,0.5690370721700959,0.9276667297631349,-0.16969638506739132,0.5894732894382236,0.3162823007064627,0.13367133633366565,0.22965414529525285,0.008847266823540385,0.9313738885867094,0.07291573746265519
duration,BB,201806,315,0.6172631045484388,0.9660942245155743,-0.09439766876677304,0.6280949693430545,0.2980818772723957,0.2307160709966483,0.22470990724628118,0.005121193757604866,0.9235873392611612,0.06991059466289624
duration,BB,201807,327,0.6374674478719797,0.9389787451935419,-0.02445064637509661,0.6006981290334095,0.2254724777506119,0.15727019261524863,0.22103213283657372,0.0037862773998313874,0.9308628796296136,0.05975387138439142
duration,BB,201808,319,0.662543251316023,0.947169441651387,0.029095197255574613,0.6123872508428462,0.14095086354764297,0.13459846513278523,0.21335273325651058,0.0006123384282677303,0.9349977218189702,0.06313904602613021
duration,BB,201809,321,0.6851155422007943,0.9532921570510862,0.01932068845417078,0.6343621205085042,0.1744859087478958,-0.002818976026005689,0.20732376173660041,-0.0009476727433394659,0.9459741120492258,0.06641899692272514
duration,BB,201810,327,0.6715689912554569,0.9143838634094092,0.08477813800953792,0.6088626393600587,0.14422018213234702,0.07572617463300162,0.20020654758976567,-0.006824744214559486,0.94013830208028,0.07889010997659054
duration,BB,201811,317,0.6814192795938155,0.9565475683710808,0.1792950088112597,0.7535872261973554,0.3977547297892906,0.3395604842689442,0.19303138147305865,-0.01202978748662156,0.9483638707303664,0.050107128534401024
duration,BB,201812,322,0.579623513778549,0.9113637505244389,0.08289546918662673,0.6591023415076162,0.008242335408039904,0.0479693748797023,0.1888836737520988,-0.01914250454619111,0.9610044598502809,0.033894837689689025
duration,BB,201901,318,0.6778307904123486,0.88381502927922,0.24976588384144177,0.7437293107580498,0.1718305318070521,-0.20494602266976128,0.18307242800810417,-0.022629176612375086,0.9639353289897488,0.02542419596616737
duration,BB,201902,323,0.6751042140731197,0.9457082604208732,0.2507679400262521,0.7718774771540958,-0.0005754653755730617,-0.10942353040885817,0.178157982024962,-0.022891593324994842,0.9604411566017578,0.017302791439978683
duration,BB,201903,317,0.6267898459931935,0.9610044308694705,0.24709386647419265,0.8009152559484478,0.11882957539447243,0.27401284884338556,0.17236783543031692,-0.025068810074368685,0.9513012199646617,0.026985931769978967
duration,BB,201904,317,0.5820652628422508,0.9558310649079808,0.19108981608237605,0.797608490754393,-0.1835254682700472,-0.113550353768876,0.16762902248356232,-0.02828582663378782,0.9517073789685704,0.035565409634131795
duration,BB,201905,321,0.5031673121378627,0.9093649240078227,0.15275983920589772,0.7679231729262206,0.1495697161432635,0.253169080513148,0.16104324889038207,-0.02809587717251034,0.9411459620282472,0.029055086016613735
duration,BB,201906,322,0.4717292550160208,0.9391473765754546,0.1614125065753755,0.8505272117233397,0.04975467806404411,0.17025960312674365,0.15569634395531462,-0.030003180122461965,0.9381537653086407,0.034870441511776144
duration,BB,201907,326,0.47940221754265583,0.96993899406757,0.21096449337795653,0.9021723073459439,0.21456563811041213,0.3950575613388694,0.1517874224544791,-0.03084814611896499,0.932534119425268,0.03847991483681619
duration,BB,201908,330,0.4789550982491128,0.9702107549724812,0.23224774851824817,0.8977512021356936,0.288835968010056,0.623081656404031,0.15112590773319104,-0.032817431926940976,0.9286960704451467,0.01225168341694916
duration,BB,201909,325,0.4567549333193506,0.9771513427283011,0.2162442102319403,0.9175449491453044,0.14557565588240437,0.3015769670489213,0.1502064447938915,-0.035212990001473474,0.921287399168127,0.022355156688529963
duration,BB,201910,316,0.43935782834477083,0.9638556920192508,0.15697381456276158,0.8787240232514363,-0.10480830115059243,0.1007421520698684,0.1503967042509329,-0.03137552851985999,0.9173685664002308,-0.023251372260696266
duration,BB,201911,299,0.4454773181297838,0.9544230208076138,0.15378734484074433,0.8879284415613566,0.19621063500258132,0.2651522973670625,0.15509325251891673,-0.02473365477406885,0.9150196644574766,-0.03711610186787665
duration,BB,201912,290,0.4013247933162516,0.9755066996163387,0.061892326408407826,0.8502454619371012,-0.19144850219630313,0.19637225585117046,0.1621910319269342,-0.016113659574650684,0.9192803439107784,-0.04613794360930969
duration,BB,202001,289,0.4023992761404765,0.964408582905779,0.05060056476951836,0.8494899176709224,0.1922334248100863,0.4402855665592809,0.1682323122725576,-0.010985974187599515,0.92774429218065,-0.021593535277459847
duration,BB,202002,290,0.2899152107676051,0.9180699594197478,-0.09769397397402324,0.7600719349239874,-0.18996847311727436,0.16207720703555048,0.17836326764367097,-0.004372700910501127,0.9282785821830578,0.0004201794393977691
duration,BB,202003,316,-0.07632890476000329,0.49545600614562,-0.30816823634776763,0.40999385818297296,-0.20280660121733482,-0.10628081604402333,0.1876122588277961,-0.0021088681094082896,0.9297561131214918,-0.010196089900699761
duration,BB,202004,309,0.011836770760386086,0.819566627033839,-0.24211363331313218,0.8072000032538709,0.03946823611715562,-0.3046335124318212,0.19654697683310318,0.0017657791777408087,0.9364071348164745,-0.011834187364552407
duration,BB,202005,306,0.1531723620189786,0.8956212845269368,-0.1986107926376617,0.863201486707515,0.1859981970040112,-0.4260257995979196,0.20397783555065935,0.00468226303355518,0.9420009151394456,-0.003415035205162653
duration,BB,202006,302,0.2117216430010254,0.9014728297322043,-0.17913121975989377,0.8184749499569879,0.2021463218685513,-0.18441424569730305,0.20821399749635233,0.005162195368842549,0.9465464175542668,-0.008710966073026044
duration,BB,202007,294,0.33219843152162243,0.8380111042508056,-0.1014784024328769,0.7662927078623432,0.17541670454263733,-0.12878593445823983,0.2110210382683942,0.004134783918107248,0.9456989642635607,0.01466155855100319
duration,BB,202008,286,0.31918146038813555,0.9524629414231467,-0.16499777501061197,0.7652032178347967,-0.18726767455907378,-0.042892922225399754,0.21392709135183616,-0.0021259674102206767,0.9568441314433127,0.027288735369008294
duration,BB,202009,259,0.3505680994053087,0.9485526415758972,-0.13835931510350113,0.782982573680248,0.1068296254342766,-0.023994861204163526,0.21790714374759462,-0.007024651435533028,0.975484261588349,-0.00169935528952792
duration,B,200307,86,-0.3853106278598047,0.8056700787773008,0.10480683051087315,0.6546440869852351,-0.1631492051511864,0.23519033916694182,-0.3461050349890953,0.13589710058591906,0.8472451076056706,0.2724601985162205
duration,B,200308,88,-0.418442464161178,0.8753302102779053,0.1318551653693072,0.7017892994258745,-0.06924729667852489,-0.11369800288823925,-0.3461050349890953,0.13589710058591906,0.8472451076056706,0.2724601985162205
duration,B,200309,94,-0.5233898060181339,0.8607809847198642,-0.07618393960192174,0.766846078820937,-0.4378499440089586,0.2905826680634324,-0.3497230589693992,0.08868419316825879,0.8238172698676266,0.2673679549816364
duration,B,200310,97,-0.4623527245949926,0.8703055964653901,0.07347990742688827,0.607603092783505,-0.14899800126236062,0.19325952030296656,-0.35593530193805256,0.10212145331984447,0.8365802008632003,0.2576073847612687
duration,B,200311,98,-0.40280142047446904,0.9492378019623968,0.0928345096239058,0.7786023500309214,-0.22463005820885054,0.3943601808108435,-0.35593530193805256,0.10212145331984447,0.8365802008632003,0.2576073847612687
duration,B,200312,96,-0.4465138361367336,0.7207677699403147,0.04538795442213782,0.5743081931633207,-0.12852685838307107,-0.03475311991318503,-0.35593530193805256,0.10212145331984447,0.8365802008632003,0.2576073847612687
duration,B,200401,106,-0.34538126306773814,0.7299846335995163,0.03394211149457138,0.6431065319797465,-0.10701564349950879,-0.1777716200216641,-0.3399328939054585,0.11244675409574696,0.8356923505157712,0.2874785214502739
duration,B,200402,101,-0.35832265579499123,0.8877111240535818,0.0019336051252184041,0.7505998835177634,-0.018008153756552122,0.3629819452533488,-0.31728242841992577,0.10336608019289552,0.8234671792574056,0.2722272385822222
duration,B,200403,106,-0.40344106607552205,0.9087386956193163,-0.03391188251001335,0.8128523566012545,-0.2525984331309671,0.5152177746429201,-0.31728242841992577,0.10336608019289552,0.8234671792574056,0.2722272385822222
duration,B,200404,107,-0.27774838848723526,0.8358804051803523,0.1533435216207214,0.6954877642587042,0.28321479652814513,-0.2363878602637199,-0.31728242841992577,0.10336608019289552,0.8234671792574056,0.2722272385822222
duration,B,200405,108,-0.3124982137243133,0.8238779806986958,0.1291072432288243,0.7171873064868005,-0.09554431392723427,0.09423914182552612,-0.2988839975976559,0.09407859021794715,0.8315149509262111,0.2887676576440754
duration,B,200406,106,-0.17676398720306322,0.8475552308738695,0.14844950500037787,0.7259037206841826,0.13368768420787466,0.2160818197848704,-0.2796895216004997,0.07499132004091698,0.8299007210039266,0.2873267185663792
duration,B,200407,110,-0.15973220927349369,0.8857606564028582,0.21383134594143768,0.7871830128710862,-0.13817370331131798,0.14120325496472286,-0.2796895216004997,0.07499132004091698,0.8299007210039266,0.2873267185663792
duration,B,200408,108,-0.12974553907418523,0.9378757133194242,0.16150790248363772,0.8607657644783598,-0.002772299865672068,0.514285442091324,-0.26482845525301313,0.06602322882316179,0.8398174512856347,0.29467965588662576
duration,B,200409,111,-0.12404352404352405,0.9403036153036153,0.1972797472797473,0.8456475956475955,-0.0025798525798525797,0.31511934011934006,-0.24993541579576437,0.04893720961430561,0.8384680030697843,0.29275484335276114
duration,B,200410,108,-0.19484218849733723,0.9474025169815274,0.16384196938085302,0.871750169100765,-0.15066639991616412,0.5133994493507483,-0.2550858536778919,0.052321165848671594,0.8202194705695419,0.2468409510375589
duration,B,200411,109,-0.19928644240570847,0.8978500602353815,0.19797053099805395,0.8293114632564175,-0.15398016865906775,0.359864702066537,-0.24952426928568394,0.03311080507412101,0.8332220738679583,0.2799715586777093
duration,B,200412,116,-0.1302502594856418,0.9183715834390498,0.20033060392880483,0.8230653903817323,0.1828239726290701,0.08218198593011188,-0.2376057698685322,0.0005048704854112602,0.8578509761308295,0.24758233908730662
duration,B,200501,115,-0.026157973644756572,0.9450643099502881,0.2870275388621479,0.8528604118993135,0.22933796259764858,0.3612167600410321,-0.23291869923041222,-0.02228209005621694,0.8056008763458752,0.23578708100645254
duration,B,200502,115,-0.0773376469659907,0.9034403850706226,0.1848970251716247,0.8303558746942319,-0.04870985559851653,0.6038191430600489,-0.21711068314124973,-0.05560383765861161,0.7938487023431233,0.22088125177665652
duration,B,200503,111,-0.039803439803439804,0.9427079677079677,0.2961916461916462,0.8126974376974376,0.13818883818883818,0.1664180414180414,-0.20262779506278064,-0.04560686647322542,0.7930889224314978,0.22257615072448048
duration,B,200504,100,-0.03381938193819382,0.8816801680168017,0.2256345634563456,0.7972517251725171,0.00372037203720372,0.5245124512451245,-0.2061539567782645,-0.06598876855608166,0.8111523696885874,0.23082370300597566
duration,B,200505,98,-0.1338038495623179,0.8769772201289135,0.09178891800394008,0.8418478919215295,0.0026076034912559214,0.4171464274557057,-0.19507808740215365,-0.07007006252814146,0.7796248251619362,0.1674801439416367
duration,B,200506,104,-0.0856822788861624,0.953558092393044,0.12900885522244748,0.9055371812653367,-0.18918169209431349,0.4718126533660515,-0.18946393219096913,-0.0716188364524111,0.7712729944069232,0.1482871096466361
duration,B,200507,105,-0.13908355795148244,0.9524673439767779,0.11329048310180385,0.8989218328840969,-0.22010159651669084,0.41360149284677583,-0.18249176152618457,-0.07813753026688461,0.7733262750418721,0.15645187522633977
duration,B,200508,104,-0.14782887015896726,0.9084177957964367,0.10593193214552439,0.8657206870799105,-0.17069241438173477,0.44152352501867065,-0.17590232731283198,-0.09590925334753073,0.7635238400422192,0.17308573625230728
duration,B,200509,101,-0.045777518928363424,0.914502038439138,0.20984274898078042,0.8274432149097262,0.13599301106581246,0.3636808386721025,-0.166178453626718,-0.11900720106191828,0.789172345818576,0.17785439024105942
duration,B,200510,103,-0.12005227781926811,0.9181566577340421,0.0934081623687563,0.8889535649958267,-0.059163994201115844,0.5315204498528313,-0.14519597489157052,-0.12397402732996626,0.7988511189526843,0.20552112381685617
duration,B,200511,101,-0.11716948165404775,0.8424927198602211,0.05789167152009318,0.8091788002329645,0.008875946418171228,0.3919161327897495,-0.13218098904427938,-0.12142906669876932,0.8025194669942803,0.1810812556902682
duration,B,200512,116,0.06459078153231076,0.898427709222312,0.2383116134240572,0.8651904816822358,0.09971937108368893,0.3100372890477838,-0.12336855105594816,-0.1279394882857325,0.7926612640841507,0.13999087187897424
duration,B,200601,116,0.018137085303502096,0.9156652443009264,0.12853573213393304,0.9105831699534848,-0.05085149732825895,0.3241148656441011,-0.10163608500913625,-0.13264878007862496,0.8316829574673553,0.17903459857511822
duration,B,200602,116,0.027409372236958444,0.967162572559874,0.11578825971629571,0.9439818552262331,0.21390074193672395,0.2695805943182255,-0.08302066667970452,-0.1402702216249061,0.8647311647190355,0.1575482095222108
duration,B,200603,118,0.0501535685982346,0.90183296265051,0.12819052001504644,0.8922865104320737,0.13275557941559937,-0.06694568309722845,-0.07121622782741652,-0.140297421246083,0.8630788679034692,0.16411672002047303
duration,B,200604,117,0.0721650257009696,0.8869981567234635,0.10499932563053543,0.9021714696758529,-0.10536648233901301,-0.07863147956660521,-0.048480357436235605,-0.12661680290969743,0.835462774238892,0.15454117877849596
duration,B,200605,120,0.08767969997916521,0.8933050906312937,0.10800750052086948,0.8976178901312589,0.13852350857698448,0.019619418015139937,-0.03910301629454701,-0.1175925101422893,0.9135258298241163,0.17664124619630303
duration,B,200606,128,0.2500572239516572,0.8741931422816335,0.23441219556857718,0.8695637245925653,0.1846388024171397,-0.09588445339681376,-0.032632119827951986,-0.11992992806125125,0.9134208933872147,0.13690468898437025
duration,B,200607,125,0.2678156682027649,0.8996866359447003,0.2908387096774193,0.89878955453149,0.12159139784946237,0.1358648233486943,-0.02886549478506496,-0.11384034480126493,0.9163716963458,0.14909263850091325
duration,B,200608,127,0.3484134795650543,0.8894884233220847,0.34058633295838014,0.8964191976002999,0.07952521559805023,0.2398645481814773,-0.027590075891851175,-0.11397555434419417,0.9211568994981031,0.12247494325307978
duration,B,200609,130,0.33625749361591717,0.9196930177934972,0.3130317224050581,0.906233869095577,0.18433407529803764,0.21584618115773804,-0.024581609155208087,-0.11424297298313668,0.9183123231947203,0.14445358357488208
duration,B,200610,141,0.36382550622886245,0.9335074275439872,0.3453272828460122,0.9279720878462262,0.2616593176077743,0.10016267819684062,-0.018581828640739543,-0.11814331077676402,0.9176903143161204,0.13153406161343872
duration,B,200611,127,0.3091781496062992,0.9421400449943756,0.2825681946006749,0.9307977127859018,-0.04387537495313086,0.18754686914135732,-0.012430804471897091,-0.10491518722920025,0.9242117394666728,0.13992777301080803
duration,B,200612,127,0.19225135920509934,0.919449521934758,0.17444694413198347,0.9186820397450318,-0.06381233595800526,0.17744656917885263,-0.010434561369812467,-0.1062862427498782,0.9288205490136837,0.15845952689207243
duration,B,200701,123,0.30066038100888676,0.8985438082831385,0.26722859243399416,0.9091460190117504,0.16263817053823634,-0.22214984973752439,0.0006820186214916122,-0.08874735260704608,0.9286553128057832,0.15603215901381529
duration,B,200702,118,0.2704962036966025,0.8778828350114493,0.2555958498131978,0.879796507912161,-0.12999463149014495,0.06719402232861854,0.006250827514053237,-0.061305632769494044,0.9280653593389189,0.17121755394165675
duration,B,200703,109,0.19790566212584562,0.9513668798072468,0.15410063942174032,0.9450653322212955,0.016708368084514875,0.25587989991659715,0.017175128865585382,-0.03491549807126684,0.9306748688082852,0.1909702645611181
duration,B,200704,118,0.25336079673068707,0.9161709012157666,0.20918562992341658,0.9092320109269262,-0.04765556809425204,0.14771436605933116,0.026240898889868,-0.029464073725331632,0.928910683976523,0.18864210722622993
duration,B,200705,113,0.13484762791935592,0.8796493446004392,0.0717113580411205,0.868479273404751,0.03697019096413601,0.2146849424446071,0.02978222450932422,-0.01955978350983331,0.904726943521698,0.20869716647903083
duration,B,200706,105,0.3056396433754924,0.848921832884097,0.21619324072154258,0.8537943188886584,0.2374455732946299,-0.11530167945262283,0.041086007358597146,0.0046788111127462235,0.914725775598986,0.21741896200075564
duration,B,200707,101,0.19435061153174138,0.7404892253931276,0.10195690157251018,0.7138846825859055,-0.13052999417588818,0.09579499126383226,0.058392428127258575,0.010744543492493774,0.905682522179444,0.23369385823970681
duration,B,200708,95,0.04669652855543113,0.8090845464725643,-0.05765677491601343,0.7828667413213886,-0.16611142217245242,0.30449328107502804,0.0802834655695412,0.03423438324210604,0.9118322342879432,0.21976140839244962
duration,B,200709,91,-0.07525083612040134,0.8601051122790253,-0.19112916069437813,0.8362955884695017,-0.10963529224398791,0.36190476190476195,0.09950331949598533,0.027818515562372012,0.9060082039855829,0.1981627875094276
duration,B,200710,79,0.02227361246348588,0.9010710808179163,-0.1629016553067186,0.8913096397273613,-0.045082765335929906,-0.02370983446932814,0.1155375696212318,0.036076325161378535,0.9074861534735187,0.18393795261823268
duration,B,200711,77,-0.17422051632577948,0.8051422261948576,-0.3531468531468531,0.7365792102634208,-0.2775645407224354,0.15313633734686366,0.13634078699378535,0.05709033283039506,0.9012000087210814,0.2033970111429457
duration,B,200712,73,-0.10017894606935705,0.8404911761076146,-0.33854745156115024,0.8365420214735284,0.17635443662840924,0.03656053313587561,0.1503333307675201,0.050820641753044016,0.9099605739696961,0.20197626955167944
duration,B,200801,72,-0.1866357965142453,0.9278731751238022,-0.37796642870924185,0.8903788024953374,-0.20946684674255583,0.18850086822303688,0.15250073798993907,0.041803914226015,0.9142483635463262,0.21004646638503985
duration,B,200802,72,-0.2314939867515596,0.8612772525564347,-0.4392565438291852,0.8356485947649367,-0.29895813235577856,0.3310180719017301,0.15225282789316358,0.026717159931131152,0.8947854384955086,0.18876848986798037
duration,B,200803,50,-0.3686434573829531,0.872172869147659,-0.5269147659063625,0.8794717887154861,0.11298919567827131,0.09791116446578632,0.15626987774240614,0.023245423693973307,0.8919357713164787,0.1875878696090683
duration,B,200804,52,-0.3502091692990694,0.8709980363698454,-0.5027746947835738,0.8825236916246906,0.06872705540852045,-0.0636899171860326,0.1601751424324423,0.02218352839100675,0.9117609991305033,0.195500131841781
duration,B,200805,55,-0.26118326118326124,0.78982683982684,-0.43982683982683995,0.8171717171717173,0.2580808080808081,-0.018109668109668114,0.16638412188602916,0.015489972571083333,0.9193469037345577,0.19520071963140073
duration,B,200806,40,-0.30187617260787997,0.7446529080675423,-0.5566604127579738,0.8238273921200752,0.33714821763602254,-0.3110694183864916,0.1676376587772911,0.007880814256963601,0.9169208090648812,0.18827939915042446
duration,B,200807,37,-0.21503082029397816,0.8624940730203886,-0.512565196775723,0.8501659554291131,0.2297297297297297,-0.18231389284020863,0.1688398151350452,-0.002156720131764241,0.924229431679293,0.17072060415160006
duration,B,200808,38,0.049786628733997154,0.786191049348944,-0.22092132618448407,0.7715286136338768,0.25812452128241603,0.051537367326841006,0.16582981087300233,-0.012798481457132447,0.9238421918364749,0.17051867524275435
duration,B,200809,38,-0.47324652587810484,0.5439325965641755,-0.5870445344129555,0.49294233504759816,-0.5922967501914871,0.03862567020461757,0.15581036302381518,-0.01860741889381249,0.928821595998788,0.1693336030915552
duration,B,200810,35,-0.4142857142857143,0.7815126050420168,-0.5355742296918768,0.7932773109243698,-0.06890756302521009,0.01708683473389356,0.13793635974160987,-0.03586452094259051,0.9558555524583949,0.1750427101762891
duration,B,200811,35,-0.2728291316526611,0.6871148459383754,-0.35798319327731093,0.7221288515406163,0.05686274509803922,-0.023529411764705885,0.11956517991013602,-0.04491309702281631,0.9523342262859292,0.11492355044881489
duration,B,200812,32,-0.20784457478005863,0.846774193548387,-0.2925219941348973,0.8636363636363635,0.00439882697947214,0.09127565982404691,0.10345390799561116,-0.04938043746849281,0.9450306299225867,0.1022179157433455
duration,B,200901,32,-0.26722873900293254,0.7991202346041056,-0.36180351906158353,0.7639296187683283,-0.02602639296187683,-0.6693548387096774,0.09502840193433892,-0.03954554338105427,0.9496711968999012,0.1166079235642612
duration,B,200902,33,-0.27874331550802145,0.8562834224598932,-0.36296791443850274,0.849264705882353,0.04077540106951872,-0.31417112299465244,0.08552731628461567,-0.02643049361342776,0.9810138394071641,0.12220911279916666
duration,B,200903,33,-0.23328877005347595,0.90274064171123,-0.32386363636363635,0.9127673796791445,0.1554144385026738,-0.17179144385026737,0.06635579076106272,-0.02963149184974503,1.0100649850085368,0.13261618521365534
duration,B,200904,34,-0.21038961038961038,0.9214667685255918,-0.254392666157372,0.9119938884644766,0.09671504965622613,-0.4194041252864782,0.04373139322614436,-0.027875204020581665,0.9769261957694348,0.15568560535743659
duration,B,200905,33,-0.32620320855614976,0.8636363636363636,-0.3482620320855615,0.8686497326203209,-0.07987967914438504,-0.27807486631016043,0.02183948575366293,-0.0076262040660808866,0.9667753366193723,0.16182241841804387
duration,B,200906,34,-0.41237585943468297,0.813292589763178,-0.41757066462948816,0.815126050420168,0.021543162719633305,-0.2834224598930481,0.006469374743251151,-0.0011939252798143269,0.9842259987426225,0.19156054606689413
duration,B,200907,35,-0.31764705882352945,0.7711484593837535,-0.29691876750700286,0.7747899159663867,-0.02296918767507003,-0.2574229691876751,-0.02483441422768257,-0.01850220954628885,0.9733305082085311,0.18006237873268863
duration,B,200908,38,-0.35616588248167197,0.8236130867709816,-0.32793522267206476,0.8249261407156144,-0.35726009410219933,0.06313601050443154,-0.05220120792730074,-0.047282781984228785,0.9687056444705288,0.19160189600817648
duration,B,200909,39,-0.2165991902834008,0.9093117408906882,-0.16133603238866398,0.8997975708502025,0.3746963562753037,-0.3459514170040486,-0.06365024117379187,-0.05290193642336134,0.9589078466950098,0.22135239456663916
duration,B,200910,39,-0.27732793522267213,0.9301619433198381,-0.22388663967611339,0.93582995951417,-0.34939271255060733,0.37834008097165994,-0.08767394692259528,-0.04683793968081913,0.9069206286912396,0.21241926143563405
duration,B,200911,42,-0.28401264079085975,0.9583502147313834,-0.17559354995543314,0.95510898630581,-0.23555627582853905,0.501337006725549,-0.11366735238429758,-0.03780871334191661,0.8984016873339765,0.23072728361858538
duration,B,200912,50,-0.26607442977190876,0.8985834333733493,-0.1289315726290516,0.8952220888355341,0.07294117647058823,-0.14362545018007203,-0.13504914956556505,-0.038423388635434694,0.8874619630308164,0.26379990404818066
duration,B,201001,55,-0.40714285714285725,0.912842712842713,-0.20122655122655128,0.8852813852813853,-0.3792207792207793,0.018181818181818184,-0.1673912149092752,-0.040242342295164775,0.896246123003907,0.24800791322169072
duration,B,201002,58,-0.19253129902488544,0.8430588452428559,0.017564366790734875,0.7568673290473408,0.18256482820142117,0.2194776831031407,-0.19564189743079258,-0.03693054319243585,0.8552814756946213,0.21784118306989986
duration,B,201003,59,-0.10566919929865577,0.9189947399181768,0.12963179427235536,0.8551724137931036,0.05499707773232029,0.18696668614845124,-0.2014778025779725,-0.03063468520395449,0.7918720635937111,0.24416345473742163
duration,B,201004,66,-0.17632814946247785,0.7993528859200503,0.1096127752844171,0.77973071704415,-0.2062206450266152,-0.3034965034965036,-0.18410738924722334,-0.015571765753522428,0.8051629096650481,0.25272637489135535
duration,B,201005,66,-0.11758689072121911,0.8570504122742929,0.09675399227638035,0.80064711407995,0.10276589082559232,0.4189750547959504,-0.18103830481846603,-0.017418837717786097,0.789777275797102,0.2234147696386734
duration,B,201006,67,-0.09023066485753053,0.916593503072871,0.1513289169127624,0.8543379359885067,0.09901029611301781,0.3867028493894166,-0.20474367104793775,-0.012342764544957655,0.7237782977753545,0.16498503872266457
duration,B,201007,69,-0.08184143222506395,0.8826452320058459,0.13105590062111805,0.8488125685056631,-0.04497625137011327,0.5232736572890027,-0.19181376198536684,0.013600666276888319,0.7356463254226263,0.1753780760184391
duration,B,201008,81,-0.07881662149954832,0.9577235772357723,0.09096657633242998,0.9341237579042457,0.07197380307136404,0.6169828364950316,-0.18553394595769074,0.0133848217142365,0.7379273980223849,0.1665148355981715
duration,B,201009,91,-0.1918936136327441,0.964150342411212,0.03368370759675107,0.930291447682752,-0.05988214683866858,0.6333014811275681,-0.21826827791128386,0.024322304517836877,0.7351499120191073,0.1318822522008087
duration,B,201010,104,-0.28003840819374803,0.9239624453216687,-0.10346740638002774,0.9166115437960098,-0.2640243251893738,0.4853728795476369,-0.1871879702027599,0.02979098483772916,0.7568416420902031,0.16279200788547207
duration,B,201011,106,-0.3278988336650125,0.9399047786986423,-0.15434415698919315,0.9151270876892461,-0.27578406428697383,0.3303977630551427,-0.17424675706032697,0.028780359944321397,0.7772416927795189,0.14835547585329573
duration,B,201012,109,-0.3941710684829951,0.9427949216940044,-0.2263645630618108,0.9257622092484478,-0.16655546288573814,0.29832267630432774,-0.16647239141319878,0.047793676359999905,0.7859221875720354,0.12353325384527061
duration,B,201101,109,-0.4600871096283941,0.9556760263182282,-0.3072189787786118,0.9226299694189604,-0.2571309424520434,0.5983412102678158,-0.1522054924482249,0.05721369206882105,0.7536474890596748,0.16383204961919678
duration,B,201102,106,-0.562143235005164,0.9568229337229512,-0.3971232083028945,0.9200947174849484,-0.23883416882887876,0.44231554021714486,-0.15123738786760982,0.06516788606590021,0.790333005523274,0.1688144142863764
duration,B,201103,107,-0.5873939536432924,0.9260271557044614,-0.4405748545230118,0.8799251552734183,-0.2611924214816121,0.4468053841180274,-0.13010708592883932,0.06199808318449629,0.8321531545376091,0.11973759557403231
duration,B,201104,107,-0.5561335449362254,0.932130331707126,-0.41851329375575547,0.9169948470777248,-0.43623503595289875,0.5510981798232724,-0.12272800933326754,0.052933623881550436,0.8001906094160584,0.12453985055691223
duration,B,201105,104,-0.522223407660301,0.9556385362210607,-0.40091752907286893,0.9304811693161209,-0.26355489171023155,0.577595220313667,-0.13377861299047453,0.006644397125353622,0.7917376814092764,0.15120357006018245
duration,B,201106,107,-0.525568682771998,0.9681028233311781,-0.3983914261643058,0.9481083093320795,-0.2949999020356982,0.5863555320441232,-0.13804315710544035,-0.020951529336070314,0.8061778212276253,0.1513476511896104
duration,B,201107,106,-0.4878303146333476,0.9640375847041338,-0.3848703932287075,0.958576214827317,-0.39542030883945894,0.530735320049374,-0.1227765631559968,-0.042931030104149046,0.8269647470307453,0.16402645668667817
duration,B,201108,110,-0.2725739918400469,0.859883236030025,-0.1645380159141627,0.8218154768613484,0.149732885512702,0.17836034533282238,-0.12438668479641797,-0.07066152433081208,0.8444850646321362,0.16094467985261995
duration,B,201109,116,-0.14907161803713528,0.8853035020951063,-0.07443970322531042,0.8539576365663323,0.11909429900434398,0.27641563833467886,-0.10791630184424919,-0.10516629088650269,0.8654089503878787,0.17763713294333688
duration,B,201110,119,-0.336426434980772,0.8178179746474863,-0.27848597065945024,0.8265061956986185,-0.2681811707733941,-0.17752456914969378,-0.11115079698817043,-0.11850228999859973,0.8914127963322342,0.1404532363848088
duration,B,201111,126,-0.24636820397450318,0.8623772028496438,-0.18268016497937759,0.8504866891638546,0.08125684289463819,0.0007049118860142483,-0.12186385525684093,-0.13851315945136272,0.8962989175750986,0.15163071680370407
duration,B,201112,124,-0.25696302124311565,0.9301022816679778,-0.1852588512981904,0.9187600314712823,-0.0553831628638867,0.17642800944138473,-0.13447953314582187,-0.13740665186944356,0.8838070959536403,0.14068464562284072
duration,B,201201,125,-0.24607680491551454,0.9343840245775727,-0.17621505376344082,0.9239139784946234,0.0312073732718894,0.10247619047619046,-0.14830748670651298,-0.1465405237149175,0.8899026280721855,0.141718079663332
duration,B,201202,127,-0.2801251406074241,0.9574486782902136,-0.19522754968128983,0.9546072365954255,-0.24078435508061488,0.21536370453693288,-0.15834235394629534,-0.15242910427761397,0.9005306432596948,0.11588507560878829
duration,B,201203,133,-0.27895042898970623,0.9498729864008733,-0.18119586619193848,0.9364166862202997,-0.08782301751665458,0.22738494812336127,-0.18415641049301368,-0.1573760125795988,0.8998165811524735,0.11812577992942852
duration,B,201204,135,-0.2959369817578773,0.9309628328943519,-0.163579163008487,0.923953760608721,0.0034581992000780417,0.2686420836991514,-0.20588820524913284,-0.1500030108373492,0.9186564362470344,0.14854136978348897
duration,B,201205,132,-0.22239150965547103,0.9364163357735071,-0.07389396461312892,0.8951386098834871,0.2599020104042201,0.011056440546195465,-0.22085482416553442,-0.15228547774711307,0.9444157588083641,0.1455786032933336
duration,B,201206,136,-0.2441009493821859,0.9595963933018462,-0.08343113401078192,0.9337579313964027,-0.07955250226611324,0.15254520299604024,-0.23587387607256627,-0.157276893785857,0.9418856407792946,0.14696527583247038
duration,B,201207,141,-0.23610171668307714,0.9609957618048717,-0.0649000385290466,0.9409563765572155,-0.07805984845241662,0.1168757224196241,-0.2561581749597862,-0.15700643664696387,0.9515982907472147,0.1374459470974735
duration,B,201208,136,-0.2552836219646009,0.9582224130528122,-0.07187157101283335,0.933848575926721,-0.13155383808024426,-0.17341252802824292,-0.2615531652481489,-0.1537168410286685,0.9536676386214582,0.12587453577462115
duration,B,201209,155,-0.1576391350584899,0.9658116077470916,0.057181528149270085,0.9178692275466469,0.228958138635558,-0.06367503464277659,-0.2548253518824166,-0.14349457369815863,0.9564020216103414,0.10244323768228503
duration,B,201210,162,-0.1968651957982446,0.9653297316674216,0.0014691748487427334,0.9357768773612999,-0.15261212513813205,0.10867518816305158,-0.24156162476885396,-0.1359447779551147,0.9569688229620464,0.10869210664570444
duration,B,201211,164,-0.19478459592180972,0.9443200522356588,-0.02946145579693387,0.9135717492144245,-0.029592044944431597,0.41477833852515883,-0.2444598330537786,-0.13578645949921497,0.9185169612951466,0.12232414114834343
duration,B,201212,167,-0.21398940501097632,0.9802683789048409,-0.043127170787512756,0.9472595256990323,0.05176394199552703,0.26051511434961405,-0.2300484173408941,-0.13269144236153835,0.8945638763684889,0.14599757779720732
duration,B,201301,166,-0.24690728072879434,0.9701425189052345,-0.09377652143686341,0.9504246709210277,-0.06713801313036577,0.2377383240091559,-0.21751663065196455,-0.11558833049551911,0.8937767416794334,0.14965145763073068
duration,B,201302,162,-0.26692550112128666,0.9788754955466079,-0.12287297776761634,0.9495089343048799,0.13330538937367425,0.31277899856187397,-0.19553232811189308,-0.1033803526657658,0.8854870462293498,0.15405679913803622
duration,B,201303,158,-0.23357252277674756,0.9735061054918241,-0.10892526001773765,0.9513964211336576,0.09839828769363468,0.2450883003047041,-0.17436517461306328,-0.10378164538735367,0.8918451426293039,0.1544462201653182
duration,B,201304,167,-0.2768404670864811,0.9661331381986458,-0.19739093242087258,0.9626727611901842,-0.23276768322219588,0.4952384387850805,-0.15132338921410285,-0.0979970232403674,0.9016858284485265,0.16944339058480648
duration,B,201305,158,-0.2501327280831327,0.9741754505528942,-0.18916452045229473,0.9695782669743627,-0.29193332714696235,0.29636013198267613,-0.13029373897494836,-0.09647586063304389,0.9009250280996398,0.15150889772798837
duration,B,201306,158,-0.23126328231605559,0.9547005517533038,-0.17534558741874684,0.9488559523791414,-0.13780141444781316,-0.17086401798712728,-0.10420018041236198,-0.08738278861789497,0.901336794609523,0.1258779131111962
duration,B,201307,166,-0.22865856457949382,0.9590689376996282,-0.2006033934321937,0.9579356074269862,-0.025910501013307455,0.4395498160305894,-0.0762326502834667,-0.10078343226931467,0.9046547381530249,0.13126240495771632
duration,B,201308,166,-0.20082113975772445,0.9614352893337094,-0.16958372411802902,0.9487430396600011,0.14301080205416114,-0.11476674252808731,-0.06673153455311691,-0.10537228401194051,0.9072831309544805,0.1311618508987722
duration,B,201309,180,-0.0688416309145344,0.8963877485930636,-0.005094807452904925,0.9003940450836959,0.1598341512598125,0.1935635873535191,-0.0731274398263165,-0.11244237707381143,0.9073835104726822,0.13212506716455066
duration,B,201310,171,-0.17687618499052007,0.9603259173926608,-0.16372909016727868,0.9543955648354813,-0.32128782969736247,0.4992728058175535,-0.0711982333276628,-0.11981089628737443,0.9082699438428274,0.13182741918887061
duration,B,201311,175,-0.17759740259740261,0.974023734885804,-0.18436632333184058,0.9694849977608598,-0.007017465293327363,0.40051948051948055,-0.0537311045948551,-0.13656248384277636,0.929496169482474,0.15848495922762135
duration,B,201312,174,-0.21135112047609553,0.9367954668413109,-0.21682963637916794,0.9444813348899456,-0.2478874683219909,0.17097867251345422,-0.049610034984479266,-0.13981587587378144,0.9609690391943098,0.13199177633278875
duration,B,201401,178,-0.21436949725434276,0.973276158771789,-0.22814170006457937,0.9636206564538385,-0.113824554833397,0.26805748093738996,-0.04398564495283696,-0.1422152996369452,0.956578637228257,0.1372564584338516
duration,B,201402,176,-0.22893817844835843,0.979817279129737,-0.27843416072436794,0.9661764981031237,-0.4182450123761968,0.3264465402229146,-0.04601944871702635,-0.14829321876733376,0.9568949413190567,0.13509989267010158
duration,B,201403,170,-0.20218257227461603,0.9851167158951257,-0.2634768128412096,0.9766678126465466,-0.09372444826575123,0.2363714415346228,-0.046765335333079756,-0.16284184144227387,0.9601614387032953,0.12406835285570997
duration,B,201404,173,-0.18255373590258242,0.989880916511767,-0.2369084647083637,0.9726928443292806,-0.044281999341772856,0.4033819896074279,-0.04611695908591468,-0.16961916819246756,0.956041930944629,0.11848448725729499
duration,B,201405,169,-0.1749763810849784,0.9787429764805331,-0.21961861667744023,0.9671771667246781,-0.14489085575058427,0.4606856943961017,-0.0480302219234944,-0.18045065119543635,0.9606184472222989,0.11808110106804669
duration,B,201406,167,-0.18010450699289893,0.9740819565687902,-0.23378286456347205,0.9589006152926506,-0.28985488575345014,0.28096560751131133,-0.055688504187889024,-0.18617249324419982,0.9604266677423072,0.11824043260138478
duration,B,201407,185,-0.2102289526553201,0.9463534361851333,-0.26509798718774874,0.925986505439521,-0.15171904021833896,-0.1355274629468178,-0.058334320031023824,-0.19027557792144656,0.9565191957900013,0.10500055085268017
duration,B,201408,188,-0.24773571582082218,0.9676489551333105,-0.30422226917846434,0.9462260726340825,-0.020420547329183122,0.16744415367694462,-0.05884140948227901,-0.1993006662472803,0.9586270348415773,0.10611473538599311
duration,B,201409,194,-0.18366547795586022,0.9583688241378545,-0.25690853134899927,0.92041680876679,-0.013662156442990799,-0.19864898735685552,-0.056798786300994324,-0.20581325933374295,0.9565994383294117,0.10287509088873581
duration,B,201410,191,-0.1472513723009972,0.9649546039520236,-0.2640303217270506,0.9371757617353108,-0.09631359203362357,0.5388031046789838,-0.04327943872667083,-0.2159582550638729,0.955653695089159,0.10297530084210375
duration,B,201411,187,-0.1141694713700043,0.9727959069070943,-0.2431081373711274,0.9365152188035633,0.16140593630601305,0.15108511739380973,-0.047897244304071974,-0.2205640167118121,0.9601830189658743,0.08024511627012396
duration,B,201412,185,-0.08758955308744931,0.9724782987756342,-0.2198097115348167,0.935269701679239,0.02728099768772981,0.43111519654296654,-0.05079481390306429,-0.23238167961136452,0.9515280694177013,0.08624309876847618
duration,B,201501,174,-0.057187277542071244,0.9720242603718784,-0.17332953671801585,0.9400279051225832,0.09746632876790341,0.07502149833423502,-0.058011529646361304,-0.24699296543916213,0.9576324878452392,0.08264541581428399
duration,B,201502,180,-0.08409518812309022,0.9624185931664558,-0.20239513565233494,0.9258619093181889,-0.10555469819027335,-0.17244770929143902,-0.0621569584374643,-0.2603779674456115,0.9673379064868227,0.06535987280963843
duration,B,201503,176,-0.0901452784503632,0.9595641646489105,-0.24490644948272067,0.9091635483160908,-0.022295839753466874,-0.10899625797930883,-0.06982496048027692,-0.26475449784801935,0.9700888854345405,0.08638885794613153
duration,B,201504,164,-0.14016840558812727,0.9595200848829457,-0.25330485764422617,0.9201828248064967,0.05924938446261205,-0.007715642131323711,-0.07816863278786937,-0.27675345117994155,0.9863472739675548,0.07202350615077069
duration,B,201505,157,-0.08835021303778863,0.9109551659338002,-0.1979111753359919,0.8681212361773517,0.006614404703576679,-0.16391505777138285,-0.07750306157065469,-0.28165207314875174,0.9883549692524632,0.07839525207050493
duration,B,201506,149,-0.12796299655360058,0.9728314892073282,-0.2427244694358788,0.9192816978051879,0.058799201886450214,-0.07685107926718665,-0.07175616534939631,-0.28744795170513954,0.9954977370176242,0.08005826974695832
duration,B,201507,150,-0.1046677630116894,0.9560904929107961,-0.22353526823414377,0.9052260100448909,0.07612249433308148,0.28873638828392373,-0.06529911385767158,-0.29665547508537776,1.00082875750686,0.10562508519613735
duration,B,201508,151,-0.11001394214011849,0.9614081561519692,-0.28988149180899264,0.8924677588009757,-0.02711746253049843,0.15883234576507493,-0.06378862593019644,-0.3021764872232238,0.992499672963337,0.09623404956196281
duration,B,201509,157,-0.1035171391536787,0.9208070007876505,-0.2763692406923883,0.8751046583022718,-0.028684127289303456,-0.012912508760287522,-0.06933570673054963,-0.31001168156171666,0.998078147820624,0.09824964963766938
duration,B,201510,154,-0.12485439923770096,0.8920821114369502,-0.24905328700395116,0.852189556174376,0.0012732365673542145,-0.12993748819175766,-0.09111492561179606,-0.31620526261620785,0.9968380046409324,0.09296371147103044
duration,B,201511,148,-0.08489396121227379,0.9706889467196276,-0.2718583533540389,0.9153207446591916,0.18770105539041307,0.26773081806638854,-0.09003935646278495,-0.3166606754708169,1.0025525072040373,0.08585998579877142
duration,B,201512,150,-0.11512867238543936,0.9557242544113072,-0.2538050580025779,0.8950388906173607,-0.02962798346593182,0.22244010844926443,-0.08696219736434004,-0.3130453105870826,1.0037734703341534,0.07636533926086098
duration,B,201601,147,-0.10603782423743285,0.9511783239767584,-0.27585021420637856,0.8911249801660762,-0.07482489478575584,0.214308381627364,-0.07568457872477174,-0.2948301840960339,1.0246749840922023,0.09139943704490279
duration,B,201602,160,0.0481425055666237,0.9589681237548341,-0.06859838274932614,0.9236845189265207,-0.021633657564748623,0.18345247861244582,-0.06454906115280849,-0.2891708121513457,1.0156538205679815,0.1250068442433846
duration,B,201603,161,0.03983781918564528,0.9611341154819417,-0.11976075454336325,0.9029186795491144,0.09074936737980217,-0.7719490453186107,-0.048924239351028825,-0.26390826014222635,0.990149714005083,0.12371898748719465
duration,B,201604,160,-0.04224774405250205,0.9342112973163014,-0.1407125278331185,0.8957195593577875,-0.14906539317942108,-0.5445827962029767,-0.03445094592244642,-0.2460668151215095,0.9773040033382167,0.14140829710918576
duration,B,201605,160,0.054549982421188324,0.9423473573186452,-0.10699343724364233,0.914818938239775,0.3356644790812141,0.040106058830423064,-0.026347876110320485,-0.23401181531854268,0.9716619897678308,0.14893922483865843
duration,B,201606,160,0.036622524317356145,0.9826379936716279,-0.04762393062228993,0.9496630727762804,0.09484940818000703,0.16989042540724247,-0.01757429915162755,-0.2157860893810576,0.9631845337371879,0.15894035345278523
duration,B,201607,166,0.09773268359228969,0.9687783250585359,0.024399393983118103,0.9335716300148881,0.052512281023932426,0.11819821474247563,-0.015102056148785264,-0.20464420568062053,0.9605190783920617,0.13289666497741073
duration,B,201608,161,0.11459627329192548,0.9463681849551416,0.08997584541062803,0.9252731769036118,0.11151081205429032,-0.45643547273982066,-0.005639056827303649,-0.1917462825806817,0.9747409948284164,0.1444441079546402
duration,B,201609,152,0.04320696560255332,0.9599197643504944,-0.017977842932223428,0.9361771198545643,-0.10570397556024849,0.05216000656100711,0.007190315586111155,-0.17392965110094671,0.9786740145906793,0.14315080631913732
duration,B,201610,147,0.06164761350671331,0.9664258891264762,-0.050831513649517567,0.9153374789382617,-0.23421408548610115,-0.2826957513845968,0.01680556450340409,-0.15632955937975956,0.9880119572874676,0.16000187921603565
duration,B,201611,147,0.10496868128962063,0.9210269816923436,0.012856160605671369,0.8903316232083357,-0.1548292771384748,-0.09679710462489328,0.017204986806880162,-0.14021803157102536,0.9605759247136835,0.17306450051806846
duration,B,201612,149,0.10005441683294032,0.9522909486667878,0.07061491021222566,0.9360674768728461,0.07796481044803193,-0.1333901686921821,0.02024882743010735,-0.12504465666448292,0.9729603719133504,0.20296252795753084
duration,B,201701,166,0.13228876310905027,0.9460566271618867,0.08645972020908896,0.9409697581835237,-0.05797430331013768,-0.12061703537066067,0.011875158017531962,-0.12703223639512853,0.9600931744160527,0.18777804592276576
duration,B,201702,151,0.05710700592540954,0.9496444754269778,0.04026490066225165,0.9424050191704426,-0.13157197629836176,-0.09035901010805157,0.002042601720815262,-0.11279213713469144,0.9785303200738241,0.1771063998595794
duration,B,201703,153,0.10949834479246244,0.9776245426400224,0.08283073995148296,0.973024137884819,0.1574792596464423,-0.08301502419149477,0.019792510932125734,-0.07448923029565556,0.9776094790995308,0.15188686992831263
duration,B,201704,154,0.18524359890583803,0.9728036669213141,0.1440301633850021,0.9763917297124128,0.40538702284432837,0.33542636996147435,0.044452362843469956,-0.048048546708000635,0.9299531862976017,0.10936281932541277
duration,B,201705,159,0.20700382135180323,0.9827949605923096,0.15367208024838788,0.9806155958920469,0.23597444470981613,0.49688918079770716,0.05568562536755477,-0.029060513424597468,0.909833191241714,0.09564262172887791
duration,B,201706,161,0.19209224752703016,0.9688980906372212,0.12875258799171843,0.9614187945709687,0.06622958362088799,0.486829997699563,0.07010374922084663,-0.017396818008125932,0.9167928816703336,0.09731795021496965
duration,B,201707,161,0.15509834368530023,0.9806015642972166,0.07478145847711067,0.9729439843570278,-0.12071256038647346,0.14694904531861055,0.08282370515151144,-0.01062521646861072,0.9199796962134262,0.10414189467412864
duration,B,201708,162,0.17197531334634564,0.9710116701314354,0.0890128020029327,0.9701112536535317,0.2489595108960273,0.5375839200859206,0.09637537736932163,-0.0014841250578108722,0.9157281690712262,0.11409616081956228
duration,B,201709,162,0.16970592510736549,0.9769871613029788,0.06185635393424136,0.9688297831802767,-0.03352004979105539,0.06669715098629476,0.10933971192929093,-0.005414706604027785,0.9037535186394619,0.11153310508365638
duration,B,201710,163,0.2007664555173159,0.9568806424260562,0.0839277104427486,0.9357712493280352,0.06282385932243781,0.23197610299211374,0.11141491362701723,-0.011634557267976244,0.901558005460962,0.11543242150601639
duration,B,201711,178,0.2500859107443222,0.97831538339598,0.12719152191282534,0.9712446365629744,0.1880386710060015,0.3800318960261892,0.1142712788753548,-0.017899255037283155,0.9081725840144413,0.10997617273285631
duration,B,201712,176,0.2737838432753687,0.9637882456526524,0.11777019590578913,0.9488707902267225,0.11148580233325996,0.16269205370900286,0.12235170826217819,-0.018313566429915745,0.8951699600021276,0.11212326598979092
duration,B,201801,166,0.2606043116395905,0.9665300286611882,0.05010133074486296,0.9268346111719606,-0.05646057283024314,-0.004867810927979748,0.1317131256305959,-0.021966027722011075,0.8867305730715626,0.11238937447531398
duration,B,201802,168,0.26429558465486613,0.942207723184232,0.04117968627411281,0.9100859987548151,0.24912558652770542,0.4377787113853443,0.13889816979901537,-0.033153512471429794,0.8756627049312767,0.13559447030964214
duration,B,201803,163,0.28195088699353255,0.939811351078746,0.08995461120255374,0.906553942840042,0.31917912226157025,0.5585122006639289,0.13266561313628192,-0.04213604400006782,0.8705370819503594,0.14881213943752156
duration,B,201804,156,0.3358568696559245,0.93503500813959,0.12740117905517534,0.8966414313034407,0.051758309494081015,-0.05157813216165383,0.1268157626863757,-0.052764037703624624,0.9079356691107283,0.2031986452695629
duration,B,201805,159,0.3490894435156437,0.9453427274898496,0.1264598758060664,0.9009971339861477,0.31882911392405067,0.12135777406257464,0.13235072383380803,-0.06043602153301227,0.9360597093617865,0.22057259366763135
duration,B,201806,155,0.35077180883632497,0.9806612742096613,0.11524604427830235,0.9316135477425799,0.24784892526828012,0.3292062775933744,0.1359835395204588,-0.07034792139104268,0.9359331675317136,0.2139501096065851
duration,B,201807,142,0.42242833582360106,0.9790901337200408,0.17818651231896662,0.9341605352992829,0.3587389535846234,0.34958119495128787,0.14063562119631307,-0.0734264406672518,0.9397702594222878,0.21203923008878212
duration,B,201808,140,0.4518991493735104,0.9544204150357527,0.25254641271785006,0.9197568389057751,0.23201329513896488,0.1850211016597057,0.13994829131995715,-0.0776938200365282,0.9337954914817291,0.20667679957624865
duration,B,201809,140,0.44236076184644996,0.9863068815464348,0.21409109794231487,0.926889855896438,-0.09165773763967551,-0.10424001224552275,0.14156787152979983,-0.07957747056375813,0.9620441727084585,0.21060843299610624
duration,B,201810,125,0.47305069124423954,0.9570138248847926,0.23841474654377878,0.8562334869431643,0.12159139784946237,0.25219662058371733,0.14626829241097677,-0.08778870217772711,0.9590088016474125,0.21263243290189232
duration,B,201811,123,0.5647482942306948,0.9494008848073675,0.3539422940501219,0.8972475525918665,0.3134101198230385,0.2624240626330114,0.16110946134516926,-0.09723747172588812,0.9641334020768569,0.2133145382483843
duration,B,201812,122,0.4088315087188265,0.9297272826406627,0.19499968607598284,0.8538700222390383,-0.03902240756589926,0.388462796699502,0.17169498314772075,-0.10010582515425699,0.9687971826692771,0.2085082918643372
duration,B,201901,123,0.5422669641820691,0.8757206794701474,0.3144290670828443,0.8593723800802261,0.07385432923604753,-0.4256168500341799,0.18177088900727673,-0.10350687357528396,0.9689551576178844,0.20113799254303172
duration,B,201902,119,0.5396453496652899,0.9803090727816552,0.2914328443241704,0.9182523857000429,0.13583535108958839,0.12287423443953854,0.18787865820900895,-0.10325440230071066,0.9560971993388017,0.18442667696023027
duration,B,201903,112,0.5860867188300817,0.9784227970068677,0.3648221546451635,0.9346789899887246,0.28030717190009224,0.15370553866129086,0.19790074315440676,-0.08218816111641783,0.9623286925550227,0.1934202033173797
duration,B,201904,108,0.5371021368620614,0.9700858365009954,0.27826840816637605,0.8805910428991969,-0.350824544856955,-0.38455895662446293,0.20631037025846594,-0.08133749894950129,0.9671988016784561,0.19260568911873896
duration,B,201905,108,0.5617956119542331,0.9667419284155973,0.3242542894433489,0.9187649451732449,0.3913992016538531,0.406232434955748,0.21273093499433965,-0.06645797755107002,0.9565524314753253,0.19754293286712518
duration,B,201906,110,0.488835290670153,0.962365033924667,0.2526564930234655,0.8869508374095529,-0.052615918670964545,-0.08438112841782566,0.2173083189252785,-0.06102177759197628,0.9544405155759305,0.20397098765855262
duration,B,201907,107,0.46378259762142676,0.977860067791297,0.21917553243598034,0.9010756480338565,-0.044857853798075976,0.05161739062285703,0.22040069977130292,-0.05143677694645667,0.9509124306051854,0.20621818057801736
duration,B,201908,102,0.5246846215175487,0.952694641251675,0.3146886361965723,0.9237889522818644,0.4130652357068945,0.443418470916195,0.22769446089056725,-0.04181960401356121,0.9624288529028425,0.2021334391681311
duration,B,201909,98,0.5232229724129576,0.9343827502884939,0.28014842300556586,0.8773597536484132,-0.13600979285809917,-0.42581718723103107,0.23351914270828852,-0.03605850184107275,0.9531464142159892,0.22046309917157564
duration,B,201910,93,0.4776342096624988,0.9737847274029422,0.21882366983975407,0.8705201277192562,0.018009011966220047,0.40391214824982835,0.23958789895552454,-0.037631911669192226,0.9528602161726999,0.21117963919151508
duration,B,201911,90,0.47346585998271384,0.9773963863851505,0.21196855578878046,0.9057496810305798,0.022891715026546484,0.07400913693048525,0.2391556788558422,-0.04108132709622982,0.9531309473181184,0.20612065321367026
duration,B,201912,87,0.5155099511555005,0.971914412772472,0.2241561565940074,0.8868557264708026,-0.19650798279507178,-0.3533571480644455,0.2424272824643603,-0.033790636307105534,0.9613464071672428,0.1930850737001639
duration,B,202001,85,0.5239593511823334,0.974047293335939,0.23210865741645498,0.8618526480359585,0.07721321086574165,-0.12904045339065856,0.24650531875646423,-0.03025537043085084,0.9844535380141942,0.1945551450662297
duration,B,202002,81,0.49254742547425473,0.949096657633243,0.06793134598012647,0.7543360433604336,-0.08943089430894308,-0.08437217705510389,0.2596091351957096,-0.032912779553939196,0.9867241474493866,0.17251107899694726
duration,B,202003,68,0.19330457685994576,0.6931709737756231,-0.08928503263732487,0.5661716990495094,-0.03775241439859525,0.2715959842730083,0.27027206015639393,-0.02871196339262977,0.9854087416666497,0.16602326284896743
duration,B,202004,78,0.16915995397008055,0.7747315975164076,-0.12457163090074483,0.7510590675147637,0.11766714298359868,-0.379127201912012,0.28350720751030595,-0.01982854888182651,0.9838925243018277,0.1592848024014788
duration,B,202005,79,0.20944498539435252,0.8501703992210321,-0.1001460564751704,0.8218111002921129,0.017429406037000973,-0.35516066212268743,0.29204039785997926,-0.018195022854269462,0.9915766690616801,0.10046279592798121
duration,B,202006,78,0.2634454153441495,0.9296652714374234,-0.12404051644557972,0.8396034345401433,-0.14432403039997976,-0.3354746519303481,0.30513556848005924,-0.021347765591610557,1.0050210610221106,0.09579622008783133
duration,B,202007,76,0.22947368421052633,0.9289131920710868,-0.144688995215311,0.8394531784005467,0.22542720437457278,-0.3294326725905673,0.3206015225796697,-0.02574171828579645,0.9977730071748708,0.10133196737837528
duration,B,202008,73,0.14571763544366287,0.9608786869060844,-0.2398494384795755,0.8075095643588796,-0.13831297050475136,-0.22510181414291006,0.3296959999375187,-0.03608478422007766,0.9915128349790686,0.10088017677987025
duration,B,202009,59,0.033664523670368214,0.9292226767971947,-0.35312682641729987,0.7862653419053186,-0.19374634716540037,-0.013033313851548803,0.3461938207158711,-0.03585514014323729,1.0017263825086578,0.08882155898632446
