y_cov,rtg,date,n,rho_level_y,rho_level_self,rho_resy_y,rho_resy_self,rho_resself_y,rho_resself_self,slope_y,log_slope_y,slope_self,log_slope_self
duration,AAA,200301,17,0.9877450980392157,0.9681372549019608,0.5784313725490197,0.5955882352941178,0.6691176470588236,0.5637254901960785,0.38025800709001845,0.025844476719574048,0.9369463945742554,-0.07286093730365813
duration,AAA,200302,20,0.9853329015730022,0.9936066892961344,0.5037593984962406,0.556390977443609,0.20601503759398496,0.1819548872180451,0.38393617586364165,0.043789785622668574,0.9632095296027541,-0.10659521285263066
duration,AAA,200303,20,0.9308270676691727,0.9635201884847449,0.35187969924812035,0.42798047404201395,0.5203007518796992,0.41970668631888186,0.3848869495406495,0.056003343243862864,0.9599590278697266,-0.09330064098110001
duration,AAA,200304,20,0.9383458646616539,0.9609022556390976,0.3218045112781954,0.4616541353383458,0.2045112781954887,0.019548872180451125,0.38579736290009053,0.059967855960830416,0.9704785808305721,-0.1448823827356139
duration,AAA,200305,21,0.9688311688311689,0.9883116883116884,0.16753246753246753,0.36623376623376624,-0.08311688311688312,-0.11428571428571428,0.3844323898504648,0.05832204288209052,0.97043355446315,-0.20881357756153418
duration,AAA,200306,23,0.9555335968379446,0.9920948616600791,0.21640316205533597,0.4150197628458498,0.733201581027668,0.6403162055335968,0.3802211732270169,0.06330967753272311,0.9619190717170163,-0.19709063416472794
duration,AAA,200307,24,0.9556521739130434,0.9956521739130434,0.5913043478260869,0.7130434782608696,0.8591304347826085,0.7947826086956521,0.37786276565893984,0.08061636017000791,0.9701769669788995,-0.23417792500288195
duration,AAA,200308,24,0.9426086956521739,0.9782608695652173,0.4626086956521739,0.5539130434782608,-0.5626086956521739,-0.6026086956521738,0.3835992491218207,0.08171223951999804,0.9915280699789015,-0.2401085022807547
duration,AAA,200309,26,0.9705982905982906,0.9897435897435896,0.4523076923076923,0.5999999999999999,0.31145299145299143,0.24786324786324784,0.38517043275141377,0.08018270847771405,0.9869741403865365,-0.26141403048770817
duration,AAA,200310,26,0.9439316239316239,0.9856410256410256,0.3846153846153845,0.49606837606837606,-0.16854700854700852,-0.17264957264957262,0.38733282287819937,0.08233572479136865,0.9871526269477305,-0.2778480892547701
duration,AAA,200311,25,0.8823076923076922,0.9415384615384615,0.19,0.3661538461538461,-0.5623076923076923,-0.5746153846153847,0.3896147705975057,0.09210230745940388,0.9895616280973042,-0.2558377603769529
duration,AAA,200312,25,0.93,0.9607692307692307,0.13615384615384615,0.4146153846153846,0.2815384615384615,0.11615384615384615,0.387205758015945,0.10414683749929604,0.9829797928117182,-0.20435361872484897
duration,AAA,200401,27,0.9662647036711045,0.9800030643868073,0.3681318681318681,0.5421245421245421,0.3766788766788767,0.16727716727716724,0.38516607596848473,0.10444960252331838,0.9842584788483215,-0.25209281018302915
duration,AAA,200402,28,0.9742747673782157,0.9859039369731732,0.4761904761904762,0.5652114463769026,0.23645320197044337,0.251265911754962,0.38380579786844815,0.09655156005938731,0.9804645796866505,-0.2691607310290543
duration,AAA,200403,29,0.7527093596059112,0.7866995073891624,0.02118226600985221,0.141871921182266,-0.6354679802955664,-0.7044334975369457,0.38328259895350036,0.09782610865993771,0.9835865364654288,-0.20551330502503215
duration,AAA,200404,27,0.918192918192918,0.9615384615384616,0.11904761904761904,0.31746031746031744,0.31746031746031744,0.2692307692307693,0.3698511459881568,0.0661798618032486,0.948468707719675,-0.16981419188753533
duration,AAA,200405,31,0.948684348000965,0.972678702392488,0.21411290322580648,0.3983870967741936,0.22983870967741934,0.15846774193548388,0.36637024075908065,0.07044481595577491,0.9488722550816904,-0.18596718368804585
duration,AAA,200406,33,0.966577540106952,0.9718392279272137,0.1129679144385027,0.2754240838562421,-0.0661764705882353,-0.21108047203303024,0.3660226630076889,0.06620927493929536,0.9542209041572677,-0.19179592067414297
duration,AAA,200407,34,0.9657754010695186,0.9871657754010694,0.06707410236822,0.21405653170359049,0.37723453017570663,0.3298701298701298,0.36304811751645444,0.06352466738670241,0.9440280303076702,-0.17751334700123245
duration,AAA,200408,34,0.9660809778456838,0.9935828877005346,0.00320855614973262,0.16913674560733383,0.2983957219251337,0.2904507257448434,0.35322209566626045,0.060516367167188924,0.9252898033891003,-0.14571588678531447
duration,AAA,200409,33,0.9544580964217226,0.9949026524248845,-0.34759358288770054,-0.17814171122994654,-0.3054812834224599,-0.3044786096256685,0.3444118042310851,0.06760080613296109,0.9284604644127896,-0.09541858385886345
duration,AAA,200410,33,0.9656555561416063,0.9766003677085076,-0.40006684491978617,-0.26573076051664135,0.322192513368984,0.29999164473419576,0.3324165856439855,0.07923037121325745,0.9205280752556542,-0.15164598958361364
duration,AAA,200411,34,0.952555583802249,0.9789899944531616,-0.5914438502673797,-0.45240641711229945,-0.21038961038961038,-0.29258976317799845,0.3203088950289718,0.06849558365640483,0.9131651073466742,-0.11410400131812991
duration,AAA,200412,34,0.9511803832481553,0.9860941320293399,-0.6968678380443085,-0.5424402185591889,-0.033460656990068754,-0.09779203940221998,0.3095955478235722,0.06364937399106228,0.9122081412250782,-0.06349705296385237
duration,AAA,200501,36,0.9371943371943372,0.9600360403430837,-0.7431145431145432,-0.6257802960380846,-0.22522522522522526,-0.2979599723011448,0.2984522481784677,0.06530572136474914,0.9130663509480021,0.011350004579711182
duration,AAA,200502,36,0.8947232947232949,0.9619047619047619,-0.856885456885457,-0.6857142857142858,-0.031402831402831406,-0.02059202059202059,0.2814744253200214,0.055066759166197174,0.8985438122436258,-0.03338815976529518
duration,AAA,200503,35,0.86218487394958,0.9711484593837536,-0.7361344537815127,-0.43949579831932784,0.4588235294117647,0.45462184873949585,0.2614573637149505,0.03492610972181606,0.884014377642052,-0.02181389888267901
duration,AAA,200504,38,0.5848426891387422,0.7062493201978514,-0.8268957216325638,-0.5554522085241225,-0.4255388992231098,-0.4577337644319158,0.25377383338630344,0.0436352022260879,0.9323364347131743,-0.0632999793582359
duration,AAA,200505,38,0.707626654995076,0.9408481658917974,-0.841558157347631,-0.38248974523576046,-0.21654447970237445,-0.20071135701355783,0.22560983429407513,0.008480789086787401,0.8946056964980721,0.017577779961808395
duration,AAA,200506,38,0.7154738497645298,0.8972422903363995,-0.913338439654229,-0.4723711565816829,0.03818798555640661,-0.004705109968267863,0.20548031805092576,0.03505126066197698,0.8784688505958674,-0.0557617622389458
duration,AAA,200507,43,0.751038286517862,0.8647485274127774,-0.7888855330715796,-0.29796873905082283,0.233615221987315,0.1362984221963343,0.1859605587976797,0.055303432320925015,0.8709255065885613,-0.03770152898702847
duration,AAA,200508,43,0.6836561336846567,0.9409854641406266,-0.6863485351857445,-0.19036472152740097,0.021443672606463304,0.25968436228985803,0.16716219028878063,0.047720398601162714,0.8478991010562298,-0.017838453182246368
duration,AAA,200509,43,0.8439930553398495,0.7649612993936721,-0.7795228027786167,-0.3236304604564213,0.21836303231652066,-0.17253747133525965,0.1490041761720609,0.05366161683262944,0.8302605410877759,-0.049986296812139036
duration,AAA,200510,43,0.7768045907580792,0.9132371845110623,-0.6250377529447296,-0.33572453467307606,0.31259438236182424,0.3098995704674548,0.13399443197233055,0.04140636540432203,0.8094757707726516,-0.008865936287411306
duration,AAA,200511,45,0.7992358118898211,0.9419941373403026,-0.7134387351778656,-0.30790513833992095,0.09183135704874834,0.08893280632411066,0.11999860595144848,0.012319375225028113,0.7871333709811118,-0.1067036557125576
duration,AAA,200512,45,0.5168176647281272,0.6910456671980535,-0.8440052700922266,-0.5543002078174212,-0.4198945981554677,-0.40528344170344366,0.10749371056924334,-0.0010183441775608682,0.765646771805586,-0.029205334017303096
duration,AAA,200601,46,0.5896139150229583,0.6466397338231307,-0.6973172987974098,-0.1645027004908748,0.37465309898242366,0.10535081081305368,0.09428045483261473,-0.034068007509807374,0.7278389944170844,0.19970711433952398
duration,AAA,200602,48,0.3210922050033752,0.6949051351722332,-0.7272036474164134,-0.19546219428458128,-0.38732088580112894,-0.141616457897382,0.0836056389331369,-0.041356638483068676,0.7000291902418967,0.34545087717270856
duration,AAA,200603,46,0.7110302510395904,0.6497656106685542,-0.3020043169904409,0.22673863029788371,0.6685784767190872,0.25326137540889837,0.07052441348199207,0.0003960509643317699,0.6725835125306956,0.4737666567972296
duration,AAA,200604,46,0.8580326857847672,0.7258934907395245,0.3766265803268578,0.5011563726210175,0.7135985198889916,0.30108853201277475,0.06435661102793283,0.020245622827763814,0.6325083970996291,0.5126721681175365
duration,AAA,200605,47,0.7923099174851547,0.7469210767038772,0.17680388529139685,0.26260407030527294,0.23334875115633674,0.08082793709528216,0.0700285846735788,0.02461104804845983,0.7525724944542391,0.5704793348215914
duration,AAA,200606,47,0.6398381045676657,0.7119232103619753,-0.17564754856614245,-0.00318010986365639,-0.004278445883441258,-0.07470367170625555,0.06824066822003101,0.04819909687281426,0.753238879260929,0.7841729296398073
duration,AAA,200607,48,0.5084405370351772,0.5838671154054933,-0.25618758141554493,-0.011344515025125658,0.005861919235779418,-0.09835531686855355,0.06596461834934102,0.05920518662049503,0.7518547241698528,0.7897800687177174
duration,AAA,200608,48,0.2840082526779718,0.5767330772300217,-0.5719713417281806,0.08717364177201821,-0.24099001302648718,-0.2490365307907967,0.06242744853405398,0.04729017981057239,0.7345062774622245,0.9162401384695568
duration,AAA,200609,48,-0.025618758141554492,0.7494843166522852,-0.4482197134172818,0.44919118710057654,-0.18334780720798957,0.41385300428456745,0.057618472829415526,0.060195617706552865,0.6981502792799705,1.0602438246330215
duration,AAA,200610,48,0.1184899720902072,0.6665400170718022,-0.4542987407729049,0.44745983499782893,0.1538211029092488,-0.2111376465479809,0.05112642556142966,0.06652564932984303,0.7245239985156956,0.858875109013159
duration,AAA,200611,49,-0.08245108296261891,0.6616664115516097,-0.44020408163265307,0.45552182468456787,-0.2819387755102041,0.30133421780769015,0.04554917096849185,0.055415052800530606,0.6695937268260925,1.2771278487630988
duration,AAA,200612,50,-0.05258103241296518,0.6462099932233141,-0.44816326530612244,0.5501692719298141,-0.008211284513805522,0.032605824879143215,0.03966250130987608,0.028051007425508957,0.661970812275525,1.6013842503230395
duration,AAA,200701,49,0.3579865816541711,0.4584534544131595,-0.24551020408163265,0.48846938775510196,0.3181632653061224,-0.17275510204081632,0.035257105458370346,0.020607675141807367,0.6703323449655084,1.473162359896172
duration,AAA,200702,48,-0.07984367794076719,0.44278580023981406,-0.2986322188449848,0.339150496442436,-0.18942683456361267,0.2598452987307845,0.032990642579685224,0.006065221464846782,0.6662192474127567,1.629676762295985
duration,AAA,200703,48,0.13933669889711753,0.7257972590541276,-0.09997828918801563,0.7068146663118086,0.32913590968302214,0.011886992161133932,0.030564171818895706,0.001722979598819165,0.6797185800495352,1.5702714146529297
duration,AAA,200704,49,0.07398336659459293,0.7747984488213082,-0.15846938775510203,0.7190162772765543,-0.12551020408163266,0.10658707090765837,0.028386541887676392,-0.0010147742551789075,0.6791234784721736,1.5892138050784401
duration,AAA,200705,50,0.4936611607689771,0.5804158862795948,0.2665546218487395,0.6152036119271755,0.5538055222088836,0.02641183253141414,0.02357180045513809,-0.012780838561020717,0.6640666282204979,1.6551074807379327
duration,AAA,200706,49,0.6063419987176752,0.5847896524596173,0.5417346938775509,0.5854380333147307,0.5788775510204082,0.4788509624070722,0.021335917237919052,-4.694434416546743e-05,0.6517495354408464,1.6758279059527839
duration,AAA,200707,50,0.5603688464655437,0.7474485561645896,0.4712124849939976,0.7092127063918501,-0.06180072028811524,-0.030588969731979717,0.016155957647648343,-0.011757615110046315,0.6687407880624076,1.4710247724765346
duration,AAA,200708,50,0.2742923000142357,0.8164157300161832,0.15524609843937573,0.7510325695087567,-0.11769507803121249,0.449812702776507,0.017881287231506067,-0.019020701175912473,0.5835014621050747,1.3052020179832842
duration,AAA,200709,53,0.45444283180132233,0.873344487850558,0.37421383647798734,0.8894712441583884,0.46548943718755037,0.6562783479471601,0.02043314313001972,-0.0210496733683574,0.6223373691126389,1.1106873677484677
duration,AAA,200710,54,0.757552078507672,0.7302978903154115,0.6615208690680388,0.7658090337335619,0.5310844291976368,0.13085572708214216,0.027708635138763288,-0.02724540906883037,0.6868633024535724,1.0499453390542497
duration,AAA,200711,56,0.5015806832701452,0.7094569192385248,0.414354066985646,0.6486440302387629,0.2373889268626111,0.4260154822132978,0.03732518154407174,-0.037800232479129524,0.6575125765141752,1.1020183245267072
duration,AAA,200712,55,0.6750843270276977,0.6617121829791839,0.5405483405483407,0.6944930465243526,0.5212121212121212,0.2615126535896853,0.047897682374487584,-0.06107589980824888,0.7083722695551704,0.838483932202838
duration,AAA,200801,54,0.8853777547028521,0.8341243068585786,0.8181055841433199,0.8377136977640691,0.7862397560510768,0.697516628993252,0.05803166841904969,-0.04562446212883985,0.7350844524730343,0.8330495968651365
duration,AAA,200802,55,0.9054078435849743,0.9271953243379755,0.8525974025974027,0.9015476754667295,0.5439393939393942,0.524910711406199,0.08148576680412031,-0.03780201142102445,0.892555439718223,0.5378524885690248
duration,AAA,200803,56,0.8806712351120946,0.9641984382015246,0.7969924812030076,0.9335930830156173,-0.30731373889268626,-0.39164017931893247,0.11291876290742316,-0.016799199005356483,0.9925635749445607,0.1980607111737292
duration,AAA,200804,55,0.903010516209603,0.9668819221472634,0.7806637806637808,0.9102256535689542,-0.1697691197691198,-0.28261693036578767,0.13682599965882422,0.009253814452954834,0.9786085099109599,0.1786524192329307
duration,AAA,200805,55,0.9509379509379511,0.9582063170086398,0.8229437229437231,0.9078807339271652,0.6528860028860031,0.480059164204434,0.15520204704042084,0.009747586848402313,0.9628363045675052,0.07009379146069564
duration,AAA,200806,56,0.9225379792525912,0.9723503879148296,0.717634996582365,0.8513474257467508,-0.16315789473684214,-0.16565559906039748,0.17376536122494046,0.02891968675575594,0.9902930923502109,0.08882665039409972
duration,AAA,200807,56,0.8034313642896274,0.8450733107761714,0.6241968557758032,0.7574292111360695,0.503691045796309,0.386370238782297,0.19109018317771323,0.028383457937541535,0.9851277403863741,0.014024136903034959
duration,AAA,200808,57,0.9036816178376977,0.9193822820477565,0.554252009333679,0.6689893212785459,0.04336271713767177,-0.01630179384764599,0.2031366544080021,0.02982548767289617,0.9870666590620912,-0.07849654832701083
duration,AAA,200809,57,0.343309944787503,0.5078835216430624,-0.18939590355198344,-0.0035649468498833293,-0.36978221415607987,-0.23658283640134825,0.21456161539862528,0.024731635173112183,0.9641557728624301,-0.17884522274666234
duration,AAA,200810,55,0.6646464646464647,0.7482458198515192,0.2948773448773449,0.7259510454111239,0.7722943722943725,0.21735601295045576,0.21702565724841222,0.004993999336672207,0.9162518487333279,-0.1677176465384669
duration,AAA,200811,55,0.6076479076479078,0.9219336219336222,0.07958152958152959,0.6459595959595961,-0.47027417027417034,-0.6558441558441559,0.2292715451632241,0.004942391762677664,0.9115767760245063,-0.10114276406743518
duration,AAA,200812,55,0.7999278499278502,0.8689033189033191,0.3318181818181819,0.7059884559884562,0.6970418470418472,0.27871572871572875,0.23573169380210088,-4.0057021931630136e-05,0.8676189868588905,-0.029959998314027382
duration,AAA,200901,58,0.807973299386523,0.9651629574945384,0.476821803192962,0.8429358023931836,0.5665200406041405,0.6256421298717278,0.24722037689654208,0.02061974433516616,0.8760165917962224,-0.0660796987491766
duration,AAA,200902,56,0.6643198906356802,0.9586288215483988,0.3251537935748462,0.7718518772807957,0.07320574162679426,0.4663442643241435,0.25608219839122803,0.025301239311780195,0.9000246560845038,-0.10992755711377881
duration,AAA,200903,17,0.627450980392157,0.9803921568627453,0.1985294117647059,0.7598039215686275,0.5171568627450981,0.5171568627450981,0.2602136032658567,0.03680709278193687,0.9110320810162963,-0.12314666306258792
duration,AAA,200904,20,0.8360902255639097,0.9503759398496241,0.3984962406015037,0.7473684210526315,0.724812030075188,0.393984962406015,0.2573110579832208,0.03778105057899143,0.8996651340370712,-0.15031065903103438
duration,AAA,200905,19,0.9684210526315788,0.9122807017543859,0.6456140350877193,0.7,0.6947368421052632,0.443859649122807,0.2602683012822322,0.03263346779997737,0.9016092087589792,-0.1349782282146252
duration,AAA,200906,19,0.9649122807017543,0.9982456140350877,0.5385964912280702,0.6385964912280702,0.08596491228070174,0.06666666666666667,0.2618480757021011,0.034017723192223785,0.8949786018036557,-0.1133630353325869
duration,AAA,200907,22,0.9559570863918693,0.9932241671372107,0.30095990965556185,0.4319593450028233,0.7018633540372672,0.7391304347826088,0.2622013329440704,0.03576742359443594,0.8914619085060147,-0.1353380008386822
duration,AAA,200908,22,0.9593450028232637,0.9649915302089217,0.32241671372106157,0.4500282326369283,0.707509881422925,0.6544325239977415,0.2617489437051067,0.04264969957186244,0.8942709554475586,-0.09163120390183187
duration,AAA,200909,22,0.9774138904573689,0.9830604178430267,0.5482778091473745,0.5878035008469792,0.5335968379446642,0.4884246188594016,0.2627694120808396,0.04069041928252622,0.903613532759904,-0.07556509151363451
duration,AAA,200910,17,0.9877450980392157,0.9926470588235295,0.4534313725490197,0.46323529411764713,0.8700980392156864,0.8014705882352942,0.27912958179256514,0.046147931451012335,0.9294437705076907,-0.08227931676880998
duration,AAA,200911,18,0.9690402476780186,0.9917440660474718,0.543859649122807,0.587203302373581,0.5665634674922602,0.6284829721362228,0.28142266348521355,0.03854806218302159,0.9468842713037456,-0.15490027521845207
duration,AAA,200912,18,0.9525283797729618,0.9855521155830752,0.3787409700722394,0.4447884416924664,-0.3560371517027864,-0.3787409700722394,0.2924897946223658,0.037970313916652204,1.0046905017280823,-0.1878804227738534
duration,AAA,201001,17,0.9632352941176472,0.9803921568627453,0.5196078431372549,0.5808823529411765,0.03921568627450981,-0.06372549019607844,0.2962709634091906,0.03944114578965282,1.0074318202354156,-0.17443838521639976
duration,AAA,201002,9,0.9500000000000001,1.0,0.33333333333333337,0.41666666666666663,-0.35,-0.4666666666666666,0.29030395266272946,0.030009023457090903,0.9778621319720943,-0.2057124192183452
duration,AAA,201003,9,0.9333333333333332,0.9833333333333333,0.2333333333333333,0.3,0.5499999999999999,0.5499999999999999,0.2830710888691885,0.002258405764543453,0.9558376742983794,-0.12141264949752756
duration,AAA,201004,9,0.9500000000000001,0.9833333333333333,0.16666666666666669,0.25,0.19999999999999998,0.2833333333333333,0.28979774363440536,0.006810381447177107,0.984280509683064,-0.059831519318862963
duration,AAA,201005,9,0.9333333333333332,0.9833333333333333,0.06666666666666667,0.21666666666666667,-0.2333333333333333,-0.09999999999999999,0.29083909518511414,-0.0006526743261247166,0.9893398808973374,-0.08421527373840784
duration,AAA,201006,9,0.9333333333333332,0.9666666666666667,0.049999999999999996,0.15,0.03333333333333333,-0.2333333333333333,0.28834186544518586,-0.015833358504216945,0.9881234306836039,-0.09369369184895847
duration,AAA,201007,9,0.9833333333333333,0.9500000000000001,0.06666666666666667,0.25,0.45,0.39999999999999997,0.28690159077633864,-0.020492674891283476,0.9944588195448097,-0.14125730160279537
duration,AAA,201008,9,0.9666666666666667,0.9833333333333333,-0.5,-0.48333333333333334,-0.6833333333333333,-0.6666666666666667,0.2874364860156532,-0.023615358201181297,0.9957179889691689,-0.16143634556440783
duration,AAA,201009,10,0.9272727272727272,0.9757575757575757,-0.309090909090909,-0.16363636363636364,0.7333333333333332,0.6848484848484848,0.2868738408017957,-0.028304452055868477,0.9902711134202506,-0.13915195111646936
duration,AAA,201010,10,0.9515151515151514,0.9757575757575757,0.07878787878787878,0.2606060606060606,0.8545454545454544,0.7818181818181817,0.2855262140435504,-0.04114456371623306,1.0010386448377424,-0.06785609410577584
duration,AAA,201011,11,0.8363636363636365,0.9,-0.18181818181818182,0.009090909090909092,-0.3181818181818182,-0.30000000000000004,0.28559714714536777,-0.06269816073250795,1.0000070691917808,-0.05075032647797207
duration,AAA,201012,11,0.9727272727272729,0.881818181818182,0.009090909090909092,0.22727272727272727,0.28181818181818186,0.02727272727272728,0.2824671040872251,-0.04466274628515472,0.9944841178255893,-0.09893341653848317
duration,AAA,201101,11,0.990909090909091,0.9727272727272729,0.26363636363636367,0.3181818181818182,0.8181818181818182,0.7090909090909092,0.28108104769158837,-0.05070628691604099,1.0017974068811242,-0.054759461803607315
duration,AAA,201102,11,0.9454545454545454,0.9454545454545454,0.10000000000000002,0.10000000000000002,-0.7727272727272727,-0.7727272727272727,0.28128481615552214,-0.07854027784103705,1.0067972729983785,-0.02595913300055199
duration,AAA,201103,12,0.8951048951048951,0.9580419580419581,-0.0979020979020979,0.09090909090909093,-0.1958041958041958,-0.06293706293706294,0.2837351085485501,-0.09477512825040553,1.0049980623837724,-0.0841423417770374
duration,AAA,201104,12,0.9020979020979022,0.9720279720279721,-0.1188811188811189,0.16783216783216784,0.4265734265734266,0.3426573426573427,0.2833283211418958,-0.09827478469640885,1.0039725748201407,-0.05201148367745586
duration,AAA,201105,12,0.8601398601398602,0.9510489510489512,-0.1258741258741259,0.1398601398601399,0.7552447552447553,0.8041958041958043,0.28326147481565056,-0.09303643045202457,1.0058893689517998,0.02069683649629572
duration,AAA,201106,12,0.7972027972027973,0.9580419580419581,-0.08391608391608392,0.2937062937062937,0.3846153846153847,0.43356643356643365,0.28469982162994206,-0.0920270016315214,1.0124620025032094,0.03988104955104498
duration,AAA,201107,12,0.8041958041958043,0.9790209790209792,-0.1258741258741259,0.32867132867132864,-0.6013986013986015,-0.5384615384615385,0.28722970350551896,-0.07978999185601124,1.0164326337720844,0.01673249818469243
duration,AAA,201108,12,0.8251748251748254,0.8741258741258742,-0.39860139860139865,-0.0979020979020979,-0.3706293706293707,-0.5594405594405596,0.2886585734464047,-0.07781784339542983,1.0084798508516544,0.08504502338265477
duration,AAA,201109,12,0.8741258741258742,0.9160839160839163,-0.7692307692307694,-0.5594405594405596,-0.7692307692307694,-0.8951048951048951,0.2890014691377465,-0.08259271349889899,1.0071394980008481,-0.074925346626988
duration,AAA,201110,12,0.8111888111888113,0.8951048951048951,-0.7762237762237763,-0.6643356643356644,0.1188811188811189,0.006993006993006993,0.2848793784214761,-0.08302251180255422,0.9896693719471524,-0.07211152873284056
duration,AAA,201111,12,0.9090909090909092,0.8671328671328673,-0.7832167832167832,-0.6153846153846154,0.7552447552447553,0.5594405594405596,0.2778963765572126,-0.0698455662486605,0.9851751448750993,-0.07254855426413112
duration,AAA,201112,12,0.80910807093079,0.7880922768806397,-0.7412587412587414,-0.6433566433566434,-0.6573426573426573,-0.6503496503496504,0.2730370321376305,-0.06005947960863009,0.989896592858533,-0.07659289568783809
duration,AAA,201201,12,0.965034965034965,0.7670764828304892,-0.8251748251748254,-0.651489615554662,0.49650349650349657,0.08056054385890983,0.2669651874869067,-0.06373643374538093,0.9841515596529608,-0.017273712209440302
duration,AAA,201202,12,0.8601398601398602,0.8811188811188813,-0.7692307692307694,-0.7202797202797203,0.1258741258741259,0.17482517482517487,0.2602240700636247,-0.05195090971614223,0.9813539905661038,0.017749276030093235
duration,AAA,201203,12,0.8741258741258742,0.9860139860139862,-0.5104895104895105,-0.16783216783216784,0.8391608391608393,0.8461538461538463,0.25492835292589344,-0.026889542116618512,0.9862307790084986,-0.02379962334304444
duration,AAA,201204,12,0.7552447552447553,0.9370629370629372,-0.6013986013986015,-0.32867132867132864,-0.4895104895104896,-0.6783216783216784,0.2516234008585535,-0.02341499301168306,0.9921196024209675,-0.04471484344326823
duration,AAA,201205,12,0.8531468531468532,0.8671328671328673,-0.8811188811188813,-0.6083916083916086,-0.7482517482517484,-0.8391608391608393,0.2472369738216526,-0.01599047614183278,0.9860360962104261,-0.04319661931683463
duration,AAA,201206,12,0.7762237762237763,0.8671328671328673,-0.9440559440559443,-0.7482517482517484,0.23076923076923078,0.07692307692307693,0.23797904901541558,-0.009743598762009824,0.9673603710325829,0.02817455147113277
duration,AAA,201207,12,0.44755244755244755,0.5454545454545455,-0.9300699300699302,-0.6713286713286714,0.08391608391608392,-0.1958041958041958,0.22875974592689802,-0.007356719677982845,0.9622941097363252,0.013028758277787546
duration,AAA,201208,11,0.8363636363636365,0.7545454545454545,-0.8181818181818182,-0.7727272727272727,0.6272727272727273,0.4727272727272727,0.21129565336438597,-0.046534257766449615,0.9422684369946551,-0.04540353147432236
duration,AAA,201209,11,0.7636363636363637,0.8363636363636365,-0.6090909090909091,-0.23636363636363636,0.045454545454545456,0.23636363636363636,0.2050700385535362,-0.0439993257400974,0.9391745622371616,-0.042461251265966546
duration,AAA,201210,11,0.7471545580282566,0.8246035061165515,-0.3545454545454546,0.17272727272727276,0.8181818181818182,0.6000000000000001,0.20144898465896963,-0.04303525585689682,0.9497347481965919,-0.09704984373882186
duration,AAA,201211,11,0.8181818181818182,0.9384990180111028,0.11818181818181818,0.7061521737462181,0.8545454545454546,0.8018244037376412,0.19915830655953776,-0.04420486323066512,0.951156440484801,-0.09313300164622888
duration,AAA,201212,13,0.8351648351648352,0.9945054945054945,0.13736263736263735,0.5384615384615384,0.532967032967033,0.46153846153846156,0.1973811745478398,-0.0342404955085791,0.9507919848106613,-0.0729390631130909
duration,AAA,201301,13,0.8461538461538461,0.989010989010989,0.24725274725274726,0.5989010989010989,0.7307692307692307,0.7362637362637362,0.19662376237376372,-0.025724792750448942,0.9578697110694477,-0.15446777799121436
duration,AAA,201302,13,0.8846153846153846,0.967032967032967,0.45604395604395603,0.7472527472527472,0.7582417582417583,0.7362637362637362,0.1962116726435366,-0.022863409872296195,0.959277208574826,-0.20228113197679928
duration,AAA,201303,13,0.8406593406593407,0.9615384615384615,0.3736263736263736,0.6318681318681317,0.5439560439560439,0.6868131868131868,0.19625669381261443,-0.017051369050523364,0.9598966783372084,-0.2045106951349939
duration,AAA,201304,13,0.8736263736263737,0.9505494505494506,0.14835164835164835,0.46153846153846156,-0.2967032967032967,-0.43956043956043955,0.19480776112964335,-0.015785222723140525,0.9528275324187009,-0.21150697410039115
duration,AAA,201305,12,0.8321678321678322,0.9720279720279721,0.39860139860139865,0.6223776223776225,0.6223776223776225,0.6153846153846154,0.1920818145828273,-0.01954940062900739,0.9475481166691974,-0.2225809525985541
duration,AAA,201306,13,0.8571428571428571,0.9615384615384615,0.3186813186813187,0.5714285714285714,0.12637362637362637,0.23626373626373626,0.19543511716357648,-0.014914137297801519,0.9712616259330268,-0.23656856302730372
duration,AAA,201307,13,0.8791208791208791,0.9835164835164836,0.3186813186813187,0.5659340659340659,0.4835164835164835,0.5494505494505494,0.19889841078849874,-0.00854201790280105,0.9717376620551986,-0.25866033869393795
duration,AAA,201308,13,0.8076923076923077,0.9340659340659341,0.3021978021978022,0.43956043956043955,0.14285714285714285,0.03846153846153846,0.21343497248789137,0.00419843745150535,1.0053856922636235,-0.22077968431772796
duration,AAA,201309,13,0.8956043956043955,0.9395604395604396,0.4010989010989011,0.6208791208791209,0.6098901098901099,0.2747252747252747,0.21848663570065818,0.0014193905285024477,1.0134943805961572,-0.14146010763248182
duration,AAA,201310,13,0.8461538461538461,0.9835164835164836,0.34065934065934067,0.5934065934065934,0.04395604395604395,0.005494505494505494,0.22527323208591385,-0.010836034422122508,1.0191586283658143,-0.16247977440939587
duration,AAA,201311,13,0.8351648351648352,0.9615384615384615,0.38461538461538464,0.6538461538461539,0.21428571428571427,0.06593406593406594,0.23134551349296287,-0.016831182574803285,1.0154998598212244,-0.13742173007448938
duration,AAA,201312,13,0.7582417582417583,0.945054945054945,-0.18131868131868134,0.13186813186813187,-0.8571428571428571,-0.8846153846153846,0.23633194817429376,-0.023752065056513335,1.0124038014955035,-0.08661037743625137
duration,AAA,201401,18,0.9071207430340558,0.9463364293085655,-0.1455108359133127,0.17234262125902994,0.5211558307533539,0.44272445820433437,0.23976725963917672,-0.017021941346874084,0.9993295800694458,0.013315504995903605
duration,AAA,201402,18,0.87203302373581,0.9876160990712075,-0.2961816305469556,-0.054695562435500514,-0.37048503611971106,-0.3952528379772961,0.24255500018030648,-0.02513302967462391,1.0022664751653307,0.047816078654178584
duration,AAA,201403,18,0.8988648090815273,0.9752321981424149,-0.5294117647058824,-0.3023735810113519,-0.7089783281733747,-0.87203302373581,0.244158295172492,-0.02906937776827414,1.000551306957082,0.013046244456207078
duration,AAA,201404,19,0.9140350877192982,0.9964912280701754,-0.4964912280701754,-0.3403508771929824,0.3473684210526316,0.25789473684210523,0.24393865875102916,-0.02814876198721838,0.9925811981500317,-0.029048179933353794
duration,AAA,201405,18,0.8988648090815273,0.9731682146542827,-0.651186790505676,-0.4984520123839009,0.10216718266253869,0.1826625386996904,0.24610049333158648,-0.02584121751234629,1.0011216885619063,-0.03358950052016185
duration,AAA,201406,18,0.9133126934984519,0.9607843137254902,-0.6202270381836945,-0.45510835913312697,-0.0196078431372549,-0.13519091847265222,0.24449606320377087,-0.01956640099715309,0.9961200450669423,-0.004691686937152533
duration,AAA,201407,18,0.9112487100103198,0.9793601651186791,-0.6883384932920537,-0.5252837977296182,-0.28998968008255926,-0.28998968008255926,0.24187813333611344,-0.020839357420916457,0.9941275697007145,0.0012209806061256915
duration,AAA,201408,18,0.8968008255933952,0.9917440660474718,-0.7316821465428276,-0.5603715170278638,-0.43446852425180604,-0.45510835913312697,0.2372793484921202,-0.03547494213254786,0.9885496751870674,0.02193794109884942
duration,AAA,201409,18,0.8802889576883385,0.9731682146542827,-0.7708978328173374,-0.5789473684210527,0.3973168214654283,0.3126934984520124,0.2316098868741839,-0.039163873995943,0.9832761810952555,0.03800094469523396
duration,AAA,201410,18,0.8328173374613003,0.9731682146542827,-0.6738906088751291,-0.40350877192982454,0.03199174406604747,0.17234262125902994,0.22509669756507994,-0.04623207862256854,0.9811882737017622,0.034074340509045176
duration,AAA,201411,18,0.8617131062951496,0.9711042311661506,-0.6615067079463364,-0.3663570691434469,0.27966976264189886,-0.034055727554179564,0.21864400960169073,-0.04305995529640667,0.9789465004427059,-0.016241583392381465
duration,AAA,201412,18,0.8513931888544891,0.9690402476780186,-0.7296181630546955,-0.48606811145510836,-0.7688338493292053,-0.6305469556243549,0.21146313532963268,-0.05243245190753789,0.9743114444650486,-0.051076025440066106
duration,AAA,201501,18,0.9091847265221877,0.9587203302373581,-0.7915376676986584,-0.5706914344685242,0.35397316821465424,0.017543859649122806,0.20509028371229893,-0.04686595278560551,0.9818164690439405,-0.04509197886093267
duration,AAA,201502,18,0.8968008255933952,0.9711042311661506,-0.6037151702786379,-0.38906088751289986,0.739938080495356,0.7915376676986584,0.1975721372007962,-0.04031561555946133,0.9717061843445469,-0.0847319478306316
duration,AAA,201503,24,0.9147826086956521,0.9878260869565217,-0.5069565217391303,-0.32434782608695645,0.08782608695652173,0.07565217391304348,0.19094900393534295,-0.028259684313712237,0.9754715448586941,-0.06680245170229218
duration,AAA,201504,28,0.9064039408866994,0.9857690202517788,-0.25068418171866447,0.051450465243568694,0.7673782156540777,0.8598795840175151,0.18440377782720985,-0.01546811547438948,0.9844899577653764,-0.05543211837975431
duration,AAA,201505,28,0.933077879273056,0.9719447196534531,0.01696770662287904,0.30706075533661736,0.6787082649151615,0.4559386973180077,0.1792448228356739,-0.0036043997299745304,0.9955513394831129,-0.07232864589624159
duration,AAA,201506,28,0.9206349206349206,0.9908307195566038,0.0722495894909688,0.30874504189498597,-0.04707170224411604,-0.14013959348424895,0.1782175043878691,-0.00026140225333317967,1.0038011350502958,-0.14590792940769426
duration,AAA,201507,28,0.9381499726327313,0.9835796387520527,-0.043787629994526546,0.1981390257252326,-0.628352490421456,-0.6869184455391352,0.17784930579030228,-0.002914645798266033,1.006556777111368,-0.1208194108008158
duration,AAA,201508,28,0.9173508483853311,0.9715380405035577,0.01696770662287904,0.22003284072249588,0.11384783798576902,0.05856595511767926,0.17705844390146003,-0.0017720773499977846,1.0015780020383276,-0.11629895526864796
duration,AAA,201509,28,0.920087575259989,0.9885057471264367,0.2802408319649699,0.5424192665571976,0.6447728516694033,0.6551724137931034,0.177045095968182,0.0005888622065322205,1.0066672825468517,-0.13623162139372372
duration,AAA,201510,28,0.916256157635468,0.9846743295019157,0.2282430213464696,0.5095785440613027,-0.07991242474001095,0.025725232621784347,0.17837618845319184,0.0063621901420460834,1.0130101012397044,-0.11495918267566463
duration,AAA,201511,28,0.9003831417624522,0.9890530925013684,0.13683634373289547,0.43130815544608647,-0.5134099616858239,-0.6507936507936508,0.17938267112146178,0.003383794990219383,1.0131284237345,-0.06767859357191812
duration,AAA,201512,34,0.9318563789152022,0.9871657754010694,-0.009625668449197862,0.2711993888464476,-0.3628724216959511,-0.43437738731856373,0.17992325252416955,0.0036145458942995175,1.00890082070876,-0.00632314408065767
duration,AAA,201601,34,0.9364400305576774,0.9886936592818946,0.2870893812070282,0.5367456073338426,0.7414820473644003,0.7561497326203208,0.18099420280921086,0.0058626858034224166,1.0092893371885447,-0.0031680747602436253
duration,AAA,201602,34,0.9366643773993882,0.9919779996862689,0.20061115355233,0.46951871657754,-0.5248281130634072,-0.5694423223834988,0.18384455884137438,0.0014049269972578272,1.0196315729452723,-0.006374960616810522
duration,AAA,201603,34,0.9318563789152022,0.9924363998709669,-0.056073338426279595,0.19237527751155464,-0.19847211611917495,-0.28313851408174,0.18533538033755143,0.0038101807725363485,1.0092132545329764,-0.004202448431518324
duration,AAA,201604,33,0.9171889394436025,0.9897217382261323,-0.241644385026738,0.10628342245989306,-0.4338235294117647,-0.5053475935828877,0.18689602493330737,0.006676956009963732,1.0081550204930485,0.0023211943293602387
duration,AAA,201605,33,0.9311382379768229,0.9794400368515987,-0.48495989304812837,-0.22545333077795549,-0.5310828877005348,-0.6568062193901891,0.1869418122522764,0.007093807680293795,0.9974600103326345,-0.011493398870631553
duration,AAA,201606,33,0.9345700709490936,0.98278312085826,-0.35795454545454547,-0.08089587276625063,0.45120320855614976,0.49757647360563656,0.18467819892253975,0.008958081332556113,0.9876903406763476,-0.024410471215214696
duration,AAA,201607,33,0.9364973262032086,0.9925628847222222,-0.5013368983957219,-0.24868388154010213,-0.4017379679144385,-0.392078216460403,0.18268926090098522,0.014631418634184276,0.9896694044585501,0.012720510741843404
duration,AAA,201608,33,0.9415106951871658,0.9906417112299466,-0.5955882352941176,-0.37566844919786097,-0.41343582887700536,-0.4665775401069519,0.18037967502396898,0.01744347360501894,0.9907014260561874,0.0008215181660745567
duration,AAA,201609,39,0.9500000000000002,0.9959514170040487,-0.581578947368421,-0.3688259109311741,0.6058704453441296,0.5823886639676114,0.17717919892786183,0.022197401872355225,0.9860127844204837,0.03152395977824659
duration,AAA,201610,39,0.9447368421052632,0.995748987854251,-0.359919028340081,-0.13663967611336034,0.5313765182186235,0.3834008097165992,0.1729507684416829,0.029899378294594832,0.9841594060652399,-0.004010601683294375
duration,AAA,201611,39,0.9552631578947368,0.9923076923076924,-0.3461538461538462,-0.2020242914979757,-0.2882591093117409,-0.4143724696356275,0.16990927418831156,0.04213362674448232,0.9866672677990206,-0.0689542372034031
duration,AAA,201612,39,0.9631578947368421,0.9888663967611337,-0.28906882591093114,-0.18016194331983804,-0.04979757085020243,-0.1299595141700405,0.16728899302820852,0.032072761419953154,0.9868742074952551,-0.0987299955094599
duration,AAA,201701,39,0.9495951417004049,0.9781376518218624,-0.15890688259109312,-0.03623481781376518,0.418421052631579,0.41194331983805665,0.1649834179629063,0.03362159752479426,0.9873938872141995,-0.11303436793859174
duration,AAA,201702,39,0.9537932093798099,0.9881066868264571,-0.15,0.0022267206477732796,0.07591093117408908,-0.06720647773279352,0.16203011086734734,0.024809849782086155,0.9822903828515519,-0.10498485616233606
duration,AAA,201703,45,0.9715735042656676,0.9901179260820869,-0.26956521739130435,-0.1423630555138397,0.255862977602108,0.17464343367292412,0.15956423239705184,0.009573455718763292,0.9834688192793272,-0.0862526319552352
duration,AAA,201704,49,0.9623469387755101,0.9977295342413446,-0.14193877551020406,0.024592464101474205,0.4576530612244898,0.4327661421342411,0.15684292870899444,0.005468447484300482,0.9839577361574442,-0.10755904248448109
duration,AAA,201705,49,0.9426530612244897,0.9890816326530613,-0.30408163265306115,-0.1407142857142857,-0.5189795918367346,-0.49530612244897954,0.15507649323256517,0.005582490757528739,0.9889318706751011,-0.18617893276157726
duration,AAA,201706,49,0.9563265306122448,0.98734693877551,-0.6614285714285713,-0.4975510204081632,-0.7960204081632652,-0.8355102040816326,0.15327622964513438,0.001356011055622252,0.9905015557412366,-0.14346290108874715
duration,AAA,201707,49,0.9503303658797895,0.9916579507806071,-0.48122448979591836,-0.30459183673469387,0.6258163265306123,0.6161224489795918,0.14913785655583187,-0.001865519172842768,0.9766613877342233,-0.1943496583258457
duration,AAA,201708,48,0.9653974546937357,0.9880855452423601,-0.38341293964394263,-0.24153933843400005,0.13145896656534956,0.04266290337283686,0.1462691998206274,-0.0076036372415932175,0.9831511745550935,-0.1874181631463755
duration,AAA,201709,48,0.9646918341544904,0.9846387667589427,-0.535497177594442,-0.4267918692374252,-0.4486539296569692,-0.5115748909529102,0.14473939921090898,-0.005560370104089884,0.9860989184267309,-0.20249215997855396
duration,AAA,201710,48,0.9634172818063396,0.992916655724306,-0.6210377768128528,-0.49681113813177574,-0.4103343465045592,-0.4217439684566697,0.14216804751524537,-0.005080353786509957,0.979066202254095,-0.25659155818707896
duration,AAA,201711,48,0.9696048632218845,0.9875162831089882,-0.8044941380807641,-0.7283977420755535,-0.7424012158054711,-0.8333695180199739,0.13865868392161587,-0.005249566111571263,0.9733341717635243,-0.26686084316691205
duration,AAA,201712,48,0.9518252168883029,0.9856968413729507,-0.8297872340425532,-0.7688884064264004,-0.4377985236647851,-0.4464828484585323,0.13411966753494142,-0.011912764836358522,0.9669106462317069,-0.2563141116236468
duration,AAA,201801,48,0.9651260621786415,0.963956140818759,-0.841511072514112,-0.7781245785054931,-0.5243161094224924,-0.5629529127087876,0.12874363624041754,-0.008361246656461338,0.9624164316458595,-0.22226512692815534
duration,AAA,201802,52,0.9415179714846751,0.9819850595927511,-0.7755485358149065,-0.6919530422527019,0.7285921625544267,0.7084738533670085,0.12211647813926159,-0.00997397155797994,0.9509760551958246,-0.29547677554598634
duration,AAA,201803,52,0.9531290019636302,0.9789976948689489,-0.7571928626312643,-0.6496200802527106,-0.3552463075215573,-0.4066421924357551,0.11633814471443618,-0.011073920036008596,0.954985535675257,-0.2192774602809552
duration,AAA,201804,52,0.9644191161403685,0.9809822631420709,-0.6847946725860155,-0.5931016818919149,0.43729189789123196,0.3496969179544096,0.11033037473895389,-0.015904870762886884,0.9490455456226407,-0.2761723498908829
duration,AAA,201805,52,0.9397827022169724,0.9808735039812586,-0.6258857679501408,-0.5109816227071623,0.616238367625715,0.6217583404118477,0.10440675230341506,-0.015928525675801764,0.9446163258941324,-0.22214669082844196
duration,AAA,201806,52,0.8358234440365406,0.8659679431140267,-0.7084436096644754,-0.5792900325435923,-0.4422436608896098,-0.5305782684392193,0.09923276397089634,-0.011307731517877345,0.9424819274024147,-0.24395555455898563
duration,AAA,201807,51,0.9332126696832579,0.9627149321266968,-0.6803619909502262,-0.554027149321267,0.5124886877828054,0.432579185520362,0.09158781622845034,-0.0025383753255571327,0.924895961288126,-0.3404487009070842
duration,AAA,201808,51,0.9430530104904695,0.9858141589436864,-0.3764705882352941,-0.16959276018099548,0.8616289592760181,0.8219909502262442,0.08694287478117423,0.0013378274448614413,0.9082687486870574,-0.3407076424445121
duration,AAA,201809,51,0.9262653003569843,0.9691388750622201,-0.42877828054298645,-0.2517704021097343,0.017104072398190045,-0.005248987534998055,0.08280514199220407,0.0013393702190256833,0.905491686170923,-0.3484909863308076
duration,AAA,201810,51,0.9352036199095022,0.9838684135643336,-0.09692307692307693,0.11964071588392118,0.8648868778280543,0.8012398472604358,0.07871184752569986,0.00019616979824545696,0.8998731097337087,-0.3721032714915662
duration,AAA,201811,51,0.9472374325277922,0.9590026707859122,0.09212669683257917,0.26135746606334836,0.6780090497737555,0.6035294117647058,0.07567162812124613,-0.006480979906216876,0.9015976675510179,-0.399939195785343
duration,AAA,201812,51,0.942848093639186,0.9588198026970766,0.3971945701357466,0.5073985253396137,0.6359276018099547,0.566496222128478,0.0741964891148089,-0.014917765048554233,0.9179364876121066,-0.4330701190344783
duration,AAA,201901,51,0.9204524886877828,0.9557446048067405,0.42968325791855205,0.554957238452245,0.4090497737556561,0.39205393949366035,0.07411180408857242,-0.01251722417567076,0.9337411059604813,-0.5939430996100095
duration,AAA,201902,51,0.9363319616808425,0.9724874438663728,0.45692307692307693,0.6410859728506787,0.6627149321266969,0.4920361990950226,0.07498918172448223,-0.005112104816064301,0.9458567710646875,-0.5703417856392446
duration,AAA,201903,51,0.9102920882892748,0.9540466549945271,0.33076923076923076,0.49305398484798285,0.3322171945701357,0.3081134896136119,0.07547649404932734,-0.00791155239994971,0.9414645091345576,-0.4786161433354132
duration,AAA,201904,51,0.8227149321266967,0.9239123059447437,0.3448868778280543,0.5741758864792268,0.565158371040724,0.45281567467866846,0.07625025707871486,-0.00407938140776575,0.9466381560856321,-0.525127290760815
duration,AAA,201905,50,0.935628706841276,0.9675622466713648,0.49406962785114045,0.659735894357743,0.6071068427370948,0.53968787515006,0.07619104912372114,-0.0074319543485642705,0.9435987190536645,-0.5691963113483025
duration,AAA,201906,50,0.9485461838552518,0.9716673069535152,0.48062424969987994,0.6540853323693812,0.6947899159663866,0.6156690438519812,0.07703819566948657,-0.0006827062835100474,0.9504107434142334,-0.4364906953292102
duration,AAA,201907,50,0.952147710903758,0.9747406838263541,0.28403361344537814,0.4392902591964686,-0.20211284513805522,-0.3360464838059562,0.08214684416166664,0.004734107378595999,1.0040834353518606,-0.49517631974936377
duration,AAA,201908,50,0.9458317337067871,0.9647273515879222,-0.18108043217286915,-0.0454752815324722,-0.7104441776710684,-0.7446037121885047,0.0838309958776675,0.006385120026998446,1.0091203893109628,-0.3800163472592501
duration,AAA,201909,50,0.9205762304921968,0.9804552450797864,-0.24235294117647058,-0.04730119098807806,0.2543577430972389,0.25893200183524556,0.08412145158126332,0.011841639519208039,0.9932797175959202,-0.3072481541909136
duration,AAA,201910,50,0.9537323828051009,0.9762059115877797,0.026074429771908762,0.24216086434573827,0.5670588235294117,0.4071548619447779,0.08479669149460783,0.015994840912895016,1.0017379847303391,-0.3199528130876755
duration,AAA,201911,50,0.9429504428851783,0.9742598509303586,-0.36009603841536614,-0.19549088819291904,-0.6180552220888355,-0.6327162718815773,0.08547837721890479,0.021980153913302967,1.001300335049193,-0.3082865347645387
duration,AAA,201912,50,0.8576436411509542,0.8924532381855715,0.06237695078031212,0.20942182121726743,0.30669867947178864,0.19914521728686266,0.08503715860063497,0.026296364497067664,0.9900724887604389,-0.3823856723251444
duration,AAA,202001,49,0.9574978327683662,0.9822180272094612,0.07346938775510203,0.1764840940394176,0.36540816326530606,0.3421005639012128,0.08280462668234027,0.010805343686689268,0.9772364920039569,-0.3519480623939446
duration,AAA,202002,49,0.9542080158211008,0.9897186012354243,0.2090816326530612,0.34869126021203317,0.6131632653061224,0.5514567076926624,0.08265337602724665,0.01228608679471177,0.9769463145150389,-0.37900988622110665
duration,AAA,202003,49,0.9235439682588892,0.9598448900454104,0.6092857142857142,0.7030281387016869,0.801734693877551,0.8138983139973371,0.08265801021737021,0.010480233505898124,0.9795736183533826,-0.43398779859949643
duration,AAA,202004,49,0.9317584635292986,0.9659166283994081,0.665408163265306,0.7926732827396332,0.43448979591836734,0.3474578434253928,0.0851033568831846,0.019939352025385368,1.0108062880761186,-0.44198165591442246
duration,AAA,202005,49,0.9343095490170035,0.9550487269758662,0.650204081632653,0.7531824793899631,0.5439795918367346,0.4388377255949785,0.08891837321706318,0.03604799273052824,1.0212582702972384,-0.41813038094280347
duration,AAA,202006,49,0.9523712342699534,0.9779835705903362,0.5727551020408163,0.7267022120275873,-0.515408163265306,-0.5800147964845618,0.09292229266287753,0.0338779762617294,1.036300152415304,-0.3529781236665167
duration,AAA,202007,49,0.9579326006331498,0.9841573549670902,0.5397959183673469,0.6661904642592296,-0.7760204081632652,-0.8394091688743851,0.09614324040071426,0.032768124797362415,1.020100632885839,-0.35066999607946286
duration,AAA,202008,49,0.9646938775510203,0.9832393686711813,0.5436734693877551,0.6608842064448036,0.7125510204081632,0.699405597309146,0.09819801260126719,0.024007631445145467,1.000934043984345,-0.362984006470798
duration,AAA,202009,42,0.9846041649785269,0.9959484644680335,0.6739324203873269,0.7019690462685358,-0.6689085163276882,-0.6953245279961107,0.10198892061295975,0.010832007031546322,1.0208298309516781,-0.34042176090672216
duration,AA,200301,55,0.9230158730158732,0.9435064935064937,0.4367243867243868,0.5823232323232325,0.38088023088023093,0.18239538239538242,0.34518904807503054,-0.020071800215493867,0.959664294619711,-0.0826779880685579
duration,AA,200302,56,0.9235133287764867,0.9616541353383459,0.35666438824333563,0.5508544087491457,0.008817498291182502,-0.01551606288448394,0.35236914181558043,-0.023955205185848785,0.9680939460841957,-0.1652330378063389
duration,AA,200303,59,0.916991773794172,0.974648957569815,0.4490356516656926,0.6738164815897137,0.4625365283459965,0.43401519579193465,0.3548882248591281,-0.03173952969262611,0.9583375151154062,-0.12883494706215964
duration,AA,200304,59,0.9254821741671538,0.9708791771810376,0.30414962010520163,0.4932859919578579,-0.017650496785505555,-0.16250968017047676,0.3592968922041034,-0.03170605432998628,0.9697270350470081,-0.16586510903360843
duration,AA,200305,50,0.8938775510204081,0.9729171668667466,0.3182232893157263,0.5565906362545018,0.08388955582232892,-0.07438175270108043,0.36055693916471104,-0.027941551601488646,0.9635632217163549,-0.1281847476652774
duration,AA,200306,52,0.9240160505421326,0.9611542730299667,0.2622726884658072,0.5143857252625288,0.2399043797489968,0.053786391189276875,0.3616381903441219,-0.018586670545704835,0.961745833165884,-0.11148236784642851
duration,AA,200307,54,0.9532286352888545,0.9590988800137108,0.4928911759100438,0.6070135315418334,0.6138745950066704,0.47871164474938055,0.361360521513479,-0.030864400119854543,0.9590457729447077,-0.08874527742321255
duration,AA,200308,54,0.8258590788440788,0.867307069362938,0.3822755860491709,0.5322863463499645,-0.18574423480083854,-0.2346954335775374,0.36510710219347275,-0.02739920197926771,0.9682079210417743,-0.12780026747795442
duration,AA,200309,53,0.9633930011288501,0.8338339348963734,0.5391872278664731,0.5438345395908123,0.3890501532010966,0.1764670308984347,0.3686331475193894,-0.03446603926038038,0.9643157833877011,-0.15857198097918798
duration,AA,200310,62,0.9519528594092316,0.9632847321900734,0.38757523104429503,0.4947999294905694,0.01442925134093828,-0.0623253002946287,0.3737175113741223,-0.03703020875303095,0.9475457222426791,-0.09354175566538767
duration,AA,200311,62,0.9655511067462417,0.9674649341492283,0.3996121981315001,0.46750270705849767,0.0705346125758606,-0.00012590969756490645,0.3777883233524722,-0.026940184019889995,0.9416951912425212,-0.12665223639431417
duration,AA,200312,64,0.9513278388278387,0.9528846153846153,0.38447802197802194,0.43681318681318676,0.3289835164835165,0.23342490842490837,0.38302726277418186,-0.01879017255088927,0.9421684614709591,-0.11592539172644953
duration,AA,200401,67,0.9227684050304119,0.9450369646587814,0.2931997765184772,0.4056588714183096,0.022148615212706526,-0.040705563093622804,0.38435520743591495,-0.018772899752585528,0.9366005944754898,-0.12652975167334687
duration,AA,200402,69,0.9204504973940554,0.9071046237600247,0.2688344903178663,0.3840005846030176,0.33978808914870295,0.2812776879701552,0.38182883931946604,-0.02430843287749641,0.9268930396815643,-0.12295258797498614
duration,AA,200403,67,0.9695506425093783,0.9585258054372559,0.2699337536914359,0.33273139050453276,0.34396200814111266,0.2545918927404698,0.38171296469592586,-0.02354307042287698,0.9255125271651883,-0.12531741688128645
duration,AA,200404,67,0.8920083809019178,0.8963982841253798,0.27224838374970073,0.33342645063452797,0.20336818580892335,0.15180780589033446,0.37930033814125175,-0.029853835867899546,0.9121895377786644,-0.17205204390008857
duration,AA,200405,69,0.963801276997431,0.9855220731706296,0.3604676653270004,0.4625952246885303,0.6444647424187067,0.6779261587934078,0.3713285867231504,-0.041703281551522975,0.9012493927910177,-0.1722094412505767
duration,AA,200406,73,0.9671024723943714,0.9727561631468218,0.06698136492657042,0.18389935749156736,-0.025422682956929538,-0.11688662291029325,0.3724098598055098,-0.04542426719298727,0.9080675289726989,-0.20350458668902202
duration,AA,200407,71,0.973507268870398,0.9701110878563547,0.14839034205231386,0.23898991430884786,0.5869215291750502,0.4906059007059973,0.371027750893281,-0.025057175187588744,0.8971339586691371,-0.13435762416078148
duration,AA,200408,69,0.9764518900403579,0.970651101611312,0.054512239678480096,0.13027274888452373,0.46233101936426757,0.37647746585503644,0.36470877128690654,-0.009996097081816096,0.8864205308134461,-0.12429935861143712
duration,AA,200409,72,0.9698372885716126,0.9802395692238985,-0.3613737217827514,-0.25140284592042905,0.16547687954209278,0.11542728516645948,0.36181513602540133,0.0015864250117951237,0.8935219309296681,-0.10062011334266356
duration,AA,200410,71,0.9514331944767165,0.96605437674737,-0.45690811535881953,-0.3367873910127431,0.2044265593561368,0.19094567404426557,0.35239011803887066,0.005241941935965409,0.9021155353329804,-0.0919584864428092
duration,AA,200411,72,0.9364986213131523,0.9724736715170028,-0.5825133449096406,-0.38965841581437777,-0.03839475207408837,-0.10253153363516761,0.342292020491312,0.0061138549360017095,0.905587626139088,-0.06437547097959766
duration,AA,200412,72,0.9038435256862078,0.9580995256853443,-0.6739661714579717,-0.4741822157704819,-0.09659785195189403,-0.07961990819528775,0.32939727925179546,0.0012992647545223114,0.9027395003816945,-0.040806303106289535
duration,AA,200501,72,0.9440308707707898,0.9300661634367873,-0.7852916586275647,-0.6077449333347499,-0.13531416811370509,-0.3753004638720531,0.31490694441387096,-0.00934643234601163,0.8973790779668154,-0.020123862167229046
duration,AA,200502,87,0.9376722909350571,0.9247677327439061,-0.7985711161332651,-0.696960860283188,-0.09672304439746299,-0.18928327334817927,0.2992654705658991,-0.009019078588996945,0.8922455243955253,-0.004314960716385739
duration,AA,200503,88,0.9043526501059475,0.9408294184299749,-0.7197175161142617,-0.588019812929666,0.3187805994857526,0.29765107322354356,0.27946883011696017,0.003681000997482247,0.8904168464913806,-0.016438879480877865
duration,AA,200504,89,0.896857284046958,0.947730416539982,-0.8063670411985019,-0.5764324839705084,-0.10236636023152879,-0.18476415034279675,0.256681849961099,0.029457225783067333,0.8892435121711568,0.0033441867739561967
duration,AA,200505,90,0.813991966047794,0.924474407762508,-0.7762192863316457,-0.5452203189662428,-0.21198501872659176,-0.19038054709823,0.24188593258294483,0.049426247964522746,0.9016596993999055,0.017096051208747656
duration,AA,200506,93,0.7458977563553366,0.8600353623145158,-0.8204917788188952,-0.417598895898725,0.040822416519948675,-0.09264971931124527,0.217947222871031,0.044949618865832965,0.8808958416374418,0.03342327407929696
duration,AA,200507,93,0.8145462414176957,0.8141891009796314,-0.7795649189818268,-0.40524611693384577,0.04947629136701381,-0.19148475852984204,0.19602733811830797,0.06407841613601126,0.8929340644417579,-0.04062048558833472
duration,AA,200508,95,0.7572990849963329,0.886390201224847,-0.7837905935050392,-0.4397893300877957,0.023040313549832027,0.01482388759828683,0.17515695180223464,0.056563346937692854,0.8705368478966276,-0.07233557447984018
duration,AA,200509,100,0.839939033552677,0.8908464650258121,-0.6858445844584458,-0.29005022597365854,0.381026102610261,0.1387603737465839,0.15619593407964175,0.047625770575038036,0.863716427745236,-0.00215467830741514
duration,AA,200510,94,0.7974930011234921,0.886609855447028,-0.5449337138315934,-0.1677214732657525,0.31095618249467183,0.21122140824456342,0.13899569832037587,0.03797950858303656,0.8588277597195301,-0.016629723419281883
duration,AA,200511,94,0.774673887144898,0.8640613260251264,-0.6173391612180761,-0.22055088958713606,-0.02471552938626594,0.02335049219201441,0.1237526212541413,0.026843458918553064,0.8447733533705929,-0.0859444927028146
duration,AA,200512,95,0.5585791779448439,0.7337308961657022,-0.5881019036954087,-0.1344037291874719,0.001749720044792833,0.00080489657118988,0.11156188812216669,0.013143202545188856,0.8078229488699936,0.035561641697416733
duration,AA,200601,100,0.728468515767063,0.6284925588207261,-0.5898949894989498,-0.11816771637062819,0.2021482148214821,-0.18379844529331554,0.09965766158122982,0.010629574103775035,0.7874719329325264,0.05797723629147159
duration,AA,200602,103,0.427448805481314,0.5745286101468985,-0.7989500505205817,-0.44152784617502844,-0.2564029345868295,-0.3994464565921917,0.09128414703464595,-0.0024160652511627943,0.7480367314179489,0.18015059744290032
duration,AA,200603,101,0.7271239452003073,0.5542162710345033,-0.47273150844496215,0.12053932851146326,0.6645661036691903,0.20557966169642053,0.08117392972373709,-0.0020097343710869407,0.7248868355052249,0.2754565541779799
duration,AA,200604,103,0.5785180243431702,0.6987089369565755,-0.14188595527830253,0.20661667599457229,0.3304046039625708,0.31445822504922766,0.0725882172882938,-0.009841618122414441,0.6741582027419469,0.37844762880039634
duration,AA,200605,101,0.6934252792932356,0.7578082910142578,-0.023331391962725684,0.3122826840782577,0.32707047175305765,0.05120648585206537,0.06562309911399983,-0.02682388581486637,0.7201127420421127,0.3792273070544184
duration,AA,200606,130,0.4915626651888915,0.6113433414684146,-0.237706373158175,0.04768394603601881,0.0857884171571372,0.07966078549931616,0.06262213517649261,-0.02558957354076107,0.6008446319079322,0.6770748346289635
duration,AA,200607,127,0.34303843089899816,0.6846036105908111,-0.3111525121859767,0.294816644062976,0.10317069741282339,0.2865089792454783,0.05621134665941723,-0.01673728067528305,0.6050487998937284,0.6732785925591885
duration,AA,200608,134,0.40934046417242875,0.7599329139421461,-0.167580643150164,0.5140079704825489,0.14033342061621717,0.23851206781306572,0.04480701391005217,-0.02483375097918376,0.6027634578679834,0.48539060641637194
duration,AA,200609,128,0.2740811743566029,0.7615723023068108,-0.20396333089177807,0.5372757668338198,0.13002998535066834,0.39352611551665956,0.04154168821085526,-0.022687342999290268,0.583718787236686,0.6483164860448398
duration,AA,200610,164,0.4095306953913069,0.7693964168634944,-0.011497286194278563,0.6113392294698987,0.31354454314202923,0.3523980082471265,0.036420884920952794,-0.03348006751946699,0.57559148098615,0.6766989427128032
duration,AA,200611,164,0.19725920066050612,0.7747779734635207,-0.17456232231033966,0.5828684996707447,-0.03956851169180961,0.4068059683228447,0.0341948813743522,-0.02857099648216993,0.5664342481490767,0.7626328504358937
duration,AA,200612,159,0.1692420107035195,0.7463164031059327,-0.19382911392405064,0.6509027401039086,0.1940828755672319,0.30874079168217605,0.030756551889313737,-0.028380336548463073,0.5813894570739443,0.7173428312913158
duration,AA,200701,158,0.5308041732485379,0.5035214079922411,0.16419490719682853,0.5143458693363397,0.527101629398852,0.00849015630282342,0.028809844421789986,-0.025757382201253256,0.5874694213193042,0.7786703639109274
duration,AA,200702,184,0.10547125959330303,0.5791031808695632,-0.19126196759838954,0.3993047612933689,-0.12244610968773477,0.18752856496162165,0.028503438846699848,-0.033069488520343394,0.6182678620331051,0.7176025895092327
duration,AA,200703,185,0.35315590566232863,0.7997403372786738,0.17257219806500843,0.8093646246278817,0.48481790152857007,0.4673906502920102,0.02441632259054291,-0.02324641096247215,0.6058526908603705,0.7216738515846645
duration,AA,200704,185,0.21220139044007746,0.8128249049436006,0.01071794094234487,0.7375625279702157,0.009296463363784542,0.49458387451721847,0.026592771588771776,-0.028885428467051916,0.6165108494434217,0.7827906957926948
duration,AA,200705,188,0.6000216727223907,0.6844437240343977,0.32850225841464886,0.7326062831085826,0.6009207035489887,0.24133531157434138,0.025240833593808895,-0.02610130674856889,0.5637201934915216,0.878667195437763
duration,AA,200706,184,0.726135625426502,0.7968213681454217,0.6053228628436211,0.7726639419469266,0.6353791274389246,0.5072633168527487,0.024209408989113924,-0.0212595879822847,0.741404908308936,0.9121042630377295
duration,AA,200707,184,0.6876405360309106,0.8023819121626689,0.5794266048750478,0.7433521173921038,0.4257134449892834,0.47275469768441486,0.028966780470618878,-0.025939611074919742,0.7067533746785979,0.9072700003009729
duration,AA,200708,186,0.4898325503869257,0.6846531491466683,0.3324431555930607,0.6026119925009807,0.10912540969466965,0.1792187520435627,0.03701368463319291,-0.04807762623508663,0.7285493906216164,0.8916619244855839
duration,AA,200709,192,0.6778548182470179,0.8011564011106727,0.5636325719556196,0.8045782811846508,0.5184059897458156,0.3028798427968795,0.04022120634155851,-0.0451226973641327,0.7495835750254232,0.7844452877161461
duration,AA,200710,183,0.742231936786694,0.8308493415998576,0.5810508094898688,0.7754626094167438,0.33211798892483146,0.19980614462938867,0.04662962737039231,-0.04328113470798052,0.7671995370734868,0.7490770304601833
duration,AA,200711,185,0.5842752636786823,0.797225057311267,0.4118683901292598,0.7177255081594438,0.28701148553883477,0.4472403501300455,0.0527783598674327,-0.03959596381158133,0.775538380150171,0.6177869635320749
duration,AA,200712,186,0.5865663096732866,0.8288266824958519,0.40495596510776777,0.7926276562732227,0.3211474714321014,0.299101908220385,0.05993745632226942,-0.03774404338159066,0.8170612365020301,0.5017073030257722
duration,AA,200801,178,0.8596457910819547,0.8150813075871062,0.7994444261215475,0.8333680880133912,0.7986847942770146,0.48321669246234844,0.06636400959543316,-0.031185800950765664,0.8045249431212678,0.3929334236069625
duration,AA,200802,179,0.8156349828716198,0.9127564594137383,0.7294687506538614,0.8816040901596099,0.4752223128910091,0.5390526716127936,0.08000012442910398,-0.021273704853554377,0.8528189903622564,0.30805740838469187
duration,AA,200803,178,0.6765195594992373,0.9034001171383429,0.49353621390551844,0.8044839724055177,-0.006703697832495859,0.15136306015847675,0.09868916658660408,-0.007175697489767053,0.9087356950892652,0.2017879549302217
duration,AA,200804,177,0.7964121455578342,0.9244766799237208,0.5517304063295303,0.8582009448457295,0.047430359585187244,-0.36855938383983716,0.11107737194613664,-0.013640552372255846,0.9282487378920451,0.09732692988909916
duration,AA,200805,177,0.8872659398928557,0.9558881053062751,0.6725775177022559,0.9003753083193196,0.7327933207527572,0.5234439204346045,0.12674728711774477,-0.01195925809150186,0.8954058084777482,0.012196271022160978
duration,AA,200806,178,0.7970410452334837,0.9301609542470265,0.4961555606859667,0.7403620277302025,0.15114865058956584,0.28040871215683455,0.14528448033242206,-0.01670065988840778,0.9204497999033647,-0.019198940124981762
duration,AA,200807,176,0.7967627047404394,0.9555687872107349,0.4645234426590359,0.7969172268278758,0.3899493726612371,0.35232762582024685,0.15857222832784443,-0.01657838700485963,0.9303781816940421,-0.04340780156306453
duration,AA,200808,176,0.7630045207065002,0.9691518392949703,0.42647369579572975,0.8081769935678692,0.22287034998899405,0.38793173658851754,0.1718203570983269,-0.012414812385438255,0.9461051709015329,-0.06533961598983472
duration,AA,200809,173,0.21101663243254767,0.6288093746759883,-0.09366989445188685,0.4073693798523438,-0.2612651867371866,0.14389017779165847,0.18557867248322096,-0.010812714075852449,0.9593870196252418,-0.0676561330022237
duration,AA,200810,172,0.4145636397207544,0.8231361182588659,0.10430094593925326,0.809931554300599,0.356718857231801,-0.3759472527685737,0.18601417882233376,-0.015467827419520507,0.9624020912157267,-0.11438642047548665
duration,AA,200811,173,0.26846080125359456,0.8583583308092912,-0.060596298167625434,0.7463598948487236,-0.14140758629960462,0.12328236114228983,0.19410137799959498,-0.016992752518447174,0.9000179133206347,-0.05411156568823205
duration,AA,200812,103,0.4818248962833265,0.8957513055798093,-0.02146026446426218,0.7304252801319105,0.27935685103018054,-0.16916753384814745,0.19783010183320382,-0.01746255395290785,0.8896779454761914,-0.050500115481590405
duration,AA,200901,101,0.5889143210019567,0.9206661677339654,0.14973791496796737,0.7624658196474369,0.47711124053581827,0.45735718508401574,0.20328355673181464,-0.012504130736627327,0.8717972976936659,-0.0921507012187041
duration,AA,200902,104,0.4076923076923077,0.9137624760744336,0.03316974287848075,0.7225686683590934,0.10528112664034996,0.467488890910796,0.2021466169577662,-0.019401120914720668,0.8744600612366629,-0.09631472917142304
duration,AA,200903,126,0.5810441126208747,0.9277628129409959,0.27647844019497564,0.8168248968878892,0.24930183727034125,0.5424851893513312,0.1972616386023693,-0.025869475020304192,0.8838344579295332,-0.08776221573258412
duration,AA,200904,132,0.7240649719381429,0.9380177848695695,0.3689532644936421,0.9034412498654327,0.6404021851992924,0.04344837212096923,0.20374784572949628,-0.019667822793095056,0.8974455404359825,-0.05389664784401542
duration,AA,200905,134,0.8395138081892668,0.9363977336235327,0.5502587314056286,0.8735065200748061,0.3946313478118105,-0.10281239674130672,0.21360854838476223,-0.01665385482859364,0.9033478120588179,-0.03628268583471654
duration,AA,200906,129,0.8439452256999251,0.9291951542662916,0.5649541592128803,0.7928717376812551,0.30241502683363153,0.16934304937188632,0.22104265083090932,-0.017134310092670697,0.8915234665191543,-0.018036700209502744
duration,AA,200907,131,0.8733610117994909,0.9132396569150432,0.6173917685368067,0.7837820524825135,0.495249025783377,0.35121537184604856,0.2307672279711822,-0.018033416512025415,0.8899721076338921,-0.01775380349549576
duration,AA,200908,132,0.8591308249805636,0.9276543122921599,0.6069406688129065,0.7928401757873512,0.650102007273562,0.592456930568941,0.2405682148754408,-0.014197448208521257,0.8805548184658869,-0.008277211208135602
duration,AA,200909,134,0.9259841145151437,0.9493260514470256,0.675382486065911,0.8144864649185152,0.6591927580144391,0.5630868215314406,0.2506586517957747,-0.014943776436420845,0.8775271001929527,-0.009279005752935112
duration,AA,200910,138,0.9414219779749208,0.9844139743401502,0.645141772966901,0.8163606848573821,0.7771039911961258,0.6912616526899077,0.2765579544481961,-0.009907908060846186,0.8771141819267605,0.006402549478739971
duration,AA,200911,141,0.8934655457636046,0.9508280587530431,0.5710989340297101,0.7434422957347204,0.4554390170812106,0.469725234091234,0.293557967801909,-0.0010597224185405173,0.9124142506273233,-0.030099472627959756
duration,AA,200912,144,0.8549932782616697,0.8888607559343319,0.4237199582027168,0.5763145097486851,0.31606382123623505,0.21790337554783948,0.31412177887123277,0.0031206806421675837,0.9237055849084639,-0.03392063588381669
duration,AA,201001,141,0.9523212219789509,0.9611924803747124,0.6006036217303823,0.7402965458652728,0.632381523181643,0.5566324684983609,0.3264012836984723,0.0010704633752538334,0.9309099785396836,-0.012524344377355117
duration,AA,201002,156,0.9366256340821489,0.9819806008152272,0.5139827092980985,0.6830997212795696,0.44344486415577433,0.4506735724283794,0.3415593056190233,0.005270900706366726,0.9346735320663283,-0.00024880024202586314
duration,AA,201003,158,0.9722175739866854,0.9901027904167752,0.6061208563357313,0.7205449694086755,0.5246889447014493,0.39012988356465844,0.35851722900174693,0.010578143186922219,0.9311215859156388,0.02071427975867406
duration,AA,201004,157,0.9286059824236071,0.9523362095041332,0.4211698162355262,0.5203913451332317,0.25740360582737426,0.23599010783726454,0.368580089705273,0.018193931335541272,0.9263791462918394,0.01231038497182484
duration,AA,201005,159,0.9212770499130308,0.9327247025397044,0.16235968473847623,0.29471877239073324,0.04208562216384046,0.06589443515643659,0.3717042230834751,0.015693099815788175,0.9282965828890867,-0.02718372787807446
duration,AA,201006,156,0.9020601081541816,0.964576894415344,0.03011174155616317,0.2993682719863896,0.14535253117542002,0.1409842439417037,0.37159359646201084,0.015813938778128117,0.9365195097520996,-0.032175007272088565
duration,AA,201007,160,0.9135127889820241,0.9664668535896153,0.059155631079339036,0.34415822699984844,0.38154810734794325,0.2575678670807171,0.3699310018136752,0.015458514049375342,0.9401477102870204,-0.030084989364322443
duration,AA,201008,161,0.8980387307904539,0.9579600800845015,-0.05392512077294687,0.20812674285491567,-0.012149183344835519,-0.016360456263962014,0.36803814236102605,0.020965234646941396,0.9499232910179013,-0.033655318883110456
duration,AA,201009,163,0.9122177224388504,0.9725061723947784,-0.03862481365099949,0.24614035355119412,0.5085928364396118,0.41875795794504583,0.3640496787678422,0.02222902081902545,0.9494824205453057,-0.032435537709266646
duration,AA,201010,163,0.9361362828685048,0.9816580939023155,0.1719232325247588,0.4415826247678336,0.6746720534690009,0.5454685263727538,0.3600714929953852,0.02483638728151487,0.9550061690758326,-0.012983558731510714
duration,AA,201011,165,0.9489915315363451,0.9844862717966772,0.2453663879464644,0.4421168768980743,0.3557075307883419,0.3768361985656536,0.35903568545226566,0.034520278255071174,0.9584778014877442,-0.007086392049582902
duration,AA,201012,165,0.9206274151524457,0.9701492936044954,0.3830283439745679,0.5414767718323406,0.3401837950471509,0.25911628776747797,0.35806717383447917,0.038518788951212406,0.9615116123839182,-0.011134988822366096
duration,AA,201101,165,0.969804029736031,0.9938162727066693,0.5717441829401866,0.6830679922373953,0.6312291293778217,0.5712053151039144,0.3586561098178856,0.04308025394079357,0.9746312069680403,-0.0038896274723401155
duration,AA,201102,174,0.9714473158942096,0.9914610130386293,0.5179657735129132,0.6231240201168584,0.13233520316637717,0.027368676425117006,0.35763661532450935,0.042960884673554106,0.9791022611908804,0.0036801374309080553
duration,AA,201103,173,0.9733782581880402,0.9958721597921479,0.537078583977268,0.6407423609893536,0.4206604521371523,0.42967821559938496,0.35586606837668777,0.04400595934785523,0.9774944607166552,-0.009778309628457882
duration,AA,201104,175,0.9298762482515162,0.9645867993440871,0.551679355127631,0.6636184453968921,0.2778660994178236,0.2559487056912012,0.3539261041690964,0.04419389268317961,0.9804128480205485,-0.009591618914455034
duration,AA,201105,177,0.9711932419763687,0.995385073173371,0.5599929017849414,0.6695600565045173,0.14020706012707537,0.1307684525287867,0.3536647983150826,0.04345430005178259,0.986048609558947,-0.0026677594192665967
duration,AA,201106,181,0.9484158244033111,0.9841428048146312,0.5168882682694838,0.643662924565948,0.42336429684495974,0.47091882243485594,0.3557027228194626,0.045086257278673283,0.9911681222071976,-0.012837510097311272
duration,AA,201107,181,0.9229103518978592,0.9838341645948372,0.33010543784024443,0.5236868693773907,-0.5622224920567461,-0.46843715485425447,0.3594321700028497,0.043693505284067666,0.9977364266391096,-0.00532730301158456
duration,AA,201108,182,0.8675442507861686,0.9693205066265151,-0.04812531911526567,0.23086014693532783,-0.6131223183120657,-0.47488503124525727,0.3613665654780473,0.04428475216103926,0.9934420657130714,-0.018401512193313773
duration,AA,201109,182,0.8340365899115273,0.9743258744316549,-0.1742844602187053,0.21769274868519148,-0.25237899497477434,-0.08719573854853306,0.36190697713570963,0.04448209353814357,0.9919851134586306,-0.0032205272125228127
duration,AA,201110,186,0.8603459577820027,0.9718213199412676,-0.15185394122775525,0.2993638828695387,0.15895733580743066,-0.15398566265471372,0.358196359826571,0.047071577758303174,0.9878572436815952,0.0016932204461889873
duration,AA,201111,160,0.8715473022726149,0.9740717763336093,-0.08930329309738662,0.24496292324880495,0.3027100667994843,0.40753664460694256,0.3511128901580119,0.046019450022526595,0.9790928936564733,0.013459502046351912
duration,AA,201112,159,0.871729268763314,0.9546890615375422,-0.25625149271554815,0.12381692345409026,-0.4102967518509673,-0.6069069802065614,0.34602912569226274,0.04624663921786918,0.9824880904328217,0.010035046543546299
duration,AA,201201,159,0.8612422835880441,0.9448746377360475,-0.25851743491760215,0.13168905494559535,0.259481729161691,0.09949113251016058,0.33946345443417064,0.04633771185251936,0.9776156741693518,0.023188725465937646
duration,AA,201202,160,0.8575237313957577,0.9579030790808928,-0.22966131489511307,0.1358829483813546,-0.04029649595687332,-0.2122586022775661,0.3300707810640423,0.04303845257114012,0.97268916204451,0.022843100149814326
duration,AA,201203,161,0.8907931409545815,0.9492458514824827,-0.0378163100989188,0.22317115251897862,0.5192604094778007,0.4266678168852082,0.32057540362714526,0.03949737230297686,0.9715752246531703,0.04487165646397477
duration,AA,201204,158,0.8658828218423729,0.9430119835860689,-0.08594238460262961,0.19094147257552202,-0.16755684488993075,-0.14366133548136567,0.31269031010134424,0.045552941002157406,0.9704021944626641,0.053369046067725405
duration,AA,201205,169,0.8747419787319445,0.9379076212788743,-0.1988662920789618,0.08185828881997377,-0.373663666650092,-0.35920436478119944,0.30492203348681163,0.04217984246798366,0.9675443904560328,0.09304289219698147
duration,AA,201206,172,0.9162290422274013,0.9810469739784472,-0.16013753970893085,0.14864650540569097,0.14072114012683273,0.05362212286959591,0.2946621874168161,0.04710754518245164,0.9587952938671909,0.07683804402579801
duration,AA,201207,178,0.9163611023202288,0.9665920508635787,-0.3246511172652403,-0.02383800878262263,-0.17307583870696616,-0.375278944387146,0.28424700171338896,0.05062183154653605,0.9524048249105184,0.0817948505344789
duration,AA,201208,170,0.8874412481153531,0.954863880235348,-0.24625521339024556,0.06240699069707064,0.43518175878261617,0.3703225136726052,0.2727709914277148,0.054442799759402534,0.9508388322720465,0.08645090948971919
duration,AA,201209,177,0.9029253117650753,0.9441733613873668,-0.11562732639670367,0.21774783874719017,0.4450148023753052,0.30062829043688827,0.2646187022233291,0.050750152981925374,0.9575658446813856,0.08940780266911799
duration,AA,201210,175,0.9155339403654869,0.9705149362179495,-0.15964621585311242,0.11011543900078441,0.03125167935512763,-0.045182540508918276,0.26069333882963297,0.05047467221901383,0.9598657953905292,0.07305944100756684
duration,AA,201211,177,0.9275422850829812,0.97856623087269,-0.20956397915548555,0.0884767495334194,0.22106611727636294,0.13744583006473274,0.2563129954396263,0.04604244701115297,0.9628431526012614,0.055419214187327204
duration,AA,201212,173,0.8686399995377714,0.9418231122242454,-0.03682827224645508,0.2391017027630739,0.4471819070972647,0.4544237222060705,0.25120096517299956,0.04593937068770017,0.9565915929355425,0.057123848535518655
duration,AA,201301,173,0.9573455816189255,0.9583148882524207,0.4598736389299638,0.6715238042823957,0.8423545990145136,0.7073450976199164,0.24808859758568524,0.041844895168725194,0.966955727534355,0.01297180395943859
duration,AA,201302,180,0.930315200219883,0.9803198354680486,0.3384096216961429,0.5244313347444927,-0.06259040916900728,-0.07942845913814212,0.2481699930561694,0.04625074800036894,0.9742009736636801,0.0023070245639149403
duration,AA,201303,182,0.9130129920412624,0.9812715854010531,0.29861027478996865,0.5493353690368397,0.2057635327266701,0.21731996789191432,0.24888560696224313,0.05260249127392552,0.9765656614995741,-0.0026829572517117705
duration,AA,201304,175,0.9219709594554508,0.9774154598162412,0.18452754142409314,0.42015450067174204,-0.4570107478728169,-0.4995723242274967,0.24797141010327545,0.05551322046309169,0.9753284912284148,-0.0009573781057935387
duration,AA,201305,177,0.941215106022884,0.9879324737927768,0.6191959107356175,0.7921694568999844,0.8515066394279879,0.8466547497446374,0.24651293758746368,0.05556863235078701,0.9757105660797422,0.01626129358839469
duration,AA,201306,190,0.9482094384471577,0.9868597794742842,0.6373633198893653,0.7544756384439256,0.49852226487789014,0.5519856394671185,0.24861014210266774,0.06036726755690546,0.9965593292566198,-0.03598817598466825
duration,AA,201307,193,0.9378274602811488,0.9720988365302933,0.6229568399123978,0.7396599319368894,0.24223298701992416,0.1596487896891646,0.25207856044339905,0.05714667416746873,1.005729462714299,-0.0850419763359787
duration,AA,201308,194,0.9673849891085439,0.9853989015175538,0.6721838494820708,0.7740184285422452,0.19142386378110962,0.09650145353336784,0.2578978386136396,0.05743101637329515,1.0115268890394795,-0.08499179093475061
duration,AA,201309,197,0.9500292145358019,0.9755653090095066,0.726536576790384,0.8056104486453903,0.14137071533735782,0.05991159901874757,0.26439792278359364,0.053104929063491776,1.01087453902064,-0.08384496451487178
duration,AA,201310,198,0.9759491875426108,0.9889232177243839,0.7128296458449763,0.776240195254822,-0.4000783799013527,-0.4702776344550476,0.27051494819598076,0.048770280280606086,1.0115551160121974,-0.06949532624069515
duration,AA,201311,200,0.9683330714517563,0.9880806930778468,0.6354968874221856,0.7204390311404659,0.228956723918098,0.1663722216951372,0.27742669011997984,0.04666821738849252,1.010432169755532,-0.09458600165713829
duration,AA,201312,219,0.9774920624408708,0.9844147868872463,0.6175591531755915,0.6855406576087253,-0.10332468838187076,-0.1934317963119449,0.284678635820092,0.045342673573541416,1.0126739555469455,-0.08766075340061313
duration,AA,201401,216,0.9697045834454225,0.9847372148498673,0.48877338382214597,0.5748098629540779,-0.5350039890925112,-0.5681403304881799,0.29203011351731134,0.04892056581889483,1.0107792204187906,-0.07412139308780681
duration,AA,201402,218,0.9511029335114077,0.9764731569396066,0.405412386508358,0.4984423748184087,-0.30410750410182835,-0.34800572432345267,0.2949166418959088,0.04843090810169605,1.000668471252523,-0.11358498298509792
duration,AA,201403,215,0.9793704018099846,0.9953965238172088,0.36937260015938567,0.4621860357568253,-0.31877852640730275,-0.3518089979286533,0.2966152095083647,0.04618031481734625,0.9991513373109553,-0.10184171938788726
duration,AA,201404,214,0.9374338591561678,0.9707294733923564,0.2254298667466656,0.32340161618486385,-0.32100614991841947,-0.33915142654430197,0.2981852558040846,0.04696427923132643,0.9978099432349629,-0.07317464749424915
duration,AA,201405,216,0.9666553146094737,0.9907044881625814,0.19107753128758379,0.26696082820978123,-0.3566760737803498,-0.3656321595460649,0.298545663241653,0.04438881679018194,0.997445250252796,-0.0656296962733487
duration,AA,201406,231,0.9859924506788085,0.9948003131886656,0.2019081368406706,0.26396811071889953,0.17446893436398683,0.12114928362053641,0.2972783950164188,0.04374383772281271,0.9891445213727348,-0.08362537791489422
duration,AA,201407,234,0.9798751218438019,0.993179385212776,0.17521734345768683,0.23566180576741438,0.08205175033775162,0.07648160813593788,0.2948338966760217,0.04364206674165462,0.9852502825438327,-0.08698093623141438
duration,AA,201408,236,0.9842009414023644,0.9931262881366647,0.11243774735583177,0.17074986083024385,-0.4864895214706003,-0.5184139164959383,0.2914801042861519,0.041697933294347504,0.983967003842408,-0.10042487990506534
duration,AA,201409,237,0.9845458892939919,0.995549283421111,0.18575196652357576,0.2453369403568386,0.68043789066796,0.6679649126525071,0.2865673167521334,0.04013592185917063,0.9791513517848056,-0.09954208407023299
duration,AA,201410,235,0.9567137484493885,0.9696824061561266,0.14771468464219997,0.2184816293773025,-0.07654951131330504,-0.09437353006592256,0.28156563738781226,0.0376896629775803,0.9810363467260818,-0.11166424068652069
duration,AA,201411,234,0.9555537084240847,0.9774517301111241,0.13104388078363063,0.20813428217609584,-0.0032054208841716834,-0.01940955122437575,0.27572095630520754,0.0335088394325354,0.9788535512813716,-0.1277429357135118
duration,AA,201412,236,0.9425521736327865,0.9633567471027852,-0.0605668585409943,0.023467743720947766,-0.5491625849625914,-0.5519735660364292,0.2690897409638253,0.03252986989015999,0.9732343329044492,-0.1315205055439763
duration,AA,201501,231,0.9609354369313082,0.9710935613761597,-0.21460698222317415,-0.07567673867716028,-0.2915837535777566,-0.3494977624385261,0.2600747008348574,0.027852079465277117,0.9649839113438439,-0.09088346628413248
duration,AA,201502,227,0.9331794114725088,0.9637365447377068,0.004469919096208418,0.1284743070112424,0.6776179855509892,0.6356020080331009,0.25140249494486044,0.026026758232906646,0.9614661987576558,-0.10081964059778213
duration,AA,201503,229,0.9675856138813753,0.9877701380522015,0.06950226334775615,0.17864989821190055,0.5418994134281975,0.5119941402681333,0.24364719747135632,0.025750425772706875,0.9635707566562439,-0.11555587089535298
duration,AA,201504,246,0.9784449516099057,0.984931136654811,0.22414317756331323,0.32451940903941,0.7537381378936485,0.7029634293015692,0.23715922311086002,0.022737139890810776,0.963597181603927,-0.11515630360291808
duration,AA,201505,241,0.9759562874337713,0.9925705358650945,0.39479441720105624,0.49697594494381536,0.6852311306196635,0.6664966334498459,0.2337563974695391,0.02578112591458706,0.9724226353589309,-0.12486496291391952
duration,AA,201506,251,0.9594410312149639,0.9742693204912025,0.41781825080629864,0.4992684488997575,0.35440637450199197,0.324080173144252,0.23173898283477584,0.027237825183748485,0.97881844406579,-0.13006760242886345
duration,AA,201507,252,0.9815868871358295,0.9940908115223343,0.39934221330375846,0.4806277176999196,-0.10894873358064074,-0.1466059395473349,0.22943183639773612,0.028119516250146668,0.9779883299210268,-0.1402042499962065
duration,AA,201508,252,0.9785573952452851,0.9923876548256022,0.3800945287174285,0.45825517477540295,0.37359014909681815,0.3604062207907662,0.22749502901241547,0.02897989453641245,0.9762895426805053,-0.14608933434849977
duration,AA,201509,254,0.978706810712774,0.9918775244861996,0.4499012315392685,0.5393765728398603,0.24840112261019687,0.2112075262652888,0.22627654889102758,0.027517956238100397,0.9816617431359141,-0.0994338211171178
duration,AA,201510,253,0.9780414724465714,0.9941103970803398,0.44447877809740194,0.5440117554632667,0.27977579877614117,0.23393808189384582,0.2251014872644154,0.0266535061413023,0.9780464124582583,-0.1077626989798718
duration,AA,201511,252,0.9704809043176325,0.9907336186730707,0.27960508802358797,0.4000514412658183,-0.367786148835863,-0.404392454107588,0.22478019229205057,0.026270407248379535,0.9835665612903163,-0.09271354722855481
duration,AA,201512,258,0.8943972711949818,0.9309609258339219,0.04126218595497393,0.18765542002900618,-0.34517220789956293,-0.3343053699716902,0.22379642694800217,0.026824234792088484,0.9823325296134637,-0.08921488807104386
duration,AA,201601,251,0.9525918640778669,0.9862547460316868,0.22567861885790172,0.40396062295038687,0.45053082906469355,0.4817372982576001,0.22202172540079004,0.024090686684720267,0.9825647443907839,-0.10217530079468108
duration,AA,201602,226,0.9546927467258908,0.9902911813915436,-0.01583044195807831,0.19540882919073285,-0.4437103166868088,-0.5013325030423907,0.2235361607086321,0.02400555025098788,0.995395047171528,-0.06471256637548475
duration,AA,201603,234,0.9628312699447683,0.9867972819547337,-0.1469019337889761,0.057158738788830696,-0.13812624534933002,-0.2533465015868566,0.22435689599691885,0.028413614359132165,0.989793755483769,-0.06418379152456366
duration,AA,201604,243,0.9396884177935416,0.9826196187062182,-0.3019071322598396,-0.10205539641182203,-0.13372757212796954,-0.19020116152038194,0.2237498097673727,0.03171372162052839,0.9873954978729501,-0.07121777665157529
duration,AA,201605,244,0.9673392099068209,0.9916770580393368,-0.3164657241159973,-0.1489414562189658,-0.07832257371679696,-0.1578498570168877,0.22039824708123154,0.03090752895192057,0.9790217754620094,-0.08771401217636263
duration,AA,201606,252,0.9643261604977705,0.9889311109580826,-0.4143111349070123,-0.24681205578327423,-0.02567482751096124,-0.035990901791719994,0.21556753406732376,0.03040642007843326,0.9728161668064401,-0.09061413373357351
duration,AA,201607,253,0.9640653479950959,0.9921893076776803,-0.45767994415717805,-0.27034790663238284,-0.017208570272589443,-0.054780659503579986,0.21056186909377425,0.030699572981453847,0.971234739233035,-0.06904449940938134
duration,AA,201608,257,0.9635163618616518,0.9896786597156825,-0.5901127443217807,-0.4151717441408754,-0.29861268211021624,-0.3841818194364004,0.20490137935760153,0.025708168588425607,0.9714754197736212,-0.07534893056977286
duration,AA,201609,258,0.9529016141476778,0.9814035950757638,-0.5080799480401327,-0.32669916379165287,0.4172619819167643,0.3865761396307141,0.1981393182281364,0.029508049354432107,0.9648399487080941,-0.04825785478202573
duration,AA,201610,257,0.9673340931896308,0.9870479100437859,-0.06313413378879738,0.12263493678321907,0.7664811159623562,0.718726836284547,0.19130486446518816,0.03546142482143422,0.9632505890176938,-0.05738659377847171
duration,AA,201611,258,0.9798221929688725,0.9882775425953312,0.20474430763092422,0.31891268388208077,0.4288572218171349,0.33015227603548963,0.18583055021467607,0.041823777654265225,0.9643099342949749,-0.06603436518782047
duration,AA,201612,259,0.9710658648601563,0.9875777298440218,0.11723983119331956,0.21659681967420913,-0.11608705562193933,-0.14955579384712595,0.18215168878844665,0.04371753508412465,0.9717804834798904,-0.09778011595639031
duration,AA,201701,259,0.9735883213703758,0.9882430421697384,0.2987961127496011,0.3996523704941032,0.6227322645927297,0.5564313444697059,0.180436850975975,0.04599068488044253,0.98052100526211,-0.12546095135214022
duration,AA,201702,264,0.9796111363300812,0.9929637976518572,0.25132166778626347,0.3637845895085186,-0.149854887203334,-0.21953137916552248,0.17726645178383785,0.04259577902948424,0.9769313016131437,-0.1356982811423662
duration,AA,201703,269,0.95702769551041,0.9723147825057674,0.24264797450171696,0.34311292744843197,0.2743765682122226,0.23783004165071575,0.17468940198387392,0.039502670451317605,0.9792856240242407,-0.14449448488900588
duration,AA,201704,264,0.9761963731192108,0.9951766902837126,0.2727937963464184,0.39354576570123373,0.11813746910238763,0.1060772666323211,0.17214453950452727,0.03666548971718692,0.9792693271089608,-0.15815700480066147
duration,AA,201705,245,0.968293395441744,0.9934032065349201,0.04501056720169076,0.19373134285847693,-0.42925768468122955,-0.4470929180557954,0.1707562088246888,0.03878131688495895,0.9820836298902826,-0.16531447744068883
duration,AA,201706,254,0.9736002659761714,0.9919580552726689,-0.08724834180661152,0.05064246371574568,-0.2832342597491519,-0.3316001050130167,0.16878837889287793,0.03769855280818043,0.9810099381649255,-0.14483091820899727
duration,AA,201707,255,0.9714170126501296,0.9927544924380285,0.00011651806391848078,0.13788112296351296,0.485982370310329,0.4767945559134693,0.1660849084717019,0.03897255607709293,0.9791892657579758,-0.13494215459019857
duration,AA,201708,256,0.9602072990653961,0.9801065608831061,-0.05749742504005493,0.08108743633459402,-0.038693780041199353,-0.11245480176456923,0.16427942766352124,0.03770762072867914,0.9833170359346698,-0.11396480090185326
duration,AA,201709,258,0.9548853870805911,0.9788885618287708,-0.06476291563613977,0.05928301718709194,-0.09585847853877896,-0.1765570395530376,0.16324848761832333,0.038778304246175316,0.987159132793545,-0.13776298903234252
duration,AA,201710,261,0.979500430031116,0.9874809264382305,-0.22767799893359253,-0.13574333240043415,-0.39523363017826274,-0.4517874959589863,0.1615002879738756,0.03940183300187176,0.9839132903428011,-0.152852703511512
duration,AA,201711,264,0.9524468706129419,0.971850361219528,-0.5207951529064951,-0.4141245196616293,-0.6379746554752701,-0.640764307328574,0.1580091864930464,0.037967120452236686,0.9743420019642759,-0.14034951713317784
duration,AA,201712,239,0.9459198011422615,0.9642166248661743,-0.6526546183326887,-0.5509579845784328,-0.46538096410112156,-0.49765577427041185,0.15232224580554415,0.03474063800718581,0.9642778974035221,-0.10724915806398554
duration,AA,201801,243,0.9560629822886807,0.9742483868394738,-0.5252307810678402,-0.41953891653291514,-0.1304375097221595,-0.16960211087065583,0.1462034653784999,0.03315822261429691,0.9632021618896532,-0.09337449218967821
duration,AA,201802,249,0.959452791967262,0.9884361667937316,-0.47801865526622617,-0.3503114372191206,0.3438461608717828,0.3336332438156586,0.13840600311122608,0.031052577152313885,0.9504591587255763,-0.08113249726674075
duration,AA,201803,247,0.9320854943235606,0.9724777491504393,-0.5221620898460518,-0.38604100483604975,-0.20242755712133326,-0.19505953550783842,0.13142139061703154,0.03621812373123901,0.9513684380990165,-0.09354882103304282
duration,AA,201804,235,0.9529584977510285,0.9777239052329317,-0.29176583724005284,-0.14210191852934353,0.5394407611861632,0.468810529775686,0.12453073964458088,0.03995357524387017,0.9500860121696689,-0.07613382241676551
duration,AA,201805,239,0.9473621060234093,0.9897031638555109,-0.23917583769909634,-0.07818367090926137,0.4008754966421714,0.38325596890901586,0.11797166437664508,0.03696681954332335,0.9475784711811401,-0.11314583387332439
duration,AA,201806,244,0.9189501536205477,0.9835087310612907,-0.24037602897868315,-0.04863282145488462,-0.008098831518035265,0.052800381317635904,0.11252583412413451,0.03313983278016075,0.9488412587610114,-0.10491763975194852
duration,AA,201807,261,0.9151025408308696,0.9775364281324586,-0.29718886886562595,-0.07516854624658643,-0.10423998218154576,-0.21211339401833734,0.10751407977032973,0.03920785261585979,0.9510693615408051,-0.10196224134137971
duration,AA,201808,264,0.918337452487527,0.9819759006914129,-0.1945059316893738,0.039009707914913413,0.4692732620704497,0.44013930874141993,0.10146737047951944,0.036037927007755995,0.9390574082593454,-0.11103279846335973
duration,AA,201809,263,0.9152069428262771,0.9880018523391437,-0.11080444241562283,0.10899894619018917,0.15585131786913922,0.1548098441390066,0.09617860647540125,0.02582038338111856,0.9400262679181218,-0.12137751331406542
duration,AA,201810,274,0.9276302798279414,0.9776997788913114,0.1462365371854423,0.3646276520133762,0.6883076048039551,0.6601203910016786,0.09103355871298914,0.0130439149989255,0.9375435530576163,-0.126735499249266
duration,AA,201811,282,0.9224027899538417,0.9792896332984128,0.1452632452014457,0.3803032188103817,0.1363628337052366,0.14030525221763504,0.08731649317229585,0.0037809560066801367,0.9480446246607537,-0.07060445647884701
duration,AA,201812,282,0.8805115734441916,0.9308484259947198,0.13051462964949792,0.35333597587757176,0.205645576644359,0.22929878534761106,0.08500573839840167,0.0016707376135102385,0.9606188709147754,-0.10205940530240484
duration,AA,201901,281,0.8606814996746663,0.9422574797519444,0.16259829743966941,0.4631011377700682,0.17973206849181708,0.08318888377553502,0.08412833647704604,0.003030396694641298,0.97202743278145,-0.1353252006221307
duration,AA,201902,275,0.8965964630783613,0.9645978418237039,0.24444245694007677,0.576984978892203,0.23776463460373332,0.04782307203088217,0.08424125288263251,0.005093987033149341,0.9819436709211374,-0.16311719258836352
duration,AA,201903,277,0.8123968966229154,0.9055368307600706,-0.07257198479169889,0.2390402289630774,-0.33283967708896767,-0.3895308124517516,0.08456051814394724,0.00902704722951316,0.9827986309886992,-0.1165120559606958
duration,AA,201904,282,0.8876822781245989,0.950889482238937,0.08770244711753405,0.5188084480256193,0.5729334026473274,0.31072951957705774,0.0848071460853498,0.00896136569072137,0.9808401067958714,-0.13889379904641566
duration,AA,201905,284,0.8321593969305882,0.9423018338419091,0.02321101614335445,0.3575073861005927,-0.028283219869711104,-0.009408413088127805,0.08503660895674595,0.01225994122646136,0.9810019650899484,-0.07574834397474564
duration,AA,201906,286,0.7224180125072506,0.9191068576548198,-0.0389907909805214,0.3784106885594879,-0.040653826276419336,0.002448661655282485,0.0850643258031128,0.012719757094982888,0.9812431894278405,-0.08300916206814933
duration,AA,201907,264,0.832486755128951,0.9189720468391132,-0.18850315334998594,0.34073261244594016,-0.012417090048197013,-0.35570117657022804,0.08501612308978722,0.011040211135329516,0.9836316706718962,-0.10295500381137532
duration,AA,201908,268,0.6817564129392701,0.8960858489825411,-0.5011954138500929,-0.12414117070825559,-0.7110508607291431,-0.630765785148412,0.08546021828805464,0.011637032777617226,0.9830294074967967,-0.13984735598139392
duration,AA,201909,279,0.7811658257594042,0.9304728576166865,-0.32983677574069775,0.2556528638935538,0.6151642741106654,0.46309541801447013,0.084633230609688,0.009352003129433115,0.9733766261733096,-0.11388035681469313
duration,AA,201910,275,0.8644595159054033,0.9295721943657501,-0.14214996682149966,0.30708574751211604,0.5573414727419164,0.3566501840625298,0.0844272322863056,0.007305757777324083,0.9782768241376504,-0.106374066543932
duration,AA,201911,272,0.8674740897208925,0.9482167279940003,-0.2855860766106044,0.04289331845360195,-0.3177063331719289,-0.3885244518412081,0.08423791085141598,0.007781727647549178,0.9768374634592796,-0.10796845130804422
duration,AA,201912,273,0.8530356520754202,0.9248493103865598,0.025079739925167148,0.3620274561468641,0.5103396496161631,0.4733654417854124,0.08354543954103724,0.008636465554371187,0.972394298920955,-0.04502193016010093
duration,AA,202001,273,0.7732909427886618,0.9063838979298348,-0.12953491334770853,0.20905898376471108,-0.14816232500861096,-0.19191925000680465,0.08342498865943643,0.007425140081167431,0.9782959300010872,-0.00015806830756274063
duration,AA,202002,256,0.6397359645497211,0.8841372500431953,-0.1116874570840009,0.33329691413056084,0.05547035934996566,0.2433008177197789,0.08269989314088813,0.0015269481740827404,0.9727277384761824,-0.01296832468932761
duration,AA,202003,251,0.5301559614831725,0.7603964832917229,-0.1700584651979665,0.2530765274479189,-0.08561489008061055,0.06752471419541822,0.0807012815035073,-0.0025617955974360294,0.9628596250959381,-0.045879539201931815
duration,AA,202004,246,0.7801007533347626,0.8691493692320248,0.4535658363276188,0.8625939399663217,0.7044586808753321,0.15487810678081798,0.07843584938930791,-0.0014343675068965638,0.9569032440938721,-0.10556371342037091
duration,AA,202005,218,0.8921559457585602,0.9236054221429556,0.7433891498602221,0.9032047328255247,0.7357073069592377,0.5396379726249737,0.08004186054166458,-0.007886224251925058,0.9394973660938787,-0.017286469093035522
duration,AA,202006,218,0.9036009838614201,0.9625641953779284,0.7384339442012336,0.884911921224528,0.026336836996552322,-0.0777580126309749,0.08385911151134029,-0.0032908923304330786,0.9643730120898737,0.050199483653665514
duration,AA,202007,217,0.8672234060768635,0.9697828960402219,0.589441320574792,0.7989470433014281,-0.7664731276746667,-0.7515545967331347,0.08796023070443638,-0.00307754840889628,0.9601521093876904,0.0501627127817199
duration,AA,202008,216,0.8899759344317797,0.9717422225783597,0.7041427023422522,0.891229626546378,0.7883685207016039,0.7847699566889484,0.09052113623657626,-0.001619357519912733,0.9508197041548034,0.12934598198549546
duration,AA,202009,197,0.8990371145368471,0.9675040359031643,0.7013709036914259,0.8919897598021966,0.051404964385384985,0.03954107459308557,0.09592623224354979,0.008460990236778692,0.9793680969658872,0.14543002268070337
duration,A,200301,349,0.8445246455320591,0.9235240360419794,0.29140034158115374,0.6173462881203999,0.5515392324304487,0.3145552632745694,0.31309596208666995,-0.02764386737992391,0.8770036848886233,0.0905137294596718
duration,A,200302,351,0.8398968918971442,0.9122223048558566,0.31720390720390723,0.5589425894225838,0.5639812964812965,0.5416364017552807,0.31876053181363817,-0.028998389673131196,0.8586295445079831,0.09032302709345214
duration,A,200303,355,0.8015918912230378,0.8703525035583571,0.30232658568052767,0.528653656926157,0.5803543791792845,0.5476328899702577,0.31972482356117077,-0.03372175510696724,0.8609463554514588,0.07279456044753842
duration,A,200304,360,0.9300182833418716,0.9572174344028654,0.3792043148481084,0.5817578043847186,0.633855199499996,0.3965554746579401,0.3217136758176327,-0.0418986916339851,0.8262445318343725,0.07045135464178764
duration,A,200305,371,0.9079741698001402,0.9598622397278472,0.25751227272834093,0.4371429434207333,0.47580492413115666,0.45883015219282375,0.32576943839359007,-0.03497537777554772,0.8345687467299936,0.07085667951620607
duration,A,200306,383,0.8984545966688884,0.9267139563222991,0.33665955258157565,0.49721543439753796,0.6899285572703785,0.5764560751824457,0.3265338266942865,-0.03470923576364848,0.8429088837000627,0.06112363756329478
duration,A,200307,395,0.9443398569396322,0.9414699880772829,0.5367347574569833,0.6394399960554045,0.7800780405740889,0.6650344268194355,0.326923277119572,-0.03551550405313666,0.8514183060185836,0.056932472250726236
duration,A,200308,401,0.9254048952848797,0.9362790499237722,0.4519622585327726,0.5112078831739497,0.36003312613987426,0.29480016285812394,0.33325094473771344,-0.03261380192776612,0.8686462373960359,0.06533627720052762
duration,A,200309,412,0.961342515357712,0.9535823527514738,0.5510448720049596,0.6233276711427543,0.6128485273196276,0.5413463327786006,0.33695776892017576,-0.030762338948233745,0.868680745822568,0.021997639587108736
duration,A,200310,406,0.9419845132035294,0.9494132611607028,0.4660903626420868,0.5331842245316846,0.6866955625576316,0.6185334285356623,0.3427404542878706,-0.02869428932459413,0.865457240781015,0.031698573994275406
duration,A,200311,416,0.9520125442674368,0.9622907345502976,0.33526189714288407,0.4165774504121224,0.4760059805911244,0.42844804971991546,0.3466047797995738,-0.024627423307614773,0.8618063283603543,0.014083084887218964
duration,A,200312,421,0.9551070971014772,0.9561990587327899,0.3966559293168247,0.46422438905521574,0.6651236617847373,0.6007464341266954,0.35040158906209024,-0.02019851397837601,0.8802674894194622,0.0024922196988142378
duration,A,200401,429,0.9534603707773569,0.9448774781912812,0.3516794007991574,0.41425615351988365,0.567324981039391,0.5001815128084922,0.3535321993492561,-0.015349595660811304,0.8873202014257462,-0.01766159218917921
duration,A,200402,426,0.9533040984408141,0.9432900137574414,0.4175510924757804,0.46902959852405,0.6379084536146484,0.5719549759490528,0.35476492266189646,-0.015427281854752587,0.8986206728329038,-0.0341368211263054
duration,A,200403,428,0.9449621060010162,0.9513395750704692,0.3775790625798287,0.4482398356721944,0.5604219589205035,0.5147943525420062,0.35761030774187536,-0.010872291306804225,0.9045432411390917,-0.01917795824312963
duration,A,200404,423,0.9496630996892165,0.9475811519744144,0.2663167286241819,0.323172628009052,0.15876326016801334,0.08723576753039705,0.358658320108016,-0.00668849157843987,0.9324685529842393,-0.04807985281237401
duration,A,200405,423,0.9612383912073567,0.9483436615383903,0.3067903182416543,0.3650387419884851,0.4770537472441768,0.42832316949800026,0.3575299284591295,-0.007302214117884778,0.9270987136880166,-0.07460583805697332
duration,A,200406,424,0.9353038018879136,0.9452127039695585,0.18748577968867466,0.28680493551257735,0.03322903760317686,-0.03437451762586631,0.3597193711639321,-0.0020482260266971317,0.9298581222386828,-0.0674149340499372
duration,A,200407,425,0.9696591068527248,0.9850301756546007,0.15239905582216942,0.2660628716020276,0.4795135295680856,0.42495167629477865,0.3592548633452304,0.0023271896644804983,0.9231330944396124,-0.08608013109425337
duration,A,200408,428,0.9607402071112455,0.9757085599629962,0.05244059037486917,0.1728078564701221,0.35272596075312646,0.29277658083078506,0.35463995150780947,0.003776973502572468,0.9163035496598805,-0.0941476656397997
duration,A,200409,439,0.9643875952644405,0.9668469289849698,-0.16572193681439476,-0.05634461960395418,0.020078606138143693,-0.06953356549249268,0.3506728646970757,0.008717156986024766,0.9231813447392113,-0.08622435724199837
duration,A,200410,436,0.9663557281241412,0.9810613675556318,-0.2767978154814432,-0.15687109296738735,0.3816337123567623,0.3338029204945922,0.34225505925513955,0.011022132980656688,0.9217622516182792,-0.10070256020924286
duration,A,200411,444,0.9552655464888414,0.9741521740054457,-0.5167938831874712,-0.40004551694139073,-0.13195087191587052,-0.19126198118666057,0.33492370329400384,0.014783889014350892,0.9231712479699054,-0.10041742690488228
duration,A,200412,445,0.9542476864634919,0.9616686416897938,-0.6852181349485728,-0.5891147215055832,-0.061118911020659396,-0.11400089025754917,0.3255270561048412,0.017402820895121324,0.9241961550050637,-0.10466847969233896
duration,A,200501,444,0.9422196548109163,0.9615277163734803,-0.8014114350229193,-0.7023920488490717,-0.33896513501860087,-0.42307652628036346,0.3139687624639114,0.018910471354633494,0.9166175647483712,-0.0848602086136498
duration,A,200502,443,0.9363550032230207,0.943966561391416,-0.8233683596149213,-0.7236062986169898,-0.18699342050755088,-0.2519999394051092,0.2991710431026365,0.015165357765703593,0.9138182251851377,-0.10053935479495985
duration,A,200503,438,0.9078745351824488,0.9206300809162677,-0.73267324258228,-0.6067780805346674,0.3065516829936351,0.2375081942354849,0.28145663093581774,0.01430586705814444,0.9067106481292876,-0.0874371581384308
duration,A,200504,436,0.8888038193576356,0.9066520486121412,-0.8151178877002832,-0.6405772015810925,0.023265746047754,-0.08038096232301176,0.26436551155798677,0.015962667518569604,0.9043230435167702,-0.08593219670203617
duration,A,200505,431,0.8619574911772536,0.865638852521343,-0.8297313500842342,-0.6513644950939552,-0.09252429600052758,-0.20286918340043064,0.24804436977780991,0.019255486578921698,0.9095707924906563,-0.07983500598268287
duration,A,200506,438,0.8419250578439148,0.8887549751578548,-0.8605149373356737,-0.6312845420220645,0.07819914671950286,0.004451211792567938,0.2290220381785256,0.026858982967757326,0.8922309502556222,-0.04017204970605841
duration,A,200507,442,0.8502067720779333,0.8924568028147289,-0.8367853947323612,-0.6030786571994129,0.020318948252188482,-0.12209220782333755,0.21220196303328642,0.03374700585587826,0.8958054800455089,-0.05044206371202569
duration,A,200508,439,0.8249184991835008,0.8479069331703181,-0.8396773772612384,-0.5726563684321122,0.19489116836918502,0.09462930120386945,0.1948116463660686,0.03595036590206272,0.8821037563249832,-0.01647341681384237
duration,A,200509,449,0.870326293874356,0.8346046084074829,-0.7795149273517868,-0.5173760969603265,0.3756208240534521,0.1649780919409776,0.17807994955355458,0.03417388248995189,0.8692046636641407,-0.020151439559817266
duration,A,200510,455,0.8335193291748864,0.854473181168765,-0.5578119307078269,-0.32506337554347464,0.4012678256128291,0.3459424302055824,0.16309937598503169,0.037846716902207506,0.8604504725883214,0.001378043360237309
duration,A,200511,455,0.7779764424646521,0.840593625727604,-0.623464157156621,-0.3032180592288903,0.048280756636641366,-0.03952443537935123,0.14944161845957435,0.03719368630580982,0.843995421144011,0.06762600278458902
duration,A,200512,446,0.6596834457791639,0.7575762914583098,-0.6245456263908835,-0.26475669267658275,-0.0183676270573115,-0.11805239565179675,0.13714265697091874,0.03844309355921898,0.8301200883389264,0.06824891251219099
duration,A,200601,430,0.7842759466958372,0.7149958829463565,-0.5544980999683421,-0.08991069650128708,0.41053289637821716,0.07740520136283918,0.12475867925714654,0.03513947650460171,0.8131224450526806,0.11154775788914334
duration,A,200602,434,0.6388992105644089,0.7490316210810664,-0.7057763877823117,-0.33064112852574984,-0.25073544825350924,-0.3200251727255009,0.11584251355521842,0.040383915085125996,0.8028751076014713,0.17739560545952307
duration,A,200603,434,0.7285843424945849,0.7205524317847206,-0.45708245056918323,0.03318345606972143,0.5767075775018908,0.3266744268505662,0.10664753478622481,0.03850039073751469,0.7905783870970632,0.24524464043317265
duration,A,200604,431,0.7384621587528394,0.7941086738557749,-0.03599120487778557,0.35772673088516893,0.5892981659329221,0.41241412894997354,0.09853006883052733,0.04739675802656168,0.7712502166102543,0.320082457683746
duration,A,200605,433,0.7554433467117144,0.8165115404891237,-0.02899370779129402,0.28776279375385255,0.390375321203005,0.3586667292444587,0.09323632511408708,0.04215415339616144,0.7423570313051081,0.39267977501562823
duration,A,200606,421,0.6850187129852953,0.7995814731952675,-0.20442943824308438,0.18902120547720686,0.1568236313899427,0.1278380996596531,0.09056680935269025,0.045755450218652016,0.7614073116557898,0.4289608629985779
duration,A,200607,423,0.594575600823229,0.7476022392484752,-0.24605721196623803,0.20503058753441658,0.23210397874686942,0.2225025638434946,0.08740916789018044,0.044600094796110996,0.7258250315132744,0.4863603830096425
duration,A,200608,414,0.5982564122601502,0.7677874901132239,-0.276766820942048,0.25985712324791915,0.24346735293632685,0.17585901277958316,0.08336520653270253,0.04309822251535534,0.7176176946025887,0.5216404314476693
duration,A,200609,415,0.5144548293724341,0.7959669145996819,-0.3067567930585217,0.2997670434039412,0.2059107754559534,0.29076762729653366,0.08124128210564517,0.04222912440420129,0.7158003765564432,0.5752284024142054
duration,A,200610,380,0.5360579332200697,0.7996265456676347,-0.3317301730840096,0.3860492877747016,0.32274782483185294,0.25901306482230607,0.07770938181780658,0.03873251641621039,0.7167245955320871,0.5339763912564516
duration,A,200611,389,0.3511273363402032,0.7432344557427795,-0.4026475498900167,0.27302606582682126,0.06436377869606079,0.22753514247787537,0.07364375207157801,0.034531238806485606,0.6984309629286698,0.5729861033686909
duration,A,200612,380,0.3640650026770387,0.7233329735814852,-0.36522923872121876,0.43264870878197553,0.25261125437582826,0.20648675347506903,0.06846627368380588,0.03097217582241866,0.6976319144894316,0.5829589381876795
duration,A,200701,378,0.5426282226731859,0.7071887251213594,-0.27918224579128953,0.39634808759153217,0.46978352473757806,0.19798957628254257,0.06577021723026275,0.026498812978998032,0.6290900144220125,0.6608249413193173
duration,A,200702,356,0.3233196120231378,0.7586301386258765,-0.246797373799971,0.42661194010088305,0.1222047420012474,0.4363565203889225,0.06310794716276541,0.02410355002297897,0.626078854042237,0.6705007999687412
duration,A,200703,353,0.4742720429470571,0.8142940204610429,-0.0012036386334172862,0.7150375252820759,0.4882757085426698,0.49040507103539654,0.06224374618098147,0.01483396755403705,0.6361276397578561,0.6731617275746269
duration,A,200704,367,0.4330853556625791,0.8058985347930677,-0.07686429041699279,0.5957242136264954,0.2294751806657979,0.35098285575585253,0.063195995724753,0.013090180098933465,0.6400043976269848,0.7036182408703167
duration,A,200705,371,0.6080023659724091,0.7971525574208863,-0.012364612242883696,0.6282093868038384,0.5088574564441501,0.26331236286668275,0.06158448665372497,0.011928212024100902,0.6681653950438677,0.7140658121138312
duration,A,200706,370,0.8023777102638058,0.7926615132049405,0.4840770163365653,0.6788183216041361,0.6888188431676697,0.5313283724664033,0.05950965622878867,0.013520731405277087,0.6434722648573654,0.7598213546982919
duration,A,200707,362,0.6649463800168579,0.7824129524510468,0.34928507925554186,0.5849412950409991,0.42056934371379845,0.4392116800059343,0.06039210696415569,0.007667120406250066,0.6786264471131549,0.7839889952934738
duration,A,200708,356,0.4797588271665758,0.6558737565439805,0.178252329575603,0.501567007083833,0.2026461478720306,0.2618668213214721,0.06239225892307713,0.008942902591572129,0.6862286649122098,0.7498140504198914
duration,A,200709,364,0.7079948661464321,0.7559255333692888,0.4467490168610965,0.7307260943515722,0.5706276289090734,0.2362414554369131,0.06283896179523003,0.002635348481486716,0.6839942589651735,0.6166977514000582
duration,A,200710,386,0.7529075196074486,0.8110478319335769,0.4794912441857857,0.7042624569423992,0.5001730245494554,0.4017987489949568,0.0661432027751443,-0.0021357088437041014,0.6838918105335133,0.5987799181204528
duration,A,200711,379,0.5736791920120524,0.8115228350340326,0.3206007543044066,0.6779718589922284,0.31622107158838164,0.535921311419627,0.07058696634011444,-0.007848395604816033,0.6929543120905066,0.5702113962506018
duration,A,200712,395,0.5660931609047318,0.79477309427292,0.31481018499588187,0.7141296454049536,0.3168147451511842,0.26864030972534614,0.07624522360484695,-0.011562543985546209,0.7409458105860919,0.4848191803106717
duration,A,200801,394,0.8258424781109664,0.8002750317279236,0.7281687384396246,0.8123117442653333,0.7827132565838039,0.5821978209885613,0.08173027099723928,-0.014034369310728418,0.6767497040509244,0.3981827445913133
duration,A,200802,400,0.7675991686381181,0.8916976313816196,0.6398252489078056,0.8429297809071941,0.5577871111694448,0.6408160024215701,0.09724673703709061,-0.009871188036335111,0.7329162312561717,0.34934314480680884
duration,A,200803,401,0.6770096616290086,0.8761618886698217,0.48624092753191656,0.7784298381194406,0.32832378010198393,0.4817438509547727,0.11435871851765231,-0.006743842110201043,0.7921507538724027,0.24861569310022807
duration,A,200804,408,0.7461159638589836,0.9024863893756119,0.4485381135747884,0.8251683050674129,0.06398436536506434,-0.21743517256770103,0.1273973113259488,-0.008018861166303628,0.8280002642109385,0.09908090324717629
duration,A,200805,414,0.8186653997672486,0.9400193823276195,0.5231320481420366,0.8382499045663018,0.6564276687759567,0.5919018346186009,0.13901908371587007,-0.009341351153456447,0.8041817492692593,0.0976006180022118
duration,A,200806,439,0.6857262810917801,0.9205657394760245,0.29346811643126425,0.6804750412570759,0.2494588913442472,0.4586663612439427,0.1527167583633948,-0.017802203225719345,0.8378991836384521,0.06514233246154875
duration,A,200807,449,0.6479401436739396,0.9121675428873616,0.2768687029377452,0.7560019328681351,0.4339200869657439,0.5721026037376666,0.16195453353817718,-0.024595606771477603,0.8567000259724813,0.010725786135129891
duration,A,200808,447,0.6451219604773031,0.9449277577268611,0.2539772409701232,0.7886276401871175,0.39359503243919525,0.495957795165468,0.1713239707694011,-0.027736277607072524,0.8802324173107523,-0.002635650373831843
duration,A,200809,440,0.5511600291902825,0.8390054107707616,0.13709659469503271,0.6018698342762083,0.12084951603337546,0.36075189926793805,0.18094586160559212,-0.032098326073094895,0.897761078570539,-0.006634066913542265
duration,A,200810,440,0.5649780476892357,0.8148230323724507,0.1853983092512217,0.6965385763766512,0.10762569678938047,-0.19268173817597148,0.18857210463653637,-0.03506998681463543,0.9417892601773344,-0.031215556093867
duration,A,200811,446,0.520948829653565,0.8802186068124087,0.15072911802131947,0.7616678294213809,0.19835601411198353,0.2854687930147211,0.19781390212573713,-0.039464363991195316,0.8545877160816955,0.03728946073033774
duration,A,200812,518,0.48766287575116407,0.8413004043631297,0.02175239526118877,0.6993727382435875,0.05061644355704127,-0.2548012786156973,0.20979066174654581,-0.032053231858873786,0.8683609252596722,0.035679000785384093
duration,A,200901,499,0.5940380921573246,0.8376981281071066,0.14869584953038606,0.738931446854187,0.4805236497090567,0.2098160908706,0.21768241912044378,-0.03121955367123249,0.8635609707332458,0.06237663225684214
duration,A,200902,506,0.48723865600292965,0.9310120178204891,0.06648518363121791,0.7336395586135128,0.15596876745487495,0.4476144209641182,0.22132567522676333,-0.027510096871549355,0.8633045625076178,0.053375380805499
duration,A,200903,529,0.5014873210501591,0.9568603632329695,0.18415778500487992,0.8705171341402529,0.4921567117477878,0.5893114267781289,0.21932746357874766,-0.029554244492704593,0.889562193024858,0.05490999883276691
duration,A,200904,527,0.5558147838567147,0.9327163489559747,0.21351282392689025,0.8569357843015484,0.31941680533591854,-0.16187814405426817,0.22290178712137132,-0.02907639217507307,0.9250134051510405,0.07586604838891751
duration,A,200905,538,0.7174998874424838,0.9058033082333493,0.31751132771138285,0.8279152823336485,0.42538117083668725,-0.20206483682811535,0.23017218042041804,-0.03088230305847675,0.898122793722447,0.08602513532994575
duration,A,200906,561,0.758819681214238,0.9478844588951659,0.327589926297274,0.7465347416198823,0.3275820421989566,0.29059017093723155,0.23871985104770188,-0.03322000048274656,0.8751863442405023,0.08867864783256321
duration,A,200907,575,0.8082182219602743,0.9425631611427705,0.3428770262081503,0.7332030731218797,0.48475382517800336,0.20962399491190623,0.24936967712498467,-0.03426787389786755,0.8765783781601688,0.10046291369362188
duration,A,200908,593,0.8624689173604623,0.9668035347408906,0.3936732992382234,0.7175012027570014,0.6592023765295267,0.5158816929425984,0.25999226879488213,-0.03221568833709289,0.8716765607616639,0.09818477661240471
duration,A,200909,606,0.8884482215800669,0.9800130499014701,0.35391892341847636,0.6480303873322659,0.5658367514151446,0.40928629612171746,0.2710318521125843,-0.029340513910792062,0.8748544555118397,0.09640587724694237
duration,A,200910,604,0.9037439722955355,0.9774701641712191,0.44020938490732797,0.6930271600372593,0.8101827352755133,0.7201708866613007,0.28079703343671947,-0.026687772104418975,0.8678999389242246,0.09280652616175651
duration,A,200911,601,0.9015496205168115,0.9717050097722225,0.47205753423143054,0.6903656870214255,0.5907109413436078,0.6206424994342924,0.2897144868990641,-0.024469085955019922,0.8994336605215272,0.08008278399071088
duration,A,200912,622,0.9068897298177323,0.9662338426206696,0.4254665241773659,0.6352256795825274,0.5003835128399818,0.3639677624657654,0.2984159222390201,-0.02102280194549595,0.8974421800883514,0.08188745864775838
duration,A,201001,626,0.9331169613761138,0.9718738079159576,0.5557957731059702,0.7186236191748047,0.6989420291102811,0.6199439934884579,0.3098747739395209,-0.016922608497825748,0.9134394422992084,0.057727030341371395
duration,A,201002,638,0.925965945349417,0.9847766564061818,0.5125816216737497,0.6887300718438285,0.5898556055505308,0.615822156844626,0.32150785461255277,-0.010644279195667565,0.9224910932927811,0.056283586200071324
duration,A,201003,637,0.9321935238441921,0.9724030486085713,0.4652122206262925,0.6453006366451841,0.5380359486224344,0.44982855518204135,0.33554236988388003,-0.0032328271381577814,0.9165798334420765,0.05103849193905845
duration,A,201004,644,0.9114823465481086,0.9720238436817824,0.3497263499921039,0.5455964755684883,0.4425053279924988,0.46804092367711564,0.34506139338904107,0.004788595580061308,0.8934224567527647,0.04821916795419593
duration,A,201005,641,0.8570146439902536,0.9531139886204099,0.1638774931838395,0.42672163002510183,0.13503347026404422,0.2980757691169089,0.3511452711756801,0.010443395268205606,0.9203090748267998,0.015777271887690597
duration,A,201006,648,0.8424287344718786,0.9592487974198544,0.15127219416900606,0.5042636750096708,0.25091575382356823,0.2836732926651023,0.3527010977942382,0.011948482354951889,0.9439885123955867,-0.019127121546918428
duration,A,201007,669,0.8800133875930093,0.965781836958652,0.2111508861000975,0.5643698199483616,0.47816850069354633,0.2398603095673041,0.3540118469576121,0.014571185968290271,0.9475439506718296,-0.029240663001417883
duration,A,201008,667,0.8856376873823739,0.9857441577497271,0.09026426259276898,0.42237337869911357,-0.04159022608779766,0.022255995201783958,0.3560904279473118,0.017092608380565363,0.9546763992954918,-0.026270079212874737
duration,A,201009,689,0.8984863280695099,0.980004964813185,0.11457287523583874,0.45041750093790667,0.4993593397048166,0.352278796228154,0.35587593946186796,0.019664920871996117,0.9534692938772583,-0.02498613043769849
duration,A,201010,703,0.9206368559447284,0.9815235776566382,0.2585566127628993,0.5587262709509346,0.6239273636898943,0.510820216785419,0.35671926857979547,0.02103870600908827,0.9587687180651298,-0.024802865488387227
duration,A,201011,722,0.9100929819674012,0.9823020623305114,0.2320026420216988,0.4967918437751397,0.24203032978035338,0.283109072879814,0.35909312218610356,0.02410489421288923,0.9622663646048101,-0.011250198480482783
duration,A,201012,732,0.9175046462367555,0.9740343096479014,0.30349378585777786,0.5351895846600442,0.3125836177306287,0.12944362811745613,0.3587611167377504,0.024324048596708128,0.9680567497238748,-0.02179588040472221
duration,A,201101,730,0.9453996957540599,0.9895105643901172,0.4795120559829957,0.666514539291206,0.6282062287127956,0.535132335431777,0.35873212922279696,0.023945824838033362,0.9703791763814877,-0.02293084175584287
duration,A,201102,744,0.9399907796391048,0.9843636903727225,0.44367993165335884,0.617677493719435,0.1389352364873626,0.0027029217907970143,0.3594587740751917,0.022860054380377172,0.9736864139022403,-0.007830014183639163
duration,A,201103,729,0.950214778784535,0.992997077151871,0.4411019303713368,0.6036714364772039,0.3763372936888919,0.3762495735050801,0.35925291834104744,0.02178314929652246,0.9700892173282293,-0.01332130696479686
duration,A,201104,758,0.94738336730016,0.9894694728224888,0.439880350135278,0.6073594147578495,0.26705642347876773,0.18562135107816025,0.35964384860287674,0.021584670004614236,0.9802610266857467,-0.002159315268975545
duration,A,201105,767,0.9418179104066555,0.9882613203090231,0.3627606444950146,0.5397603196461902,0.06895747095427916,0.10861539309093957,0.3612481146393353,0.02153739406143578,0.9844308279330737,0.000655535740631964
duration,A,201106,786,0.932037417228979,0.9894147895890538,0.359135005189504,0.5675233788342245,0.3601259856156241,0.4489043239917933,0.36402384620777634,0.023073036130743758,0.988029142111784,-0.002223570677247309
duration,A,201107,800,0.9068460824694089,0.9830465343521158,0.2424221756596495,0.4919660078716748,-0.30944087412636584,-0.2225781187451207,0.36731054467681884,0.024162612267925994,0.993133077721989,0.0059550480573630485
duration,A,201108,799,0.8082960405114751,0.9513279848679224,-0.06218447401356959,0.26359182759474725,-0.45004340481993466,-0.22268517311468156,0.36869077867569217,0.023938356415835735,0.993925111021071,-0.0031825655196120713
duration,A,201109,820,0.7114078139138632,0.9553261836245943,-0.18568019228130336,0.2951006973524449,-0.30945665645169523,-0.034514025548855486,0.366723119326131,0.019087527157797952,0.9920915197247877,-7.939878912877483e-05
duration,A,201110,834,0.787510140836324,0.9656743071739865,-0.15867317590026578,0.3903879490594918,0.12689527109685042,-0.3115107532273961,0.3601419630541001,0.011303997298573275,0.9938293016618761,0.013938298480304276
duration,A,201111,823,0.7238913530188642,0.9629493983902379,-0.15910230748552073,0.31385450332240417,0.12341199029369462,0.3803381980833772,0.35161165762689345,0.004766882169079233,0.9808356599894729,0.02220269959452162
duration,A,201112,845,0.7100601100856335,0.9791518829562299,-0.24861032964134863,0.33431025193420366,-0.3434971804438377,-0.5057089484583077,0.3427881809575349,-0.0015013066613456286,0.9894228602304284,0.024744845073067196
duration,A,201201,858,0.8074353947115686,0.9627531140274634,-0.20286712784614053,0.37228836842758134,0.3217562076755225,-0.14695568242506005,0.33270762288098193,-0.004668634023540503,0.982370823832971,0.028939833966175846
duration,A,201202,871,0.8143593016855268,0.9781637413260069,-0.17653131902117908,0.30430046176170755,0.1657258152590802,-0.027267543774582657,0.322233481490639,-0.004489362379333147,0.9715452219837131,0.04661146910016194
duration,A,201203,863,0.8707958739154001,0.98479749170268,0.010094988106322872,0.4252570512172948,0.6496702503034284,0.42831712007719924,0.31251478914100794,-0.006819671205276604,0.9714399109164319,0.06025706551791284
duration,A,201204,886,0.8541990470779915,0.987701108724531,-0.048638146780046625,0.355085232776023,-0.09475268185127544,0.02398150133515295,0.30544279441920785,-0.009463785521966857,0.9731649204652751,0.07335663164537684
duration,A,201205,877,0.8046496252954982,0.9799993572364518,-0.1718902457226894,0.26333090863471187,-0.27163476292428107,-0.05201617237458417,0.29808538108884086,-0.00874673846379177,0.9726095555693325,0.07869430717048163
duration,A,201206,892,0.8181342200059987,0.9722248854379292,-0.1172881747505503,0.36301474109505694,0.18089109305797146,-0.05400252133485769,0.28901455221902683,-0.010225285237034521,0.9724189410711394,0.09669853276182877
duration,A,201207,896,0.8088709717578565,0.9676507026358265,-0.22686138551756715,0.2507081053320159,-0.19372215712390595,-0.3941177893251624,0.27953727966171243,-0.014323298614152264,0.9659115903770896,0.10762920032655092
duration,A,201208,894,0.8391038875942636,0.9696340303015709,-0.11617806724063302,0.3365319397071917,0.4779810562893596,0.26222481987857515,0.26952071022849794,-0.01629601056329997,0.9618500704761401,0.11836348965611468
duration,A,201209,930,0.8754635327322695,0.9671573266659933,-0.07768925769404585,0.3361390157911814,0.23437424013362973,-0.029256410718893587,0.26376164379521083,-0.01470063726493632,0.965761043385144,0.12923836320595042
duration,A,201210,942,0.8816599374538647,0.9697351420452525,-0.12874031811610198,0.23835956380170262,0.06487505802546387,-0.07891787950432844,0.26158471685855894,-0.011208430213221147,0.9598329705855685,0.13239113928263171
duration,A,201211,939,0.8823944608540811,0.9662619988415391,-0.13124894285189606,0.2272733854272975,0.18606442910958673,0.05197345240357539,0.25844121060618397,-0.0065621604960412515,0.9667170249071646,0.10954308773100435
duration,A,201212,943,0.8548091592135466,0.9364834495296788,-0.06111730966733979,0.26624301691817875,0.39082841815045644,0.30888509278095977,0.2559079257942394,-0.002371126950413571,0.9555004859479033,0.1284869125160215
duration,A,201301,954,0.9173491771043886,0.9610149440066237,0.26072807186101365,0.5479034165283955,0.7325544378214227,0.587861957105749,0.2544140004441088,0.001723166644200519,0.9620222225905352,0.10412103935367784
duration,A,201302,972,0.9046329160950094,0.9752529796865903,0.24029590020299,0.5112145415407878,0.14253353430268736,0.08934707297569672,0.25417610152861553,0.004844475779789554,0.97485180285244,0.07154372677344145
duration,A,201303,958,0.9099209917642812,0.9820995496658046,0.2761815873718923,0.5657998757371477,0.38075680010146845,0.35933198852257997,0.25420737074522726,0.00856430271488476,0.9774055151563509,0.06015688404250132
duration,A,201304,947,0.9143434353867819,0.9752686746313646,0.12912115278604874,0.4192675147474261,-0.398441645151812,-0.4805579845041991,0.25289830648544365,0.010552137340606303,0.9759590732976958,0.05529483791364959
duration,A,201305,948,0.9316281261852619,0.9863535640170191,0.40426624940524336,0.6301157924289632,0.7853448916122258,0.7688324806568351,0.250646419102172,0.012238791560722826,0.9695426505967085,0.05993420631076993
duration,A,201306,958,0.9299330163107331,0.9781739883008088,0.5417768115513386,0.7050990687899732,0.5607636356865462,0.5977488203871948,0.2517168781029108,0.015349212721966755,0.9778467142042638,0.030666721958264725
duration,A,201307,965,0.9484509909328458,0.9862680885445531,0.6003665949021839,0.7526370489701293,0.374836677429503,0.26166898331853666,0.2546234345544834,0.0194593098540622,0.9880381328309178,-0.0011882425601983093
duration,A,201308,957,0.9519772921407195,0.9840311845316339,0.6090855064887497,0.733238254272161,0.30387828520585974,0.255186038660285,0.2600830001382366,0.02310440374506188,0.9969812273479337,-0.00853282507302071
duration,A,201309,943,0.9583528951261616,0.9838830315049806,0.6352209253590922,0.7523437985095139,0.24626023567920766,0.17218196776543052,0.26499831690428627,0.024785814556492276,0.9982807169495534,-0.03476242556760003
duration,A,201310,933,0.9621965629055409,0.990076196944691,0.5951706993875718,0.7198479882499759,-0.2777298351568093,-0.3755508793635653,0.27035743005041274,0.02426573746318354,1.0036660472291576,-0.042292386543759726
duration,A,201311,946,0.9576467920090239,0.9849514726062335,0.6165859467392669,0.7274989797267042,0.5251423097776112,0.4823241299983363,0.2760038543754494,0.0265282802840224,1.0042216477163073,-0.04073231860406738
duration,A,201312,942,0.9500751852175271,0.9751326632266443,0.5205082236395965,0.6215756464092361,-0.32013872090296774,-0.37240672442820344,0.28264418562123705,0.027612508043818425,1.0097126546505437,-0.05184956214561909
duration,A,201401,936,0.9533687709953618,0.9827764024753831,0.45563374830121023,0.5794279865026426,-0.39441501850943755,-0.438509106758346,0.2886980006461438,0.03076199544970266,1.007440500599995,-0.03500180167148326
duration,A,201402,941,0.9612060994004319,0.9887534233419583,0.35952669774451124,0.48364907442245914,-0.18634885828597947,-0.25749418802465446,0.29162823615830535,0.030569600039030892,0.9997678007719601,-0.03566344746904381
duration,A,201403,921,0.9685167101921777,0.9940013366101688,0.3020714590947618,0.4231750483780454,-0.2088391030625283,-0.24286882247977734,0.29394340334279795,0.03083914470908561,0.9987400399351459,-0.03818704438063158
duration,A,201404,927,0.9572660786377692,0.986624263072929,0.23663469828339417,0.3515761490883036,-0.2662342854553558,-0.29791153860986047,0.29526255255854134,0.03022893745593871,0.9965001858967685,-0.028560198235441252
duration,A,201405,935,0.96778147466207,0.991798259629296,0.155137145677516,0.2643327526122308,-0.38499527721721954,-0.4289615993298841,0.29709619019815464,0.0293013344796823,1.0001719818977428,-0.03704482532091194
duration,A,201406,943,0.9679820464643952,0.9869674420237705,0.11896205544836874,0.21785343819246392,0.05268381807047938,-0.009452676813454951,0.2971991898603098,0.03010031412304052,0.9918536125790237,-0.04631301603751169
duration,A,201407,960,0.9586757095072788,0.9811387430934679,0.08298127764895576,0.17147407232827253,-0.0041304501881053,-0.015449307888008964,0.29482014849607474,0.03130201069736005,0.9868582327794528,-0.03290487755480801
duration,A,201408,968,0.9708241224184042,0.9892951790946404,0.029315305710189973,0.11314441320676498,-0.31020454384117757,-0.3475963251507877,0.29029968947157175,0.028312298192628888,0.9839250545927415,-0.04995309270380559
duration,A,201409,985,0.9653430360774473,0.9811626704248241,0.12712274218382208,0.20897263299304308,0.5937075808681566,0.5989405079208794,0.28504003407400497,0.026400050880557534,0.9794696376832192,-0.05504845186089008
duration,A,201410,994,0.9587244962464426,0.9787629817276037,0.09290340440341545,0.19420249892168137,-0.09232364288403083,-0.10950021371004724,0.2795172248709091,0.022385162504346155,0.9804936385833438,-0.07720463099786347
duration,A,201411,973,0.9698681705042519,0.9846868915711803,0.11625022201201915,0.21956791821446967,0.09773335791781815,0.06083331408327834,0.27416418486292604,0.017820300993618268,0.9783822638135342,-0.09098773921222487
duration,A,201412,967,0.9430248725683719,0.9761037643180143,-0.044738165848441314,0.07713141598946101,-0.4355921902426925,-0.42173771048501296,0.2679943992729552,0.01764644463655887,0.9718766510289919,-0.09811000269910261
duration,A,201501,976,0.9568642470923523,0.9890627977885934,-0.14539386386703085,0.012862054843694267,-0.24778363342948226,-0.2836940832042602,0.2604044826663062,0.016160683921801658,0.9685814365276186,-0.07870305573019734
duration,A,201502,959,0.9450641446368404,0.9750754193607205,-0.07847871826297836,0.06905471609133729,0.5819195189823456,0.5065219098322461,0.25249381089939427,0.016535123346566264,0.9661523806826668,-0.09050539541006666
duration,A,201503,951,0.9532992812201,0.9859179817427874,-0.011375009243278916,0.1415850737650762,0.4036545622731909,0.3848479499113512,0.244679271315797,0.01487146314066976,0.9671391487610943,-0.09873479789762957
duration,A,201504,928,0.9618906936560309,0.9894331521951639,0.1651678863401495,0.3174446013019929,0.7386404805947169,0.7055067921076482,0.23851814224741252,0.01616884552101016,0.9674807349898382,-0.08889005842138167
duration,A,201505,923,0.9614806802508681,0.9892567177247142,0.3025239707895294,0.44618416516115583,0.5992487546671653,0.5621782132881533,0.23425281140520907,0.016424877222771,0.9729727243815378,-0.07540548762738931
duration,A,201506,940,0.9674963613769976,0.9892258709458835,0.4265405653710299,0.5478451255542429,0.6423499992884517,0.6266137967978711,0.2314822006872755,0.016116818902878315,0.9781444692896719,-0.08458220588796479
duration,A,201507,927,0.957864832178722,0.9903709626485118,0.35384055951118165,0.48722266885768756,-0.2790931328774583,-0.29884876018320555,0.23015026931788418,0.016996807884616164,0.9825651447618597,-0.0881952627288469
duration,A,201508,939,0.9648615096651427,0.991916965048385,0.3537294386187722,0.48212425662217756,0.2941159382718121,0.2762312902063343,0.22846043005721886,0.019461544100048214,0.9811050983717883,-0.06543162958614632
duration,A,201509,942,0.9581309928456588,0.9885540417086014,0.35460293283920297,0.5043677810438963,0.20825476524084016,0.20500943413258732,0.2275607306825965,0.02110111553681295,0.9858404659423412,-0.06526969251004185
duration,A,201510,956,0.9596241811253147,0.985948348159874,0.3296290194685068,0.4838196761273532,0.15287571545780845,0.10992646382332381,0.22634758128526677,0.023447415443297343,0.9822274599553246,-0.051303245322748256
duration,A,201511,940,0.9582243569868678,0.9935681904099636,0.28002365952419017,0.4569436377668537,-0.08961284618542545,-0.13079897914227023,0.2253303000470306,0.025148524955087938,0.9869607308431232,-0.05112212752851958
duration,A,201512,849,0.9284935241830999,0.9801721070152866,0.13111454489122804,0.33532359266358597,-0.2515693791350796,-0.20345665835477053,0.2239708821506914,0.025970062718218046,0.9874063532918106,-0.04972535474196898
duration,A,201601,844,0.907014504403854,0.9732806766727826,0.20064789261748714,0.4410673586573214,0.28251000306481544,0.31759526742776,0.22378728807213247,0.028515176803195225,0.9930401416444117,-0.058385507033552546
duration,A,201602,854,0.8825203737422057,0.9804006273409988,0.017997032633088494,0.34909364300756834,-0.4204450838433119,-0.4262861609660653,0.2255123118675047,0.028182710236670256,1.0038618177260226,-0.043400604138925936
duration,A,201603,867,0.9162270499818661,0.9665908564516612,-0.04147888936766778,0.3103633585306483,-0.03946065895189012,-0.3021706112212723,0.22673692275089555,0.028688282383233746,0.9989584560318433,-0.043439922263211125
duration,A,201604,875,0.9284154139438628,0.9844904231802131,-0.1155169699113776,0.19112387309911322,-0.05619254210571097,-0.22468809316070687,0.22694714650370024,0.029643656539374178,0.992971006266564,-0.03483835785583849
duration,A,201605,890,0.9321835020847522,0.9914154891960507,-0.15903778966682622,0.12634992388823807,-0.030497149722134242,-0.12280610245915093,0.22514245235214794,0.032284250432002365,0.9852674333758552,-0.04600743510933443
duration,A,201606,920,0.9062117899902157,0.9726724896559564,-0.2757388860233818,0.020206475255391834,-0.10231868789572837,-0.13577878662167367,0.22154430125819852,0.03367378541461685,0.9803844240560371,-0.03570287737882834
duration,A,201607,913,0.9201508243492842,0.9867297650778458,-0.3558508057756347,-0.050320946002751596,-0.1319863226843908,-0.20098719267445267,0.2159525067271801,0.035929096958135356,0.9719242299972204,-0.032924578659139274
duration,A,201608,922,0.9343538340172038,0.9857466437000936,-0.3917609662824769,-0.10454549010757698,-0.06525102053866955,-0.19970400831681648,0.21050655757478806,0.038844062606346284,0.9725782847762614,-0.046323090858924686
duration,A,201609,916,0.9309429758435038,0.9841832083909473,-0.37392520422031233,-0.09153455071398417,0.32918724144825123,0.2764170704388775,0.2041322201253709,0.04018883246344606,0.9677581768589189,-0.04165877994634513
duration,A,201610,933,0.9482791911664736,0.9826716691860028,-0.07270839040915246,0.18692996100314493,0.6457269392748903,0.5171884154989029,0.19784827297969954,0.04233943940019183,0.9664328525865207,-0.029980372368267498
duration,A,201611,940,0.9557392955792501,0.986026110537395,0.15398229768856592,0.342367180199511,0.3898457514526449,0.3278708169896596,0.19273232513226438,0.04408178833028619,0.9679010060374922,-0.013290232431131827
duration,A,201612,948,0.9574027357119665,0.9895474254322101,0.18539620033154247,0.3558871141902418,0.09162871479219815,0.038829453245275085,0.18871101072815166,0.04338969570624989,0.970865215228081,-0.03421811226079609
duration,A,201701,930,0.9639411235237538,0.9922571600144884,0.24812734333487652,0.4123247915408691,0.4680405848172709,0.3770883183251562,0.18593430559470933,0.0421918408954915,0.9719330169210902,-0.04867648574283419
duration,A,201702,933,0.9609198588675703,0.9940904690512843,0.19504583022669975,0.36363904670099023,0.07611761755338417,0.052184303244301275,0.18264556073016344,0.04109851210003393,0.9657716969744763,-0.042137533683951005
duration,A,201703,935,0.9623426854816128,0.9921214923561469,0.2176853901441381,0.3865821642855669,0.3882443461971702,0.33392522910864064,0.17983297117884486,0.03979046193228374,0.9680150603174104,-0.057876878169761635
duration,A,201704,933,0.9518618100790285,0.9836896436123727,0.2004212531590736,0.3877052766311718,0.11963714716874926,0.09022710021025873,0.17724649226450093,0.037987990545115036,0.9758979609752225,-0.07968019188729121
duration,A,201705,963,0.958380131129377,0.9896762520106268,0.08098115752340665,0.2757110025360399,-0.049735310086454605,-0.1140206741839135,0.1748927174120611,0.03790769445172082,0.9771856320098654,-0.1026206420240709
duration,A,201706,994,0.958746635273514,0.992500723947103,-0.07746784104528039,0.11087043144575635,-0.34827163773021025,-0.40245936246137415,0.17260472667291846,0.038575104910714475,0.9769383727198347,-0.12253917463289851
duration,A,201707,983,0.9588493970510897,0.9900742943886616,0.018815024559632878,0.20283737716310896,0.5180149403276225,0.4578882998080782,0.1698787417050792,0.04073173404101829,0.9777652766097523,-0.1047260161457669
duration,A,201708,973,0.9593430011071873,0.9880059608843671,-0.04768215022844994,0.13806293860931207,-0.03736460666011243,-0.06660168901299536,0.16818745074371347,0.03983341929711984,0.9832448302871221,-0.106328333671123
duration,A,201709,972,0.9589280657390321,0.9888681206729318,-0.08606202511222676,0.08772359111386877,-0.06257180514232132,-0.1450986232563829,0.1669023576210524,0.040368710701023144,0.9861865363240948,-0.10240067184352852
duration,A,201710,991,0.9539639607511986,0.9822121560793593,-0.1577405964531221,0.004877224960048525,-0.2616479522940088,-0.316841639717115,0.16490731829963634,0.03934257257227656,0.9840049141516762,-0.11287716886539712
duration,A,201711,1019,0.953804101070275,0.9783930639849279,-0.3868196851977004,-0.23391197737497152,-0.6252966734588091,-0.6513401438832948,0.16143523664917733,0.03814737972745167,0.9769419786942042,-0.10838317955169002
duration,A,201712,1057,0.940017812974425,0.9772881189826321,-0.519112813970786,-0.3509947442867786,-0.42961229404335427,-0.4859549387520039,0.15632161074267345,0.0382735427307869,0.9654123436315714,-0.06518301198176443
duration,A,201801,1065,0.9496299069892896,0.9849733841801499,-0.43150744140347463,-0.2758387855855694,-0.06591033892093474,-0.11965402460029845,0.1501310674522335,0.03621848896557274,0.9604832980577167,-0.037513968319701524
duration,A,201802,1057,0.9398044492452413,0.9858780359874815,-0.36499385100045456,-0.17834751714859773,0.35971032281958726,0.37868169723237405,0.14293393011699318,0.03620758324317034,0.9542495821807114,-0.0381582511484163
duration,A,201803,1066,0.9152663291156626,0.9738767868011295,-0.3960940551284931,-0.1822341494543442,-0.17922018502489082,-0.14127736902855068,0.1367572607554548,0.035545578846379884,0.9551925629529299,-0.03303637495157409
duration,A,201804,1083,0.9270439240977094,0.9818645268470848,-0.1876886469746925,0.05867601080335961,0.5569728427875068,0.51835392747801,0.13032708901246015,0.03467152183453828,0.9485464375489686,-0.06016054291789465
duration,A,201805,1061,0.9222687412444698,0.986500147036486,-0.14661465546750047,0.1251163378189678,0.3221656150046141,0.3342095351740939,0.12470116930222894,0.034077773339636824,0.9528183611032758,-0.059948001361116304
duration,A,201806,1094,0.9158105045151617,0.9862336380559374,-0.14032180873544745,0.1434524408437061,0.12149562406400467,0.10738126850399596,0.11961009182424959,0.035119874165207204,0.9537082932817499,-0.049092494755171544
duration,A,201807,1104,0.9141919144673962,0.9794243750512139,-0.13833977906908512,0.131162650448414,0.001315666731888012,-0.077367727442424,0.11522364270572488,0.03327542675904828,0.9576302360503284,-0.05728413805218511
duration,A,201808,1112,0.9106383250565183,0.9760652879199417,-0.03168475140286817,0.26143064239868663,0.46520491753911863,0.44132444905456025,0.11026134445692415,0.03284476532397221,0.949129156374335,-0.09742490011064517
duration,A,201809,1132,0.9145132291687725,0.9859719250878931,-0.006568829155751756,0.2737879357627773,0.1425707334433132,0.14146778567073626,0.10581687506601949,0.03100138660905271,0.9477367551057211,-0.10320842274057236
duration,A,201810,1120,0.9127845248913837,0.9822604534892154,0.19075364263797126,0.47728031264557313,0.5822835091224466,0.5719456815810428,0.10172997153962131,0.03340629530383563,0.9463120668545119,-0.09466709694663014
duration,A,201811,1111,0.8940128840552592,0.9665409794685448,0.17904635388957355,0.45587014219663236,0.11373192153318704,0.1927910882984314,0.0988516646907464,0.035935974549733046,0.9542605569047189,-0.06950095270693774
duration,A,201812,1115,0.8505447817149073,0.9353747916767168,0.13433206745060847,0.44573811011341485,0.17242441640543585,0.20410873284822587,0.09722677076461503,0.03623327795782338,0.9693399917038696,-0.07993678768404956
duration,A,201901,1128,0.8710276732844181,0.9536573582236219,0.22713152190342262,0.5877899607375686,0.2809127126068604,0.14532830263142285,0.09644029802409108,0.037389381513143236,0.9774525174063311,-0.16304157243527936
duration,A,201902,1150,0.8727197420990579,0.9562718971134077,0.20733681363513481,0.5665236857455761,0.12365945932991089,-0.03778199098121092,0.09700603905674049,0.04049891486817782,0.9804304451211735,-0.16331268690839848
duration,A,201903,1143,0.8506501701717752,0.9477060798772191,0.07616086531852058,0.445410759315867,-0.09456854990391832,-0.16756112375458143,0.09740654569935578,0.04359475121937077,0.9769346833809208,-0.13160371006503901
duration,A,201904,1153,0.8619246052354983,0.955281473140052,0.07007247025876373,0.4931547541281044,0.2163171637899152,-0.012394098569778474,0.09822112790352436,0.04747667507303386,0.9785026560172728,-0.13549157613708532
duration,A,201905,1159,0.846267631541964,0.9504914472774089,0.0172149839323185,0.39544232063809676,0.07988303221637617,0.10804411693235529,0.09831208730116414,0.049236650775507915,0.9722085292656312,-0.12143673387756158
duration,A,201906,1188,0.8434985640367759,0.9611526826987046,0.014670960621023786,0.436482168372004,0.23160111529632768,0.15073382471039884,0.09834200554523441,0.0505359465705528,0.971203842233878,-0.11350090904565287
duration,A,201907,1224,0.8656167726156326,0.957155760427176,-0.11112919411427694,0.3231991366534477,-0.1105879669938294,-0.2668030183239411,0.09880020574072866,0.05084036074755433,0.9731854156577071,-0.08478750315790379
duration,A,201908,1225,0.7944869990722873,0.9385138104938708,-0.34105978228505035,0.07848448478818684,-0.5153955947419391,-0.4622329102139193,0.09901346662550631,0.052111303007383675,0.9707500006054488,-0.058528020304598034
duration,A,201909,1259,0.8587155020008678,0.9521460503333613,-0.1971845002134048,0.3078377373784272,0.5987635166405306,0.44984142384469505,0.09773973760268828,0.04989731547353497,0.9623238064711008,-0.03898240048794146
duration,A,201910,1252,0.8937118973644411,0.9720642747861192,0.03465733465156919,0.43512144956197313,0.6386169736377911,0.5854570930026161,0.09713589288997207,0.04884825529287639,0.9546410138400753,-0.007875224067069916
duration,A,201911,1260,0.8873400422532458,0.9651240237206276,-0.14724787616544285,0.23042112363144177,-0.206596158317393,-0.33541540466771286,0.09698903627087258,0.04935465054505632,0.9567803203009431,0.003070529259250617
duration,A,201912,1249,0.8967551993675607,0.9518237433452231,0.10470224811341727,0.44313485054498364,0.6188111419523997,0.4898821451094161,0.09605053401288317,0.049845682574943595,0.9502596415854534,0.016426495452872277
duration,A,202001,1235,0.8657445722957151,0.9587723029625738,-0.043997520758133686,0.29302725461689194,0.0531922671854301,0.04782105096788259,0.09579441675434366,0.049066545030606534,0.9542159045314093,0.038248608466010046
duration,A,202002,1240,0.7916349326494062,0.9349891071713845,0.015637844471999347,0.40488919366082765,0.25698493699654257,0.3791669448029816,0.09507667597883282,0.046643320437040635,0.9537587908871542,0.01904903602289167
duration,A,202003,1159,0.6274585847596357,0.8134672817476081,-0.03476266020114622,0.32666734648382223,-0.033591326735341244,0.08231875261227486,0.0944585513796896,0.042225334125282545,0.9590987429998263,-0.017739176959903416
duration,A,202004,1142,0.7931760512453616,0.8776610619949309,0.35678750584440416,0.7789214774539523,0.5484878286601039,0.11160671074550044,0.09270663151679442,0.03478256029369581,0.963125899072965,-0.016469157112461177
duration,A,202005,1105,0.8674197355645425,0.9387144541779423,0.6429929446059784,0.8903211952538393,0.7528696868866509,0.5259211007572983,0.09415888608449727,0.030806399365748194,0.9539717382715514,0.036592756093639614
duration,A,202006,1099,0.8949819798985468,0.9689702399041167,0.6738754872220467,0.8889524987981834,0.06020571471965437,-0.14166905265979898,0.09785033588992746,0.02891166849890267,0.9750212857929618,0.07086094310693462
duration,A,202007,1075,0.877573252278059,0.968195708458745,0.5414232262557759,0.7893755773657238,-0.6457355325519092,-0.701437349416587,0.10153987517634847,0.02975528348499461,0.9696586913094194,0.07979949639302246
duration,A,202008,1056,0.8991246051151978,0.9748559358219449,0.6622181191270359,0.879576832608998,0.7787762345936916,0.7361753463280727,0.10414611710910598,0.025302724050385795,0.9582177485948298,0.11546561952363671
duration,A,202009,905,0.8913026199381233,0.9696456100118855,0.6303501356526334,0.8447464317814848,0.14327172548106468,0.12747461653603417,0.10936225203898456,0.023280802835623643,0.9797711793922363,0.1136620776162543
duration,BBB,200301,393,0.6123725415633627,0.9259641717719768,0.21305285783085273,0.8281370164606987,0.5433472804009037,0.3982111302795157,0.22653637009817756,-0.02535363955323556,0.8298841930130919,0.15512185910405124
duration,BBB,200302,409,0.5781804292227891,0.9402849177093802,0.18488702893644784,0.7928545796023179,0.355104131222529,0.5696907070756662,0.23937524379880082,-0.02970048097147203,0.8342557071759304,0.15028792190539333
duration,BBB,200303,419,0.5839453882647184,0.9103107780404276,0.18152584759794912,0.7697993818809513,0.40136933785972856,0.30377193287618093,0.2481454531431335,-0.03371074914523794,0.850456811864516,0.1375792150694362
duration,BBB,200304,435,0.6927672914832583,0.90692754047765,0.20080080240605186,0.7691124133377406,0.4781452232493654,0.019940259767531263,0.2547276586906305,-0.038851738079662565,0.8531571345351566,0.13186124619034498
duration,BBB,200305,427,0.7008367468053299,0.9411676033052744,0.16132754856086112,0.676033406692773,0.3834637979554976,0.41735915855112243,0.2614374084948071,-0.04137898611725212,0.8472048400657027,0.1279091907051933
duration,BBB,200306,437,0.7688519505530348,0.9213102852226562,0.2375265622515069,0.6821074585071973,0.5719082459524291,0.40330591453821957,0.2657382162369111,-0.043982106100841425,0.8541285898158751,0.12923628308937973
duration,BBB,200307,442,0.8217513684425347,0.925793009965385,0.38555467333660326,0.7151251944782714,0.6388423054583875,0.46861200624347116,0.271652216519636,-0.04614035062806564,0.8605838459850012,0.12365427354789355
duration,BBB,200308,444,0.8176467481328096,0.92488525217787,0.34849475493196796,0.6545702221379296,0.358576747036432,0.2427998588975935,0.28042245784722625,-0.047684743227274166,0.867366459164818,0.11185034932625816
duration,BBB,200309,451,0.8223063821055444,0.9351741507781017,0.34555710351954677,0.6561270083132004,0.34466338323882023,0.32143192353618844,0.2913157074856876,-0.04872408979494359,0.8918019300412894,0.07966726300144063
duration,BBB,200310,433,0.8047846861310057,0.9134523717579043,0.20594744391585632,0.5383693214383324,0.4670894780222054,0.3073876711534425,0.30276281568298036,-0.04925153305713442,0.8747649365979177,0.06773917264410138
duration,BBB,200311,437,0.8659810061626708,0.9563177115409807,0.21387986744541385,0.4984780528222439,0.4430738848311965,0.38276297490802885,0.3117038029985749,-0.044801718116237996,0.8804627557993648,0.04381132210887043
duration,BBB,200312,442,0.889683380664016,0.9481523074326015,0.27085708393445934,0.5389936575735652,0.531415135944984,0.3743793441394577,0.3189561279739203,-0.043014262952752555,0.9057828103075027,0.03013625652796896
duration,BBB,200401,441,0.9000185528862201,0.9503984587943274,0.2870411101503539,0.5039867893933087,0.46051441555643235,0.37305175013647546,0.32600416240577257,-0.039950994923931504,0.9062555810548559,0.01918788868974639
duration,BBB,200402,445,0.8644630432756748,0.9415232716113676,0.1931964664821016,0.4282609694037286,0.35103160801755046,0.3650887466997698,0.3310422168974705,-0.03933156868585098,0.9130473410298879,0.01022602309052613
duration,BBB,200403,438,0.8805623896566404,0.9313322328783918,0.2484355250822608,0.46734873192794973,0.5104255841623918,0.4593596712493436,0.3342050834802253,-0.04079677450936331,0.9072290470358264,-0.015121908017047424
duration,BBB,200404,440,0.9025885088852348,0.9511783808607825,0.19168656487237679,0.3766387683022731,0.3365867780120953,0.24225857011170251,0.33886165959206194,-0.0402983674777609,0.906546450137836,-0.018859563204999628
duration,BBB,200405,435,0.8681782909871183,0.9601217446209117,0.14229849096928726,0.3726216861311781,0.27579981835066486,0.2724806125409534,0.34247789153720015,-0.03751671210220374,0.9205279363798772,-0.050453157994160835
duration,BBB,200406,436,0.8838154750375712,0.937237300455889,0.07612992151920177,0.3171022416704974,0.12635097226857359,-0.027490667594360613,0.34664250480360326,-0.036148838997715864,0.9222823740386576,-0.0709696846752392
duration,BBB,200407,432,0.8901363549974132,0.9407296038514794,0.096313899620566,0.30279067019023387,0.4784023881777107,0.4001191053496002,0.3480682504761682,-0.03329830152266236,0.9168963681043107,-0.08007225251108453
duration,BBB,200408,431,0.8940369342246244,0.9298042653888371,0.06919893643171039,0.2677108015238657,0.3755969831591695,0.33154948845901405,0.345731459582294,-0.028852563465973705,0.914306276997885,-0.07941587131247796
duration,BBB,200409,441,0.8962687169905017,0.9413497549435107,-0.07225981301611555,0.16134033021701993,0.059019132128375826,0.006558432843207776,0.342667691026718,-0.025469771770541647,0.9184945170827358,-0.07741130778854104
duration,BBB,200410,437,0.8947899889997344,0.9441508793944307,-0.14753571039301921,0.09250683100654496,0.2591575599856091,0.17638647530283807,0.3372889270351638,-0.021185683897852782,0.920759076952369,-0.07935292761408863
duration,BBB,200411,434,0.8769518297820501,0.9264996809013984,-0.3552080485337093,-0.08915338142530449,-0.07989631795143178,-0.17759472778451463,0.3331346150455754,-0.010867689210998524,0.9197170257435964,-0.07524266698024276
duration,BBB,200412,423,0.869123806975029,0.9083074498741173,-0.4848481389241396,-0.22001572487098534,0.1290622544477655,0.040821165504998015,0.3242660228327123,-0.007344105491245204,0.9137441581784179,-0.08145153510582448
duration,BBB,200501,425,0.8392569421482045,0.9337339794664028,-0.5661795188444765,-0.2724504991764493,-0.1609898235137797,-0.1972377911491781,0.3129306954683868,-0.008711742049792432,0.9048641416791885,-0.07774510122376563
duration,BBB,200502,427,0.794496615874763,0.9167459819704328,-0.6463390423743626,-0.3072648743189308,-0.07441107499909831,-0.1819654435345338,0.298706613572538,-0.00879483693104575,0.8969168283453077,-0.07433476171675416
duration,BBB,200503,411,0.7395796256991827,0.8590872608552581,-0.5317090455292619,-0.1918763169517244,0.23453126863491722,0.29457845697093565,0.2841021719789446,-0.005369512687779216,0.8923557381782703,-0.05638763571014401
duration,BBB,200504,404,0.6999917286856284,0.8484358648846273,-0.5352998823455546,-0.13195897845725352,0.09762698354202666,0.08920236985515971,0.2674939534585399,0.0013263450840428712,0.8982968180195243,-0.07476697259200098
duration,BBB,200505,402,0.673448052960727,0.8349806954336453,-0.5941011143856222,-0.11304629278478101,0.029527030540385454,-0.06719308833634761,0.25175713203375183,0.0005005916125562262,0.8942292530112864,-0.04460553726614881
duration,BBB,200506,397,0.744496790967554,0.8809415177125193,-0.6376831411888826,-0.11087149254603242,0.1450354467281186,0.025919942786924693,0.23411602399203577,0.0013948129582548967,0.8771011967956194,-0.014669351981275471
duration,BBB,200507,403,0.7352736881364417,0.8899721970033923,-0.6478058568421191,-0.19959980299603905,0.09357629647638181,-0.04432309224382082,0.21762348091187417,0.012493524434277823,0.8764758100712176,-0.0006119843735765139
duration,BBB,200508,405,0.7874857975559026,0.8663569215439927,-0.5769302053358046,-0.13690379605969297,0.2697128333523008,0.171196040825289,0.19990437183568402,0.0173339844273983,0.8660465429838446,0.020627218850438646
duration,BBB,200509,404,0.784817872553037,0.8791744629345316,-0.46702390669174443,-0.04972635273681152,0.39163497822073357,0.2608051575894174,0.18359938195050804,0.021773641053566294,0.8576343099259303,0.046439722931814933
duration,BBB,200510,414,0.7635265599803103,0.8867296645789909,-0.3118611090324029,0.10629875918250745,0.35168216819272036,0.32574934674944483,0.16914713908419976,0.022180975146153133,0.8505518888092564,0.04829054130077837
duration,BBB,200511,411,0.7343338430999996,0.9062152268467538,-0.34575793663825655,0.16462454917485905,0.13762719870967302,0.10659826114378351,0.15626505455084194,0.01960498208133302,0.8496841998706715,0.060164728325700405
duration,BBB,200512,411,0.6549390833984238,0.8740931342345081,-0.4341198960852198,0.09298027547753364,-0.0013729126732129062,-0.06683223860688686,0.14494506218145184,0.017384608651536737,0.8488910557324765,0.08051729644808704
duration,BBB,200601,413,0.7017120009239859,0.8225372044551154,-0.3558570805102632,0.2019511399901862,0.3399673138817883,0.15227797667787873,0.13337914982793395,0.012403090616293532,0.8460901951396788,0.10241618579458105
duration,BBB,200602,424,0.6088940310803257,0.8576877797541526,-0.4848796845112995,0.06611950616638625,-0.26884737997969155,-0.22327934605274377,0.12414616248904194,0.00912446044053169,0.8270720099233418,0.11026035502342234
duration,BBB,200603,419,0.6965645182924975,0.8084168979566649,-0.2349047385223745,0.3635201977977808,0.5892374677200705,0.39234342982701703,0.11547072088508208,0.00784264588787802,0.8218076701788715,0.14582195571851664
duration,BBB,200604,424,0.7640291583801674,0.8682004462911298,0.022588456584427746,0.5006795654963613,0.5734337172028607,0.38756332762170426,0.11032807011526183,0.01652817060526074,0.8145469926724804,0.21423086817420547
duration,BBB,200605,416,0.7298654184411025,0.882111833410038,0.07250818437002021,0.4931663250824961,0.41023813016315397,0.42802782259749916,0.10579893008674693,0.017374860235497672,0.8083871178682829,0.22660217657734863
duration,BBB,200606,410,0.6870249356392826,0.8311301551624728,-0.022422065742617698,0.39263755879919726,0.12643324730679176,0.14529892244877762,0.10375277789310296,0.017638026407384953,0.8228197662536318,0.21731728907734946
duration,BBB,200607,416,0.6795701880322195,0.8267514822575258,0.015223428300918116,0.47821022170800115,0.35236163247344665,0.2688047044765209,0.10069625799828859,0.02003767041126878,0.8083260704474714,0.2100742898068723
duration,BBB,200608,417,0.6775007956070342,0.8776413725052885,-0.02409754198849239,0.5131894917005831,0.325199083127645,0.30704618302055614,0.09762872700112529,0.02223729020855156,0.7739363840318486,0.23513550769320585
duration,BBB,200609,416,0.6352450103039073,0.8696963417094943,-0.0741335569172095,0.4882130510326802,0.3080811197785522,0.38513325003847715,0.09528785207545178,0.022495405981646205,0.7701734914791735,0.22880156222611991
duration,BBB,200610,403,0.6693389560494737,0.9005577979017714,-0.009998346229200898,0.5777033986127568,0.41705807742360845,0.44964449779187415,0.09227410094306755,0.021340313097325814,0.7765338870699237,0.23614500462879737
duration,BBB,200611,394,0.6030128301833131,0.8566659103178408,-0.07799974190104166,0.4814536103367656,0.27941120279951565,0.35056156055193705,0.0892460695969555,0.024473247542108032,0.7738052864700466,0.2309660856323129
duration,BBB,200612,395,0.6544694529432546,0.7956572284084743,0.03850254780666656,0.54652798658833,0.38277382836915064,0.20420132123199697,0.08667263226177871,0.02238404859773191,0.7720734237694972,0.26775547070304956
duration,BBB,200701,400,0.6899489034574563,0.8015994966691785,0.03180469877936737,0.49274178612704994,0.3428183301145632,0.16987700029798047,0.08672739885732253,0.022555187849309058,0.7771056863230414,0.2906680506711985
duration,BBB,200702,391,0.6155652283471934,0.8376664025295452,-0.06664471808790406,0.4489918170898885,0.2418778882790575,0.25443066035285605,0.08657520635045393,0.025484986819200733,0.8075916529807627,0.24987924646513715
duration,BBB,200703,380,0.6837295686096196,0.8411827734652612,0.16988728434957576,0.6540530099456311,0.5603004919647264,0.47981834060071393,0.08697812996908495,0.01963340208305192,0.8176012998110455,0.22993261403867046
duration,BBB,200704,384,0.6510739268832061,0.8245861547197149,0.07224089935493568,0.5572203567725713,0.2627190565256198,0.17013656373457048,0.08708309173539873,0.01634274839622446,0.8250686755425751,0.18690397087160643
duration,BBB,200705,384,0.7427597641643326,0.8520883346678455,0.09267467193381032,0.5477255927052894,0.3140246343177073,0.08819959488622117,0.08564023264624335,0.016250647991173667,0.8185917814974454,0.20476972788879838
duration,BBB,200706,381,0.8061152539254183,0.8891953253601168,0.3201693271394258,0.6509523219077198,0.6234992395033012,0.512732721183151,0.08393766266327997,0.017638987847355896,0.8082175611829904,0.1792660012202281
duration,BBB,200707,390,0.6976278454093591,0.8055799943154217,0.2455988432635222,0.5084092186339798,0.3430847418710587,0.3504460465545413,0.0844949019346158,0.015525073850808991,0.8201706803379348,0.1914352762540763
duration,BBB,200708,376,0.6527969717433335,0.8101568452763037,0.2579373553812292,0.618489685626466,0.27012156442237145,0.10039268670421586,0.08596127898520182,0.014477125595472345,0.8793683475014724,0.10323918027806742
duration,BBB,200709,381,0.7562070263461689,0.8164072677093621,0.37220682906507724,0.6480726528393806,0.3174430386887778,0.008398892385095,0.08663735200404787,0.0057776546773996365,0.8718882146437194,0.07651506156567911
duration,BBB,200710,379,0.7450307718098961,0.8904519934133749,0.3201345492138437,0.6630153059480239,0.26562867150285563,0.22568634121165765,0.08855540222702256,-0.002599909720574327,0.8513315051585536,0.11015308597038918
duration,BBB,200711,387,0.6404504960794684,0.8177633680669544,0.31338413231586304,0.633365584832331,0.3532583108385932,0.41229318811288934,0.0897544614482684,-0.008507211026176475,0.8429038783968418,0.0917006145768557
duration,BBB,200712,381,0.7234801296870111,0.8240482800998455,0.376116281138597,0.6779684350989325,0.23311078950623043,0.026889845918356952,0.09202909797794977,-0.018338956491799587,0.8640027188656848,0.02415269567352072
duration,BBB,200801,384,0.7847242160515596,0.8876409703328151,0.6220446492150147,0.8370108822042229,0.6272731511308535,0.549068461723366,0.09507256445183052,-0.022972599343103358,0.8629382663614592,0.020079200310991783
duration,BBB,200802,384,0.7751311643261972,0.9109055123827499,0.6180201163066699,0.8419764045269734,0.33405360957580277,0.27872229692466555,0.10426488816500029,-0.02355191565455151,0.9225088484120921,0.019819743182022252
duration,BBB,200803,377,0.6993438231601424,0.8934339153181058,0.44156729795027666,0.7766559254160864,-0.0043095609860099955,-0.016895382486439958,0.11627149051385892,-0.012776918333857506,0.9429975001460592,0.02590154768167215
duration,BBB,200804,387,0.7372854353162576,0.8748948888578147,0.4191750424118502,0.7423224059983954,-0.12136911291013823,-0.4099030799612389,0.12440734571931955,-0.014601305774658407,0.9423783555188125,-0.001025821792926899
duration,BBB,200805,405,0.7697142442960909,0.8924554279462259,0.3967674107312209,0.7158038832303902,0.3226109638878502,0.1525893077140188,0.13174495782063134,-0.014947903182985441,0.9043929942536727,-0.022872143558443688
duration,BBB,200806,413,0.7411106866638949,0.9052133201967826,0.282715332664893,0.630797014995522,0.13987505412765305,0.12077864010670898,0.14101022560561116,-0.01978885414981929,0.9099368454502944,-0.03402529240695708
duration,BBB,200807,424,0.7466276304088917,0.912832749957676,0.30653711425985,0.7125654528360398,0.3300435422439822,0.21674845594029493,0.14898039145419525,-0.024534349203740823,0.9134719463189701,-0.054960141450231516
duration,BBB,200808,427,0.7303242157658839,0.9136881070552947,0.3039144935493149,0.7097653780687487,0.3289003208773092,0.2434098451621803,0.15872672737908458,-0.0243047318319562,0.919063241436188,-0.04960871105638006
duration,BBB,200809,428,0.5555375458703681,0.7314016091337067,0.089010269644558,0.4475556135812885,0.027749330491784914,-0.012731955709644936,0.16797228840603337,-0.023095924492594493,0.9264196330212452,-0.06556138355662855
duration,BBB,200810,424,0.34013074304247115,0.5713650484740164,-0.036566620224966734,0.3778048792872279,-0.030753851118930108,-0.10839958266985371,0.17289903660272157,-0.02903212581470031,0.917177150743547,-0.08338354145899057
duration,BBB,200811,415,0.3133459828913252,0.7601708897949363,-0.006126176948597064,0.6816631337170107,0.12656730601335106,0.07778443485266918,0.17594033471126788,-0.036802456399603056,0.8819632527145187,-0.042210435491667815
duration,BBB,200812,422,0.3429267148060969,0.7792417883884237,0.030041825377074696,0.7155524852898819,0.12117750727714617,-0.07735873874597989,0.18210877566660363,-0.03414785040399486,0.882084889009176,-0.015420471982177315
duration,BBB,200901,430,0.47200229475542177,0.798159885488558,0.1749098470730155,0.7677817211443071,0.34181197855724377,-0.024418375051741346,0.18734999990105014,-0.034729002400095736,0.8600401696949322,0.014680673362733012
duration,BBB,200902,439,0.4912047242591812,0.9150359032941653,0.2181065026651197,0.8638300472189195,0.2922925702873904,0.37846351905499803,0.19265243624523046,-0.028264000734508302,0.8285761140989998,0.02310955208011026
duration,BBB,200903,434,0.509898941856749,0.9460813843890932,0.24950359081482446,0.8925659870044172,0.3531341139702495,0.42692754700888197,0.19755961799365312,-0.023996734539403812,0.8482976499809171,0.028918584411846093
duration,BBB,200904,441,0.605754255366731,0.9050022159236678,0.3382534832114664,0.8883064799771185,0.4236787022501308,0.012491997231200735,0.20766156264573338,-0.01873435476037836,0.866644051330466,0.04069104705120819
duration,BBB,200905,451,0.7374133627595654,0.9254564066996118,0.4474939335073157,0.8851875018028719,0.4649591533727082,0.08053336497286813,0.22136225982496757,-0.015378509966028516,0.8635666127742101,0.05571799597065058
duration,BBB,200906,457,0.7014735794718254,0.943641401878268,0.3376979662614345,0.7958590701592051,0.19201589513615677,0.13927656942055358,0.23881429927485462,-0.010879429777263593,0.8574793081158094,0.05953779847765366
duration,BBB,200907,463,0.7085159436671009,0.9362837416246914,0.27876182802823146,0.766422766161642,0.31140962820600854,0.16042663853313416,0.2523765415661961,-0.009521145615991579,0.8573356796546858,0.06005207941851742
duration,BBB,200908,460,0.7446228048503757,0.9420565115639998,0.2983162368031246,0.7558618529194182,0.515737252806118,0.3956217936858528,0.26312541604445666,-0.013539213419151963,0.8574875431954508,0.05402927046751636
duration,BBB,200909,477,0.7881359750538609,0.9527482650192989,0.2803818298456984,0.7118701619211768,0.4805052675526672,0.3354048464633985,0.2738733757832184,-0.019474012303545726,0.8609018252438946,0.0554618281358399
duration,BBB,200910,488,0.8120353211613046,0.969585487737866,0.3158686236393439,0.7146184928014557,0.6480648113136047,0.5847911345544505,0.2888511870581898,-0.0170701550450375,0.8640784035515866,0.055326109103030194
duration,BBB,200911,506,0.8339411471478189,0.9666285835863638,0.30970742559205755,0.6776683633923353,0.6104031602028225,0.5542231063141612,0.3071373255498216,-0.014084470253752087,0.8787210197513332,0.05014651334322494
duration,BBB,200912,515,0.8615210353628853,0.9664267834580644,0.27648466553569373,0.597233772883622,0.4448305429460761,0.26045182724283944,0.32012865685571246,-0.012030166181855784,0.8837853575582382,0.04688917475802203
duration,BBB,201001,521,0.8813412273719631,0.965334845650682,0.35784911692979726,0.616411708667719,0.6194576674456216,0.5519013428327273,0.332157296201072,-0.008839079424897468,0.8955537317949178,0.0322260835644962
duration,BBB,201002,522,0.8689248477949952,0.9642405019439432,0.3392112142989162,0.6000629376397769,0.528668613949777,0.5021004593562985,0.3426427258284466,-0.00442937353326705,0.9177056445719196,0.026794773822626097
duration,BBB,201003,521,0.9053295767554056,0.9752395033624099,0.3536723739119662,0.5952637907010399,0.4875118582743177,0.351502422716398,0.35086380744383505,-0.0014759931065403047,0.9161659451167186,0.01601743308939333
duration,BBB,201004,523,0.8842206356352724,0.9616765754053757,0.2992109392445196,0.5372043870786914,0.46467009952469795,0.44204505669337946,0.35602776425260146,0.0021282158271268346,0.9116252687588601,0.01110759890430726
duration,BBB,201005,534,0.8285203363976552,0.9435787088267353,0.17197156129753205,0.45599293598927576,0.2113504206957028,0.3515637382698393,0.3573078477147149,0.005109525402983633,0.9275746432179859,-0.010336562429716574
duration,BBB,201006,531,0.7981943816136878,0.9514406875976027,0.14822112845272759,0.5225542692069374,0.17825704688361949,0.273606298705234,0.35262348297101337,0.003093797245113592,0.9409911302249886,-0.018684535813700928
duration,BBB,201007,529,0.8192110518946966,0.9544373512668003,0.16706762492420732,0.583000757197993,0.28782185553505596,0.1013318609275428,0.35199334225791307,0.003060027768540248,0.9517599292148076,-0.03363186706338519
duration,BBB,201008,540,0.8264921265215107,0.9727831068605802,0.09290079107876836,0.4937952626628055,0.12023490402154254,0.16525330325346782,0.35330938884997737,0.003681764734056591,0.9523786235675096,-0.024403993573313555
duration,BBB,201009,548,0.8575059525217796,0.9719438205555193,0.12943992261246798,0.5225672550994824,0.45103350725256547,0.3573458690971551,0.35308658942930254,0.00457851895541466,0.9540046317105588,-0.027630499967340082
duration,BBB,201010,563,0.8566762273422719,0.9784078028297631,0.21928579238551707,0.5858277603085149,0.5571411683426936,0.43551603857579524,0.3543808117786963,0.005536998900322844,0.9582823980935958,-0.016560195973959812
duration,BBB,201011,565,0.8732716414351185,0.9833755729830911,0.19814838594210427,0.5397692227572012,0.22318516207111985,0.16761484596118553,0.35579134187234945,0.005728793340288427,0.9603379033531346,-0.012019143512694294
duration,BBB,201012,573,0.8646828318471481,0.9707410999807105,0.19950344317130075,0.505738056128075,0.22123611641257668,0.07249548361913294,0.35667645605468745,0.005813483786643506,0.9604185334132003,-0.02082388192303981
duration,BBB,201101,568,0.9019065471811595,0.9701840442829726,0.38104543422744375,0.6369723389567908,0.581668164293972,0.42975573459386324,0.3565669769346097,0.006027144029193445,0.962866247057155,-0.0229435276744511
duration,BBB,201102,577,0.8854370158346475,0.9730086272582049,0.2901623879168464,0.5446923517621441,0.15377431605700617,0.04124384703134372,0.3580355837249616,0.004874456565973186,0.9596343155894361,-0.012007988768406695
duration,BBB,201103,566,0.9067368887177558,0.9883691747077787,0.3135581586785071,0.5536248786116372,0.4777700259606548,0.3960440557809718,0.35755641959497025,0.003493009635603924,0.9563834645365495,-0.01460521149945573
duration,BBB,201104,548,0.9095602528376232,0.9877258494865495,0.3189146844898332,0.5334400966149901,0.42687630019228023,0.4444950584004439,0.3566074657093157,-0.0006801722416924851,0.9598529897213827,-0.009288737194686878
duration,BBB,201105,563,0.9039037103989701,0.985674045546904,0.2753658408984632,0.5022279409304283,0.3405252556606171,0.38477832225205766,0.3568856183742798,-0.0032096858492012756,0.9629915383091358,0.00032360881459924095
duration,BBB,201106,576,0.891811714235455,0.9843372004519003,0.288352234194861,0.5303897396791901,0.5524634541481426,0.5989969415757621,0.3590613953642753,-0.004875657621381937,0.9674989185453124,-0.0039363206578821265
duration,BBB,201107,569,0.8688709723149105,0.9852322619335135,0.19908687161354957,0.48937789073883714,-0.051542997604536164,0.03169321944323286,0.36176020961016764,-0.007043618568488817,0.9720225124523083,-0.0039801134429007885
duration,BBB,201108,582,0.7994254646358255,0.9677243225143936,-0.05378676509416157,0.3215594282216026,-0.2964043149207069,-0.07843534291991351,0.363212766890821,-0.007489896079391598,0.9767290498621862,-0.01713537951609312
duration,BBB,201109,583,0.7663539824955784,0.9751753699817898,-0.07825473575434273,0.3803707831793514,-0.08420644911866437,0.04211281069298687,0.36204327356033117,-0.009580604679561634,0.9767644064929792,-0.008294543285552283
duration,BBB,201110,585,0.775441338788431,0.9726902526731713,-0.11583907855823328,0.41228220222090783,-0.015299560881402018,-0.24161974692377639,0.3580102340363936,-0.013518936207772373,0.980672081686103,-0.009182724414742225
duration,BBB,201111,619,0.7425198915939596,0.9612761021814975,-0.06391561306108325,0.44220876259533826,0.24112550323380053,0.274645881592611,0.3512305550048545,-0.01697379586103083,0.972164435547273,-0.011694034281477417
duration,BBB,201112,643,0.7239719519533728,0.970190537514718,-0.13351965399174018,0.43951318127159417,-0.15941615213775692,-0.25371542143109,0.34496147886142137,-0.020202172887627448,0.9777567993075372,-0.004734224206827482
duration,BBB,201201,651,0.7607787142967848,0.9729357938326882,-0.06407639461270967,0.5114690095806468,0.33258749562331597,0.03809654211714199,0.3373845493158774,-0.020417909981334897,0.9736354312528105,-0.0029254756225166917
duration,BBB,201202,654,0.7958511320350747,0.9706890099829174,-0.034372133463217755,0.4808300317216341,0.2548084674835458,0.04238831252504423,0.3282008115930418,-0.022166185254014217,0.9707693997202953,-0.002761803499225288
duration,BBB,201203,655,0.827732834334432,0.9793689447357339,0.08999707911498894,0.5514334106262224,0.49917040887265807,0.32021938932061106,0.32169381302655353,-0.022096781596337257,0.971519645344137,0.0046651679796790736
duration,BBB,201204,659,0.7848878833486047,0.9704221709505073,0.06344172406549316,0.5169296880788873,0.01899568161796554,0.1334082960186771,0.317233936478496,-0.01863605153046005,0.9724005502001849,0.0078689360141593
duration,BBB,201205,662,0.7354028098958052,0.9620866732701511,-0.02808442719079973,0.469988373370966,-0.15244257464162736,0.06543487435286979,0.3120950418869303,-0.016576155148293553,0.9712635627923678,0.008585288816902334
duration,BBB,201206,663,0.742182019520187,0.9770710117341561,-0.0202803394134562,0.5440606835466093,0.2772738779481228,0.17924327501983256,0.30544821114526305,-0.016846260843225973,0.9696916491682069,0.019099448419758382
duration,BBB,201207,680,0.7430284900828248,0.967485992439775,-0.04513065683151411,0.48772768779712955,-0.029260558394755335,-0.05036580147139125,0.29786886430021686,-0.01566213544268729,0.9660597444606002,0.030113989703815482
duration,BBB,201208,652,0.7969114075365414,0.9730461995059503,0.04931610295124578,0.5747926942442066,0.47485570043515546,0.21123844190269284,0.2904566505790335,-0.014229667586412826,0.964978804391556,0.036801471766984256
duration,BBB,201209,704,0.8231845557265542,0.9780543678731235,0.08310800493051333,0.5650601257799539,0.2934726758215001,0.10081021014267859,0.28709503012627285,-0.010863841709241552,0.9657088116265158,0.038187026597167606
duration,BBB,201210,702,0.8070070433332898,0.9778900416448539,0.009425881263106279,0.4821901915718377,-0.003950383183058309,-0.06946171596663596,0.2860402916859307,-0.009243099044445455,0.9629838570738842,0.04647136650067494
duration,BBB,201211,713,0.8070130962581916,0.9724044933032755,0.03949169012725624,0.5168535126149442,0.2875577583566295,0.2802927838945001,0.28448904176179235,-0.006840627773045972,0.9653497723911404,0.04446022210937564
duration,BBB,201212,723,0.8092051790216285,0.9568161585645306,0.005703084253619743,0.4797418647902327,0.13627439095289498,-0.031014009736194836,0.2826775539223356,-0.00698563814213579,0.9612874692784262,0.05074033378477051
duration,BBB,201301,738,0.8648884896383511,0.9614733492041669,0.2539696436342452,0.652862515663919,0.6914721598271077,0.44954331740135756,0.2817766498751005,-0.0058303855328103,0.9623303744142319,0.05065356700564517
duration,BBB,201302,745,0.850704581412023,0.9821140272940345,0.25848256443980366,0.6202816369792024,0.20145375175504834,0.23168137630904387,0.28299256911446563,-0.0036340955544829287,0.9696467227656289,0.04118848381155062
duration,BBB,201303,745,0.858355326284997,0.9861498865961533,0.2879151555493421,0.6665855479520316,0.32647025259397633,0.2534126541930151,0.2841210173130584,-0.0026869626877692038,0.9738405794982663,0.03680627430660125
duration,BBB,201304,776,0.8597558164890545,0.9804635857613573,0.20763112582866491,0.5817292179604684,-0.12186537718296947,-0.17157402653793447,0.2840105021015154,-0.0016322119154282544,0.9727542901219037,0.02796853706595711
duration,BBB,201305,797,0.8783022767493937,0.9818300785713204,0.3642826162775842,0.6886155275312369,0.6632922436595735,0.5229541714421817,0.2836330093856728,0.0013552369017173602,0.9711410521675156,0.03670235988676647
duration,BBB,201306,806,0.870879083605922,0.9831595012055767,0.4444460219670559,0.7155033564230403,0.4637775417185166,0.5013294967665598,0.2866969501652772,0.004997039161139776,0.9760972711420083,0.034421059715262096
duration,BBB,201307,798,0.879539156931499,0.986524246097833,0.48715013775521215,0.7826631222997303,0.37317995390236397,0.23793000524927935,0.292229705909025,0.007160842939716793,0.9831601041463576,0.01990912672816739
duration,BBB,201308,809,0.8799596050509002,0.9833308575742332,0.4739988522956127,0.7365303160877973,0.26118150545998153,0.23885619440781464,0.29936829979160295,0.01070299225422613,0.9874905523091789,0.024047561838043997
duration,BBB,201309,863,0.8941528023245555,0.9680178194659979,0.5306539252121758,0.7590381945354158,0.33144439246655116,0.1959465511198835,0.30610553116425576,0.012076868493217692,0.990102057909573,0.011523611821539666
duration,BBB,201310,891,0.9080516931260858,0.9850447852015248,0.5027959004227457,0.7360400420218379,-0.11645999302068227,-0.20201762388441177,0.31357952999467625,0.01232898058741616,0.9916829008463183,0.006527615650701383
duration,BBB,201311,897,0.9205279135398928,0.9900423090404894,0.5165838083674822,0.7290055053933475,0.49903618701430263,0.3897011080306942,0.3220508590627907,0.014823690003494401,0.9918122102793053,0.002180173191349855
duration,BBB,201312,912,0.8980510226655458,0.9724028721281816,0.4242170705943643,0.6268149425703751,-0.12357261545301473,-0.17915339108132428,0.3308751800416226,0.014724413173913861,0.9950630776139874,-0.0017815593786862077
duration,BBB,201401,911,0.916585244556203,0.9903369622478922,0.3782619757618313,0.5987781903005819,-0.12438674474753968,-0.11824503579398195,0.3385698800696366,0.013111603425585821,0.99562556006878,-0.004405642038965169
duration,BBB,201402,925,0.9302052183979088,0.9913005918335359,0.2884618679435094,0.5188430118498183,-0.027492515656662525,-0.12351265360032225,0.34344452443427476,0.010945142638978667,0.9926747191335394,-0.01650775671073464
duration,BBB,201403,925,0.9315803485972487,0.9911133218838938,0.22619956075679618,0.4384396911479798,-0.20433996470414753,-0.24426971310589266,0.3465047501702832,0.013216465483636827,0.9902203445889078,-0.014712212169082414
duration,BBB,201404,938,0.9148942399339184,0.981544752266632,0.157359502452617,0.37188094486969325,-0.058659135123319765,-0.06118473765522846,0.3477961883620866,0.013360080793606535,0.9883583937517841,-0.012701134135462356
duration,BBB,201405,931,0.9326763169196411,0.9923486598563929,0.09048697672267535,0.3133835952227085,-0.12698207316911772,-0.12899391767814525,0.3485204755549881,0.012386172158905952,0.9887858563267834,-0.021780480191719322
duration,BBB,201406,950,0.925263957484519,0.9854277922053856,0.025665374406888104,0.234244679203425,0.04232552874675879,-0.03557516557792046,0.3473642954057873,0.01473824603335073,0.9849642527693455,-0.021833285227986006
duration,BBB,201407,962,0.9359222850669215,0.9906862229197109,0.02043397403643616,0.2109188949456713,0.09077092632435226,0.09676677435563638,0.3425638713911664,0.015508744064876892,0.9787599042102056,-0.02069259457016391
duration,BBB,201408,976,0.929271635264718,0.9895351078787281,-0.06170388029340662,0.14775533487373887,-0.19057089863841883,-0.19199285105732702,0.33650370596545925,0.017295547172088564,0.9777764927514588,-0.02901205292349881
duration,BBB,201409,1001,0.9264821489745702,0.9830722624194068,0.055748215856000295,0.2545456322665401,0.5045239670509132,0.4829617939919098,0.3287402442897436,0.01725303175698749,0.9741735246222127,-0.022800862636634
duration,BBB,201410,1017,0.9184531711263435,0.9834677764293417,0.0699517257293811,0.2982434145450262,0.031005502966243322,0.04271627699697016,0.32100554185450114,0.01632752093533557,0.9773939069807148,-0.03675113306087292
duration,BBB,201411,1030,0.9174874268921306,0.9866940333970419,0.08039126406046707,0.32179824237131105,0.14913204817489606,0.14975255591827194,0.31381037263577044,0.015449295781711853,0.9783690028461994,-0.041797149657265144
duration,BBB,201412,1030,0.8630023179650932,0.9661380753870628,-0.02224257011115056,0.24608706787393925,-0.25408219958385364,-0.14613993356871102,0.30622313838478254,0.01501503656993936,0.9754508802350005,-0.04370846795662675
duration,BBB,201501,1046,0.8453211411834899,0.9776342570401343,-0.08931973461806447,0.2704909438807987,-0.1423333296782843,-0.0011468660534042004,0.2976746744886325,0.015522587790974441,0.9755503089154722,-0.02726414303160806
duration,BBB,201502,1083,0.8700127830684109,0.9787640606182396,-0.028403143668612116,0.35349686604866626,0.34959502666439507,0.08282635169787665,0.28811729702430283,0.015440512465171329,0.978041595680514,-0.018529811010154912
duration,BBB,201503,1077,0.8803784003101973,0.9901511957923275,0.045563542710719405,0.3822185285692542,0.3086970034728575,0.3424852915073866,0.27888068849323266,0.014005961130795998,0.9762201934075782,-0.016214652198295557
duration,BBB,201504,1097,0.9006739410400425,0.9874135667540477,0.16276769908457175,0.49154851922987186,0.5347689783775449,0.34559999559319965,0.2720781724790843,0.013752283144924955,0.9798894578800098,-0.0021429897574303676
duration,BBB,201505,1125,0.9193921030774742,0.9883595572632848,0.26198176604320605,0.5404788812332303,0.5086643395426403,0.3689895341504134,0.2680300619722129,0.014719029832181905,0.9818329471879492,0.0069340927385389
duration,BBB,201506,1143,0.9195752969736088,0.9904157826583666,0.3570355321875655,0.59792052730548,0.4521504691464839,0.4324845559246696,0.265995345123576,0.016917062505161798,0.9859861382530162,0.005987161751058343
duration,BBB,201507,1177,0.9111418322332844,0.9897613219545895,0.34291505885230145,0.5940006842815401,-0.02434896773474697,0.027597284237999675,0.26610130433760754,0.01821246340834223,0.9921773468401477,0.008383474731532442
duration,BBB,201508,1197,0.8880302619392572,0.9864827317356168,0.3420756667185688,0.6127969083678965,0.1752262647786461,0.2863571632940398,0.26690607253517296,0.02037960337809709,0.9949013793606685,0.025857047181611033
duration,BBB,201509,1190,0.8769722877198881,0.98971260190747,0.3475361954379809,0.6548170543998679,0.20216354336571002,0.31459443649116037,0.2691482629259603,0.023053663168296584,1.0038211649930775,0.03471744574701325
duration,BBB,201510,1198,0.8792530224514348,0.9846519565827808,0.29461382308836903,0.6326977375424806,-0.1425900176038222,-0.230834367805052,0.27117825796159445,0.025253559008854922,1.0092148684658888,0.05118400103340835
duration,BBB,201511,1232,0.8419820676746618,0.9783861596177905,0.22229061306542672,0.5688183058958781,-0.10743751189919815,0.02401603300575531,0.2727129727637655,0.027810217131250082,1.0066485923219637,0.06213304780899176
duration,BBB,201512,1347,0.8154867585349993,0.9604158585776142,0.1977750303803989,0.5634158423161676,-0.0008659441252885184,0.07107802013253038,0.27330883349558355,0.030165363940003413,1.008869449969448,0.07155447657256706
duration,BBB,201601,1352,0.7708318569235704,0.9768702322890285,0.25535859216073853,0.6866385410993348,0.19104791620321077,0.3558967445459282,0.27546210940878396,0.032261997786287154,1.0182739872331061,0.08120270056584063
duration,BBB,201602,1392,0.7460589735600753,0.9760754862756901,0.14353627831783597,0.6439408838284781,-0.3647494122771969,-0.3843421132135823,0.27963392542883725,0.0342370484779253,1.0344083988089596,0.08863151346647152
duration,BBB,201603,1383,0.795016228326097,0.9701007932367657,0.058122647414848475,0.6008520814590592,-0.3043967740998161,-0.6876445791923944,0.28217207939652905,0.03474870923543488,1.0301508797023795,0.09283081529981335
duration,BBB,201604,1397,0.8294206606068668,0.9841285596068867,0.0035201257216461233,0.5154797193776186,-0.10269814289695524,-0.4387195366887375,0.28286414895412926,0.035921649866256504,0.9987831809490211,0.08697106603059272
duration,BBB,201605,1413,0.8397908167894017,0.9906930091898698,-0.013652684907513608,0.45228782723682864,0.05025256679129386,-0.0008752366964275951,0.2813074562647858,0.036810324362174275,0.9891481839707228,0.0867929673302719
duration,BBB,201606,1422,0.8376993491627648,0.9841312335224227,-0.1038472670256093,0.3800205194936139,-0.16347182158549084,-0.28836480662126657,0.27809412008008433,0.038364230075301334,0.9883703666171996,0.08749111748505405
duration,BBB,201607,1432,0.8522198712090426,0.9830314961155618,-0.14491497075134685,0.33450592524067857,-0.049859048558337435,-0.2160466397095781,0.2728599486955398,0.039489236205076675,0.980868586911235,0.10153830151917781
duration,BBB,201608,1465,0.871100261585477,0.9780026323931265,-0.17600881010624686,0.28112420227987217,-0.028619203146378634,-0.27234278863800543,0.2663026630123034,0.041592294284768364,0.9769739652510788,0.09685335346980689
duration,BBB,201609,1486,0.8652371327166436,0.9765626379232761,-0.17192709284301066,0.25983133496217437,0.27966043569527244,0.19024497943486826,0.25865236310811196,0.04288233295728068,0.9691256504953848,0.10119618996468117
duration,BBB,201610,1486,0.8897406946478965,0.9809078601764597,-0.0050961983662664925,0.40261629933345283,0.509196107297081,0.30523714020563353,0.25060980788120685,0.04465115637426453,0.963055750046269,0.09866267965226902
duration,BBB,201611,1491,0.9008060421692305,0.983042730666834,0.12864598243683992,0.4627627716010717,0.4192998027001812,0.3128217256741818,0.24439429334879748,0.04497076950594199,0.9642337576814335,0.0972313382466999
duration,BBB,201612,1498,0.9083319709196568,0.982916560920815,0.13938956861771687,0.44187405512378625,0.0870852755066089,-0.055828417885488604,0.23960756540638078,0.04480284332564509,0.9618310642844364,0.08665332595338515
duration,BBB,201701,1541,0.9235691108609584,0.9818517623788962,0.20155060941603611,0.46222150517564947,0.3980949700718308,0.2641679169751202,0.23474148089787783,0.04404928575516654,0.9517220195079654,0.0825607326118582
duration,BBB,201702,1560,0.930254377460114,0.9885485169141949,0.18438853793844484,0.4451195551342471,0.3878771064836641,0.3319537794446806,0.22944314898938506,0.043303884246262664,0.9319759281640156,0.0928272999707231
duration,BBB,201703,1539,0.9302071989848537,0.9932222300733853,0.20220798710040394,0.4538558802609077,0.5575097628966708,0.5756841779074592,0.22546250735985723,0.044026919542151974,0.9268439515924664,0.08475370357699222
duration,BBB,201704,1545,0.9313609693395598,0.9919809523905905,0.15856982460458366,0.42072401632719475,0.27640578855602094,0.2558514603996869,0.2221494250909755,0.04373943826042363,0.9546955129835332,0.03342644880534186
duration,BBB,201705,1536,0.9284603612097868,0.9892114189463103,0.0911709175926784,0.3563263489970507,0.023149755163179835,0.013943035951236972,0.21909022172749135,0.04297676668084555,0.9652817231823548,0.008619464778487166
duration,BBB,201706,1555,0.9215954943479828,0.9855442495868296,0.02948375385740549,0.2996390063022184,-0.014975789058894391,-0.010635645270935358,0.21565531039183883,0.04385861997579828,0.9611205168531894,-0.0035541426415688173
duration,BBB,201707,1586,0.9286495412558539,0.9904571239737252,0.06774421583677506,0.3582658062442469,0.45556431332760455,0.40584879609065283,0.21206950188285312,0.04525553217231193,0.9655632426204905,-0.0158173729353199
duration,BBB,201708,1603,0.9081968984026092,0.975635695805183,0.02603974185199066,0.3078104883677124,0.12963159740914848,0.16462236372074257,0.2093514571554395,0.04538075072188263,0.9704170525379023,-0.017078599406439837
duration,BBB,201709,1632,0.9257227805111389,0.9910151044220912,0.05186887466685456,0.348810048504995,0.09368362221952757,-0.02683854664937504,0.2069756051159115,0.04462028836520756,0.9757983103380067,-0.03342073256890054
duration,BBB,201710,1640,0.9253194968023741,0.9911286290836065,-0.023466978639186266,0.26019347401522336,-0.08876234846080854,-0.15088160327884417,0.20463003174981914,0.04472634546170894,0.9747795263304311,-0.030380451427487413
duration,BBB,201711,1627,0.8961161495916043,0.9810925822969984,-0.17607258704013035,0.12482016346351409,-0.4678365489528428,-0.4317488810194708,0.20072486336544543,0.04624692789731382,0.9725074446778337,-0.037506052448698736
duration,BBB,201712,1635,0.8809825732179846,0.9765881977051932,-0.2787950731902546,0.05102169503165559,-0.3276804752213028,-0.3156440299701661,0.1948272855192442,0.045436418882416306,0.9664191194932019,-0.012645496018688446
duration,BBB,201801,1652,0.8959367026134982,0.9831328502469271,-0.2582190305669648,0.06625102169712178,-0.09502574160527379,-0.2471412719251041,0.1881413809755188,0.04803820780892607,0.9665881327361814,-0.020200682931485015
duration,BBB,201802,1686,0.9021827190885424,0.978751886529772,-0.2348577180073733,0.08472031773843107,0.297490265125936,0.22972086077708664,0.18033380549856515,0.04834680131924227,0.9617669675218389,-0.015727861683604818
duration,BBB,201803,1672,0.8861733747605883,0.9804225948791548,-0.2489148496072445,0.07719900110866118,-0.14722842998504324,-0.13289497537847814,0.17302809482097556,0.0493168679393842,0.9627731857546451,-0.010764132979164983
duration,BBB,201804,1708,0.8818252517494459,0.982265619204316,-0.07890111343132859,0.2664543397761167,0.457613568741623,0.4043767754376944,0.16578802764379788,0.05054150651516247,0.9581220125764354,0.002708468677410459
duration,BBB,201805,1730,0.8768863797936726,0.9708258857860546,-0.004573048691639901,0.3337689938015483,0.3091259762463276,0.30589581718614506,0.1591466155726378,0.04983907147253354,0.9595502818935537,-0.01389408780918189
duration,BBB,201806,1726,0.8688950551739546,0.9805603561380049,0.03645244236513321,0.40342348472828055,0.2595683224903532,0.29920026044943077,0.15358726474999757,0.04798456209232588,0.9605904726082323,-0.005245681413834053
duration,BBB,201807,1738,0.8602547556955822,0.9821889394179436,-0.009412346428360337,0.37341969510649026,-0.09499204236864099,-0.1580557689907859,0.14896826873998217,0.04569251143349892,0.9643458348760805,-0.01426289933562389
duration,BBB,201808,1749,0.8656118485858153,0.9799671051677068,0.0787800203768426,0.480914753607201,0.4543501937338406,0.4083627411134927,0.1434669244655583,0.04289058999288607,0.9570352865659053,-0.020042210878709953
duration,BBB,201809,1792,0.8604457000109293,0.9820743527519386,0.06460222175465173,0.4425513884323439,0.06409257477403238,0.020778517225035983,0.13878678816237483,0.04070902395447796,0.9589009943500252,-0.021929861772505835
duration,BBB,201810,1818,0.8596033052406755,0.985819884296143,0.19833083437665608,0.594253852745051,0.5587718575120346,0.5794505497283753,0.13379843736943747,0.037685080346626376,0.9576140040789393,-0.018675459048076104
duration,BBB,201811,1849,0.7877103668203094,0.9545741054505419,0.15055221713956166,0.5507021838542171,-0.037565599022042394,0.1339283657229194,0.13038936436168289,0.036425682727646715,0.9667554849186356,-0.017814175034127917
duration,BBB,201812,1870,0.7595544548609467,0.9634532113716294,0.1518963405855663,0.6330299360248661,0.13733093413017122,0.2556871893827863,0.12813213419674788,0.034190687096550626,0.9737394734561992,-0.027738119500085118
duration,BBB,201901,1841,0.7975668972948765,0.9518727688644588,0.20103926164953023,0.6923788675726474,0.19849056114632627,-0.03822158595915592,0.12724253906260682,0.0322723321522204,0.9838699843521203,-0.03433358677113013
duration,BBB,201902,1847,0.834864326814114,0.9705725510929445,0.2455397192084779,0.6941505112050881,0.2808006219936681,0.006012387145276033,0.12741486582466013,0.03104883859128795,0.9867862605482685,-0.027807356496873135
duration,BBB,201903,1828,0.8245072958063332,0.9747813410510279,0.16900614769164254,0.6178578753400938,-0.06123473249655222,-0.11148161703154727,0.1281259990046192,0.031130315289098084,0.9861757755927644,-0.017958474439359922
duration,BBB,201904,1860,0.8272248908133102,0.9639097384950475,0.08364368523991611,0.5610774657280935,-0.023352820261457692,-0.23499519239736977,0.12909537131506227,0.031641384793880435,0.986782389336604,-0.027244221063901113
duration,BBB,201905,1844,0.7964113523425312,0.9644543059922387,0.07076043273687715,0.5231091670355678,0.10152648790198111,0.2501586851082744,0.12900250701395757,0.03196159959452213,0.9776067373961906,0.013860683744237969
duration,BBB,201906,1865,0.8018449542310506,0.9698036649513762,0.05160492001483311,0.5613052198822458,0.059911395559463565,-0.04278596136575031,0.12888312628152593,0.0332209255127214,0.9812223971207537,0.032549141017962156
duration,BBB,201907,1886,0.8167056313181011,0.970022788602166,0.017312897761769454,0.5298202837633414,-0.006186942834628741,-0.13140254994964623,0.12884142437882395,0.035056526955160816,0.9795035821349587,0.0415136060463982
duration,BBB,201908,1883,0.7504836400319818,0.9558191028004114,-0.127403802656905,0.3867523644154449,-0.3393599239477568,-0.15336219550543043,0.1288920881323385,0.036105592447033284,0.9802008619951652,0.04478306653971797
duration,BBB,201909,1908,0.8016016234434369,0.9685326580222448,-0.05288562233956608,0.5284229053202383,0.4079309134388032,0.21658868790777777,0.12748787118082872,0.036281623527956185,0.9750189194790787,0.05508569456928422
duration,BBB,201910,1911,0.821494836386734,0.9749798100811302,0.08370331806252915,0.5842205071459219,0.5190968374358959,0.432282397763971,0.1269803095565951,0.03775652043379579,0.9786258834041697,0.060836620234107304
duration,BBB,201911,1883,0.8195289571027256,0.9763064728401468,-0.0007209960318635577,0.4938168828295698,-0.2196883436836605,-0.30180838600999854,0.12658683133645868,0.03948908766991279,0.9766881905280778,0.0733480690102874
duration,BBB,201912,1829,0.8436677131705658,0.971963391076252,0.05797349500408614,0.5317316243142914,0.33094078350550654,0.11217651990314369,0.1258221342144646,0.04129625129030737,0.972948833708212,0.09018664117532275
duration,BBB,202001,1806,0.8211404199202011,0.9745269427766182,-0.0016143606373940208,0.45917410092952265,0.08069386487358216,0.12934580463362552,0.1251658834718954,0.042778794305605654,0.9692441957765926,0.11099566896339526
duration,BBB,202002,1798,0.7136249819085654,0.9406278473765128,0.014883242400207422,0.5051232120415644,0.11073281815299821,0.38213612454983664,0.1243602075188981,0.04464620540588162,0.9734447647398743,0.10890814969979637
duration,BBB,202003,1772,0.31175532182976784,0.6831566518715231,-0.05050837439744227,0.41554913770120816,-0.2241023263869488,0.0750020458623029,0.12264940936181018,0.04275669686136244,0.9801604816050242,0.06763456506789325
duration,BBB,202004,1728,0.48434084260501903,0.898311160393456,0.1627980727880158,0.8797309932742324,0.47040663735266486,-0.23317456776056855,0.11518727536906316,0.03331050127965447,0.9902442491704969,0.08336647120215906
duration,BBB,202005,1757,0.638745683240842,0.9355269931875,0.34787696388279526,0.9191963417438678,0.6099978681635697,0.14018242060083558,0.11347298723733264,0.028405789024356642,0.9159966349034528,0.16199250192059475
duration,BBB,202006,1739,0.7355239736080571,0.9661583262010394,0.4378481722306308,0.9273715896607776,0.46974101655695677,0.09910939633200995,0.11482043897568293,0.024288756387008423,0.9062034252441508,0.19728826695726673
duration,BBB,202007,1726,0.724206971842879,0.9739691989816207,0.3556966702541654,0.8432160539682078,0.10845882364863335,0.1705150280424568,0.11797392127564019,0.021703388792511356,0.896747370413932,0.226090148317342
duration,BBB,202008,1719,0.7923385179001436,0.9805622049021646,0.47775041475374164,0.9132209718057575,0.7985441573755437,0.6178450515805414,0.1202629262033986,0.018830734287751547,0.8963581520351913,0.21876274005001395
duration,BBB,202009,1529,0.7951006950588211,0.9884926196697159,0.4830518338639837,0.8826776692219291,0.537497845607379,0.6359201065868649,0.1252975836209072,0.016465518132308104,0.9059402069853073,0.21699800898653354
duration,BB,200301,88,0.33789906088111,0.9358723170151249,0.1021098235356275,0.9119783732731198,0.336215702159135,0.41460687021147247,0.2620839233509622,-0.046828913687332246,0.8336078285977822,0.04052712371221835
duration,BB,200302,100,0.2879173830064096,0.8474149104852295,-0.07135913591359135,0.693239403661697,-0.0132013201320132,0.09418570112764002,0.2889363289501985,-0.03864600193796063,0.8538384136580305,0.08083985831408985
duration,BB,200303,102,0.3980808703371765,0.9229486088785729,0.08223306625351284,0.8679583487966964,0.48722936257075167,0.17747293603390996,0.27994475432062116,-0.03488429744739361,0.8454944941213252,0.06601950519995553
duration,BB,200304,102,0.4654679106661917,0.9306078597830425,0.06775760385861544,0.8298793899949675,0.22419437831847147,0.009686119954085642,0.29408497829180336,-0.04242459265793349,0.8464513660179764,0.07710725045668809
duration,BB,200305,118,0.469661472837717,0.8062209431900582,-0.01375726300950628,0.6157130205429883,0.18392806927203736,-0.029873912369087947,0.3024153329664417,-0.04844210185842972,0.8478966134094983,0.0762898994902485
duration,BB,200306,124,0.5013312352478363,0.9024624743716513,0.025265145554681352,0.7651971128209517,0.3506719118804091,0.29218614034047236,0.3006359582274205,-0.049354326765988714,0.8356271028703517,0.08068908883515395
duration,BB,200307,137,0.5132300196376695,0.9097642422160099,-0.019853641234342037,0.7333479567644258,0.3321821270558366,0.09076483655982227,0.30017868831580985,-0.05385093227963895,0.8408430257910297,0.09738018882575666
duration,BB,200308,143,0.514739135970453,0.9287477505411079,0.07896680784004727,0.7841142034165817,0.42164056600676314,0.29134630577499165,0.3002928295575959,-0.0575994924695221,0.8432018506842238,0.09729611315182346
duration,BB,200309,148,0.45001508496707504,0.8886817911766918,-0.04749812132362468,0.6727426185374966,0.07289264336244203,0.32235059377719616,0.30868807515896407,-0.06585208930542798,0.8542969657608147,0.08802660343887579
duration,BB,200310,150,0.5593596853916118,0.9010573850280684,0.10211476065602916,0.7380750043569234,0.5013396150940042,0.17312444664136278,0.3047822677626613,-0.08135505166468772,0.8473379440014867,0.09301521114684742
duration,BB,200311,152,0.577873649140137,0.9254733043614611,0.04540421954770057,0.6678797726558798,0.29293188171050927,0.3163336178162692,0.3119130979457107,-0.08446902798069993,0.836277918479225,0.08905467963895608
duration,BB,200312,150,0.5942804416584756,0.8884789923066415,-0.01880794701986755,0.5754986008251255,0.2993395262011645,0.1373663493781439,0.3140674329821032,-0.08616093623328083,0.8604405231502537,0.09382459631180888
duration,BB,200401,139,0.6234518044458288,0.8750312796060948,-0.04502882166316635,0.4982500276515792,0.26218329684078817,0.15998087486419052,0.3126134143083002,-0.0831910126110955,0.8521018131959512,0.07675533581826989
duration,BB,200402,143,0.6236271205598518,0.8508474576289098,0.007977937555402343,0.5356674939512331,0.3156743491250533,0.4332854887235714,0.3066065957683505,-0.0891593211171651,0.8330288210619924,0.0629074555625657
duration,BB,200403,139,0.6625273555402355,0.9531644834296668,0.08630412440234148,0.6586822199941587,0.4539434291076455,0.5679115507144052,0.30892787486218065,-0.09205005440436437,0.8397991723685827,0.06058492224730653
duration,BB,200404,135,0.7272008935843679,0.9629020831079514,-0.002043703053360648,0.6009289371647997,0.31316456931031117,0.09395703086480364,0.3099390152578535,-0.08596579153153493,0.8490355276719345,0.061951679142307294
duration,BB,200405,140,0.6917372151686967,0.8839882179889353,0.06726290699962828,0.48900794324025226,0.3265880912291444,0.26320145635441927,0.30806202944808747,-0.0823142222174547,0.8487060481146929,0.060211711870582794
duration,BB,200406,146,0.7432950265472937,0.8983173065340497,0.13542652772020478,0.6127454382810273,0.41284258625509723,0.22972097542960654,0.31116762570583334,-0.07634585709734658,0.8674537722136405,0.02261581107729647
duration,BB,200407,152,0.7178084813218066,0.9465881733823361,0.02657549600530348,0.5506681053096598,0.24715518832140732,0.19942437266681418,0.314876866631366,-0.07090079056014503,0.8702812738551102,0.008890133638794954
duration,BB,200408,153,0.6985082978484582,0.9036598227010852,0.011211183037808424,0.5492371032137328,0.25646000026804977,0.23222385565555123,0.31556029635602434,-0.06203630422926279,0.8685466786516219,0.006752164817273501
duration,BB,200409,155,0.5968612033128161,0.9027485506429226,-0.06574715606973672,0.5075328140686148,0.18611066353001834,0.38254449597213236,0.3132503724647877,-0.0484373887393554,0.8622481427312684,0.004890154343268903
duration,BB,200410,162,0.6692465488093274,0.8634066722715183,0.03719510387955306,0.5957468728874437,0.3629623984385254,0.33791444914411034,0.31265505425293294,-0.038285939863336504,0.864131130395751,-0.010623772241576894
duration,BB,200411,167,0.6108797176045213,0.8898788799732849,-0.07711513290115124,0.560752214756118,0.10869397178105064,0.11661338457368295,0.3105261358146174,-0.029173107159191834,0.8668247268900351,-0.011251380655635107
duration,BB,200412,163,0.6525285707298397,0.9566913124249543,-0.07828874812265504,0.5862090464604116,0.27547508603920395,0.32074656085200015,0.3034948033560538,-0.026667822987328938,0.85688153942023,0.0006870927246111654
duration,BB,200501,164,0.6111561523985152,0.9088339958056416,-0.11368201112867778,0.5022761357752704,0.05421629794479641,0.18125427221913276,0.3001078926122591,-0.019711525215927412,0.8739974719455509,-0.018158002580829963
duration,BB,200502,169,0.5486842383329763,0.9018935591641862,-0.2072671672219184,0.511166484449358,0.014626323902342003,0.11394904644688109,0.2953263046982867,-0.010655462722449157,0.8936190760428693,-0.041914055192409184
duration,BB,200503,172,0.4767163929217382,0.8090672395965155,-0.2598208116069175,0.43464792552312237,0.033752886046275785,-0.08975585022027478,0.2849973803030955,-0.007058300535782375,0.8879182772893172,-0.041170253167227056
duration,BB,200504,187,0.39170295279152567,0.8486288241020855,-0.13696189151395258,0.5997319774091362,0.11030833997041758,0.2777626123630779,0.2718552923352223,-0.00042725384487176266,0.8732947985441812,-0.03607944184556206
duration,BB,200505,196,0.45799563706000784,0.9061651067627712,-0.10263050944704318,0.7249430725876267,0.12424515296161417,-0.006704186630288927,0.261177526186245,-0.004470709363518468,0.8787158947054331,-0.04797361917731926
duration,BB,200506,190,0.43668866032694703,0.890937163752154,-0.14483066304504721,0.657916733188671,0.14209607789106274,0.22626685882924208,0.25134355841797346,0.007309363522568504,0.8627107329188144,0.016145745995670847
duration,BB,200507,190,0.466638410999642,0.9289403712522151,-0.1544113337444834,0.694017231591787,0.21769169870575222,0.11815860446702765,0.2368457908244384,0.011003441538176078,0.8577109057509239,0.01186611185508033
duration,BB,200508,190,0.4215386916754822,0.9125254126382604,-0.14184063999440139,0.6725198762879943,0.19221264330109744,0.38693730872236776,0.2262353467641476,0.015883972799229904,0.859198644436128,0.033754917035377384
duration,BB,200509,197,0.4564912850734639,0.8481425280271833,-0.06986994151606189,0.6389825101274288,0.15762881063823778,0.21114201952699246,0.2156274896931193,0.01721832295962377,0.86372619589839,0.01895118550782822
duration,BB,200510,194,0.34121890367382074,0.830834417407876,-0.12082441355450274,0.6499389413116716,0.1690532639199911,0.2762868755873893,0.2105433329367039,0.01845027346380222,0.8521927985404709,0.08552726732104189
duration,BB,200511,197,0.3400815181672031,0.8952094010839702,-0.07771645806453639,0.7537472678830915,0.06798012236735951,0.262251853130881,0.1986939141868557,0.017051289062341973,0.8597083580218077,0.052188306807697364
duration,BB,200512,165,0.21686299600658715,0.8950585416140602,-0.2247722597707905,0.6935805844734846,-0.03053455507172816,0.2588924055499124,0.19122399347982458,0.021227805373002624,0.8762189940492487,0.060915933051294446
duration,BB,200601,164,0.3945838077402311,0.8040065213282753,-0.12991443690231658,0.6997153555036024,0.21290656074435813,-0.20927118085079066,0.1794300397516084,0.02414844663469019,0.8802207414834881,0.08434489480292132
duration,BB,200602,171,0.3147920260412864,0.8381932148671414,-0.23223414212686302,0.6130350313622281,-0.07970336237310102,0.146954600708821,0.17281870830625062,0.024246039284905322,0.8550825567162477,0.12089360924918398
duration,BB,200603,168,0.37359789431537527,0.9248339897832192,-0.14879708039542222,0.7649813379872167,0.3286706384357237,0.17342293463540678,0.1661254427011146,0.024021421912785314,0.8627591637469232,0.1326137047336331
duration,BB,200604,158,0.3969517324698873,0.823498315596417,-0.10372262340669253,0.7040847760558182,0.33103220614610884,0.1318251691835366,0.16218151117259058,0.022394362906188063,0.8545732009138571,0.14665528291138427
duration,BB,200605,152,0.4293445713880646,0.8912581596749378,-0.006250042714890069,0.7686724508565675,0.4822374401137241,0.2908842695916682,0.15850123358937462,0.023332743819532716,0.8497469348946952,0.16751443397540794
duration,BB,200606,142,0.4638078413415731,0.843580025839417,-0.059223665157138346,0.6330056151901091,0.11594728316334552,0.03422546855220555,0.15164504065792556,0.01793519738194535,0.85424457696051,0.14426437032403505
duration,BB,200607,141,0.31816960754993256,0.834149406060072,-0.05578577850079198,0.6750125219999438,0.1216062331435421,0.4138422614116497,0.1480684285066886,0.01627431653393106,0.8506798622426299,0.16156995414871753
duration,BB,200608,140,0.3170919443972166,0.8944244299519349,-0.03837659355798037,0.7939891779880612,0.15651964750388142,0.42766097722008684,0.14070450781039323,0.006788760428342628,0.8547859488256624,0.1456927229516679
duration,BB,200609,142,0.3498229216881463,0.9226428102911005,-0.0006810690059116791,0.8440181059973687,0.1806257871586011,0.4094448752078396,0.1355558251580548,-0.0002960878798837928,0.8535223812071971,0.1634197955226099
duration,BB,200610,143,0.3418092427933623,0.8743323463465972,-0.053699235037263204,0.7724703135179791,0.060413178370924844,0.18002720876299586,0.1260540109623512,-0.009957846881838301,0.8670623933473867,0.17035515016337419
duration,BB,200611,157,0.3822623283799588,0.8907138266559879,0.04580777603433413,0.8295716984708953,0.2072296404715981,0.17850251451894877,0.11906573786420123,-0.01636351732911147,0.8652278364389583,0.17602295393251277
duration,BB,200612,147,0.4112623006111208,0.9065524982838175,0.08095263281173261,0.8216983537826691,0.11746216442889634,0.18880420102225812,0.1130350455677785,-0.017437942989836544,0.8455370945630518,0.200304278647198
duration,BB,200701,152,0.5712628369523823,0.8299482975449176,0.2275849342874131,0.7848966596041834,0.2834833480272555,-0.019114107995541817,0.11635277810913885,-0.01808320094695836,0.8288230562410308,0.1886798056136949
duration,BB,200702,157,0.4605878868902717,0.8796180798093661,0.102741892470184,0.7200053957432413,0.1008192806951172,0.3724826673578867,0.1154434530657425,-0.02070183324339264,0.8592456501720357,0.16661451712378023
duration,BB,200703,157,0.44715832887619544,0.9199105672652623,0.12785678402867795,0.8327185617611237,0.20810411873058007,0.31960059228976867,0.11782966486238944,-0.021240171904026467,0.8567469810875596,0.15883447812668924
duration,BB,200704,134,0.4591800854436118,0.8996452552168032,0.10776942355889724,0.7891230428353655,0.1271162982082071,0.2638016232144886,0.11712164383907316,-0.025068106730644354,0.8950489679091113,0.14785475802561107
duration,BB,200705,131,0.47481169493921027,0.876816332849334,0.12653072118720973,0.7997026621726189,0.134762184380505,0.09712324306572519,0.11807985242718527,-0.02458753661183994,0.9006776589508881,0.14233292009682577
duration,BB,200706,136,0.5171766036121684,0.9104258653632845,0.22375840847287817,0.8309795488563362,0.31193168264872856,0.17626846143591715,0.1186652005982376,-0.024141905247537575,0.9099071344880322,0.11217965744435479
duration,BB,200707,128,0.32762522782485043,0.8067633472253725,0.11674830617103094,0.7386442157134143,0.11507736678264054,0.37525911832163694,0.12281536356259812,-0.016493929767847994,0.9202388789495072,0.11006311878816605
duration,BB,200708,125,0.25440016712921015,0.6633189758462418,-0.08384024577572963,0.6060295116142628,-0.02533333333333333,-0.4197217195771561,0.12742834183843366,-0.019558168128054373,0.9330565509708817,0.12354552057218122
duration,BB,200709,125,0.2936827471879801,0.7780928520051346,-0.02701075268817204,0.7305398787741963,0.08081720430107525,0.13314941059789592,0.12339479419953607,-0.011880074622946157,0.8845260701489308,0.10414387744780411
duration,BB,200710,114,0.21565510412360547,0.7963211975715475,-0.12542880865110065,0.7077976124541406,0.03118203357566676,0.017476534260370782,0.12101252924225363,-0.005252796973896799,0.8803212912942633,0.09948882902539097
duration,BB,200711,105,0.1774069812139831,0.8742982733624615,-0.11827700601285507,0.8024766871178051,0.02087912087912088,0.2991099891704561,0.11821148594830744,-0.007343720726048554,0.8812285835723155,0.11681979068834435
duration,BB,200712,99,0.2236363636363636,0.7791252829944514,-0.06661719233147803,0.7379930488263803,0.19311069882498452,-0.1864896288284743,0.11085550422717419,-0.014021588104783468,0.90642476043462,0.07735002175923729
duration,BB,200801,96,0.22553055840561062,0.7638413174437589,-0.05210255018990777,0.7161828540423224,0.08638090070537167,0.040151926207270754,0.10591927703888257,-0.02298663160838211,0.8897725781425404,0.1222320737359413
duration,BB,200802,95,0.3164554747201443,0.7986016090643354,0.05603303471444569,0.7462958167583175,0.05499720044792833,0.06287837960946002,0.09667928573045036,-0.02140983357159004,0.8979433065844308,0.09511993636017142
duration,BB,200803,115,0.4361731088691285,0.7724696547970612,0.22300165706620373,0.7465453060562661,0.1951234908861359,-0.09721079699142444,0.0931318865752924,-0.020057561819636364,0.893781271028073,0.09100448751488362
duration,BB,200804,114,0.33067980000893765,0.8022016743483252,0.04019764686822868,0.7367990457864195,-0.09924059861080174,-0.49007612255041166,0.09519301093419463,-0.01877548239573946,0.874295619635758,0.0871594457327042
duration,BB,200805,106,0.5579492553626768,0.779643596680824,0.3893342066151095,0.7684498498717065,0.41554273622691884,0.046351343181902635,0.09161243898488704,-0.019633494622268127,0.8456525943536283,0.10713051863044416
duration,BB,200806,105,0.5474007225904071,0.8543992784499115,0.34710760937176033,0.785117069868882,0.1032345013477089,0.14361467766457536,0.09569881410471065,-0.026186964587055436,0.840769144241189,0.11956690342230362
duration,BB,200807,100,0.5699044098777063,0.827583206573241,0.3990879087908791,0.7922916060389875,0.42125412541254126,0.2867935397358835,0.09798919699321106,-0.03002988066534918,0.8351385315722794,0.11581194645562759
duration,BB,200808,100,0.5008055829773005,0.7929384302924705,0.3492469246924692,0.7459510708269362,0.2868646864686468,0.3201159322945859,0.10265143108913441,-0.02403360348749313,0.8190061585638784,0.12683161437097423
duration,BB,200809,99,0.24193024715714653,0.7674630022449118,0.051713048855905996,0.6887529027642784,-0.17153988868274583,0.10033426201118471,0.11431887815562655,-0.020526688525841198,0.8434196907286675,0.1245464519110156
duration,BB,200810,99,0.001910969832797167,0.6699361462277464,-0.12483611626468767,0.639018673530184,-0.13156462585034012,0.27093466584750997,0.11663735342600255,-0.01960884786837787,0.8324769905082773,0.10969770290866172
duration,BB,200811,96,0.07736811406183955,0.8050754053486252,-0.008003255561584374,0.8114027204983179,0.0569994574064026,0.33766621338779557,0.11355228307454056,-0.02619890147336712,0.8467475096262846,0.08483978846145969
duration,BB,200812,94,0.2612480809601612,0.6470088866411386,0.17230068995412345,0.6683428159674124,0.35934689159411914,-0.09069990067405596,0.12713353972142158,-0.01990837706297216,0.8500928276767135,0.03731837530378148
duration,BB,200901,94,0.18546467313877876,0.7615849782605888,0.057616587797565295,0.7448532467574596,-0.10967741935483871,-0.4448080918272745,0.1464045961764286,-0.0060681610350544445,0.8259692745464622,0.05537226086877732
duration,BB,200902,97,0.24001367561957623,0.8940596337815183,0.0786608457816116,0.8870084913802776,0.20191195034714915,0.3355917827961762,0.16557723243545192,-0.01071115944213273,0.7724731313351998,0.07815895708726235
duration,BB,200903,101,0.27240270709718833,0.8784140712925671,0.09563191613278976,0.8714585656954996,0.2973092603377984,0.12912675925144806,0.18472364929945378,-0.023194368830091933,0.7869043251631564,0.07422229470702466
duration,BB,200904,113,0.35969018038855466,0.8014185282007505,0.1267798922083971,0.7993113257256784,0.10857342471222305,-0.4575733380068609,0.19549028428297527,-0.0364025481258529,0.7768460837922766,0.07535567829613464
duration,BB,200905,110,0.550665311186167,0.796480803563378,0.12057345084868021,0.7111334522182227,0.27316006582061625,-0.20611008798402872,0.22140217025105768,-0.04644307640854105,0.7420565249008786,0.07081983785555684
duration,BB,200906,113,0.5920150043574504,0.8256793173213101,0.22743529176924615,0.7116951707785192,0.42552731385987097,0.26464001663975933,0.2268148997081234,-0.0477007040119897,0.7342771131342148,0.04742654978070264
duration,BB,200907,116,0.5984853726982663,0.8527022117845527,0.24934455848998577,0.768682521591628,0.424180217583516,0.344997395528634,0.2387578811113094,-0.054592626067484926,0.7383856901314265,0.03850225754986276
duration,BB,200908,113,0.5402868632643003,0.912543717752409,0.12388548805642426,0.7427307206068269,0.35220240867655866,0.4552614944440748,0.2529345919102751,-0.047921120420017574,0.745534841684816,0.037372257035518545
duration,BB,200909,121,0.542706078807065,0.8414499488548222,0.10503319333423654,0.6710800402424357,0.2683850426771439,0.28173107211607246,0.26647269030802034,-0.06377522502512528,0.7602500896608081,0.022432905957657134
duration,BB,200910,120,0.5468211223768031,0.9039753036690302,0.0335648308910341,0.6932484660381611,0.2831168831168831,0.39027845780656784,0.28849523300994534,-0.061634690310881576,0.7661292079156449,0.012378760851339248
duration,BB,200911,122,0.5195163539767144,0.9037628421601331,-0.024991656230069957,0.6718921419638826,0.3084683481979109,0.4957041834671173,0.3201200331985382,-0.05780613414092264,0.7733435711873137,0.012015607403264985
duration,BB,200912,116,0.5924664445988814,0.8542190050235638,-0.08015223157651943,0.5841531252430753,0.278868258178603,0.0834669219321482,0.32819935723586036,-0.04499942550999267,0.7692286946127919,0.020682824510447083
duration,BB,201001,118,0.5898907487999141,0.8585374226676111,0.038949086805517515,0.5766484003099253,0.38441086995423984,0.48724611375864824,0.32122188324108825,-0.056064614366013725,0.7697040669103307,-0.011096385952259966
duration,BB,201002,121,0.5860530179743838,0.9233536219808358,0.07135212030890122,0.704739711320126,0.45984961387345874,0.5290755471413006,0.3252879334417448,-0.04976336175766334,0.8055736685575672,-0.020182926048501804
duration,BB,201003,130,0.5925706420112494,0.9152609032513707,0.0543746330005872,0.7450610346468521,0.31432082917969656,0.32455492298835786,0.32658556131687977,-0.04535468794011625,0.8102598556073178,-0.03627864619492922
duration,BB,201004,127,0.532202808930913,0.9498451105718683,0.046664088863892006,0.7312675578022854,0.2420381046119235,0.4607394258071772,0.3267777242938069,-0.04461134000403799,0.8302927673151289,-0.05910143804331159
duration,BB,201005,130,0.4882074924216873,0.8864978983654219,0.04632864029278018,0.7233838006586115,0.07743653470619562,0.2509582965197775,0.32801797494440843,-0.04036707537712751,0.90626132326477,-0.09779057888891905
duration,BB,201006,134,0.4904325013215844,0.9351370290898724,0.004596067282634448,0.8003645944441632,0.22658387261686555,0.07256227345381802,0.32293454938773797,-0.040487713242299495,0.9302721756627201,-0.10644129046421813
duration,BB,201007,140,0.49535707296325926,0.9614000675701367,-0.010351840108460346,0.815561940756704,0.17029586057597695,-0.06532577606402183,0.31919763986655686,-0.03687497793787882,0.938025782406629,-0.10925693835971323
duration,BB,201008,140,0.4600422472425848,0.9652978910211507,0.023270866589403253,0.8028934515802247,0.10539459010299361,0.24150218069551327,0.31337499599066054,-0.03739011598489555,0.9292746285792257,-0.0933262380936702
duration,BB,201009,150,0.46364768536191964,0.9552129215240043,0.023913951731188057,0.814730662632512,0.16854971332059204,0.03982235591778023,0.31052691451509884,-0.03005572197240535,0.9306182498078575,-0.0798075080637105
duration,BB,201010,149,0.41440957736259754,0.9190630501210474,-0.06366769454017776,0.7330117295592798,-0.06785053509885725,-0.04842558355306142,0.30822004921250346,-0.028450354344915,0.931218496493968,-0.08370968958856563
duration,BB,201011,159,0.3561833594811699,0.8993893291587061,-0.09069441127298782,0.7232624791019824,0.10247193694769524,0.10972951994267974,0.3041283464835368,-0.03265949062995828,0.9232180974036653,-0.09770455711613515
duration,BB,201012,164,0.4555573995293872,0.8768648138356996,-0.0727408757634704,0.7476211658096856,0.244267000394488,-0.2160423544713199,0.30136164517735387,-0.03500117772693043,0.9258684732816072,-0.11116268081948343
duration,BB,201101,164,0.5311350752111136,0.9309369624644477,0.03646157822425965,0.7626345343968326,0.2784296655013399,0.17275086787670987,0.3018226295350788,-0.04241645148214548,0.9248663921336058,-0.12040640814320429
duration,BB,201102,175,0.5493307180114108,0.9499632218350701,0.062010747872816845,0.7486814219077896,0.19098074339453652,0.11208949425553906,0.3078329874469,-0.053127284299656886,0.927272628247218,-0.12717402515702542
duration,BB,201103,186,0.5695972369623625,0.9657704994472993,0.0908177109315629,0.7548288226779261,0.30225792464881646,0.3717483627329532,0.3137026752752636,-0.06359263226560627,0.9165437804962834,-0.13930860390034266
duration,BB,201104,194,0.4944773957626846,0.9197495684588849,-0.01337453209682257,0.662993831677258,-0.0018120333808598322,0.2183098823044908,0.32297849889370367,-0.06789132487543459,0.9273326046709736,-0.16355462780506186
duration,BB,201105,193,0.441683960844069,0.936180086251875,-0.003448667272047433,0.7280717678186582,0.15049276213877463,0.40955095871486646,0.32510719555407075,-0.08522583992974621,0.91726487720347,-0.14697964412519465
duration,BB,201106,199,0.4595552909329082,0.9469127112341069,-0.03491396375818486,0.7541277551246472,0.025826100197959494,0.277168606106947,0.33338786845172663,-0.0961882072195787,0.923393654079757,-0.1684125654850606
duration,BB,201107,221,0.45571745981162204,0.9300483147107718,-0.07226700167876637,0.7809370809165724,0.27377122083004435,0.3633316888444602,0.3360509278992591,-0.10494815065808057,0.9222534285890264,-0.17480460646645016
duration,BB,201108,221,0.3668217766139385,0.9431930558927138,-0.1863163863163863,0.6887788114769302,-0.13035343035343033,0.06189547599262855,0.3388837416157668,-0.11107761813964337,0.9343814661415262,-0.17646021683963914
duration,BB,201109,224,0.3020598997011114,0.9330967324847569,-0.20277172752509076,0.7479066559400254,-0.05051569506726458,0.15733192255603493,0.3341676396342808,-0.11672528829245862,0.9339444238822558,-0.1762892540054593
duration,BB,201110,221,0.25100191029329627,0.895039930536771,-0.23780448486330838,0.7382516796025326,0.05747495747495747,-0.13579623088741855,0.32562939258679935,-0.12716258092750665,0.9408996847721799,-0.1584503355514431
duration,BB,201111,227,0.3364041624574734,0.9337171808572983,-0.1943394019726327,0.7874937579334608,0.19552741352035113,0.0614288619830808,0.31915576814778573,-0.13349377532268933,0.9340220351024398,-0.14250963640009268
duration,BB,201112,228,0.2773002954674205,0.8943840991950068,-0.23088519829863408,0.7237083434800442,0.00824662313691622,0.048400005872429895,0.3138117615972774,-0.1375503432151097,0.9299058104318948,-0.1346127891122102
duration,BB,201201,234,0.2947466810718433,0.884693336630084,-0.1883855589818516,0.7431824956038456,0.10219556111255501,0.08262744852895307,0.30760995079989634,-0.1480743391072985,0.9457867700952912,-0.10956387567671683
duration,BB,201202,239,0.2447750855778007,0.9620269660007991,-0.19299602686262787,0.8113156381919612,0.021433845504729085,0.2849430135073731,0.29885395518891184,-0.14677762721583074,0.9459715301452344,-0.09542055553843959
duration,BB,201203,232,0.23548490559951424,0.968976760199139,-0.18097634199454526,0.8535014004265161,0.2437645231784642,-0.032554550290185474,0.28775664377665794,-0.15499691756037443,0.9529620608868089,-0.08133232747009922
duration,BB,201204,234,0.2256667886560501,0.960731690984199,-0.11656539971762328,0.8498200489231093,0.07796735575020664,0.2089146436465711,0.2774149829335076,-0.15945186379476467,0.9499403493945826,-0.06894541675714752
duration,BB,201205,232,0.2029127151279358,0.9219413621431939,-0.09706144085306434,0.8498874661741509,0.11604896509439944,0.3139016275607003,0.27321613307740106,-0.15336422825887625,0.9603828675559902,-0.07113441523026007
duration,BB,201206,242,0.20193404976263812,0.9563579340347158,-0.114410799812535,0.8970589138079189,0.03554510696469706,-0.03657015315825447,0.26802222869705433,-0.1476259260906677,0.9630986576066853,-0.08453853258857158
duration,BB,201207,242,0.19208666414357684,0.9673614134927484,-0.12578401475672946,0.8903461988452678,-0.004604069108029878,0.1402271808864189,0.2633087590934825,-0.14004914618322536,0.9591629069891633,-0.06049409678421979
duration,BB,201208,256,0.20632396761861294,0.9552740855025353,-0.12229772259098191,0.8978383545707357,0.20022673952849618,0.12321733007130796,0.2573699140788698,-0.13656275274833393,0.9566660622031956,-0.039008561135211284
duration,BB,201209,271,0.23001890844734718,0.9702058949084601,-0.1030195596073608,0.8841158190632034,0.08907459662831922,0.4633675968548781,0.2559531038000176,-0.1399252422670809,0.9530500812285015,-0.023055379178664438
duration,BB,201210,266,0.25510982204180116,0.9771799176772239,-0.09099991870709209,0.8750862941125567,0.154842586644691,0.3400865499460722,0.2593037396259326,-0.14580945481559981,0.9602564590105271,-0.026637478184735715
duration,BB,201211,273,0.23648346878162557,0.9856109708552621,-0.13684008134416034,0.8801002883646745,-0.08676081325286994,0.09875667258378956,0.26440187103129004,-0.14368992886088183,0.9755073902085797,-0.02833139868690293
duration,BB,201212,271,0.23811789887820817,0.9856664245833235,-0.13156368328389167,0.8878869244698574,0.016511106287533463,0.21182684137466798,0.2659051959592175,-0.14265285964373264,0.9804083540252826,-0.021419264149328234
duration,BB,201301,272,0.29714343813119465,0.9695958930066393,-0.06517673774022807,0.8936757970517244,0.2519642827326786,-0.07861997982646002,0.26917719863624645,-0.14628921899686534,0.9846442773974203,-0.025963653735788145
duration,BB,201302,280,0.3103693374972262,0.9791440174964694,-0.05789778659713226,0.8559744996473726,0.12801930782644821,0.2006685041557897,0.2719324388650238,-0.14964752693191677,0.9820481921886929,-0.024902293419132446
duration,BB,201303,274,0.36576779806238896,0.9890195743287437,0.01961279596316093,0.8845994207834087,0.22760334555954995,0.3348650385323501,0.2742891373378307,-0.14478712667270363,0.9830773236301555,-0.025572635275675916
duration,BB,201304,269,0.37933503126805357,0.9813168909356969,0.013808898506229692,0.8462965177791828,-0.14399255272583797,0.22872006599000907,0.28017576427520446,-0.14193474930919606,0.9887762737542188,-0.012787232691318453
duration,BB,201305,273,0.38177634943100486,0.9665671341612855,0.003318171738094452,0.8434785801271909,0.17577109451304385,-0.11950440302431291,0.28500513320289006,-0.13808845417598362,0.9911521328646025,0.0182457316444708
duration,BB,201306,279,0.4061059992185234,0.9587147915781842,-0.016940733127783488,0.8183667729596963,0.06063665196874759,-0.3276585152110233,0.2889508811551288,-0.14219521206853242,0.9856368725990837,0.0005787587681957873
duration,BB,201307,285,0.5087137933968774,0.9653609480860357,0.1562794507197769,0.8580531785442396,0.41866961800245706,0.21598985001838966,0.2931184057402973,-0.14235359173610146,0.985341869419867,0.006536303595930598
duration,BB,201308,291,0.5654097522620707,0.9666206554660355,0.225284759117405,0.8701527437897172,0.4474465422281092,0.05505048666595058,0.3063128354020382,-0.13692387864806113,0.9892083769741229,0.007006996841292486
duration,BB,201309,275,0.5226095872708679,0.9649729385389955,0.18238596693690315,0.830529337694944,0.19322062260177145,0.1985946434541634,0.3222492969652446,-0.13636565849642537,0.9960447615362391,-0.023503287127646787
duration,BB,201310,280,0.4988781273792692,0.9618301863740453,0.16692140752524176,0.8101992666084039,-0.10222816253122761,0.10905544610318178,0.3363315573642564,-0.1381089588347082,0.9931353710440013,-0.032710266918607844
duration,BB,201311,291,0.5447910839441293,0.9620987945606743,0.19205937209336305,0.8447797764517679,0.29331187393169683,0.058453491737096325,0.34915181881927904,-0.14209576357057838,0.9908567473226538,-0.03985555684953173
duration,BB,201312,288,0.5712287424477013,0.9561896939537713,0.19707409506126697,0.7859180171099633,0.21350154121907014,0.1976081677713759,0.3670036650503681,-0.13872954395694725,0.9893756577736523,-0.04306007267790947
duration,BB,201401,292,0.5236616847755493,0.959883806539711,0.10208060507062837,0.7374507571883824,-0.11598841875075011,0.02056048932591297,0.38639142459318365,-0.13944503215458273,0.9894312062811412,-0.05931987608308687
duration,BB,201402,297,0.4730794877440648,0.9552256666709658,-0.01145135373323293,0.6736897891497996,-0.3987164406627494,-0.025593343916698954,0.39910836376109704,-0.1291538894777512,0.9917603138987819,-0.06017619526680053
duration,BB,201403,296,0.5156631774264352,0.9758502825330357,-0.005952794088387309,0.741237428954271,0.07262084889203532,-0.03966723526397083,0.4121974122727794,-0.12373694292982758,0.9895684206508536,-0.060230271849188256
duration,BB,201404,296,0.5791193514065661,0.9818510008024497,0.02803481447549244,0.6860539500066478,-0.04026892840452162,0.04714766439901958,0.4209318755796818,-0.12527417347816136,0.9857488687478823,-0.08300644948870123
duration,BB,201405,318,0.6214809069410014,0.947099823220866,-0.02721680807550081,0.6013093907463627,-0.0718749201187644,0.09619992702700644,0.4312531476139494,-0.12901635685937482,0.9814532009571231,-0.09356363647211727
duration,BB,201406,323,0.5911976292651885,0.97087491609261,-0.11078919236140936,0.5549061284377329,-0.08017521781150803,0.10187369214799255,0.4405905187306728,-0.12032590585333926,0.9816579819178655,-0.0782240829329951
duration,BB,201407,320,0.5935819359337396,0.971497548096456,-0.22268662291623942,0.46128467460184575,-0.2336089707907304,-0.312892925716789,0.4478115370569247,-0.11355419845194091,0.9849781446746719,-0.07631405773000997
duration,BB,201408,325,0.5936565388282932,0.9696325240192997,-0.20368587558771611,0.4966687160291912,0.11295334976316573,0.22735037581125553,0.44139352232922685,-0.10665224927333376,0.9778623539150314,-0.08555780359538542
duration,BB,201409,318,0.5767444837132497,0.9727953598732257,-0.2454069105828341,0.48100424068501,-0.14401945398458335,-0.3210840837750653,0.43191671100615775,-0.10054803375257655,0.9766313453908949,-0.08901242496955458
duration,BB,201410,319,0.54136209710883,0.9583072985381471,-0.26344730210187667,0.4892293053391245,0.09402356402151922,0.27309381697959273,0.42096856084769585,-0.09285346525735418,0.9706925318925625,-0.07615268689125264
duration,BB,201411,323,0.5228241677623792,0.9562953100150643,-0.25362603724429006,0.5381677720924798,0.14071054305271563,0.05191926984877078,0.41147795118652725,-0.08763833809432393,0.9716933340207261,-0.07705570360674613
duration,BB,201412,329,0.4957815293089169,0.9464473593429265,-0.21182141677730681,0.574461686160807,0.00717486975919773,0.14940861676196332,0.4007190013046563,-0.08454152367356804,0.9751233482548515,-0.0924287031701323
duration,BB,201501,338,0.43427967207858886,0.9290649503571872,-0.24160288043751027,0.574338399156297,-0.12106411605657143,0.01574395114238904,0.38563694672984333,-0.08334503356640545,0.9684412138130907,-0.06997589885049042
duration,BB,201502,340,0.487142600787172,0.9654375671221701,-0.17246271721259548,0.6881412914964181,0.25897130190928785,0.14739505903257258,0.37320435027589643,-0.08280576278484113,0.9665504862340104,-0.06800975113016128
duration,BB,201503,335,0.47871017988838765,0.97274806370425,-0.16034434329634975,0.6666631023640633,0.08056158471968644,0.05007552864065203,0.3652735859330047,-0.0829845597826977,0.9670494110111528,-0.07491816450592774
duration,BB,201504,341,0.5332347644584247,0.953603812382533,-0.07480669069603454,0.6769339346131017,0.2653211431200046,0.1887124211668832,0.35661274657455955,-0.0825918919716332,0.9665460737931394,-0.07634177904181101
duration,BB,201505,336,0.5636375499490887,0.9742894320780708,-0.0004061928593573042,0.724086207845746,0.26453847759928634,0.0685297454206925,0.34879646639715534,-0.0776150137221866,0.9637388110051885,-0.08117938658365319
duration,BB,201506,338,0.6225071406577221,0.9693125405891829,0.07982129030784428,0.7182271217124618,0.34035625400792363,0.07647550612943388,0.34193644873762713,-0.07414082920139978,0.9628227144314453,-0.0800256614685707
duration,BB,201507,347,0.5671302542413108,0.9436245436973901,0.03932709479412648,0.6556968412979997,0.05863378633682942,0.23970246943154355,0.3384286570095918,-0.07150490717705411,0.9645332455690508,-0.09205088105293259
duration,BB,201508,352,0.5588668541994137,0.9487373092248345,0.03599269002951722,0.6818130135230285,0.05816032409516828,0.19852662746770047,0.33760037954408495,-0.06861710471871563,0.9728892922923074,-0.0797560535671629
duration,BB,201509,367,0.47406905107961267,0.9452996974352157,0.016712679762267424,0.7364412357610653,-0.01303770124242947,0.2482795370344437,0.3379258664673985,-0.06440992674798211,0.9743230769210255,-0.07323520536012505
duration,BB,201510,370,0.5274750045916454,0.9461196411838277,0.09213259015375903,0.8181300914852886,0.0516730128326999,-0.2254061860812139,0.33961078022334745,-0.05981485576013022,0.9974505772774438,-0.04698949023170379
duration,BB,201511,373,0.5320415022641822,0.9773122413065819,0.1122166822905996,0.8139561960011391,0.15369787738041446,0.19050333334531241,0.34923931396617264,-0.04987435629461236,0.9688228565914802,0.00115366726527977
duration,BB,201512,379,0.5308144426915037,0.963081910519713,0.11546742846562316,0.809758570656409,0.1445427553051494,0.4100939519500516,0.3628283419776808,-0.037121156512340506,0.9756586607648187,0.0387645435494044
duration,BB,201601,383,0.4926219148469823,0.9547496793157413,0.08299898842152749,0.8024623278377275,0.031175455893811602,0.05474360043012279,0.3805858363511551,-0.02207793959267279,1.0014975060208933,0.055421372029384824
duration,BB,201602,375,0.518499188786662,0.9667259624818252,0.08578336557059961,0.8476024153402713,0.03822300603026511,-0.3161440260891673,0.3967898888180132,-0.008458773504061426,1.0065801418461338,0.06804327167086044
duration,BB,201603,350,0.5388726100286545,0.9632051317665009,0.04658487008057208,0.8165546889980266,-0.04532174606673174,-0.45088674838411935,0.4083135520358321,-0.00013727733229814074,0.9743513756153828,0.09034936579766067
duration,BB,201604,343,0.5757786442601361,0.9765137503641946,0.005918034288378753,0.7638016819174522,0.033553568306147426,-0.25489763720059816,0.418803745582378,0.005812325486163409,0.9499873984651995,0.11134703036482227
duration,BB,201605,357,0.5756928569061712,0.9715367230156828,0.003025389428886865,0.7458792168850393,0.42727803568857087,0.28463239399609036,0.42554462180713215,0.010797915732126932,0.9443760742059895,0.11450919227903844
duration,BB,201606,352,0.5832041827658007,0.97368414898132,-0.035195328750569535,0.6784918166886785,0.035879056417300034,0.025627012793634715,0.43048566452526926,0.013647133816761784,0.9500544853380111,0.11168633203088028
duration,BB,201607,351,0.5878753350995315,0.9748914538438402,-0.03772533022533023,0.6743155051527213,0.06223054723054723,0.06303756614312717,0.4315024097992655,0.016065870083627535,0.946468493831852,0.11409115965944175
duration,BB,201608,348,0.5971082434058935,0.9593838062420709,-0.05876986446703816,0.633602589989476,0.11058753919077718,0.01480900929567862,0.432598610441395,0.021340090580646426,0.942634681807483,0.11479118619349359
duration,BB,201609,347,0.6197764371540544,0.9798542690190688,-0.07167101595210291,0.6312950194301877,0.29273496050029324,0.2790972559343641,0.43172286755758804,0.025938808665627314,0.9385380730007092,0.10944711876838024
duration,BB,201610,360,0.6209496837423352,0.9778207879958091,-0.09544183725697471,0.5967909449850501,0.13126130088452329,0.0903755098744677,0.4315059775558206,0.031224633424763688,0.9303890165157596,0.10693954014218603
duration,BB,201611,352,0.6958235875645569,0.9541788772595541,-0.07042890222776907,0.5815840259118675,0.3863636363636363,0.1072955020324907,0.4218379201868214,0.03330321801786635,0.9373743450777766,0.09814742895468644
duration,BB,201612,342,0.7075554520930111,0.973866675986381,0.023294366144579234,0.5976287862351949,0.21709474476183876,0.10736489821864305,0.40755200972078637,0.029004057006882546,0.9298384923163859,0.08731649697710155
duration,BB,201701,319,0.689482441007896,0.9778628369051866,0.02957761578044597,0.557065041598074,0.10433474300585557,0.1736545396409404,0.3954565775488059,0.023275592313177225,0.9082999214812914,0.08927039146733177
duration,BB,201702,335,0.6858852810521452,0.9654057609161286,0.026902378611646648,0.5589827942234359,0.28609444224557284,0.4450162759727206,0.3839590882874766,0.013457668910448068,0.8918878536107832,0.08771961963551103
duration,BB,201703,325,0.6824173034333334,0.9702648249835986,-0.011941342002691696,0.5675845619232576,0.15892297205180644,0.18495601214800517,0.3748307830556603,0.01187453227435676,0.9140247004661174,0.06910529443800771
duration,BB,201704,329,0.6761155104178093,0.963125669212813,0.027666313966262072,0.5953559403370309,0.26615424015527805,0.37708671993607457,0.36644529372397666,0.0064015632837107345,0.9409035442926044,0.018936357222670144
duration,BB,201705,327,0.6788020257499147,0.9621831759920451,0.04121267573344389,0.5897638295210218,0.1520011064634764,0.2790379180345945,0.3605870370451234,0.0009120851845036146,0.9521936519114874,-0.00397346568581811
duration,BB,201706,314,0.6556975012784546,0.9861794816536907,-0.01999009652496557,0.5955131981862557,0.178234836394011,0.37662622582288313,0.35491902623740734,-0.004363977138095315,0.9448066251250323,-0.00802774388904142
duration,BB,201707,334,0.6139653898726476,0.9808821556748656,-0.07867910810086162,0.6073505530259745,0.09082359685630757,0.21551843177830285,0.3506974555157448,-0.0027562432194292346,0.9522185697814658,-0.014370525265095555
duration,BB,201708,331,0.6180102838192825,0.9776078972209855,-0.10025611923111287,0.5657649399972342,0.003559196963630408,0.1554430574520528,0.34422713258644116,-0.005002356107884016,0.9571895354412626,-0.02058844836054926
duration,BB,201709,321,0.5931529821458787,0.9894700915046618,-0.08761899924537066,0.6080238361402043,0.05848341266616359,0.13120362077137748,0.33796465795757835,-0.007106947829971829,0.9637506927710535,-0.017070211979667106
duration,BB,201710,322,0.5666041312888562,0.9684062382932339,-0.2147501914429452,0.5033552650559041,-0.0962965652053503,-0.0734203647188308,0.33068801651783675,-0.010152442259783217,0.9594660637753349,-0.004353838559970614
duration,BB,201711,306,0.5414760490621203,0.9781923864181717,-0.2722735444367313,0.49929785721864145,-0.09693899025942412,-0.01683781527844597,0.32090351207958795,-0.015135216456519501,0.962068551134692,-0.029554778343500523
duration,BB,201712,302,0.5500286131736123,0.9455550328616473,-0.2834393954015542,0.4657349322010776,-0.08162004953218036,-0.11955602197364275,0.31071073623460355,-0.022596042733033072,0.9640565951258379,-0.04318314249329067
duration,BB,201801,310,0.6055673148484032,0.9612127260405081,-0.26741555835061226,0.4659683464941954,-0.028675468745436916,-0.2858938244117065,0.2974610283552329,-0.02418840669777582,0.9635346530008329,-0.042680591516697425
duration,BB,201802,332,0.6508614032264383,0.9353968443963522,-0.19857465298443713,0.5186668489928213,0.2704289846574999,-0.17758961559924416,0.28530492502456667,-0.02096459190722588,0.9609728352889007,-0.04453825971096758
duration,BB,201803,313,0.610206502946557,0.9302775440072829,-0.20784931273118323,0.40551870066882817,0.02190791646643176,0.08244474123156968,0.27341710790344953,-0.024022768678952495,0.9553208694266666,-0.030747167897302568
duration,BB,201804,318,0.6372356883651326,0.9437445709728135,-0.13581573271780548,0.5225918125331467,0.25787668632203753,0.10392614396716512,0.26227742643027824,-0.0264242865384142,0.9551947221448859,-0.025794881556509514
duration,BB,201805,318,0.6742521174261725,0.9493511297447674,-0.022217478844650054,0.5888250646705693,0.2765014920182203,0.11025779959080306,0.2501703378555897,-0.029005144488910804,0.9474199371367237,-0.026180541369617564
duration,BB,201806,315,0.6920097238568188,0.9748598909385046,0.03755312654772463,0.6270270892865688,0.13383513205330508,0.11223236336103133,0.23955622572204213,-0.030133465510577846,0.9464716213755582,-0.01867610408742817
duration,BB,201807,327,0.7054541648196673,0.9489488389301322,0.10051348965676296,0.6264816860971918,0.2230673611120644,0.16186429087835882,0.23063436176449276,-0.03699195280721758,0.9410841717892136,-0.013000739273005496
duration,BB,201808,319,0.7198483096342192,0.955774723045124,0.13617954101851304,0.6296877636800663,0.08530564263322885,0.09544364942797566,0.22369786121552124,-0.040233592703135035,0.936448606828014,-0.02829903955167422
duration,BB,201809,321,0.738277240033919,0.9621097762453391,0.13963509316770187,0.668782413626665,0.24771361815754342,0.1124958198277424,0.21763262959847604,-0.04320584840099636,0.9314972883643298,-0.017958871230199114
duration,BB,201810,327,0.7380243904692544,0.9280450501035553,0.19793085477828717,0.6451674180384583,0.244888976556375,0.16836079819247488,0.21239074903058228,-0.042140854263125145,0.926931095881097,-0.045813239748404816
duration,BB,201811,317,0.7225533044243146,0.9641382179853147,0.20325153942765609,0.7178070647917417,0.30946357171325695,0.3084330527752074,0.2125311356787671,-0.03526524596196142,0.9277212065435215,-0.05662181197623968
duration,BB,201812,322,0.6171284068910032,0.9172754059563308,0.05855323587550036,0.6079424589892465,0.010536595570241185,0.07190218301136096,0.21570039828789928,-0.029200212503090118,0.930842696207682,-0.06297248726718872
duration,BB,201901,318,0.7059093418249133,0.8881894969054795,0.20304975129297986,0.7007323430696641,0.20402259978927215,-0.1360786713712687,0.21841252060008184,-0.018673534257041408,0.9371205296534576,-0.04943664785890036
duration,BB,201902,323,0.7073838081767533,0.9496726940578835,0.17999032819331648,0.7043738481113121,0.1294002981309483,0.036493336464757775,0.224581756863693,-0.012876276773138145,0.9358959111646566,-0.03401317328394314
duration,BB,201903,317,0.6463868708695416,0.9615466115462614,0.1076420255274136,0.6844666402598174,0.0444657830041762,0.2435881425680136,0.22942831825906185,-0.003456936304021883,0.9354509727686908,-0.05133285996030795
duration,BB,201904,317,0.6198567405571934,0.9575283244646206,0.06332655003205806,0.7034384294170557,0.009605365563683294,0.04313849213901129,0.23469933697857015,0.0012840815042742238,0.9413664719641731,-0.03646001024068414
duration,BB,201905,321,0.5202088406368575,0.9050086460752865,-0.032822749172810126,0.6223049856579908,0.015096215243513091,0.15171280221278552,0.23904647576929342,0.0062225573159969995,0.9468489426794299,-0.00739273873013652
duration,BB,201906,322,0.49723780040893645,0.9377179687344561,-0.00048074149568294144,0.7508318645993515,0.10710650949145457,0.203489131711026,0.23951611403227577,0.005464253574257356,0.9466823984940067,-0.021691828463545938
duration,BB,201907,326,0.4929407477943444,0.9691194223054239,0.01667482064847968,0.7931960917310973,0.08026167787297972,0.29437507203305474,0.24064022640387622,0.0019978138649991294,0.9481494309866774,-0.004287294677275692
duration,BB,201908,330,0.4575867934178483,0.9635008612674634,-0.003191948769205569,0.7657762767654881,0.07280908939051049,0.47399137414661496,0.24099237635613963,-0.00348657970474963,0.9559782374973181,0.018677853188950162
duration,BB,201909,325,0.4537679204484355,0.9717073224446541,4.229807910789507e-05,0.8207110857016916,0.10598849911733348,0.10692721846910928,0.24086664522086218,-0.007992092767824789,0.9701586256753576,0.01020447384183189
duration,BB,201910,316,0.4592125839322224,0.9637500696423101,-0.018915655548646805,0.7900724145917752,-0.0725947560671835,-0.0265623481776223,0.24123527530788608,-0.011437326985079786,0.9832191665521384,0.02480914448474045
duration,BB,201911,299,0.47226490119769055,0.9577094963289183,-0.009914928957823619,0.8030410125939521,0.11877802967385694,0.008731800331984953,0.24079094550022315,-0.01734717247459382,0.9675813444052974,0.070084939647188
duration,BB,201912,290,0.46676296542978457,0.9790896200786562,-0.04169396413340435,0.7704906538613084,-0.014184022033145664,0.15628963929178963,0.23852647906939184,-0.02964425027218855,0.958227743900736,0.0957207441802185
duration,BB,202001,289,0.43442198635743895,0.9660732431954386,-0.11437129618581714,0.7051965689720636,-0.09250089488127909,0.2117139841888055,0.23743072977275748,-0.0391067909683439,0.9584400040073002,0.11399662100855826
duration,BB,202002,290,0.3330218360162073,0.9229394662244492,-0.1865916647497961,0.6703445191336876,-0.19076851543193551,0.08561911630431523,0.2312078094239819,-0.04595779785565005,0.9670307381015846,0.11798378165236355
duration,BB,202003,316,0.0017978614290940444,0.5138739806319739,-0.3005793844111937,0.3809296445104391,-0.16013827645021994,-0.055014612035286355,0.22044322124196508,-0.05577308241451808,0.9727463577996763,0.09507778469068931
duration,BB,202004,309,0.0999895164245305,0.8198716244213948,-0.1929049340887737,0.7913584045611011,0.07107837355253577,-0.30822027988601725,0.19827851083368894,-0.06239897724795378,0.9585704972234688,0.1371768761811998
duration,BB,202005,306,0.25984249412774807,0.8943439712100314,-0.08677813411902915,0.8632747837296012,0.27076036801221265,-0.2873374920242975,0.18417580132770417,-0.06266750609867278,0.8761159847809658,0.1323127288410042
duration,BB,202006,302,0.31437561655403656,0.9056423295510322,-0.036222449113407086,0.825375688086837,0.26466038608437203,0.07186403962851899,0.17778258761467092,-0.06093911212610382,0.863868687066656,0.15611799090124986
duration,BB,202007,294,0.4273415641360989,0.8499465031937021,0.06931881099752911,0.7936399850377535,0.24733437772633204,0.04971260035745884,0.16977469742568677,-0.05193609546326527,0.8542422756951832,0.1550987913744241
duration,BB,202008,286,0.4441066846684936,0.9579760839440823,0.08198399803021111,0.8445906399007687,0.1016588033276095,0.3410875915968631,0.166248338108923,-0.04524849197335454,0.8472395307968454,0.142679438424068
duration,BB,202009,259,0.4652210565142845,0.9548942029403573,0.1066755996988555,0.8351147898508354,0.23051160027904213,0.4400629572105,0.16257145217503455,-0.04116606477985238,0.8422125320985779,0.14820943598184347
duration,B,200301,70,-0.13288426209430496,0.8479223165077422,-0.13039979004461552,0.8414486921529174,0.12382118799755051,-0.18222377744729246,-0.0016147322342366759,0.10225357925592389,0.8390273091619745,0.34921961264452017
duration,B,200302,74,-0.18427385616096562,0.8489807403471571,-0.16430951499444646,0.8329211403184004,-0.16537578674564973,0.39198815253609764,-0.0019991603343364763,0.08945194597835673,0.8130745729926161,0.2745003804155151
duration,B,200303,78,-0.025430426728380005,0.8670426667341107,0.019259221790867358,0.8288472846767473,0.19839654016869204,0.11311544857551423,-0.010646925240721932,0.09121544286574049,0.8185203941410102,0.25098078430114423
duration,B,200304,80,0.009235818096577591,0.8566740311564777,-0.0116502578527895,0.8426912956737276,0.12250351617440225,-0.26098371416126864,0.007173685923340214,0.07955702748305317,0.8232172170743892,0.274803581169482
duration,B,200305,80,0.0056727946132866585,0.9022790804132925,-0.03755274261603376,0.9034927332395687,-0.14442100328176277,0.213666197843413,0.03134906525458659,0.0629478417526693,0.8151320853602566,0.2614663886563642
duration,B,200306,85,0.02790724943703131,0.8612203618486876,-0.031717803400429935,0.8604888630592393,0.11301543873363298,0.19204705905573674,0.04539485225309535,0.06114249455936139,0.8220595802969908,0.27957916763422075
duration,B,200307,86,0.129506108778716,0.8513595109536019,0.07901316099816029,0.8576711889733933,0.08025850275956412,0.2880163028224111,0.06508109564627867,0.030322887221250067,0.8255277961072092,0.28508206593686286
duration,B,200308,88,0.11935225381969031,0.9126211882745096,0.02361663907576345,0.9068014511641014,0.0726462611390934,-0.08791518438941921,0.08369562874880672,0.0035798120439676177,0.8397091940057984,0.25386413917926337
duration,B,200309,94,-0.004580444967862012,0.8391666997854822,-0.15467254271574613,0.7930267169712941,-0.15395007766499297,0.016804658488741776,0.10300463266278882,0.0020839203180932344,0.8404960927503128,0.23982874275982866
duration,B,200310,97,0.06519566589522406,0.8535821243935653,-0.06833841784136334,0.8493676670295838,0.023379970544918995,0.3110742921405016,0.10307219581667063,-0.003939558098679115,0.8108448952896957,0.2117438508807645
duration,B,200311,98,0.08894598592448448,0.9657885341418363,-0.08097597051941677,0.9372517516847413,0.054338886444924725,0.32345121741292576,0.10964469230870288,-0.028287163956746426,0.8299189002039155,0.2121274797752375
duration,B,200312,96,0.07969370487601739,0.7811433881130502,-0.09290558871405319,0.7433760966405221,0.12467444384156266,-0.0871408272550699,0.11979249257539619,-0.04189337298955403,0.8589733983316827,0.17864711052968868
duration,B,200401,106,0.10505659160885142,0.8045726838168851,-0.05647278131848754,0.7705387574369045,0.1056956445071416,-0.16768059974509647,0.12547013410305743,-0.04925173176620501,0.8021006092760085,0.16130329713331984
duration,B,200402,101,0.10684364252707658,0.8958753159769414,-0.11772859638905067,0.8660995873911236,0.16721025043680837,0.46331214310570973,0.14125466634335299,-0.05937694632404519,0.7986428978082152,0.1706273517296199
duration,B,200403,106,0.03372060216483417,0.8998480982074919,-0.1760888732146006,0.8752169564905632,-0.05145476988185506,0.5138436502614744,0.1544635636755403,-0.07336347578417983,0.803307863476715,0.14782553868028767
duration,B,200404,107,0.2088756092209917,0.8491530903141745,0.004859029369697682,0.8591903210898791,0.3352534336487784,-0.010438147486104011,0.14961202487933042,-0.10520005288197655,0.8117592956362912,0.1251708665139936
duration,B,200405,108,0.20813932165062565,0.8761161432221379,-0.028856688292510976,0.8298933469343864,0.10950108129221564,0.1627519256162091,0.15822198855637493,-0.10158201033368135,0.7881271028432114,0.09490112881232432
duration,B,200406,106,0.17166162427089895,0.8787966576312588,-0.058044688515504955,0.8519815399850676,0.22315092614355547,0.42124832796322254,0.16251140259667735,-0.11860079608062245,0.7808794863705711,0.07766755777171125
duration,B,200407,110,0.22563499148164054,0.8745404339272711,-0.01682032324234159,0.8493576811344115,0.09142303270743637,0.27030365600547723,0.16543785490103435,-0.12117007421340363,0.7865176027599362,0.061753966415382104
duration,B,200408,108,0.17848466660950582,0.9162589969284594,-0.020682690750426322,0.8660953732955885,0.14157782922251755,0.5822190889540314,0.16534415646928768,-0.1280534282759711,0.775577112158293,0.08864267160849176
duration,B,200409,111,0.18451291906512743,0.9411984082154834,-0.0661986661986662,0.8908125658125658,0.05007020007020006,0.4473148473148473,0.16811213657410118,-0.13425114544452096,0.8013443178795694,0.07549521427823994
duration,B,200410,108,0.16023721911023156,0.9564311300910673,-0.14397858374536757,0.8856757020700715,0.0403650671163318,0.5112476093634623,0.1775177347934828,-0.1468008378123082,0.8214024553736531,0.07801467512276747
duration,B,200411,109,0.1943299578164661,0.9393096929342915,-0.18129923084051525,0.8217692181359969,0.039996293207302386,0.3996691664620195,0.17983398552816987,-0.1518445992064396,0.821723304554953,0.05552698337146525
duration,B,200412,116,0.16251905301043557,0.9459996617119971,-0.16068888632606776,0.8607399804470581,0.1566140006919617,0.2860240227473614,0.1790148372915702,-0.14676740439558011,0.8105714651155614,0.030459029647952857
duration,B,200501,115,0.19390080072001892,0.9550538745911566,-0.1212656829479997,0.8603623064056558,0.13746547778742207,0.3018667676695838,0.18648295304424,-0.14782404948488287,0.8573283207836931,0.07269102882186354
duration,B,200502,115,0.07600455301494073,0.9064223658428145,-0.19908466819221968,0.8196536330277786,-0.052852521107867124,0.4386933612676438,0.18665462688282575,-0.1434216900223181,0.8822306062392815,0.037000018219962946
duration,B,200503,111,0.14048850688318307,0.9222854761065113,-0.23934713934713933,0.8564026176208914,0.10178132678132677,-0.10252348975842702,0.18086811430722763,-0.1346491530606234,0.8794277799685546,0.032983791972623154
duration,B,200504,100,0.08432668564900134,0.8967647473614982,-0.2756435643564356,0.8201789389822969,0.04238823882388239,0.4471013927556807,0.18353141839370868,-0.12877172778705867,0.8648998327731698,0.030868283099577263
duration,B,200505,98,-0.05375267775280113,0.8696663957072512,-0.32601419199357334,0.8219651447138803,0.002939132541488948,0.10290822035328366,0.17364648146710496,-0.11429733874145115,0.9244272871766923,0.03274329983263097
duration,B,200506,104,-0.012295989267058747,0.9555768343427329,-0.27996372559479354,0.8860977600561374,-0.17944094740211247,0.044073637436012975,0.16125366170656671,-0.11663739338985644,0.9264419572534949,0.05684820105176902
duration,B,200507,105,-0.05082430754813759,0.9530269180329567,-0.32942152187435203,0.8918694066726167,-0.2182355380468588,-0.109004014628229,0.14718385099360795,-0.11299447160948414,0.9219748243732602,0.07719302887611705
duration,B,200508,104,-0.07054857182509845,0.9158055894889016,-0.34261175717486403,0.854952669779713,-0.1039261709164622,0.07943049031952483,0.1312588231933306,-0.11213493221428032,0.9269397178991138,0.06640718950149954
duration,B,200509,101,0.024508219400084828,0.9151237354797099,-0.22844496214327314,0.8759955620175814,0.14801397786837509,0.09620295924024261,0.11715564599027563,-0.1112864145649053,0.9223727987647414,0.09615602463375125
duration,B,200510,103,-0.04747313333734396,0.9220842337373953,-0.25714976057637395,0.8812997148025896,-0.031970741993586085,0.24933896757730634,0.10729786163411018,-0.08908899185161967,0.9214756220110516,0.08175209841336782
duration,B,200511,101,-0.054228621017932056,0.8430208855082761,-0.26994758299359345,0.8457533241455274,0.04847990681421083,0.11081019691624695,0.09663772958915645,-0.08624012658387098,0.9277489317764204,0.08571912154854122
duration,B,200512,116,0.0680740480197072,0.9013118566873287,-0.09647483950332526,0.8723902371580132,-0.08683350632376119,-0.10026563743447567,0.08151603919989155,-0.09212538218022018,0.9340865704173191,0.1304198986456194
duration,B,200601,116,0.05127071568375133,0.9187340823267108,-0.1103755814400492,0.8871846030090393,0.03390612386114635,0.0743363376189902,0.07294938122988047,-0.07419666137986641,0.9297591996462587,0.1366401761810118
duration,B,200602,116,0.025625648714104488,0.9673526737907749,-0.10397877984084881,0.9527406647257813,0.10415561450044208,0.01572299844141645,0.06506987677614713,-0.05673362247363411,0.9281084192253196,0.15423097761107712
duration,B,200603,118,0.06749361347034918,0.8953814296711461,-0.08070659815425518,0.893666984394801,0.15135180538969173,-0.31405052242539777,0.062645511079381,-0.04084250474461761,0.9328172933018651,0.16327348541870235
duration,B,200604,117,0.16759985838244124,0.890496974692318,-0.02731945630835169,0.8820431934466642,0.14301128444904013,-0.3666216461770549,0.062318411692174634,-0.03689233246244113,0.9290546860876574,0.16862600217450385
duration,B,200605,120,0.14585811093734358,0.8945995874738807,-0.016959511077158134,0.8658984406889235,0.07074102368220014,0.02927291699587195,0.06225789810677293,-0.028641634913809912,0.9054066571607936,0.1930393016713012
duration,B,200606,128,0.2357296953990219,0.8795035765379113,0.04626556491485075,0.861894924792797,0.03233725508148691,-0.07612831972473874,0.06989026892397981,-0.00513816750147455,0.9148560250917191,0.1983713225197402
duration,B,200607,125,0.2936998270361849,0.8956764578517645,0.140073732718894,0.8815845258816237,0.24151766513056833,0.17134667494440156,0.08138979321078832,0.01322346362669905,0.9052621888535652,0.22492771562228428
duration,B,200608,127,0.36103645399313133,0.883197192527044,0.19197600299962503,0.8752925668290941,0.10061047056617921,0.256588795314173,0.09978854827252105,0.025957291008649765,0.9114078194926392,0.2265904342898044
duration,B,200609,130,0.30132638889865304,0.9170313906130313,0.0922394133471712,0.8619891026779007,0.04948039711043438,0.24143167324420647,0.11549352946652323,0.03300917380766721,0.904981313837377,0.18441178317237844
duration,B,200610,141,0.34025752469520615,0.9286514683407654,0.13096022946187763,0.9114902179031635,0.25491673444924867,0.13769853161522325,0.12656237518597832,0.045611405968649196,0.9057576823923571,0.20207993052617268
duration,B,200611,127,0.23106588219319685,0.9296868820908508,-0.10990227784026997,0.8056665040963958,-0.11052329396325458,0.20790949529237,0.1426673508767665,0.04285957951243098,0.8992954363992455,0.2112159314641317
duration,B,200612,127,0.13945075064138923,0.9196173692461094,-0.15008084926884138,0.8447760450847498,-0.037635920509936256,0.26406483202720243,0.15180693380458868,0.05483240176499503,0.9074142473472817,0.19507131624416554
duration,B,200701,123,0.281670248605267,0.890611875071886,-0.007255162451148572,0.8670043821367581,0.19138151191136452,-0.2115966890567328,0.15122850648014938,0.04853299675910815,0.9129119290427427,0.20720687355585912
duration,B,200702,118,0.24734128029065108,0.8552802652972179,-0.0587358802712741,0.7469861038358913,-0.06606919169232231,0.20530650258750763,0.1481309862038572,0.0317301106066895,0.8934137514883081,0.20864904618141444
duration,B,200703,109,0.18502541481717855,0.9338649590792816,-0.10337318135483274,0.8576201134196205,0.07861180613474192,0.3622606189853139,0.15085327348294472,0.02704899244318863,0.8905862059926754,0.20549712805810502
duration,B,200704,118,0.23919990359162197,0.9106407222429036,-0.0514902179907165,0.8266658875658633,-0.04566155014809053,0.18069666713046606,0.15332536979878172,0.024419981818123652,0.9103428813266028,0.20753979512837864
duration,B,200705,113,0.1356644112872309,0.8959947433943544,-0.1699464368886819,0.794919779452103,0.052673165213919765,0.24863803845126464,0.15588095788608589,0.016989424797056285,0.9170823362260816,0.22196165371720386
duration,B,200706,105,0.3340572986635105,0.8419964077977268,-0.04276383993365125,0.8331126000155262,0.3087704748082107,-0.10823279381991381,0.15566140731282105,0.0061075645702925955,0.9156421412204795,0.20745073729027697
duration,B,200707,101,0.2374846752621463,0.7434776657952239,-0.044915550378567266,0.6268702788124886,-0.0780430984274898,0.0792025579661538,0.15776958398471383,-0.0006432040171308584,0.9244881378135884,0.20302849448857527
duration,B,200708,95,0.10112052856160715,0.8105138281876495,-0.13882978723404255,0.7578833912539101,-0.09840425531914894,0.2886208308417408,0.1551709226105967,-0.005523915196988092,0.9240067968945683,0.20790367758857256
duration,B,200709,91,0.040436536218413435,0.8617319047516713,-0.17730530339225994,0.8337221988017066,0.016642777512342728,0.32749106141396195,0.1472700159286141,-0.011178148692952052,0.931041980501869,0.21378859643556808
duration,B,200710,79,0.11750243427458616,0.8992995332416609,-0.11713729308666018,0.8682014861497566,-0.10350535540408959,-0.20894723069539006,0.1357332203596166,-0.024881716120863016,0.959469440102302,0.19564860570227932
duration,B,200711,77,0.0546032914453967,0.837898943162101,-0.15939323834060676,0.7664703717335296,-0.08176034491823965,0.039986329460013674,0.12253018733655154,-0.03125527710973262,0.9559421534577691,0.1336748867127684
duration,B,200712,73,0.10449994601925305,0.8596485816242805,-0.11214982105393065,0.8408305565839813,0.18406762927310874,0.02125755892879181,0.11728569977846719,-0.037322132968061195,0.9492822852469527,0.11547540516687696
duration,B,200801,72,0.2111389799987138,0.9278880940181606,-0.0162389864299955,0.9166814053761462,0.1683709563315969,0.14144223814031814,0.11832993821295042,-0.03736823797257464,0.9552009399792604,0.12497214606871772
duration,B,200802,72,0.20125250219717625,0.89017694209049,0.006206186893047786,0.8301820052736512,-0.07817222972538429,0.14213132677342596,0.12359685291668296,-0.03233125656284226,0.9862352607757375,0.10473936957336322
duration,B,200803,50,-0.05671068427370948,0.8550780312124849,-0.23812725090036013,0.8633373349339735,0.21210084033613444,-0.1793517406962785,0.12352528628095483,-0.028665375713668693,1.0132078728531462,0.10834978156569477
duration,B,200804,52,0.059251670201966686,0.8305905959075403,-0.15239477503628446,0.8263467941603346,0.19969264919320412,-0.19866814650388456,0.1164186872915467,-0.022658998219767287,0.9805925457102453,0.12313696712133128
duration,B,200805,55,0.16403614786485018,0.7466358815253075,-0.007215007215007217,0.7816519058253154,0.2530303030303031,-0.04134273706908254,0.11480796239733769,-0.00713664719144823,0.9737473576833207,0.15314315456586147
duration,B,200806,40,0.03977485928705442,0.5446784564367224,-0.19193245778611634,0.5541535725407715,0.15084427767354597,-0.3944837942329345,0.12216041975131746,0.0009519923953020216,0.9973758329179555,0.17189672247832555
duration,B,200807,37,0.23436666510259285,0.823069173397725,0.03413940256045519,0.8537221431958273,0.3084400189663347,-0.1391654812707444,0.1079652253716472,-0.012388773049404434,0.9887580102765127,0.1634194614311879
duration,B,200808,38,0.35857314804683227,0.8966460592290505,0.23886639676113355,0.9041965325127707,0.434292592187329,0.15308858150615592,0.0998950555181873,-0.022421484685086326,0.9854760781627395,0.1752150106065485
duration,B,200809,38,-0.04519093992778203,0.5957982273771747,-0.1721194879089616,0.5369296421928001,-0.4432651274756538,-0.1075610022978444,0.10882100531798629,-0.03991263406022765,0.9796684870581015,0.17834465638254768
duration,B,200810,35,0.14229691876750702,0.6857142857142857,-0.07535014005602242,0.7221288515406163,0.17815126050420171,0.003361344537815126,0.10726883311629223,-0.043690356093480945,0.9181864840016136,0.16161192131427723
duration,B,200811,35,0.017789606561975806,0.6323014489823526,-0.06330532212885154,0.630812324929972,-0.1184873949579832,0.055462184873949584,0.10900754145749968,-0.03780309351965843,0.9109797576622372,0.21660837810514827
duration,B,200812,32,-0.01686526151161384,0.8050233785770662,-0.11546920821114366,0.8250389549819146,0.01502932551319648,0.3083127132369652,0.11061936391537947,-0.03655012107156209,0.9004249326993953,0.2393243117267915
duration,B,200901,32,0.1224340175953079,0.7844179783499524,-0.003665689149560117,0.7851512505895878,0.14039589442815245,-0.5717690288556909,0.10402488331026302,-0.047372279317037115,0.905767813080111,0.230915845852198
duration,B,200902,33,0.23195187165775402,0.7780748663101605,0.034090909090909095,0.7850935828877006,0.018716577540106954,-0.24197860962566844,0.09203783115698662,-0.06501792127184422,0.8595640752399507,0.19501767017072114
duration,B,200903,33,0.12399732620320857,0.8830213903743317,-0.019719251336898398,0.8592914438502675,0.03542780748663102,0.3626336898395722,0.09405584872667196,-0.04406312238958665,0.7963724536749219,0.2529931850626411
duration,B,200904,34,0.34789915966386553,0.8224598930481282,0.15905271199388846,0.8646294881589,0.37173414820473644,-0.15569136745607332,0.11671360034776741,-0.03152324220283671,0.815220460361552,0.26871444172999387
duration,B,200905,33,0.48562834224598933,0.8014705882352942,0.2362967914438503,0.7974598930481285,0.4458556149732621,-0.04846256684491979,0.1296011033458294,-0.052012702970669705,0.8015473831798088,0.23107736836125836
duration,B,200906,34,0.5453017570664629,0.9101604278074866,0.3515660809778457,0.8774637127578303,0.2938120702826585,0.2189457601222307,0.13015027330558207,-0.0642241907673769,0.727521137391909,0.15881607185135715
duration,B,200907,35,0.5106442577030812,0.8030812324929973,0.1773109243697479,0.7305322128851541,0.1627450980392157,0.08879551820728293,0.16845598242704563,-0.06081676060764284,0.7400841126171379,0.14899873507727224
duration,B,200908,38,0.43319838056680154,0.8474669000984789,-0.04540978225188752,0.6233723602144654,-0.014771856877120034,0.30736404420614943,0.19645669867043783,-0.06536869391560177,0.7504386696139186,0.16263953344295878
duration,B,200909,39,0.3734817813765182,0.9190283400809717,0.07307692307692308,0.8417004048582998,0.23238866396761135,0.3884615384615385,0.18346727335203855,-0.045152288519061105,0.7359109107639857,0.096182718378561
duration,B,200910,39,0.2868421052631579,0.9279352226720649,-0.04554655870445345,0.8267206477732795,0.12692307692307694,0.5765182186234818,0.22188630999216372,-0.043266396032558795,0.7709647792458089,0.1431238645121969
duration,B,200911,42,0.33344137428085246,0.9542986791994167,-0.009966777408637873,0.8818572238878535,0.17559354995543314,0.5899846041649786,0.23316789813058417,-0.005532797630220253,0.7935240345179108,0.10692274313820872
duration,B,200912,50,0.389483793517407,0.9123169267707082,0.05277310924369748,0.8794717887154861,0.4232893157262905,0.0885954381752701,0.25076737409692074,0.03053211796940201,0.801604653180368,0.08833885786248914
duration,B,201001,55,0.26551226551226553,0.9244588744588748,-0.07777777777777779,0.8404761904761906,0.04264069264069265,0.31428571428571433,0.27776342689900435,0.055457164266143846,0.7792954405798427,0.11069395124505439
duration,B,201002,58,0.38291523759854706,0.8640949920019688,0.06905779937863361,0.8409492902851126,0.35291765357285676,0.4758447791140685,0.2867073094423122,0.05716475043821112,0.815720573744404,0.10123750119013843
duration,B,201003,59,0.41104617182933967,0.9363666916062608,0.13857393337229693,0.8878563393165662,0.2954412624196377,0.14272563890534232,0.31571890275604,0.0751213424553639,0.8762617724290914,0.01638058285951762
duration,B,201004,66,0.434965034965035,0.8763803360818287,0.1198413526771736,0.7822774240684689,0.11266047385450373,-0.26742511220123166,0.338138284768731,0.07618828520117268,0.8476168870041739,-0.040418841147216736
duration,B,201005,66,0.33546259192345956,0.9236806949240347,0.018056570295376266,0.833128065963887,0.16547333263751177,0.5150819329923808,0.3363925650216229,0.03840868912689998,0.836715484937733,-0.01701613248364167
duration,B,201006,67,0.3177092687452819,0.9249418831337651,0.002633889376646181,0.8591952589945833,0.32492617128262435,0.12048168730832796,0.32821090251871177,0.0060702940833144625,0.8462935959797944,-0.002379534397770438
duration,B,201007,69,0.3192546583850932,0.8956502677831363,-0.0005480453050785533,0.8261933905907427,0.14497625137011327,0.320046036700038,0.3359870088965187,-0.03213804581961519,0.8719937910005348,0.019726081468827997
duration,B,201008,81,0.24540840239070827,0.9563616859255276,-0.08733062330623308,0.8691832564155801,0.09385727190605239,0.37193283576033953,0.33015658432842643,-0.06183917750006453,0.8790146549729729,0.03956615656789192
duration,B,201009,91,0.15015368935953272,0.9487720583550996,-0.23870043000477784,0.8366752139174471,0.11987577639751554,0.2247925592347396,0.33430978271729905,-0.10778327207911773,0.9052278372817362,0.0909219786890589
duration,B,201010,104,0.10404914128155351,0.9005881333390489,-0.24260108823215623,0.8047882726188604,0.017390376613677587,0.10357520085088422,0.3086815719697442,-0.13046411251790271,0.9216965625771067,0.08131027966494894
duration,B,201011,106,0.03703078593540465,0.9137054558944683,-0.27133032722875783,0.8637450279520263,-0.0132957150414389,-0.14926102542059455,0.2845878538551724,-0.13252730159844878,0.9203928258328237,0.07628772689393404
duration,B,201012,109,0.008150348208539942,0.9085247755052868,-0.3088870354925401,0.8616386879838949,0.23503845797423784,-0.08337542107132905,0.2594907961272037,-0.13039442349264543,0.9075344431872168,0.07531015738373734
duration,B,201101,109,0.025090469328734395,0.8970150775190205,-0.29501436382170326,0.8600030581273772,0.24859605226577708,0.1178163183050285,0.24034649065566271,-0.14285815616477698,0.9119570340629182,0.06507137123596059
duration,B,201102,106,-0.020762274227271584,0.9105899956952481,-0.37681940700808625,0.8553010436610348,0.16922689371992847,-0.0005189322088139215,0.22970196010538718,-0.15372327259226418,0.9231040892744935,0.05820446908977175
duration,B,201103,107,-0.16652665764999885,0.8516385955324602,-0.39773506534218933,0.8078724112933248,-0.060306824193263976,0.16709770959462375,0.2000836735198925,-0.15011428055229395,0.9099598772419654,0.03872147568540075
duration,B,201104,107,-0.028174740209768866,0.8891101281881725,-0.289739219028586,0.8721629942264613,-0.04619016830267051,0.15988381348871097,0.173532381352566,-0.1476887688501058,0.927800604887362,0.07537026581773178
duration,B,201105,104,-0.0857891971335526,0.937988776165871,-0.30748959778085994,0.8974733074541088,-0.021721967353035315,0.12357935223391654,0.1565012696918086,-0.13655766321155316,0.9503512377216021,0.080386007441899
duration,B,201106,107,-0.07898977728341545,0.9500055106576797,-0.29458845196810285,0.9262253527363559,0.0235016360038402,0.24633184019118187,0.1392778548014619,-0.132604778539762,0.9444262869721113,0.09843601594496544
duration,B,201107,106,-0.046583099897812154,0.9599231161152588,-0.20160213618157544,0.9332181256796989,-0.16059148046451874,-0.0857710019142522,0.11865954392890993,-0.12731849396816572,0.9516117867981202,0.09143291189935236
duration,B,201108,110,0.036837086845182616,0.8589152598939381,-0.1087888555778464,0.8500275005270908,0.03452877397831526,0.15688369534994923,0.11285590985757936,-0.13013132631675395,0.95219363057373,0.08823113218085205
duration,B,201109,116,0.08284767499322249,0.9013118567006488,-0.05122823203782725,0.8909523910222722,0.08877099911582671,0.2260835468491988,0.11552232533484867,-0.11743627511126847,0.9604564773052049,0.0760988990164822
duration,B,201110,119,-0.0200934346496667,0.8235799961200294,-0.18758011679247974,0.8030124182451968,-0.07301666429283579,-0.41547158055681,0.12526304703792218,-0.10662289284179718,0.9654802933360698,0.08805188353087559
duration,B,201111,126,0.019167661545377714,0.8516522083476639,-0.12781102362204727,0.8444325125462051,0.08828196475440571,-0.023289228582217873,0.1195643737677818,-0.11551518409841238,0.9188091106236987,0.06848297354147781
duration,B,201112,124,-0.07177059844579631,0.9222133927107619,-0.20932179386309988,0.9008431183148256,-0.12547600314712823,0.15306421106043086,0.12884623533652587,-0.1116882145112493,0.898594453200102,0.07844419735197089
duration,B,201201,125,-0.048408750871966916,0.9228689577201704,-0.1925222734254992,0.9137232372492806,0.11791090629800305,0.025963213404772003,0.1289380838639237,-0.10320150544474249,0.8961187809524256,0.10238512764671094
duration,B,201202,127,-0.0948046945373488,0.9471738515921571,-0.21648270528683913,0.9328714756539476,-0.12965176227971503,0.1995342365442468,0.13344816409821256,-0.08682184273164684,0.8871728452075901,0.12226942613127394
duration,B,201203,133,-0.09754032299201192,0.9369866367758366,-0.20918986747737728,0.9240200110443173,0.07914630538354026,0.24320584773416257,0.14099937594756345,-0.08800750675600082,0.8930680583940642,0.1289774148987638
duration,B,201204,135,-0.1288635091591486,0.9288566805374334,-0.2477611940298508,0.9219734660033169,-0.009540532630962835,0.2975709686859819,0.15300725544783333,-0.0914329935821147,0.9047583113000763,0.14414308585108637
duration,B,201205,132,-0.09528679436272844,0.921178853894759,-0.23927619186759402,0.9252356807778556,0.0671526143603283,0.1782394936676275,0.15624654294477386,-0.09525704211190132,0.9045051147173139,0.12772875330567302
duration,B,201206,136,-0.11203704035079716,0.959533035881229,-0.2579981871093936,0.9390010018605981,-0.07525404322312866,0.2810266685749726,0.16054157805333613,-0.0916544518061267,0.9066483162161801,0.1047404482525537
duration,B,201207,141,-0.09979889956649789,0.9580909203794387,-0.23203904276724174,0.9431726845355067,0.030583501006036212,0.20532837020645098,0.16600311196918235,-0.09692141302427308,0.9109959484778535,0.11134369755234254
duration,B,201208,136,-0.10326094086756649,0.9489002168317755,-0.24115738752922092,0.9429165389498368,-0.09693239826344162,-0.006996334855611646,0.1578581307235249,-0.10461406061577855,0.9128503318190572,0.10787685638330763
duration,B,201209,155,-0.008286907797543135,0.9653779470731946,-0.1296445489993877,0.9589562670170777,0.21271309335825464,0.1992512308291828,0.1412845749192005,-0.11798646491013215,0.9097985248083635,0.10752702014773681
duration,B,201210,162,-0.02382862695375312,0.9622189887343984,-0.14540032544833822,0.9499370905919406,0.069638323305968,0.24558593256743527,0.13627256732806578,-0.13083131577721063,0.91047203133444,0.1109440389141457
duration,B,201211,164,-0.04284279164420321,0.9331857853334857,-0.18051501095044412,0.9094600467828301,-0.044378545291309024,0.3575198077622444,0.14713677069362432,-0.13769852464677354,0.9340412082933256,0.11742269419850503
duration,B,201212,167,-0.055729368970355506,0.975684571929169,-0.1823358446617952,0.962402837871899,0.18244148535974525,-0.007921769147873594,0.1445818863868301,-0.14002748122623127,0.9617380059995995,0.1129204641965846
duration,B,201301,166,-0.05021554961061253,0.96314174667199,-0.17582491096667566,0.9552721207786623,0.22395471925808846,-0.031788360926583645,0.1493183897196066,-0.1512716291991549,0.9582813902207439,0.1182790438868863
duration,B,201302,162,-0.08767224206314249,0.9727171433271519,-0.2107299159846506,0.9554010951799059,0.11287807260066528,0.05795698317720574,0.1518500310529688,-0.15742007433852317,0.959227369444315,0.10876490251085551
duration,B,201303,158,-0.07571521149823626,0.9686448677394751,-0.2305330877039791,0.9447051262085194,-0.004592619862206192,0.03032444294018384,0.15180429719778554,-0.17467644903225366,0.9632079711117557,0.09819656142897283
duration,B,201304,167,-0.1460139510593256,0.9622931864681316,-0.2887289105094459,0.9301147233699414,-0.20282756346171685,0.2799069845341566,0.1494621984439089,-0.17894801746387712,0.9590526458109863,0.10023354949615301
duration,B,201305,158,-0.0900927351398888,0.973150671594789,-0.22879887550029743,0.9429845144978147,0.09127584774833843,-0.011626872176749256,0.1458579112870911,-0.18328912485314086,0.9639104134191183,0.0996842666697885
duration,B,201306,158,-0.016587650688901463,0.9551375325455507,-0.19751612132791974,0.9252870590765646,0.05676806737262287,-0.24951320137293656,0.14578209727974809,-0.19982807367206815,0.9624403521343042,0.09248452921860174
duration,B,201307,166,0.01911711561634886,0.9494648458962133,-0.11646673793705034,0.9440980019801521,0.2601557017400031,0.24623402313033022,0.1526591878233701,-0.20607282259762796,0.9599244428564153,0.09628957993274372
duration,B,201308,166,0.11434481709325214,0.9498360662207237,-0.05786674187222489,0.9439492309032397,0.32257281712587976,-0.18331784401891055,0.16493302450429873,-0.21428594180253127,0.9639865728870229,0.07744204504614992
duration,B,201309,180,0.23537914828521547,0.9355290571167492,0.08997191271335535,0.8935704607297749,0.22197392923649906,0.12737263713746425,0.1807840600221823,-0.21967858982099386,0.9648671897634538,0.07611259943769673
duration,B,201310,171,0.07329558954490965,0.9553301429435426,-0.15609715122279022,0.8564976036158864,-0.27396260829913366,0.2444410311309297,0.20841443283647038,-0.23031853726733426,0.9662494391357828,0.06908607684506173
duration,B,201311,175,0.08119830362062443,0.9691774687270291,-0.12528884908195254,0.9170351926471548,0.23329153605015676,0.22040577789078517,0.21493520375584488,-0.23660008945292732,0.9681365310943869,0.0450471731911864
duration,B,201312,174,0.08276554886596543,0.9543219016650811,-0.11691335174691762,0.8976355711158788,-0.0011583473333523163,0.16660686970471475,0.2275087378563881,-0.2533869751739589,0.9615282649079654,0.03139287385102214
duration,B,201401,178,0.05713653444401872,0.965736555024422,-0.20601662465994772,0.8666397851755252,-0.24584090926016752,0.19641930020182874,0.23693669207448767,-0.2652284759223449,0.9667086187575867,0.012809601506517204
duration,B,201402,176,-0.008178547903308157,0.9741127215381761,-0.2882294609613262,0.8622186660684675,-0.4060173960129826,0.199944859952914,0.2413076723139597,-0.27276064225491303,0.973290891217475,0.01072293668606931
duration,B,201403,170,0.019518724578000676,0.9818423524182288,-0.29984080449001654,0.8763400675680034,-5.617946652712409e-05,0.18374283404413988,0.24332001580622625,-0.2749498263163534,0.972622494224995,0.02812629688042166
duration,B,201404,173,0.02581112440576489,0.9872346441711592,-0.2641159592270003,0.875492946648203,0.014070764053381294,0.2154885198333164,0.2456829414402597,-0.2776502753054355,0.9865741204292314,0.026297222963219086
duration,B,201405,169,0.004229034146781333,0.969106984694461,-0.2846700810501716,0.8576255363227883,-0.362008353637313,0.2593448722312056,0.2574905365346235,-0.27795773901769477,0.989175829534586,0.040348109713125045
duration,B,201406,167,0.010798568436059933,0.9654328351689313,-0.3360198707576242,0.8313850985971473,-0.2834597586238882,0.10139581082832837,0.26819130816153164,-0.28319825623363387,0.9947863651329218,0.05722027531383908
duration,B,201407,185,0.0015541517648179327,0.9289429094534304,-0.3582786854175354,0.8188029619872976,-0.050094765171904025,-0.3585522886786484,0.2770796442316139,-0.2885638364866444,0.9975845240433143,0.0754576088315426
duration,B,201408,188,-0.049484878667735724,0.9600887478622595,-0.43158204610019374,0.8200805120420231,-0.1507819117331007,0.056043279285488336,0.27852703309007454,-0.287366667562494,0.9891278346083161,0.06082665623876539
duration,B,201409,194,0.07119955722188463,0.9639961655305217,-0.3545282344384956,0.81580132472789,0.15019168108212494,-0.29658547409155256,0.2692792811522752,-0.2878458007715668,0.9916286134852791,0.06742823107497764
duration,B,201410,191,0.04519069060923344,0.9649049838313539,-0.3121126309385756,0.8280129667692124,-0.11665494827043149,0.42522431135241506,0.24829244710875703,-0.2904529277373914,0.988100434517093,0.0471611834784954
duration,B,201411,187,0.07773855156681134,0.9773304509355896,-0.3293357899720692,0.8392651918570244,0.10697389331972885,0.013406610447174401,0.24705693050369035,-0.28833917065669784,0.9962017971657333,0.06393173811968955
duration,B,201412,185,0.07665099089089139,0.9777636998054113,-0.30155793942610215,0.8436516363913653,-0.07817558091050378,0.29695523231211546,0.2437620291701467,-0.28202796507482925,0.9968389211856119,0.05496262183772023
duration,B,201501,174,0.06496198638913409,0.9745009388110788,-0.30411458185028045,0.850432273868277,-0.09388536120048975,-0.16363819636949145,0.24355580475508523,-0.26716378854883865,1.016406931447753,0.056342282473192465
duration,B,201502,180,0.056079949010753125,0.9656023157106515,-0.3099334341594905,0.8560593433953723,0.040544461248803974,-0.2914472668909534,0.24266420886103846,-0.2579195203447988,1.0091509776004863,0.08958634665044432
duration,B,201503,176,0.06650132044030707,0.9735064351897491,-0.34457186880915697,0.8383132502275374,-0.01971604666519921,-0.22126800642090433,0.24830637808237152,-0.24013942795491458,0.9902215570340512,0.0855957730563413
duration,B,201504,164,0.017105852922347828,0.9586486135381637,-0.3074721477833852,0.8603698947698097,0.14793573925700215,0.029804333395110898,0.2519524123918777,-0.22291742479331286,0.9783849034683124,0.0980884499563047
duration,B,201505,157,0.10802957735021583,0.9126104153659852,-0.2666507482680989,0.8319895682522785,0.10270157964264227,-0.07696517891235448,0.2520477961623438,-0.21551934106975812,0.973711639564252,0.10500854218248067
duration,B,201506,149,0.12463506546049363,0.9672108101934979,-0.23811717758026485,0.8876612787793976,0.19580627607473247,0.06125554828069081,0.2550387873582854,-0.19945999343755608,0.9680001621323677,0.10113018286501922
duration,B,201507,150,0.09936468118088895,0.9580902837672549,-0.23508422596559847,0.8566267684282508,-0.03272856571403174,0.3709994710889176,0.2539263745365185,-0.18913684619366508,0.9664676257517137,0.08647061609495567
duration,B,201508,151,0.07555078036843262,0.9616807990962151,-0.2701429069362147,0.8661604499149611,-0.043321714883234566,0.22042213388345408,0.25695522574225715,-0.1721459648577377,0.979828990652296,0.09122806335284726
duration,B,201509,157,0.06199817196423646,0.9167134400293829,-0.2650258312194941,0.8350731174478888,-0.0651920441084353,0.019860284934392913,0.2655445881385496,-0.15219801174258663,0.9837168282172183,0.08414752340836636
duration,B,201510,154,0.05403615991851287,0.8918428050072794,-0.2571362855992837,0.8337715742278887,0.01033868092691622,-0.10036414655594492,0.26725264572212865,-0.13811911381839093,0.9900223461914845,0.0904250279377668
duration,B,201511,148,0.06612027623083366,0.9633944320758054,-0.21574978621958493,0.907898584792161,0.15272620929380276,0.408181774432973,0.2611793000333404,-0.12726317069659493,0.9647418675070655,0.1155190863637409
duration,B,201512,150,0.020950301702867373,0.9409180529554307,-0.24193608604826883,0.8915274306026456,-0.01971820969820881,0.3080142371030018,0.2586619766610887,-0.11311427095206861,0.976523842060775,0.13124173720796267
duration,B,201601,147,-0.0029599826216771897,0.9370024971949059,-0.2658916954415976,0.8816365851601029,-0.12448148455976243,0.35817300881258474,0.24660801183748532,-0.11388526604720003,0.9638660423488269,0.14054035976340332
duration,B,201602,160,0.13273955796540282,0.9636534231638479,-0.08075706082268838,0.9338552294854,-0.05252841907887027,0.2553472626090613,0.23554571738068783,-0.10530951546022317,0.9808845397860051,0.10960688232674529
duration,B,201603,161,0.15234146134756196,0.9605011545428135,-0.07115251897860594,0.9290262286774583,0.10384748102139407,-0.7454492518209095,0.24423270377809517,-0.07614596662708165,0.9775839754801328,0.11011258037793285
duration,B,201604,160,0.14482053445665827,0.9477758595581705,-0.1607640923473573,0.8700662797957723,-0.14000937536622526,-0.4208755318588682,0.26002570105330614,-0.04274134229621191,0.9339918426440238,0.0836874212127829
duration,B,201605,160,0.17723836868627682,0.9593569656583695,-0.09392945036915504,0.9251792859639832,0.33073655220907067,0.3006071295429358,0.2613394476878803,-0.03395106024587464,0.9141636812088535,0.07701124798829849
duration,B,201606,160,0.14565217391304347,0.9853714988866754,-0.08770362123520449,0.9359135122465723,0.07856849876948317,0.28213699753896637,0.2617559359184866,-0.02686362251459775,0.9209464701936306,0.07812777281446118
duration,B,201607,166,0.19267283134031687,0.9643177812948674,-0.04692433315187807,0.926727049734048,0.07021269618484827,0.22809714634258324,0.2593927487528739,-0.023701351350581185,0.923290249686609,0.0908359620261998
duration,B,201608,161,0.24510256399424574,0.9525798453441147,-0.08143259719346677,0.8881936451819965,0.1576345755693582,-0.2719894984972368,0.25911356034527305,-0.021711196273841108,0.9189070087484188,0.09833670672619552
duration,B,201609,152,0.18401932081564887,0.9649770278200047,-0.15897798645425407,0.8229759249383308,0.04050055016778408,0.346781462003408,0.2601893350683407,-0.03103858477217911,0.9078316605963881,0.09492480504764791
duration,B,201610,147,0.22793253034150496,0.9672700621346604,-0.1251463932481545,0.849106197540781,0.07761297780867252,0.06813809335367621,0.2533660475410778,-0.0318932156645068,0.9061815955149912,0.10232487049140983
duration,B,201611,147,0.28345375381382093,0.9401162653456515,0.014786662536173301,0.8773001557540444,0.16702808483630402,0.07280406729668906,0.2500680365484843,-0.041095311013297324,0.9130430975421159,0.10114187877672062
duration,B,201612,149,0.2750397470708904,0.9518780694637939,-0.0023036459278070014,0.8922091278975823,0.1635588608742971,0.1542538622419774,0.25783665403676603,-0.04172519693409257,0.9011909880314527,0.10382225239019917
duration,B,201701,166,0.3293692956293481,0.9479853479855518,-0.0001193669615861377,0.8745916428550412,0.11404529385916011,0.10510216061204561,0.26674272462431564,-0.051578810811359156,0.8936382934722887,0.10345808716074457
duration,B,201702,151,0.2191502933101263,0.9445910796088376,-0.09874869292436388,0.8384043555286866,-0.0614186127570582,0.2517220736512577,0.2758982481228057,-0.05762832749509058,0.8849177385960233,0.10847413574801912
duration,B,201703,153,0.28748820994129237,0.9806005868690597,-0.07302346776030985,0.8874414163145113,0.27308578933965927,0.4394603808843626,0.27101736262584136,-0.06618478136494439,0.8810657959877446,0.11383994161011242
duration,B,201704,154,0.31608026496549874,0.9731690547549066,0.021037153864478346,0.9101690947327594,0.3856723921240051,0.4365527183749185,0.26530117190903474,-0.07530001525741192,0.9158135914189548,0.166430348715106
duration,B,201705,159,0.3347780364336292,0.9862453212525185,0.03423095294960593,0.9017343887853204,0.16540482445665156,0.35525787445984536,0.2694628898256769,-0.08586876360643737,0.942979800308621,0.16903277496745503
duration,B,201706,161,0.3263735426354056,0.9718022911000438,0.010104669887278586,0.879315215916503,0.09165804002760526,0.4324112155186374,0.2727239443987831,-0.08974480060510946,0.9421454526918279,0.16207259568966464
duration,B,201707,161,0.29200310559006215,0.9806417941144742,-0.027145157579940193,0.8975542005331922,-0.0411979526109961,0.06779254053454864,0.27709379597051065,-0.09301347444254819,0.9460121129422231,0.16500508409956016
duration,B,201708,162,0.2773074968953874,0.9738949418548707,-0.023350142048461597,0.9006154727680467,0.17765442918817154,0.49776518888282023,0.27850301801665645,-0.09585787605730771,0.9411744031584095,0.16122249914423625
duration,B,201709,162,0.2894703973349586,0.9747331905080461,-0.04656903216519114,0.8945473174820467,-0.004943822761907584,-0.13941101629463912,0.28042016111342244,-0.0979063493059303,0.9653366271493118,0.16973871984987204
duration,B,201710,163,0.3224239502108722,0.9585175178836446,-0.0676786317965429,0.8022237231793706,0.018097328212545928,0.03587052527674396,0.28581306601287343,-0.10682186527177497,0.9628692726878861,0.17642843552384488
duration,B,201711,178,0.3468783280439267,0.9833625731305239,-0.0426893946244876,0.8477544580494909,0.005697238833997036,0.0880183503222052,0.2980567608282459,-0.11080669064815306,0.9665018910017283,0.170956547221362
duration,B,201712,176,0.35469092818128206,0.9641750848422576,-0.0901386748844376,0.8152828527404798,-0.13007704160246533,-0.24127448822364075,0.30087779165000017,-0.10617385380874066,0.96917908812573,0.1674895447027499
duration,B,201801,166,0.37413581530698886,0.9677379579822317,-0.15057945445363383,0.7709392415210069,-0.027959415233060718,-0.2717305400572103,0.3023434624688648,-0.09629438662014192,0.9684729227974275,0.16511158556942004
duration,B,201802,168,0.38584791532741797,0.9426085746223205,-0.10422097478753398,0.774253391384691,0.24869533966724208,0.2098982587595223,0.29978721313538503,-0.0911196623431535,0.9568111863199081,0.15842564436132173
duration,B,201803,163,0.36610216927198214,0.9451543963563689,-0.09175298296950252,0.7643209998844944,0.19080197959443806,0.2819012044804826,0.30302999758229543,-0.07876586092379202,0.964202475385527,0.16558920935614038
duration,B,201804,156,0.4216117968737652,0.9454298895712676,-0.08005879470847622,0.7608252767079356,-0.020537054890866272,-0.24161028213632324,0.3044488947751202,-0.070827577435407,0.9678632308249604,0.16185343519511797
duration,B,201805,159,0.43997805700261955,0.9494154130985214,-0.079854310962503,0.7550065679484118,0.27395808454740866,0.06388822545975639,0.30520420576211355,-0.0588227517391006,0.9576913548118422,0.17228287469562203
duration,B,201806,155,0.40841548263394906,0.9801962728939214,-0.10826915020463408,0.759345329456265,0.14154555122297058,0.2076834765391658,0.3041176212876057,-0.05282993953122354,0.9560440625926995,0.17119506739605256
duration,B,201807,142,0.46648455910191466,0.9813941450858805,-0.04327198124021619,0.7898903788714967,0.3290694920901694,0.3361917395443086,0.30097688428534497,-0.046097337008297094,0.9522776865860659,0.17062077411281779
duration,B,201808,140,0.48946773407156907,0.955123292045219,0.026279766460387925,0.7901038574536852,0.16356956987601412,0.0932431974407387,0.3016280128975453,-0.04155381001630232,0.9626730617851066,0.17941680904267515
duration,B,201809,140,0.47591068174147383,0.987460297502818,-0.023130917758194664,0.7720141086242434,-0.047175876320220425,-0.03225608942757582,0.3019847896155888,-0.034836595984143064,0.9540884632395044,0.186348566707404
duration,B,201810,125,0.5230607113073932,0.9622270524453357,0.053308755760368656,0.7233654277582185,0.18451612903225803,0.30355639666561746,0.3022149324099427,-0.02564125667819018,0.9539557794134033,0.1803535199206727
duration,B,201811,123,0.5920982837496405,0.9522091306051658,0.20782009776734467,0.8277476553706303,0.27891424075531074,0.26622942150500467,0.2972664468258218,-0.027086402080576267,0.9549104884646202,0.1782759288559557
duration,B,201812,122,0.42883082937268674,0.9315277626373067,0.07720878590712477,0.7831418662806309,-0.06019740863984984,0.37104020065256654,0.2963168360418312,-0.02786281926794248,0.9622087320470484,0.15630179146129358
duration,B,201901,123,0.563161832041377,0.8753835165679249,0.22605151487791983,0.8262740488880496,0.05264990777882395,-0.43156032999812644,0.2972719469062125,-0.02689709232725133,0.9842295047143388,0.17245680169703156
duration,B,201902,119,0.5560526779705327,0.9824365249206769,0.18984475145990604,0.875288420452927,0.100156672838627,0.02611451360205099,0.3063552755062388,-0.020410601280761116,0.9863431302011969,0.15516940338948637
duration,B,201903,112,0.5937916424642089,0.9806351036884454,0.23239484743909525,0.876289320271943,0.17800765367137047,0.061464539689201785,0.3123242346428402,-0.019992241302608762,0.9846305520509473,0.1499746088327612
duration,B,201904,108,0.5581468461516476,0.9734773786047043,0.1351567635542599,0.8076824144731201,-0.26392104185124843,-0.32788400163861026,0.32190657729646244,-0.02249349924650757,0.9836565710373659,0.13805291495516414
duration,B,201905,108,0.5679621593620475,0.9695617173208082,0.17688416359427248,0.8503434412720189,0.26042470490725655,0.2685034344127202,0.3275619187419649,-0.022005948102994992,0.9915402322268635,0.10796128063829345
duration,B,201906,110,0.505416676058878,0.9635775920463634,0.14657710254040526,0.8305607400879664,-0.052931496968194214,-0.15554473568102384,0.3370944894534277,-0.02062713093702518,1.0026013881109637,0.11825559970532369
duration,B,201907,107,0.4684626876694047,0.977835413868412,0.05022629753717746,0.8093487562201144,-0.2243088618507416,-0.09441332709654067,0.3507573774978677,-0.029238733629318725,0.9975234064576556,0.10368620339297704
duration,B,201908,102,0.514201220236244,0.9572548565069173,0.15136470814414396,0.8579167149688939,0.2561761030471979,0.3063208755429954,0.357493907606135,-0.03091244279313792,0.9906010755798407,0.0997285036346281
duration,B,201909,98,0.5191936193408947,0.9343317458192273,0.057067625550688866,0.7742414679086252,-0.12394723587654367,-0.4479403757754273,0.3706295287082847,-0.03314333359637733,0.9989855128874141,0.08740217575197795
duration,B,201910,93,0.49421269961214737,0.9751610484723942,0.04828265345707379,0.7589000626659901,0.008862761481304644,0.3013189698904836,0.382082904625055,-0.03525584522503765,0.9916776352320672,0.06147224301924505
duration,B,201911,90,0.49432643671010396,0.9786803200421454,-0.015993744083631724,0.7585741390941274,-0.049429970778285384,-0.04153616304995894,0.39512553460580274,-0.047485795008623974,0.9954051512686397,0.06398160404977091
duration,B,201912,87,0.5556021324329663,0.9711531013592466,0.02303710723919224,0.7546053920641869,-0.0599256397171393,-0.3048512104136515,0.3970705138409807,-0.054277658292154925,0.9881920226830369,0.06996302830366996
duration,B,202001,85,0.5395108414449613,0.9745258406351562,-0.0761969904240766,0.6253664256400234,-0.06355286300566738,-0.10754348250928278,0.40150623874115116,-0.052823324718716744,0.9645503870712988,0.09261973214874604
duration,B,202002,81,0.5280939476061427,0.9535338023846655,-0.18550135501355014,0.5704671462326903,-0.06264679313459802,-0.08848338396435791,0.39725708531028503,-0.04485321341329629,0.9766195853203732,0.07911795447007895
duration,B,202003,68,0.2486925983891285,0.7088597931060808,-0.13761117685231133,0.5056304156964537,-0.0015650647020651219,0.29030041607817686,0.39087882450995787,-0.03163039437970788,0.9738367936923197,0.07998708235258213
duration,B,202004,78,0.23312130907067616,0.761099659833837,-0.1440205364255997,0.7218477724806839,0.13028743408490243,-0.37637046497805987,0.3744400704857991,-0.030182872428126565,0.9836267726317279,0.10617898828792602
duration,B,202005,79,0.2729795520934762,0.8540165530671859,-0.12463485881207399,0.7933300876338851,0.06767283349561831,-0.24664070107108083,0.3598982839574363,-0.035833704515241586,0.9278768433083752,0.14146785571609027
duration,B,202006,78,0.3179225837453685,0.9289571188305364,-0.12679725337953185,0.7981259247082031,-0.017387675615523714,-0.029350396439004035,0.34360773567344033,-0.040808097681190404,0.8924839751989073,0.14765103934083154
duration,B,202007,76,0.2889952153110048,0.9297334244702666,-0.10969241285030759,0.8159125085440876,0.31185235816814766,-0.015365686944634313,0.3194133587506006,-0.039680447308436256,0.8891936356627433,0.1675803073870507
duration,B,202008,73,0.22686042206590157,0.9648586943107492,-0.15475749722325066,0.8084042947056647,0.1680241885721338,0.18755399234851294,0.3022017771924689,-0.03526963674783309,0.8668671894801103,0.1562442288957069
duration,B,202009,59,0.10935445225161057,0.940822350558084,-0.22384570426651082,0.8067212156633549,-0.08234950321449445,0.31963763880771484,0.2709800763357162,-0.0484424477516379,0.8512176356824479,0.16148578951910228
spread,AAA,200301,17,0.43137254901960786,0.9681372549019608,0.04411764705882353,0.786764705882353,-0.1519607843137255,0.5637254901960785,2.2302865680599204,0.1914445404385999,0.9369463945742554,-0.07286093730365813
spread,AAA,200302,20,0.9191425997879454,0.9936066892961344,0.7563909774436091,0.8977443609022555,0.007518796992481202,0.1819548872180451,2.219603182084654,0.21871244220035851,0.9632095296027541,-0.10659521285263066
spread,AAA,200303,20,0.8556390977443609,0.9635201884847449,0.556390977443609,0.7860098336975476,0.30075187969924805,0.41970668631888186,2.37106725048037,0.3766221105630695,0.9599590278697266,-0.09330064098110001
spread,AAA,200304,20,0.706766917293233,0.9609022556390976,0.193984962406015,0.6872180451127818,-0.13082706766917293,0.019548872180451125,2.4703509211770878,0.22157695857371676,0.9704785808305721,-0.1448823827356139
spread,AAA,200305,21,0.838961038961039,0.9883116883116884,0.3506493506493506,0.6909090909090909,-0.3649350649350649,-0.11428571428571428,2.487803617961836,0.035768602487882446,0.97043355446315,-0.20881357756153418
spread,AAA,200306,23,0.7559288537549407,0.9920948616600791,0.17687747035573123,0.6640316205533596,0.30632411067193677,0.6403162055335968,2.529881928823311,0.016298384795358348,0.9619190717170163,-0.19709063416472794
spread,AAA,200307,24,0.8034782608695652,0.9956521739130434,0.3678260869565217,0.7782608695652173,0.47913043478260864,0.7947826086956521,2.549594788354331,-0.1468788056280375,0.9701769669788995,-0.23417792500288195
spread,AAA,200308,24,0.8617391304347826,0.9782608695652173,0.3817391304347826,0.6660869565217391,-0.5669565217391304,-0.6026086956521738,2.6201186107180106,-0.19871188283743785,0.9915280699789015,-0.2401085022807547
spread,AAA,200309,26,0.6464957264957265,0.9897435897435896,0.08376068376068375,0.71008547008547,-0.10769230769230768,0.24786324786324784,2.6830809445364676,-0.21037397366706087,0.9869741403865365,-0.26141403048770817
spread,AAA,200310,26,0.7429059829059829,0.9856410256410256,0.14461538461538462,0.7476923076923077,-0.11111111111111109,-0.17264957264957262,2.725016014899004,-0.4261227369447938,0.9871526269477305,-0.2778480892547701
spread,AAA,200311,25,0.6407692307692306,0.9415384615384615,0.02846153846153846,0.6484615384615384,-0.3561538461538461,-0.5746153846153847,2.7737337022845834,-0.2853436053457117,0.9895616280973042,-0.2558377603769529
spread,AAA,200312,25,0.54,0.9607692307692307,-0.2030769230769231,0.4938461538461539,-0.22153846153846157,0.11615384615384615,2.933971648899493,-0.19050006917786913,0.9829797928117182,-0.20435361872484897
spread,AAA,200401,27,0.3773469743246398,0.9800030643868073,-0.13614163614163613,0.724053724053724,-0.4297924297924298,0.16727716727716724,2.7493945868335317,-0.2894355511387799,0.9842584788483215,-0.25209281018302915
spread,AAA,200402,28,0.645320197044335,0.9859039369731732,0.2922824302134647,0.836184488465587,0.030103995621236997,0.251265911754962,2.5714618661973225,-0.6767846455304231,0.9804645796866505,-0.2691607310290543
spread,AAA,200403,29,0.4970443349753693,0.7866995073891624,-0.02068965517241379,0.5857142857142856,-0.6246305418719211,-0.7044334975369457,2.538686454742405,-0.6903741728401532,0.9835865364654288,-0.20551330502503215
spread,AAA,200404,27,0.6013431013431013,0.9615384615384616,0.26068376068376065,0.8608058608058607,0.09340659340659341,0.2692307692307693,2.4166736438218344,-0.6850122050599712,0.948468707719675,-0.16981419188753533
spread,AAA,200405,31,0.6571226971594356,0.972678702392488,0.056854838709677426,0.6637096774193549,0.07620967741935485,0.15846774193548388,2.3385868691835494,-0.6388889837126966,0.9488722550816904,-0.18596718368804585
spread,AAA,200406,33,0.5334224598930482,0.9718392279272137,0.07219251336898397,0.725160861560822,-0.5417780748663102,-0.21108047203303024,2.273143841506733,-0.5677663662747172,0.9542209041572677,-0.19179592067414297
spread,AAA,200407,34,0.7271199388846448,0.9871657754010694,0.37723453017570663,0.8612681436210847,0.1284950343773873,0.3298701298701298,2.2185753133184045,-0.5532987708566517,0.9440280303076702,-0.17751334700123245
spread,AAA,200408,34,0.7130634071810542,0.9935828877005346,0.33537051184110006,0.8606569900687545,0.10771581359816654,0.2904507257448434,2.157693610818449,-0.4954601376196875,0.9252898033891003,-0.14571588678531447
spread,AAA,200409,33,0.713127770518559,0.9949026524248845,0.24264705882352944,0.8452540106951872,-0.2269385026737968,-0.3044786096256685,2.0949955400517872,-0.41091950930910665,0.9284604644127896,-0.09541858385886345
spread,AAA,200410,33,0.7256622403542496,0.9766003677085076,0.2165775401069519,0.7216512100068286,0.14237967914438504,0.29999164473419576,2.051350570647892,-0.44372832239254917,0.9205280752556542,-0.15164598958361364
spread,AAA,200411,34,0.6726258710133943,0.9789899944531616,0.08663101604278074,0.6892284186401832,-0.42643239113827347,-0.29258976317799845,1.9568594744138514,-0.414178538477103,0.9131651073466742,-0.11410400131812991
spread,AAA,200412,34,0.44800978051142026,0.9860941320293399,-0.031932773109243695,0.8092291260533704,-0.1844155844155844,-0.09779203940221998,1.8881603848468642,-0.3533666947094381,0.9122081412250782,-0.06349705296385237
spread,AAA,200501,36,0.4658944658944659,0.9600360403430837,-0.08416988416988418,0.6758478680575858,-0.23732303732303733,-0.2979599723011448,2.051140500960229,-0.5274531804171005,0.9130663509480021,0.011350004579711182
spread,AAA,200502,36,0.7824967824967826,0.9619047619047619,-0.14671814671814673,0.4038610038610039,0.08777348777348778,-0.02059202059202059,2.308326516729701,-0.7154059776328547,0.8985438122436258,-0.03338815976529518
spread,AAA,200503,35,0.6243697478991598,0.9711484593837536,-0.16834733893557424,0.5084033613445378,0.09607843137254903,0.45462184873949585,2.1535989829603097,-0.6615986731911573,0.884014377642052,-0.02181389888267901
spread,AAA,200504,38,0.6884815414243687,0.7062493201978514,-0.33187438450596346,-0.04574054829847975,-0.28175949228580804,-0.4577337644319158,2.1675557584569356,-0.4965859407048731,0.9323364347131743,-0.0632999793582359
spread,AAA,200505,38,0.8336798336798338,0.9408481658917974,-0.4780610570084254,-0.14227086375006825,-0.1948790896159317,-0.20071135701355783,2.0629505759216378,-0.5210758234371917,0.8946056964980721,0.017577779961808395
spread,AAA,200506,38,0.7599037033901643,0.8972422903363995,-0.5931721194879089,-0.3174307911150016,-0.09311740890688258,-0.004705109968267863,1.8466856006201127,-0.8136249683398639,0.8784688505958674,-0.0557617622389458
spread,AAA,200507,43,0.8005738903742584,0.8647485274127774,-0.46934460887949264,-0.27750509782356153,0.08366052552099063,0.1362984221963343,1.6901994318966307,-0.664516653391265,0.8709255065885613,-0.03770152898702847
spread,AAA,200508,43,0.8968928159825882,0.9409854641406266,-0.2982482633645424,-0.11885524461885329,0.27408637873754155,0.25968436228985803,1.4570554921558043,-0.03506602988121902,0.8478991010562298,-0.017838453182246368
spread,AAA,200509,43,0.6925168033033694,0.7649612993936721,-0.4830866807610993,-0.3379016123524231,-0.2237994563575959,-0.17253747133525965,1.3134285053254215,-0.02329686083772868,0.8302605410877759,-0.049986296812139036
spread,AAA,200510,43,0.8719420114768952,0.9132371845110623,0.1576562971911809,0.2825643744369435,0.2701600724856539,0.3098995704674548,1.1303228545833297,0.3298234970164895,0.8094757707726516,-0.008865936287411306
spread,AAA,200511,45,0.8927830302283922,0.9419941373403026,0.10948616600790513,0.219631093544137,0.07009222661396575,0.08893280632411066,1.0598173072150934,-0.23652866152537547,0.7871333709811118,-0.1067036557125576
spread,AAA,200512,45,0.6939878203188887,0.6910456671980535,-0.4357048748353095,-0.3651635431342959,-0.37312252964426873,-0.40528344170344366,0.9755712281019577,-0.3463343273697105,0.765646771805586,-0.029205334017303096
spread,AAA,200601,46,0.6757123486392815,0.6466397338231307,-0.138945420906568,-0.15481881448522528,0.14585260561208757,0.10535081081305368,0.9101937819948748,-0.2331817812622551,0.7278389944170844,0.19970711433952398
spread,AAA,200602,48,0.632413218645701,0.6949051351722332,-0.4125054277029961,-0.33903273132504713,-0.19659140251845417,-0.141616457897382,0.8684884050208516,-0.1734555528979385,0.7000291902418967,0.34545087717270856
spread,AAA,200603,46,0.6959203185645535,0.6497656106685542,0.14474252235584334,0.12465690202176903,0.3053345667591736,0.25326137540889837,0.8064407857380829,0.09111954774956377,0.6725835125306956,0.4737666567972296
spread,AAA,200604,46,0.7254394079555968,0.7258934907395245,0.22553191489361699,0.2294859540392329,0.29941412272587115,0.30108853201277475,0.7815684578575476,0.37410157121121257,0.6325083970996291,0.5126721681175365
spread,AAA,200605,47,0.7350101197600004,0.7469210767038772,0.26861702127659576,0.3050416281221092,0.08221554116558742,0.08082793709528216,0.8040251712843968,0.4406169946936022,0.7525724944542391,0.5704793348215914
spread,AAA,200606,47,0.7177218861375775,0.7119232103619753,-0.05319148936170213,-0.0505926569218062,-0.06267345050878816,-0.07470367170625555,0.8025968555139474,1.0451273653995432,0.753238879260929,0.7841729296398073
spread,AAA,200607,48,0.5648374323036249,0.5838671154054933,-0.38536691272253576,-0.32557129722824735,-0.10963960052105949,-0.09835531686855355,0.8016264879641625,1.0369225411156715,0.7518547241698528,0.7897800687177174
spread,AAA,200608,48,0.40011942478771595,0.5767330772300217,-0.3670212765957447,-0.18281495983073312,-0.35974815458098125,-0.2490365307907967,0.7625771957628494,1.0371869560446625,0.7345062774622245,0.9162401384695568
spread,AAA,200609,48,0.19159791576204951,0.7494843166522852,-0.20950933564915328,0.45651938169375816,-0.11832392531480677,0.41385300428456745,0.6894656544706083,1.0903504370999508,0.6981502792799705,1.0602438246330215
spread,AAA,200610,48,0.49686541663479467,0.6665400170718022,-0.18095961788970907,0.15718627876682587,-0.13482414242292662,-0.2111376465479809,0.6794184853340082,0.973993494082991,0.7245239985156956,0.858875109013159
spread,AAA,200611,49,0.18270874262941728,0.6616664115516097,-0.27061224489795915,0.30516084603924737,-0.20244897959183672,0.30133421780769015,0.6175520315096814,1.2001670944027838,0.6695937268260925,1.2771278487630988
spread,AAA,200612,50,0.29027611044417767,0.6462099932233141,-0.21536614645858343,0.31323681249874996,-0.07735894357743096,0.032605824879143215,0.5595247061255916,1.343126792129122,0.661970812275525,1.6013842503230395
spread,AAA,200701,49,0.5723397215528558,0.4584534544131595,0.017346938775510204,0.10948979591836734,0.08877551020408163,-0.17275510204081632,0.5338764392137577,1.146987958348801,0.6703323449655084,1.473162359896172
spread,AAA,200702,48,0.14497788156341887,0.44278580023981406,-0.08423795049934868,0.25306011754395596,-0.03148067737733391,0.2598452987307845,0.532900733087269,1.11157004293935,0.6662192474127567,1.629676762295985
spread,AAA,200703,48,0.48602290686590977,0.7257972590541276,0.029852366478506292,0.4077943931808184,-0.028766825879287885,0.011886992161133932,0.4990037444541362,0.8601798604298735,0.6797185800495352,1.5702714146529297
spread,AAA,200704,49,0.42415429413851796,0.7747984488213082,0.029489795918367343,0.48767794338697884,-0.15132653061224488,0.10658707090765837,0.4911061047209849,0.8833276418850288,0.6791234784721736,1.5892138050784401
spread,AAA,200705,50,0.6516039193068336,0.5804158862795948,0.31707082833133254,0.48352862137965275,0.3774789915966386,0.02641183253141414,0.45676019488377223,0.808578284695617,0.6640666282204979,1.6551074807379327
spread,AAA,200706,49,0.5764942985115291,0.5847896524596173,0.4721428571428571,0.49783152266444364,0.47846938775510206,0.4788509624070722,0.4486586449583432,0.7578230127856205,0.6517495354408464,1.6758279059527839
spread,AAA,200707,50,0.723369520523142,0.7474485561645896,0.3905402160864346,0.4336718770007988,-0.06266506602641056,-0.030588969731979717,0.4172944168678691,0.3215615582160834,0.6687407880624076,1.4710247724765346
spread,AAA,200708,50,0.6451055249284388,0.8164157300161832,0.41166866746698677,0.6323119842788265,0.2790396158463385,0.449812702776507,0.3879358719683338,0.4526500273153284,0.5835014621050747,1.3052020179832842
spread,AAA,200709,53,0.6495726495726496,0.873344487850558,0.5069343654249314,0.7770274358020407,0.42428640541848084,0.6562783479471601,0.4319160978790526,0.5573325084476565,0.6223373691126389,1.1106873677484677
spread,AAA,200710,54,0.47018239349864815,0.7302978903154115,0.18429578806937294,0.5040975795692776,-0.11210215361158755,0.13085572708214216,0.5051545249231943,0.5586922600942712,0.6868633024535724,1.0499453390542497
spread,AAA,200711,56,0.6327859328663625,0.7094569192385248,0.49145591250854415,0.6031203541610964,0.3558441558441559,0.4260154822132978,0.46098667023169626,0.5757787178258371,0.6575125765141752,1.1020183245267072
spread,AAA,200712,55,0.2540810621095535,0.6617121829791839,0.05844155844155846,0.5443460380762535,-0.09639249639249642,0.2615126535896853,0.5380879303410288,0.6202466067493644,0.7083722695551704,0.838483932202838
spread,AAA,200801,54,0.5004955405023658,0.8341243068585786,0.4154373927958833,0.802035487766928,0.3442348008385744,0.697516628993252,0.524128410703221,0.6863656490080308,0.7350844524730343,0.8330495968651365
spread,AAA,200802,55,0.7372199579096685,0.9271953243379755,0.6511544011544013,0.9046863168339006,0.40209235209235217,0.524910711406199,0.6070062627880287,0.5967993020140159,0.892555439718223,0.5378524885690248
spread,AAA,200803,56,0.6178164357777605,0.9641984382015246,0.41428571428571426,0.9078574119250199,-0.3821599453178401,-0.39164017931893247,0.8691149208749315,0.5640451429703979,0.9925635749445607,0.1980607111737292
spread,AAA,200804,55,0.6694925955742005,0.9668819221472634,0.29177489177489185,0.7895885569206017,-0.2646464646464647,-0.28261693036578767,0.9686423912272653,0.37580492804898036,0.9786085099109599,0.1786524192329307
spread,AAA,200805,55,0.5624819624819625,0.9582063170086398,0.27467532467532474,0.8411407133531663,0.06103896103896105,0.480059164204434,1.0483754710635853,0.24491189160389037,0.9628363045675052,0.07009379146069564
spread,AAA,200806,56,0.8453322853641162,0.9723503879148296,0.5862611073137389,0.8795775732243428,-0.05112781954887219,-0.16565559906039748,1.108300644932083,0.2504571457333817,0.9902930923502109,0.08882665039409972
spread,AAA,200807,56,0.6905107743792595,0.8450733107761714,0.3522898154477102,0.6688425982281779,0.12187286397812715,0.386370238782297,1.251950768282021,0.4501957407309893,0.9851277403863741,0.014024136903034959
spread,AAA,200808,57,0.7867513611615247,0.9193822820477565,0.18012704174228678,0.48795190491085094,-0.006611355976147266,-0.01630179384764599,1.3518605301364959,0.3489537191351548,0.9870666590620912,-0.07849654832701083
spread,AAA,200809,57,0.5385101522315822,0.5078835216430624,0.04141820067409904,0.10552242675654655,-0.020417422867513614,-0.23658283640134825,1.299563568818292,0.2038445573840482,0.9641557728624301,-0.17884522274666234
spread,AAA,200810,55,0.2941558441558442,0.7482458198515192,-0.6295815295815297,0.02795865726748601,-0.3406204906204907,0.21735601295045576,1.2643150271075798,-0.06094167649765364,0.9162518487333279,-0.1677176465384669
spread,AAA,200811,55,0.5481240981240982,0.9219336219336222,-0.5545454545454547,0.19119769119769123,-0.5116161616161617,-0.6558441558441559,0.9294957137292691,-0.0303385938140573,0.9115767760245063,-0.10114276406743518
spread,AAA,200812,55,0.2152236652236653,0.8689033189033191,-0.33535353535353546,0.5306637806637808,-0.29466089466089473,0.27871572871572875,0.8123436165917094,-0.05106176322298029,0.8676189868588905,-0.029959998314027382
spread,AAA,200901,58,0.6157774121342959,0.9651629574945384,0.24039496754744846,0.7903965055830694,0.23897997477621583,0.6256421298717278,0.749419580185813,-0.11718307554536006,0.8760165917962224,-0.0660796987491766
spread,AAA,200902,56,0.8580314422419686,0.9586288215483988,0.5811346548188654,0.8727080094919021,0.6301435406698565,0.4663442643241435,0.7780841246547149,-0.12616525791502015,0.9000246560845038,-0.10992755711377881
spread,AAA,200903,17,0.6348039215686275,0.9803921568627453,0.09558823529411767,0.6936274509803922,0.08333333333333334,0.5171568627450981,0.8452612165769849,-0.10138228721845025,0.9110320810162963,-0.12314666306258792
spread,AAA,200904,20,0.6481203007518795,0.9503759398496241,0.2571428571428572,0.7157894736842104,-0.10676691729323308,0.393984962406015,0.7919111752142771,-0.09525980373321552,0.8996651340370712,-0.15031065903103438
spread,AAA,200905,19,0.5263157894736842,0.9122807017543859,0.29298245614035084,0.7736842105263159,-0.07543859649122807,0.443859649122807,0.7857586926868219,-0.07622731030346537,0.9016092087589792,-0.1349782282146252
spread,AAA,200906,19,0.6438596491228071,0.9982456140350877,0.5403508771929825,0.9736842105263157,0.09298245614035087,0.06666666666666667,0.7821397162757475,-0.09642446696439193,0.8949786018036557,-0.1133630353325869
spread,AAA,200907,22,0.365330321852061,0.9932241671372107,0.23433088650479958,0.9695087521174479,0.059288537549407126,0.7391304347826088,0.765403570202826,-0.12261623948580594,0.8914619085060147,-0.1353380008386822
spread,AAA,200908,22,0.48164878599661215,0.9649915302089217,0.347261434217956,0.9491812535290796,0.145115753811406,0.6544325239977415,0.7512557365329211,-0.13236531853453637,0.8942709554475586,-0.09163120390183187
spread,AAA,200909,22,0.5844155844155845,0.9830604178430267,0.4263128176171655,0.9412761151891589,-0.05477131564088086,0.4884246188594016,0.7408390878965037,-0.12344934258268336,0.903613532759904,-0.07556509151363451
spread,AAA,200910,17,0.7598039215686275,0.9926470588235295,0.6960784313725491,0.9681372549019608,0.46323529411764713,0.8014705882352942,0.7357580011717209,-0.09711654671628082,0.9294437705076907,-0.08227931676880998
spread,AAA,200911,18,0.8390092879256965,0.9917440660474718,0.8307533539731682,0.9917440660474718,0.5562435500515995,0.6284829721362228,0.8228200576483934,-0.1012353819461823,0.9468842713037456,-0.15490027521845207
spread,AAA,200912,18,0.7089783281733747,0.9855521155830752,0.5706914344685242,0.9566563467492261,-0.32507739938080493,-0.3787409700722394,0.9397377002803664,-0.09614482821780616,1.0046905017280823,-0.1878804227738534
spread,AAA,201001,17,0.465686274509804,0.9803921568627453,0.2132352941176471,0.8921568627450982,-0.465686274509804,-0.06372549019607844,1.1078204932157243,-0.03540177944902871,1.0074318202354156,-0.17443838521639976
spread,AAA,201002,9,0.8499999999999999,1.0,0.7999999999999999,0.9500000000000001,-0.6,-0.4666666666666666,1.1394507645813328,-0.012228824642836927,0.9778621319720943,-0.2057124192183452
spread,AAA,201003,9,0.9,0.9833333333333333,0.8166666666666667,0.9500000000000001,0.75,0.5499999999999999,1.020159051514133,-0.0334652236923808,0.9558376742983794,-0.12141264949752756
spread,AAA,201004,9,0.9166666666666666,0.9833333333333333,0.8666666666666667,0.9333333333333332,0.19999999999999998,0.2833333333333333,1.6938297200402448,0.2553491930096083,0.984280509683064,-0.059831519318862963
spread,AAA,201005,9,0.8499999999999999,0.9833333333333333,0.5666666666666667,0.8333333333333333,-0.049999999999999996,-0.09999999999999999,2.275772544248784,0.1809461462086033,0.9893398808973374,-0.08421527373840784
spread,AAA,201006,9,0.7166666666666667,0.9666666666666667,0.2333333333333333,0.8333333333333333,-0.21666666666666667,-0.2333333333333333,2.650002107514497,0.28886811448243116,0.9881234306836039,-0.09369369184895847
spread,AAA,201007,9,0.8833333333333333,0.9500000000000001,0.7999999999999999,0.8666666666666667,0.3,0.39999999999999997,2.7718706248242393,0.4548609572845259,0.9944588195448097,-0.14125730160279537
spread,AAA,201008,9,0.8666666666666667,0.9833333333333333,0.45,0.7999999999999999,-0.48333333333333334,-0.6666666666666667,3.039849496676428,0.3609653626319645,0.9957179889691689,-0.16143634556440783
spread,AAA,201009,10,0.8545454545454544,0.9757575757575757,0.33333333333333326,0.6484848484848483,0.49090909090909085,0.6848484848484848,3.2784824254530145,0.3671121337070887,0.9902711134202506,-0.13915195111646936
spread,AAA,201010,10,0.9393939393939393,0.9757575757575757,0.6484848484848483,0.7575757575757575,0.7212121212121211,0.7818181818181817,3.664327054178824,0.04577383656404198,1.0010386448377424,-0.06785609410577584
spread,AAA,201011,11,0.9727272727272729,0.9,0.790909090909091,0.8454545454545455,-0.15454545454545454,-0.30000000000000004,3.7551913664474528,0.06805359831702315,1.0000070691917808,-0.05075032647797207
spread,AAA,201012,11,0.8363636363636365,0.881818181818182,0.6454545454545455,0.7454545454545456,-0.05454545454545456,0.02727272727272728,3.906307962598729,-0.2287350701805506,0.9944841178255893,-0.09893341653848317
spread,AAA,201101,11,0.8909090909090911,0.9727272727272729,0.6454545454545455,0.8090909090909091,0.5272727272727273,0.7090909090909092,4.252435641806624,-0.4342689054128269,1.0017974068811242,-0.054759461803607315
spread,AAA,201102,11,0.9181818181818183,0.9454545454545454,0.6363636363636364,0.7454545454545456,-0.7545454545454545,-0.7727272727272727,4.766442011808705,-0.5683843325094444,1.0067972729983785,-0.02595913300055199
spread,AAA,201103,12,0.9440559440559443,0.9580419580419581,0.5734265734265735,0.5944055944055945,-0.10489510489510491,-0.06293706293706294,4.999777812868953,-0.13501502261090023,1.0049980623837724,-0.0841423417770374
spread,AAA,201104,12,0.9160839160839163,0.9720279720279721,0.3846153846153847,0.4685314685314686,0.3216783216783217,0.3426573426573427,5.107702348393979,-0.6156836981077408,1.0039725748201407,-0.05201148367745586
spread,AAA,201105,12,0.9230769230769231,0.9510489510489512,0.5594405594405596,0.6293706293706295,0.7902097902097903,0.8041958041958043,5.1839862399857415,-0.6843388056394197,1.0058893689517998,0.02069683649629572
spread,AAA,201106,12,0.9720279720279721,0.9580419580419581,0.32867132867132864,0.4055944055944056,0.44055944055944063,0.43356643356643365,5.444532375803474,-0.5200974293493522,1.0124620025032094,0.03988104955104498
spread,AAA,201107,12,0.9230769230769231,0.9790209790209792,-0.2027972027972028,0.04195804195804196,-0.44055944055944063,-0.5384615384615385,5.672796914802575,-0.7234264478174738,1.0164326337720844,0.01673249818469243
spread,AAA,201108,12,0.7762237762237763,0.8741258741258742,-0.2657342657342658,0.07692307692307693,-0.6923076923076924,-0.5594405594405596,5.717493787869883,-0.34403676347780743,1.0084798508516544,0.08504502338265477
spread,AAA,201109,12,0.8741258741258742,0.9160839160839163,-0.7692307692307694,-0.6713286713286714,-0.8951048951048951,-0.8951048951048951,5.7357591078561985,-0.05066849595055069,1.0071394980008481,-0.074925346626988
spread,AAA,201110,12,0.9160839160839163,0.8951048951048951,-0.7692307692307694,-0.7622377622377624,0.06993006993006995,0.006993006993006993,5.626944097431808,-0.49585644435523557,0.9896693719471524,-0.07211152873284056
spread,AAA,201111,12,0.8461538461538463,0.8671328671328673,-0.17482517482517487,-0.09090909090909093,0.5524475524475525,0.5594405594405596,5.381605740415595,-0.4162893054670617,0.9851751448750993,-0.07254855426413112
spread,AAA,201112,12,0.8056054385890983,0.7880922768806397,-0.9720279720279721,-0.9300699300699302,-0.5034965034965035,-0.6503496503496504,5.320581374942115,-0.7895329092294092,0.989896592858533,-0.07659289568783809
spread,AAA,201201,12,0.7342657342657343,0.7670764828304892,-0.4755244755244756,-0.3572684988525566,0.034965034965034975,0.08056054385890983,4.993103626451628,-0.8673386733856177,0.9841515596529608,-0.017273712209440302
spread,AAA,201202,12,0.8671328671328673,0.8811188811188813,-0.8951048951048951,-0.6643356643356644,0.2937062937062937,0.17482517482517487,4.696342500730594,-0.4979244882566331,0.9813539905661038,0.017749276030093235
spread,AAA,201203,12,0.9160839160839163,0.9860139860139862,-0.20979020979020982,0.0,0.7692307692307694,0.8461538461538463,4.517577952401115,-0.5218521421144632,0.9862307790084986,-0.02379962334304444
spread,AAA,201204,12,0.9860139860139862,0.9370629370629372,-0.6923076923076924,-0.6153846153846154,-0.5874125874125874,-0.6783216783216784,4.4100984918331845,-0.4540756667788362,0.9921196024209675,-0.04471484344326823
spread,AAA,201205,12,0.8461538461538463,0.8671328671328673,-0.7762237762237763,-0.7552447552447553,-0.8741258741258742,-0.8391608391608393,4.268028486085977,-0.44530552458624845,0.9860360962104261,-0.04319661931683463
spread,AAA,201206,12,0.6293706293706295,0.8671328671328673,-0.5524475524475525,-0.22377622377622378,-0.08391608391608392,0.07692307692307693,4.076265823707773,-0.47274730297709483,0.9673603710325829,0.02817455147113277
spread,AAA,201207,12,0.6993006993006995,0.5454545454545455,-0.44055944055944063,-0.5034965034965035,-0.1258741258741259,-0.1958041958041958,3.7816133583724003,-0.15793846107080572,0.9622941097363252,0.013028758277787546
spread,AAA,201208,11,0.7727272727272727,0.7545454545454545,-0.16363636363636366,-0.009090909090909092,0.5090909090909091,0.4727272727272727,3.660902552595466,0.08742315367975377,0.9422684369946551,-0.04540353147432236
spread,AAA,201209,11,0.790909090909091,0.8363636363636365,0.24545454545454545,0.30000000000000004,0.29090909090909095,0.23636363636363636,3.201894984646979,-0.6287782517208346,0.9391745622371616,-0.042461251265966546
spread,AAA,201210,11,0.4783611499571155,0.8246035061165515,0.05454545454545456,0.6090909090909091,0.19090909090909092,0.6000000000000001,3.1807545637007273,-0.680748491408504,0.9497347481965919,-0.09704984373882186
spread,AAA,201211,11,0.7727272727272727,0.9384990180111028,0.46363636363636374,0.6605939689883975,0.6000000000000001,0.8018244037376412,3.13682190124352,-0.6934307041230248,0.951156440484801,-0.09313300164622888
spread,AAA,201212,13,0.9615384615384615,0.9945054945054945,0.12637362637362637,0.24725274725274726,0.5439560439560439,0.46153846153846156,3.0887857838096027,-0.7082270275181697,0.9507919848106613,-0.0729390631130909
spread,AAA,201301,13,0.8846153846153846,0.989010989010989,0.3516483516483516,0.5604395604395606,0.5274725274725275,0.7362637362637362,3.0813456140476094,-0.826336292928192,0.9578697110694477,-0.15446777799121436
spread,AAA,201302,13,0.8516483516483516,0.967032967032967,0.4945054945054945,0.6483516483516483,0.6208791208791209,0.7362637362637362,3.118292887270982,-1.236214253521758,0.959277208574826,-0.20228113197679928
spread,AAA,201303,13,0.9560439560439561,0.9615384615384615,0.5549450549450549,0.6978021978021978,0.6593406593406593,0.6868131868131868,3.125190659612625,-1.1760601463695766,0.9598966783372084,-0.2045106951349939
spread,AAA,201304,13,0.9175824175824175,0.9505494505494506,0.23076923076923078,0.33516483516483514,-0.46153846153846156,-0.43956043956043955,3.105239568654187,-1.2710534459181635,0.9528275324187009,-0.21150697410039115
spread,AAA,201305,12,0.9300699300699302,0.9720279720279721,0.3636363636363637,0.4545454545454546,0.5874125874125874,0.6153846153846154,3.0715430268583384,-1.2620349077158448,0.9475481166691974,-0.2225809525985541
spread,AAA,201306,13,0.9560439560439561,0.9615384615384615,0.39560439560439564,0.48901098901098894,0.34615384615384615,0.23626373626373626,3.1191144006381397,-1.252202619698111,0.9712616259330268,-0.23656856302730372
spread,AAA,201307,13,0.901098901098901,0.9835164835164836,0.32967032967032966,0.42857142857142855,0.46703296703296704,0.5494505494505494,3.266472536776935,-1.3079862446062784,0.9717376620551986,-0.25866033869393795
spread,AAA,201308,13,0.9230769230769231,0.9340659340659341,0.4175824175824176,0.5879120879120878,0.06593406593406594,0.03846153846153846,3.3248378808561796,-1.4027909794997644,1.0053856922636235,-0.22077968431772796
spread,AAA,201309,13,0.9285714285714285,0.9395604395604396,-0.3131868131868132,-0.2967032967032967,0.24725274725274726,0.2747252747252747,3.8595412507047575,-0.1408094702102633,1.0134943805961572,-0.14146010763248182
spread,AAA,201310,13,0.945054945054945,0.9835164835164836,-0.03296703296703297,0.15384615384615383,-0.07142857142857142,0.005494505494505494,3.854464878289192,0.0008752414878130816,1.0191586283658143,-0.16247977440939587
spread,AAA,201311,13,0.9505494505494506,0.9615384615384615,-0.06043956043956044,0.021978021978021976,0.021978021978021976,0.06593406593406594,3.904148853268845,0.25551583670143024,1.0154998598212244,-0.13742173007448938
spread,AAA,201312,13,0.9615384615384615,0.945054945054945,-0.2802197802197803,-0.14835164835164835,-0.8076923076923077,-0.8846153846153846,3.8813457664209845,0.11698978118399163,1.0124038014955035,-0.08661037743625137
spread,AAA,201401,18,0.7089783281733747,0.9463364293085655,0.05675954592363261,0.3973168214654283,0.15995872033023736,0.44272445820433437,3.9077719323940014,0.28451703172205983,0.9993295800694458,0.013315504995903605
spread,AAA,201402,18,0.9566563467492261,0.9876160990712075,-0.14344685242518057,0.009287925696594427,-0.3065015479876161,-0.3952528379772961,3.91753525189877,0.05893099135546455,1.0022664751653307,0.047816078654178584
spread,AAA,201403,18,0.9112487100103198,0.9752321981424149,-0.3787409700722394,-0.19504643962848298,-0.8431372549019607,-0.87203302373581,3.8827272482981265,0.3464797582630326,1.000551306957082,0.013046244456207078
spread,AAA,201404,19,0.9,0.9964912280701754,-0.04912280701754386,0.15964912280701754,0.19824561403508772,0.25789473684210523,3.835238928575953,0.43213735993329455,0.9925811981500317,-0.029048179933353794
spread,AAA,201405,18,0.9009287925696594,0.9731682146542827,-0.43859649122807015,-0.23632610939112486,0.11661506707946334,0.1826625386996904,3.8804229366732845,0.4571506729020227,1.0011216885619063,-0.03358950052016185
spread,AAA,201406,18,0.8637770897832818,0.9607843137254902,-0.5108359133126935,-0.3787409700722394,-0.2239422084623323,-0.13519091847265222,3.8293959106870825,0.2774713971146469,0.9961200450669423,-0.004691686937152533
spread,AAA,201407,18,0.9236326109391124,0.9793601651186791,-0.5500515995872033,-0.3519091847265222,-0.37254901960784315,-0.28998968008255926,3.7396868905083642,-0.07566260152859619,0.9941275697007145,0.0012209806061256915
spread,AAA,201408,18,0.9793601651186791,0.9917440660474718,-0.4840041279669762,-0.41589267285861714,-0.4282765737874097,-0.45510835913312697,3.6517770085997907,-0.2278792798067303,0.9885496751870674,0.02193794109884942
spread,AAA,201409,18,0.9649122807017543,0.9731682146542827,-0.6202270381836945,-0.5521155830753354,0.3333333333333333,0.3126934984520124,3.5165686989426694,-0.3266733864958769,0.9832761810952555,0.03800094469523396
spread,AAA,201410,18,0.9649122807017543,0.9731682146542827,-0.543859649122807,-0.45717234262125905,0.20123839009287925,0.17234262125902994,3.4058030038719336,-0.4876988595838741,0.9811882737017622,0.034074340509045176
spread,AAA,201411,18,0.890608875128999,0.9711042311661506,-0.6862745098039216,-0.43859649122807015,-0.1867905056759546,-0.034055727554179564,3.296318427273326,-0.6435947506175446,0.9789465004427059,-0.016241583392381465
spread,AAA,201412,18,0.9174406604747163,0.9690402476780186,-0.8452012383900928,-0.6635706914344685,-0.5025799793601652,-0.6305469556243549,3.11311722245631,-1.0231627976938837,0.9743114444650486,-0.051076025440066106
spread,AAA,201501,18,0.9071207430340558,0.9587203302373581,-0.7420020639834881,-0.6222910216718266,-0.052631578947368425,0.017543859649122806,2.968518357503005,-1.3475651903418098,0.9818164690439405,-0.04509197886093267
spread,AAA,201502,18,0.954592363261094,0.9711042311661506,-0.7956656346749225,-0.7254901960784313,0.7791537667698658,0.7915376676986584,2.8251819873968427,-1.1564518871054843,0.9717061843445469,-0.0847319478306316
spread,AAA,201503,24,0.9756521739130434,0.9878260869565217,-0.7782608695652173,-0.7408695652173911,0.07130434782608694,0.07565217391304348,2.654738113168372,-1.2390068166080388,0.9754715448586941,-0.06680245170229218
spread,AAA,201504,28,0.9638752052545155,0.9857690202517788,-0.3393541324575807,-0.2348111658456486,0.8264915161466886,0.8598795840175151,2.4580637341382383,-1.1280481819877861,0.9844899577653764,-0.05543211837975431
spread,AAA,201505,28,0.9489530675974435,0.9719447196534531,-0.4674329501915709,-0.41215106732348106,0.3908045977011494,0.4559386973180077,2.372583085144199,-1.0546338010265839,0.9955513394831129,-0.07232864589624159
spread,AAA,201506,28,0.9726327312534209,0.9908307195566038,-0.25670498084291193,-0.17134254984597624,-0.14887794198139023,-0.14013959348424895,2.293090821676078,-0.8579469636578542,1.0038011350502958,-0.14590792940769426
spread,AAA,201507,28,0.9540229885057472,0.9835796387520527,-0.07279693486590037,0.058018609742747675,-0.7301587301587301,-0.6869184455391352,2.250874166346075,-0.963557300953927,1.006556777111368,-0.1208194108008158
spread,AAA,201508,28,0.9578544061302682,0.9715380405035577,-0.07936507936507936,0.014230979748221127,0.0842911877394636,0.05856595511767926,2.2313029582422197,-0.9494575477922222,1.0015780020383276,-0.11629895526864796
spread,AAA,201509,28,0.9567597153804049,0.9885057471264367,0.157088122605364,0.33278598795840175,0.5971538040503558,0.6551724137931034,2.2257446799121348,-0.9611537249450455,1.0066672825468517,-0.13623162139372372
spread,AAA,201510,28,0.9781061850027366,0.9846743295019157,-0.16748768472906403,-0.0722495894909688,0.05090311986863711,0.025725232621784347,2.2326768398508827,-0.9649006282520208,1.0130101012397044,-0.11495918267566463
spread,AAA,201511,28,0.9846743295019157,0.9890530925013684,-0.5139573070607554,-0.46195949644225504,-0.6502463054187192,-0.6507936507936508,2.2168848506202803,-0.8850090056773422,1.0131284237345,-0.06767859357191812
spread,AAA,201512,34,0.9663865546218486,0.9871657754010694,-0.5407181054239877,-0.4514896867838044,-0.4563789152024446,-0.43437738731856373,2.1948346998528017,-0.6745031821479796,1.00890082070876,-0.00632314408065767
spread,AAA,201601,34,0.9679144385026738,0.9886936592818946,-0.08754774637127577,0.04568372803666921,0.73231474407945,0.7561497326203208,2.15353222651454,-0.5176366623947609,1.0092893371885447,-0.0031680747602436253
spread,AAA,201602,34,0.9715027914364291,0.9919779996862689,-0.6913674560733384,-0.6070282658517953,-0.5501909854851031,-0.5694423223834988,2.1602142893151854,-0.5041263479948289,1.0196315729452723,-0.006374960616810522
spread,AAA,201603,34,0.9706646294881588,0.9924363998709669,-0.6110007639419404,-0.49889220101288784,-0.3121466768525592,-0.28313851408174,2.0982450913157544,-0.47035094166263214,1.0092132545329764,-0.004202448431518324
spread,AAA,201604,33,0.9561293590664813,0.9897217382261323,-0.554144385026738,-0.3920454545454546,-0.5798796791443851,-0.5053475935828877,2.0691650241860224,-0.3605595697025377,1.0081550204930485,0.0023211943293602387
spread,AAA,201605,33,0.94384089568392,0.9794400368515987,-0.4344919786096257,-0.29614774065125066,-0.7108957219251337,-0.6568062193901891,2.0206943797007333,-0.3293243430740535,0.9974600103326345,-0.011493398870631553
spread,AAA,201606,33,0.9584691267691436,0.98278312085826,0.06684491978609626,0.22814641802878532,0.4618983957219252,0.49757647360563656,1.9930521304440594,-0.2320026948961915,0.9876903406763476,-0.024410471215214696
spread,AAA,201607,33,0.9742647058823529,0.9925628847222222,-0.5066844919786097,-0.42901312090957133,-0.39572192513368987,-0.392078216460403,1.9836010995960363,-0.13376673404994538,0.9896694044585501,0.012720510741843404
spread,AAA,201608,33,0.9682486631016043,0.9906417112299466,-0.5247326203208557,-0.4729278074866311,-0.4545454545454546,-0.4665775401069519,1.9403734396641064,-0.0018140096509992037,0.9907014260561874,0.0008215181660745567
spread,AAA,201609,39,0.9678137651821863,0.9959514170040487,-0.20182186234817817,-0.09028340080971661,0.5269230769230769,0.5823886639676114,1.889825896052128,0.09791629871160282,0.9860127844204837,0.03152395977824659
spread,AAA,201610,39,0.9795546558704453,0.995748987854251,0.08866396761133602,0.16781376518218624,0.3388663967611336,0.3834008097165992,1.854710383718215,0.07159666081826836,0.9841594060652399,-0.004010601683294375
spread,AAA,201611,39,0.9682186234817816,0.9923076923076924,-0.027125506072874495,0.06639676113360325,-0.4510121457489879,-0.4143724696356275,1.834481847842387,-0.09744787950236368,0.9866672677990206,-0.0689542372034031
spread,AAA,201612,39,0.9649797570850203,0.9888663967611337,0.261336032388664,0.3589068825910931,-0.1536437246963563,-0.1299595141700405,1.8288503247025116,-0.13370021214465933,0.9868742074952551,-0.0987299955094599
spread,AAA,201701,39,0.9607287449392714,0.9781376518218624,0.5672064777327935,0.6647773279352227,0.4034412955465587,0.41194331983805665,1.842756148091103,-0.16744591359618727,0.9873938872141995,-0.11303436793859174
spread,AAA,201702,39,0.9600688306237394,0.9881066868264571,0.23765182186234818,0.3615384615384616,-0.1716599190283401,-0.06720647773279352,1.8486550252783696,-0.10081467622628135,0.9822903828515519,-0.10498485616233606
spread,AAA,201703,45,0.9771731617014273,0.9901179260820869,0.37984189723320155,0.4487631347340472,0.18168642951251648,0.17464343367292412,1.8773840899167407,-0.10969292647614917,0.9834688192793272,-0.0862526319552352
spread,AAA,201704,49,0.9725510204081632,0.9977295342413446,0.5640816326530612,0.6681803109396395,0.3842857142857143,0.4327661421342411,1.909456703983339,-0.1423380322782188,0.9839577361574442,-0.10755904248448109
spread,AAA,201705,49,0.975,0.9890816326530613,0.2514285714285714,0.3878571428571428,-0.4866326530612244,-0.49530612244897954,1.9512043471286122,-0.1894559330623941,0.9889318706751011,-0.18617893276157726
spread,AAA,201706,49,0.9628571428571426,0.98734693877551,-0.19581632653061223,-0.055408163265306114,-0.8326530612244898,-0.8355102040816326,1.9777035239646819,-0.15197222246090394,0.9905015557412366,-0.14346290108874715
spread,AAA,201707,49,0.969208398488805,0.9916579507806071,0.3174489795918367,0.4747959183673469,0.6407142857142857,0.6161224489795918,1.9672385150116656,-0.24763056149549856,0.9766613877342233,-0.1943496583258457
spread,AAA,201708,48,0.9503080308544882,0.9880855452423601,0.26161528441163695,0.40670882312044093,-0.009769865392965696,0.04266290337283686,2.0118901216283915,-0.3129962773035989,0.9831511745550935,-0.1874181631463755
spread,AAA,201709,48,0.9487339542669408,0.9846387667589427,-0.15957446808510636,0.023339756298116857,-0.5570994355188884,-0.5115748909529102,2.073017906072193,-0.5215117577844725,0.9860989184267309,-0.20249215997855396
spread,AAA,201710,48,0.9653712548849327,0.992916655724306,-0.24033868866695612,-0.07631557524454022,-0.44507164567954843,-0.4217439684566697,2.102727331733706,-0.4932220040248583,0.979066202254095,-0.25659155818707896
spread,AAA,201711,48,0.9585323491098567,0.9875162831089882,-0.6207121146330872,-0.5239904472427269,-0.8544290056448112,-0.8333695180199739,2.127555368976661,-0.5101370416320836,0.9733341717635243,-0.26686084316691205
spread,AAA,201712,48,0.967132585645788,0.9856968413729507,-0.6212548849326965,-0.49869735128093795,-0.4623317412071211,-0.4464828484585323,2.1318899320121383,-0.48762239752740877,0.9669106462317069,-0.2563141116236468
spread,AAA,201801,48,0.9281081231197678,0.963956140818759,-0.8471558836300478,-0.7502239134652543,-0.6378636561007383,-0.5629529127087876,2.1070453010267047,-0.491238710513449,0.9624164316458595,-0.22226512692815534
spread,AAA,201802,52,0.9781439426278493,0.9819850595927511,-0.30222829334927,-0.22394877288282275,0.6980278323230599,0.7084738533670085,2.0419149306284705,-0.5261606596496442,0.9509760551958246,-0.29547677554598634
spread,AAA,201803,52,0.9606420216853069,0.9789976948689489,-0.5966874413045333,-0.5281311363442329,-0.4381456501323316,-0.4066421924357551,2.033147565377376,-0.5620406268009852,0.954985535675257,-0.2192774602809552
spread,AAA,201804,52,0.9560094770699165,0.9809822631420709,-0.5222402458806453,-0.4339622641509434,0.3129001963630154,0.3496969179544096,2.0013094634798194,-0.6140582896896372,0.9490455456226407,-0.2761723498908829
spread,AAA,201805,52,0.9772664260413717,0.9808735039812586,-0.8283957995389737,-0.7805596467168306,0.6205071288312131,0.6217583404118477,1.955534101726357,-0.6924582908154203,0.9446163258941324,-0.22214669082844196
spread,AAA,201806,52,0.8815845641594808,0.8659679431140267,-0.9165884060445657,-0.8981578380611759,-0.5165201058652779,-0.5305782684392193,1.8894670606283706,-0.7568011778108151,0.9424819274024147,-0.24395555455898563
spread,AAA,201807,51,0.9619909502262443,0.9627149321266968,-0.7572850678733032,-0.7382805429864253,0.43945701357466066,0.432579185520362,1.7970644614400995,-0.7232167370881399,0.924895961288126,-0.3404487009070842
spread,AAA,201808,51,0.9726916901061913,0.9858141589436864,-0.5157466063348416,-0.46126696832579184,0.7997285067873303,0.8219909502262442,1.6944852663399224,-0.8762249164210991,0.9082687486870574,-0.3407076424445121
spread,AAA,201809,51,0.9659042062247283,0.9691388750622201,-0.8368325791855203,-0.8084798300673298,0.005067873303167421,-0.005248987534998055,1.6354457617954634,-0.9909945598357118,0.905491686170923,-0.3484909863308076
spread,AAA,201810,51,0.9660633484162896,0.9838684135643336,-0.21438914027149322,-0.11167673479633793,0.7641628959276017,0.8012398472604358,1.5521229607278875,-1.0356979199672125,0.8998731097337087,-0.3721032714915662
spread,AAA,201811,51,0.9184125987953982,0.9590026707859122,0.24687782805429864,0.37692307692307686,0.5514932126696832,0.6035294117647058,1.49921593011215,-0.9006776221099646,0.9015976675510179,-0.399939195785343
spread,AAA,201812,51,0.9148377764015849,0.9588198026970766,0.3495022624434389,0.4756776329590671,0.5501357466063348,0.566496222128478,1.4814444960948032,-0.7209559495679254,0.9179364876121066,-0.4330701190344783
spread,AAA,201901,51,0.9021719457013574,0.9557446048067405,-0.03619909502262443,0.1467487218118583,0.3721266968325791,0.39205393949366035,1.4633612466140125,-0.8683444498353659,0.9337411059604813,-0.5939430996100095
spread,AAA,201902,51,0.9231639450150235,0.9724874438663728,-0.08660633484162895,0.12914027149321267,0.37167420814479635,0.4920361990950226,1.4501389136460463,-0.8908235995687441,0.9458567710646875,-0.5703417856392446
spread,AAA,201903,51,0.9186633184097457,0.9540466549945271,0.08769230769230768,0.22643558555243262,0.2970135746606335,0.3081134896136119,1.4275375953790008,-0.6645863028462219,0.9414645091345576,-0.4786161433354132
spread,AAA,201904,51,0.8625339366515837,0.9239123059447437,0.0695022624434389,0.259960632660033,0.3710407239819004,0.45281567467866846,1.4138346689650483,-0.5850155859190778,0.9466381560856321,-0.525127290760815
spread,AAA,201905,50,0.9181012752052122,0.9675622466713648,0.4954141656662665,0.6474429771908763,0.43999999999999995,0.53968787515006,1.3969836631020978,-0.5898706100472976,0.9435987190536645,-0.5691963113483025
spread,AAA,201906,50,0.915844318254815,0.9716673069535152,0.41464585834333734,0.5619822806489148,0.5384393757503001,0.6156690438519812,1.412639659863975,-0.4408674641645358,0.9504107434142334,-0.4364906953292102
spread,AAA,201907,50,0.9030228819621329,0.9747406838263541,0.5353661464585834,0.6968714737056352,-0.3425210084033613,-0.3360464838059562,1.4716802266539468,-0.399041264496192,1.0040834353518606,-0.49517631974936377
spread,AAA,201908,50,0.9071263936698419,0.9647273515879222,-0.13968787515006,0.08926985044230817,-0.7050660264105642,-0.7446037121885047,1.518148707932779,-0.19808657514356592,1.0091203893109628,-0.3800163472592501
spread,AAA,201909,50,0.938343337334934,0.9804552450797864,-0.17647058823529413,0.035535920133175386,0.2242016806722689,0.25893200183524556,1.5068338898421245,-0.18650111473640907,0.9932797175959202,-0.3072481541909136
spread,AAA,201910,50,0.9392302338897823,0.9762059115877797,-0.05767106842737095,0.08945978391356542,0.35481392557022806,0.4071548619447779,1.517822831670159,-0.23728535989473679,1.0017379847303391,-0.3199528130876755
spread,AAA,201911,50,0.9186035354425839,0.9742598509303586,-0.12797118847539016,0.08437177365633966,-0.686530612244898,-0.6327162718815773,1.5112813561348926,-0.12577673019109123,1.001300335049193,-0.3082865347645387
spread,AAA,201912,50,0.8594684148555306,0.8924532381855715,0.4813925570228091,0.5556089134335666,0.15361344537815122,0.19914521728686266,1.4965624303848042,-0.16636414888884135,0.9900724887604389,-0.3823856723251444
spread,AAA,202001,49,0.940303077911554,0.9822180272094612,0.676938775510204,0.7759891836500439,0.2623469387755102,0.3421005639012128,1.4847505035438677,-0.17985262907957847,0.9772364920039569,-0.3519480623939446
spread,AAA,202002,49,0.9522181691406911,0.9897186012354243,0.5229591836734693,0.6492678206318586,0.48459183673469386,0.5514567076926624,1.5160024214331702,-0.03038806797861519,0.9769463145150389,-0.37900988622110665
spread,AAA,202003,49,0.9523202125601992,0.9598448900454104,0.8293877551020407,0.8831347741336452,0.8353061224489795,0.8138983139973371,1.536019073383318,-0.09290787580875046,0.9795736183533826,-0.43398779859949643
spread,AAA,202004,49,0.9120130618544635,0.9659166283994081,0.42734693877551017,0.5521569429588253,0.3304081632653061,0.3474578434253928,1.6035365230910075,-0.17809220018151983,1.0108062880761186,-0.44198165591442246
spread,AAA,202005,49,0.8928288989869235,0.9550487269758662,0.4557142857142856,0.6102196486589865,0.39775510204081627,0.4388377255949785,1.6511977870740877,-0.3390374124350318,1.0212582702972384,-0.41813038094280347
spread,AAA,202006,49,0.8619097428759415,0.9779835705903362,-0.1689795918367347,0.1762289854906471,-0.7463265306122449,-0.5800147964845618,1.6928172534304,-0.29093568824702765,1.036300152415304,-0.3529781236665167
spread,AAA,202007,49,0.9085435855911849,0.9841573549670902,-0.3258163265306122,-0.07923671524811086,-0.8832653061224488,-0.8394091688743851,1.6930585013753465,-0.13982211680588172,1.020100632885839,-0.35066999607946286
spread,AAA,202008,49,0.9483673469387754,0.9832393686711813,0.7238775510204081,0.8070614048902882,0.6645918367346939,0.699405597309146,1.667013384033048,-0.13227777890007922,1.000934043984345,-0.362984006470798
spread,AAA,202009,42,0.9447370553439753,0.9959484644680335,0.536180212300462,0.712989222915485,-0.7382708046349566,-0.6953245279961107,1.7247822327892537,-0.14617537780730805,1.0208298309516781,-0.34042176090672216
spread,AA,200301,55,0.5182539682539683,0.9435064935064937,0.09841269841269844,0.7471139971139972,-0.3235209235209236,0.18239538239538242,1.2201404271699499,0.44279531563957564,0.959664294619711,-0.0826779880685579
spread,AA,200302,56,0.7434723171565277,0.9616541353383459,0.4324675324675325,0.8215311004784689,-0.12563226247436773,-0.01551606288448394,1.2213060613054405,0.48262261768475384,0.9680939460841957,-0.1652330378063389
spread,AA,200303,59,0.6834115052089138,0.974648957569815,0.30584453535943895,0.8331969608416133,0.21431911163062542,0.43401519579193465,1.2920084268372904,0.39171669684961663,0.9583375151154062,-0.12883494706215964
spread,AA,200304,59,0.7018118059614261,0.9708791771810376,0.29205143191116306,0.780315317373147,-0.40099357101110467,-0.16250968017047676,1.338728908414849,0.3313240012580835,0.9697270350470081,-0.16586510903360843
spread,AA,200305,50,0.6362064825930372,0.9729171668667466,0.15351740696278512,0.745018007202881,-0.2689555822328931,-0.07438175270108043,1.3601818892326822,0.3347018888642947,0.9635632217163549,-0.1281847476652774
spread,AA,200306,52,0.7704260223683087,0.9611542730299667,0.30914368650217705,0.6863314266199949,-0.1575172884828823,0.053786391189276875,1.367981778252934,0.34024958976102015,0.961745833165884,-0.11148236784642851
spread,AA,200307,54,0.5816878863721325,0.9590988800137108,0.25656565656565655,0.8156660949113778,0.023975605107680573,0.47871164474938055,1.3830079208108825,0.36424461559462135,0.9590457729447077,-0.08874527742321255
spread,AA,200308,54,0.5924260040337244,0.867307069362938,0.26052982656756235,0.7711366934015886,-0.176672384219554,-0.2346954335775374,1.391720975390729,0.3765708859709009,0.9682079210417743,-0.12780026747795442
spread,AA,200309,53,0.3944525076600548,0.8338339348963734,0.035397516529592,0.6718406677842165,-0.16190936945653928,0.1764670308984347,1.4142142905459092,0.43696659835789897,0.9643157833877011,-0.15857198097918798
spread,AA,200310,62,0.557200775603737,0.9632847321900734,0.25018256906146913,0.8221147792803003,-0.4277152426279872,-0.0623253002946287,1.190432874354228,0.4842533273602839,0.9475457222426791,-0.09354175566538767
spread,AA,200311,62,0.43763692679610183,0.9674649341492283,0.20958928256654327,0.8923220266424919,-0.3154541562791166,-0.00012590969756490645,1.1793096785599197,0.4953793854680723,0.9416951912425212,-0.12665223639431417
spread,AA,200312,64,0.49542124542124544,0.9528846153846153,0.23195970695970694,0.8635531135531134,-0.21195054945054942,0.23342490842490837,1.211588501916382,0.5465681388523148,0.9421684614709591,-0.11592539172644953
spread,AA,200401,67,0.5367600842321998,0.9450369646587814,0.29491579535477697,0.8994333147098733,-0.23002633889376653,-0.040705563093622804,1.2607608703051385,0.5538364095654492,0.9366005944754898,-0.12652975167334687
spread,AA,200402,69,0.5135962148206107,0.9071046237600247,0.2907563025210085,0.8511221330473163,0.018268176835951774,0.2812776879701552,1.24952495113787,0.5282758022143039,0.9268930396815643,-0.12295258797498614
spread,AA,200403,67,0.4729826801819779,0.9585258054372559,0.2573230106153724,0.8840179186520131,-0.22619522707319023,0.2545918927404698,1.1288053313018296,0.4463343405354991,0.9255125271651883,-0.12531741688128645
spread,AA,200404,67,0.6632944229595475,0.8963982841253798,0.5185569478809163,0.8646739564211032,0.0737089951312954,0.15180780589033446,1.071812861030385,0.4120123715330133,0.9121895377786644,-0.17205204390008857
spread,AA,200405,69,0.7725865234750816,0.9855220731706296,0.6509316770186336,0.9675003198603808,0.581074168797954,0.6779261587934078,1.0457796064072413,0.41117522058676814,0.9012493927910177,-0.1722094412505767
spread,AA,200406,73,0.6771259980986785,0.9727561631468218,0.39923485128964586,0.8448325067549439,-0.27317043070467734,-0.11688662291029325,1.0623641183757266,0.44035596244361275,0.9080675289726989,-0.20350458668902202
spread,AA,200407,71,0.6059457738238421,0.9701110878563547,0.42404426559356134,0.9183161886587153,0.06928236083165659,0.4906059007059973,1.0154338288213953,0.422911552821181,0.8971339586691371,-0.13435762416078148
spread,AA,200408,69,0.7156506331233113,0.970651101611312,0.4748629886737304,0.8375015986344279,0.04691267811472415,0.37647746585503644,1.0086539883001286,0.4193995359740461,0.8864205308134461,-0.12429935861143712
spread,AA,200409,72,0.7035179111196863,0.9802395692238985,0.546980513216284,0.9372939948152605,-0.06723905074281306,0.11542728516645948,0.9729285460146954,0.4065080051618432,0.8935219309296681,-0.10062011334266356
spread,AA,200410,71,0.7225915710479548,0.96605437674737,0.41951710261569414,0.8581824279007377,0.11790744466800804,0.19094567404426557,1.4337607602587503,0.44177746594731504,0.9021155353329804,-0.0919584864428092
spread,AA,200411,72,0.6566069892728517,0.9724736715170028,0.16801723583510197,0.7695894397753329,-0.21097819795485245,-0.10253153363516761,1.4660845171674093,0.45958096167035023,0.905587626139088,-0.06437547097959766
spread,AA,200412,72,0.39753679929896807,0.9580995256853443,-0.08553604733423373,0.8052994187942614,0.07611421956395911,-0.07961990819528775,1.550382860764971,0.392595529722744,0.9027395003816945,-0.040806303106289535
spread,AA,200501,72,0.24564675620186208,0.9300661634367873,-0.385298089909319,0.5741572943565683,-0.594186121293974,-0.3753004638720531,1.5196032474211545,0.4126238342059868,0.8973790779668154,-0.020123862167229046
spread,AA,200502,87,0.47234917008636784,0.9247677327439061,-0.0696945396223664,0.6446074634614034,-0.34666836771888887,-0.18928327334817927,1.5153616305541755,0.43852587631973605,0.8922455243955253,-0.004314960716385739
spread,AA,200503,88,0.43189242976939274,0.9408294184299749,-0.04661688563277095,0.768695652240969,0.11244760663590576,0.29765107322354356,1.6999878705079559,0.3147001766444127,0.8904168464913806,-0.016438879480877865
spread,AA,200504,89,0.7233609698183051,0.947730416539982,-0.08757235274089208,0.4428432194593201,-0.23522301668369092,-0.18476415034279675,1.6981293493421035,0.24715378802113505,0.8892435121711568,0.0033441867739561967
spread,AA,200505,90,0.8417980968972428,0.924474407762508,-0.029213483146067417,0.30818303799769253,-0.09282627484874677,-0.19038054709823,1.6135630457758339,0.20946882783345366,0.9016596993999055,0.017096051208747656
spread,AA,200506,93,0.7038737714225527,0.8600353623145158,-0.38596281817910527,0.005266986217387807,-0.18050789293067945,-0.09264971931124527,1.524311072698083,0.3913098993481759,0.8808958416374418,0.03342327407929696
spread,AA,200507,93,0.7219107516465453,0.8141891009796314,-0.4448837695085195,-0.18214440252098388,-0.2398764584763212,-0.19148475852984204,1.508167772476142,0.33771204323726634,0.8929340644417579,-0.04062048558833472
spread,AA,200508,95,0.7759304300325178,0.886390201224847,-0.13087905935050392,0.14390649334673064,-0.04133538633818589,0.01482388759828683,1.3630710184077004,0.15466285849414674,0.8705368478966276,-0.07233557447984018
spread,AA,200509,100,0.8053093628069546,0.8908464650258121,-0.18075007500750073,0.030267571578350166,0.050129012901290126,0.1387603737465839,1.2755709863589662,0.3610342993376465,0.863716427745236,-0.00215467830741514
spread,AA,200510,94,0.8405093471975187,0.886609855447028,0.07280280316439693,0.22035343246200526,0.17296535780081637,0.21122140824456342,1.160814994749445,0.3196401144525087,0.8588277597195301,-0.016629723419281883
spread,AA,200511,94,0.807048598618148,0.8640613260251264,-0.03139110645522523,0.11780727898607268,0.011292128743272045,0.02335049219201441,1.0732895745360185,0.22081094657297393,0.8447733533705929,-0.0859444927028146
spread,AA,200512,95,0.7145056872266766,0.7337308961657022,0.014711646136618139,0.09550272794683404,-0.017903135498320268,0.00080489657118988,0.89352851474355,0.5095028508197501,0.8078229488699936,0.035561641697416733
spread,AA,200601,100,0.6435397297802821,0.6284925588207261,-0.35845184518451845,-0.3687310414293109,-0.1592199219921992,-0.18379844529331554,0.8602138566901035,0.6037656347828758,0.7874719329325264,0.05797723629147159
spread,AA,200602,103,0.5582528138948967,0.5745286101468985,-0.4001076311014047,-0.3508521441272925,-0.3750669262274336,-0.3994464565921917,0.7765339831619917,0.7940982937424459,0.7480367314179489,0.18015059744290032
spread,AA,200603,101,0.6504481733346975,0.5542162710345033,0.2323820617355853,0.15810594374623993,0.33888177052999413,0.20557966169642053,0.7273513211645288,0.8257481831173606,0.7248868355052249,0.2754565541779799
spread,AA,200604,103,0.6845267187303644,0.6987089369565755,0.2836299137589047,0.30523804168723734,0.29481586021247463,0.31445822504922766,0.670337263315031,0.7301639955830319,0.6741582027419469,0.37844762880039634
spread,AA,200605,101,0.7306947476380542,0.7578082910142578,0.21154338963308095,0.2669353570941606,0.034863133372160744,0.05120648585206537,0.7393442791609476,0.6880073204855152,0.7201127420421127,0.3792273070544184
spread,AA,200606,130,0.6082495767009614,0.6113433414684146,0.16822047033359078,0.18005954008343045,0.08493094939301013,0.07966078549931616,0.5819933513337474,0.7144312485442516,0.6008446319079322,0.6770748346289635
spread,AA,200607,127,0.6031573059831764,0.6846036105908111,0.12864993438320207,0.24584653378296595,0.19952193475815522,0.2865089792454783,0.5914741558737004,0.6999589372629085,0.6050487998937284,0.6732785925591885
spread,AA,200608,134,0.6267517735795701,0.7599329139421461,0.07044726243469371,0.30307541916827757,0.11240289779174305,0.23851206781306572,0.5716460632317932,0.5272074202750439,0.6027634578679834,0.48539060641637194
spread,AA,200609,128,0.4693085739549469,0.7615723023068108,0.02949322468412379,0.44721477907786966,0.11435634499175974,0.39352611551665956,0.5493350393447987,0.5957829548540821,0.583718787236686,0.6483164860448398
spread,AA,200610,164,0.6743543057292973,0.7693964168634944,0.18944404391060082,0.41714929732690964,0.3221035735176091,0.3523980082471265,0.5324239056392089,0.5809613093282749,0.57559148098615,0.6766989427128032
spread,AA,200611,164,0.44110301269844676,0.7747779734635207,-0.08629494103083808,0.3631205539061739,0.06360779726034851,0.4068059683228447,0.5180543213585,0.5502849424256325,0.5664342481490767,0.7626328504358937
spread,AA,200612,159,0.48142550390302685,0.7463164031059327,-0.0002836159541437784,0.45717079298822166,0.2027525674707428,0.30874079168217605,0.5167405019542237,0.4846966065818927,0.5813894570739443,0.7173428312913158
spread,AA,200701,158,0.5352295443629418,0.5035214079922411,0.04822479041132776,0.14860283610195357,0.1630874453685125,0.00849015630282342,0.508254439102703,0.49843348578234925,0.5874694213193042,0.7786703639109274
spread,AA,200702,184,0.3102204088637901,0.5791031808695632,-0.14712296045154205,0.1811020853993162,-0.0674808807381865,0.18752856496162165,0.5413702051086885,0.46896428386596395,0.6182678620331051,0.7176025895092327
spread,AA,200703,185,0.617640926923292,0.7997403372786738,0.2744599685664084,0.6163198138534455,0.4040665649836344,0.4673906502920102,0.5044313488019959,0.4518243596528521,0.6058526908603705,0.7216738515846645
spread,AA,200704,185,0.5391509291538097,0.8128249049436006,0.1994996398923468,0.5835456491523565,0.1785243167431106,0.49458387451721847,0.5205204069740977,0.4837542636522934,0.6165108494434217,0.7827906957926948
spread,AA,200705,188,0.7638076921397559,0.6844437240343977,0.45918509247670697,0.5079145058784481,0.46831446956603395,0.24133531157434138,0.4238593480531341,0.42110472299560553,0.5637201934915216,0.878667195437763
spread,AA,200706,184,0.8150139833313685,0.7968213681454217,0.560673345087496,0.5736438142033514,0.5510944458277526,0.5072633168527487,0.624475676894274,0.455439661403513,0.741404908308936,0.9121042630377295
spread,AA,200707,184,0.7693919931703154,0.8023819121626689,0.5419463523594357,0.5921124555201404,0.44252031604142583,0.47275469768441486,0.6077662968580249,0.5204259213089428,0.7067533746785979,0.9072700003009729
spread,AA,200708,186,0.5610121573030094,0.6846531491466683,0.1384304090186443,0.3205844999965721,0.04472117451244586,0.1792187520435627,0.6525281085152932,0.5824429680023453,0.7285493906216164,0.8916619244855839
spread,AA,200709,192,0.6598098864854532,0.8011564011106727,0.30939899085804196,0.5192236775976365,0.13725822640588126,0.3028798427968795,0.6731320116463054,0.4908873788180386,0.7495835750254232,0.7844452877161461
spread,AA,200710,183,0.6856038465836638,0.8308493415998576,0.3592519362218442,0.5909103369995774,0.07406718436317904,0.19980614462938867,0.7001469776634559,0.5240583620079995,0.7671995370734868,0.7490770304601833
spread,AA,200711,185,0.6956750412648883,0.797225057311267,0.4806148364353133,0.6383231768255829,0.3637238921951405,0.4472403501300455,0.7209805827345802,0.5018201791774993,0.775538380150171,0.6177869635320749
spread,AA,200712,186,0.5852394264408478,0.8288266824958519,0.23721775941889792,0.6521629871364958,0.16647100783723173,0.299101908220385,0.7867937105370865,0.5665654413740048,0.8170612365020301,0.5017073030257722
spread,AA,200801,178,0.47803256747807676,0.8150813075871062,0.1743291248594309,0.617027795940603,0.09278892341868376,0.48321669246234844,0.7655464138431726,0.4869845451101828,0.8045249431212678,0.3929334236069625
spread,AA,200802,179,0.6167400650662019,0.9127564594137383,0.41299144226141904,0.8418732309770292,0.3545937689619818,0.5390526716127936,0.7586117008546395,0.39747009885561074,0.8528189903622564,0.30805740838469187
spread,AA,200803,178,0.61413918315072,0.9034001171383429,0.27845613870834923,0.8266123219397564,0.38371940859362785,0.15136306015847675,0.8596121864432347,0.41314578294731713,0.9087356950892652,0.2017879549302217
spread,AA,200804,177,0.5118627617019216,0.9244766799237208,-0.13943231592250827,0.5249444368713425,-0.46576626097193613,-0.36855938383983716,0.9346616712121181,0.27403927032737113,0.9282487378920451,0.09732692988909916
spread,AA,200805,177,0.42627965482752794,0.9558881053062751,0.0561235089420197,0.7832003406315463,-0.05422127386991223,0.5234439204346045,0.8417160837460967,0.20743870414350374,0.8954058084777482,0.012196271022160978
spread,AA,200806,178,0.673078160901132,0.9301609542470265,0.38244909987882064,0.8494299563375619,0.35971759569073836,0.28040871215683455,0.8301510870146389,0.10094130236676505,0.9204497999033647,-0.019198940124981762
spread,AA,200807,176,0.7414169962971875,0.9555687872107349,0.3338190622936386,0.7489531943490665,0.20786704820603127,0.35232762582024685,0.8991833375337615,0.022065583109456898,0.9303781816940421,-0.04340780156306453
spread,AA,200808,176,0.7805788591787725,0.9691518392949703,0.3594320933303984,0.787787338296732,0.3949790887079023,0.38793173658851754,0.9612591515519963,0.016375099057173246,0.9461051709015329,-0.06533961598983472
spread,AA,200809,173,0.7150004780277861,0.6288093746759883,0.44634521696001045,0.4478747789499376,0.4233536209446023,0.14389017779165847,1.0111493408515368,0.03602242778796905,0.9593870196252418,-0.0676561330022237
spread,AA,200810,172,0.6624589422623263,0.8231361182588659,-0.552694075557222,-0.25645588173773926,-0.48953712416543443,-0.3759472527685737,1.0970824141975515,0.0022321989857363804,0.9624020912157267,-0.11438642047548665
spread,AA,200811,173,0.7010845695391202,0.8583583308092912,-0.07312115551311588,0.385922705601144,0.19269136100050527,0.12328236114228983,0.8461953821277812,-0.009083033977145426,0.9000179133206347,-0.05411156568823205
spread,AA,200812,103,0.6042278155028035,0.8957513055798093,-0.28070772745244477,0.2060586424760724,-0.25991740983174455,-0.16916753384814745,0.8049281961852,-0.030301223957285066,0.8896779454761914,-0.050500115481590405
spread,AA,200901,101,0.6106150880423191,0.9206661677339654,0.07779848573092603,0.5882894242582435,0.1747000582411182,0.45735718508401574,0.7653055437347605,-0.055976757099452996,0.8717972976936659,-0.0921507012187041
spread,AA,200902,104,0.746740638002774,0.9137624760744336,0.3080230449162488,0.7357075413928503,0.4695615064547104,0.467488890910796,0.763696172659921,-0.0695893315085085,0.8744600612366629,-0.09631472917142304
spread,AA,200903,126,0.7464439338434298,0.9277628129409959,0.39327784026996626,0.7837630296212973,0.49061567304086995,0.5424851893513312,0.7749065553180614,-0.056739796424346706,0.8838344579295332,-0.08776221573258412
spread,AA,200904,132,0.7478241813388379,0.9380177848695695,0.039816752151022934,0.39589048422245204,-0.24065889915628763,0.04344837212096923,0.7921085477797914,-0.05966724727988447,0.8974455404359825,-0.05389664784401542
spread,AA,200905,134,0.5797468291314157,0.9363977336235327,0.007518796992481204,0.5854965049338023,-0.5405410797409154,-0.10281239674130672,0.8044830050215733,-0.037908192870855256,0.9033478120588179,-0.03628268583471654
spread,AA,200906,129,0.4765498561899659,0.9291951542662916,0.11478085867620755,0.7896796446800881,-0.13468805903398928,0.16934304937188632,0.8037039950650363,-0.02648440330090188,0.8915234665191543,-0.018036700209502744
spread,AA,200907,131,0.4172401874238854,0.9132396569150432,0.08282175839427748,0.7978588529864885,-0.1703517856189612,0.35121537184604856,0.7991624787665089,-0.02517490264418713,0.8899721076338921,-0.01775380349549576
spread,AA,200908,132,0.48523633859109944,0.9276543122921599,0.19293723552462,0.8255738568850935,0.08292069521478922,0.592456930568941,0.7780747091902984,-0.02062171507870594,0.8805548184658869,-0.008277211208135602
spread,AA,200909,134,0.5811668474669262,0.9493260514470256,0.32938315939101487,0.8679035898203221,0.15369019563834962,0.5630868215314406,0.7705396717401777,-0.0184836808636082,0.8775271001929527,-0.009279005752935112
spread,AA,200910,138,0.7262359628168484,0.9844139743401502,0.53857288653368,0.925199034678953,0.3248003945304562,0.6912616526899077,0.7449672495882806,-0.02222620251705654,0.8771141819267605,0.006402549478739971
spread,AA,200911,141,0.717401844063121,0.9508280587530431,0.5191574981805728,0.895715672456175,0.27720364741641335,0.469725234091234,0.8300727012933665,-0.005329530755602337,0.9124142506273233,-0.030099472627959756
spread,AA,200912,144,0.6205502382261509,0.8888607559343319,0.3632867132867133,0.7983594500484459,-0.04789807893256169,0.21790337554783948,0.8926703485179449,-0.012497036347643313,0.9237055849084639,-0.03392063588381669
spread,AA,201001,141,0.5572152828123337,0.9611924803747124,0.30031679438332115,0.8764927361909205,0.14891476518686586,0.5566324684983609,0.963491975044344,-0.0004270002466662204,0.9309099785396836,-0.012524344377355117
spread,AA,201002,156,0.6311611113192287,0.9819806008152272,0.41115202857549266,0.9289412106865194,0.18160294605743543,0.4506735724283794,0.9952569682966685,0.030007364026275726,0.9346735320663283,-0.00024880024202586314
spread,AA,201003,158,0.6937467863790014,0.9901027904167752,0.47001562312222084,0.9228593856022167,-0.04128489911905062,0.39012988356465844,1.0266102789783935,0.06853086478412648,0.9311215859156388,0.02071427975867406
spread,AA,201004,157,0.7134378159130236,0.9523362095041332,0.5063787297117943,0.8863285035400719,0.07902244494198053,0.23599010783726454,1.0581742730944188,0.0763838171907377,0.9263791462918394,0.01231038497182484
spread,AA,201005,159,0.6549105190336276,0.9327247025397044,0.44456054454263194,0.8901928588488178,0.2623029615476475,0.06589443515643659,1.194163154068204,0.045731974334295385,0.9282965828890867,-0.02718372787807446
spread,AA,201006,156,0.6337537210996914,0.964576894415344,0.13964691564855936,0.7733333965545157,0.011819000806056485,0.1409842439417037,1.3202224711256803,0.12462829546482049,0.9365195097520996,-0.032175007272088565
spread,AA,201007,160,0.6792497053727842,0.9664668535896153,0.1281876245165827,0.6883003400771945,-0.08778565568967539,0.2575678670807171,1.3816645716152571,0.13280654892321342,0.9401477102870204,-0.030084989364322443
spread,AA,201008,161,0.7108633984125682,0.9579600800845015,0.1829192546583851,0.7374138861887827,0.03607948010121924,-0.016360456263962014,1.5178556402421517,0.13447690514558405,0.9499232910179013,-0.033655318883110456
spread,AA,201009,163,0.7974819989394752,0.9725061723947784,0.16734832992501703,0.6143110688694566,0.1812282131001269,0.41875795794504583,1.5697361927424356,0.15902170345588432,0.9494824205453057,-0.032435537709266646
spread,AA,201010,163,0.839461956721482,0.9816580939023155,0.20755260722341376,0.5993227693860939,0.2922146297127593,0.5454685263727538,1.6588664562243771,0.2122924890445694,0.9550061690758326,-0.012983558731510714
spread,AA,201011,165,0.8602730211310877,0.9844862717966772,0.42065289984772797,0.7563491814371237,0.3729356450191008,0.3768361985656536,1.6810237209136787,0.27025756437420556,0.9584778014877442,-0.007086392049582902
spread,AA,201012,165,0.787727122762868,0.9701492936044954,0.2889268826970855,0.7312505008949325,0.0047471482381855595,0.25911628776747797,1.7141040257455464,0.29674756622199394,0.9615116123839182,-0.011134988822366096
spread,AA,201101,165,0.7635246730992227,0.9938162727066693,0.32391205620709007,0.8137336223842143,0.227112440894398,0.5712053151039144,1.8493664907845064,0.35312066384994356,0.9746312069680403,-0.0038896274723401155
spread,AA,201102,174,0.6992614241784018,0.9914610130386293,0.22909422250064065,0.8038274460136534,-0.24809020757994246,0.027368676425117006,1.9512708579288016,0.4602774048785921,0.9791022611908804,0.0036801374309080553
spread,AA,201103,173,0.7636583818372978,0.9958721597921479,0.4135636510283641,0.8836784299878057,0.29541419638345906,0.42967821559938496,1.970820400239324,0.494881920112346,0.9774944607166552,-0.009778309628457882
spread,AA,201104,175,0.8023000460704605,0.9645867993440871,0.4051477832512316,0.8203182159408386,0.11255709807433945,0.2559487056912012,2.0082984268354633,0.5193417935349549,0.9804128480205485,-0.009591618914455034
spread,AA,201105,177,0.8028431829237073,0.995385073173371,0.38581612160454287,0.8401153244163189,0.0791104724641194,0.1307684525287867,2.032677491181294,0.5110709341989593,0.986048609558947,-0.0026677594192665967
spread,AA,201106,181,0.8607656802354644,0.9841428048146312,0.42595066075729054,0.7864543675017537,0.4626171250480643,0.47091882243485594,2.1152601803001962,0.5363716652546474,0.9911681222071976,-0.012837510097311272
spread,AA,201107,181,0.8766562594715835,0.9838341645948372,0.20426810758302466,0.6353357952405401,-0.20867787829113793,-0.46843715485425447,2.2284165770645306,0.6172867794022449,0.9977364266391096,-0.00532730301158456
spread,AA,201108,182,0.8570130423396566,0.9693205066265151,-0.2198210267225755,0.256638229493896,-0.165750832809976,-0.47488503124525727,2.3235667171387218,0.6428264637744743,0.9934420657130714,-0.018401512193313773
spread,AA,201109,182,0.8624511747181033,0.9743258744316549,-0.4298712789791497,0.04109470423854422,0.18214128955909592,-0.08719573854853306,2.3333271991764004,0.6954736902601004,0.9919851134586306,-0.0032205272125228127
spread,AA,201110,186,0.8468589939060438,0.9718213199412676,-0.6530656583787513,-0.3143912409413886,-0.3747315713160115,-0.15398566265471372,2.2688736735244315,0.6783765043216133,0.9878572436815952,0.0016932204461889873
spread,AA,201111,160,0.8524683341831982,0.9740717763336093,-0.17151646548693306,0.2897978137766269,0.46772237196765504,0.40753664460694256,2.054075150559148,0.49553556906584895,0.9790928936564733,0.013459502046351912
spread,AA,201112,159,0.8191258943254504,0.9546890615375422,-0.4943485789347982,-0.09663592403065685,-0.6458681633627896,-0.6069069802065614,2.0141492404862364,0.5351639012176551,0.9824880904328217,0.010035046543546299
spread,AA,201201,159,0.8169399457698311,0.9448746377360475,-0.32221160735610227,0.05241081384471722,-0.08881956054454263,0.09949113251016058,1.9247814697100445,0.5637066393520822,0.9776156741693518,0.023188725465937646
spread,AA,201202,160,0.8594574006797141,0.9579030790808928,-0.31691374663072774,0.02118249909544505,-0.390173444275167,-0.2122586022775661,1.8658700015678542,0.5738929921360315,0.97268916204451,0.022843100149814326
spread,AA,201203,161,0.8451380586743462,0.9492458514824827,0.09154589371980679,0.41611743731308953,0.2223228663446055,0.4266678168852082,1.8126875266026312,0.5683942715445737,0.9715752246531703,0.04487165646397477
spread,AA,201204,158,0.8549816081962193,0.9430119835860689,0.16726780952265047,0.5010644876427326,-0.11556698851008354,-0.14366133548136567,1.7814131914901024,0.5993984471273247,0.9704021944626641,0.053369046067725405
spread,AA,201205,169,0.8690858666190995,0.9379076212788743,-0.05553179851822386,0.23843324354009215,-0.2460121326637164,-0.35920436478119944,1.7500649138782596,0.6351135560877421,0.9675443904560328,0.09304289219698147
spread,AA,201206,172,0.9271211593274055,0.9810469739784472,-0.17940064571968972,0.08043790103244677,-0.021854946547710856,0.05362212286959591,1.6970326818949477,0.6547586971179366,0.9587952938671909,0.07683804402579801
spread,AA,201207,178,0.9015833668033748,0.9665920508635787,-0.14771647645726435,0.10919778387176746,-0.49616832760772356,-0.375278944387146,1.64187109438085,0.6445492161882695,0.9524048249105184,0.0817948505344789
spread,AA,201208,170,0.8814434720921579,0.954863880235348,0.2009941316919169,0.459102164443504,0.2264849384163507,0.3703225136726052,1.5922620153328733,0.652644816370917,0.9508388322720465,0.08645090948971919
spread,AA,201209,177,0.8573928098038401,0.9441733613873668,0.1596470802098302,0.40969968333956275,0.1697901698377798,0.30062829043688827,1.5727022823223296,0.6760600426650836,0.9575658446813856,0.08940780266911799
spread,AA,201210,175,0.9205720113888566,0.9705149362179495,0.3240394088669951,0.5367672825431965,-0.14188311688311692,-0.045182540508918276,1.5743336501659104,0.6877077217823042,0.9598657953905292,0.07305944100756684
spread,AA,201211,177,0.8734031001786497,0.97856623087269,0.3121743044614879,0.6303232612874629,0.011268416405533147,0.13744583006473274,1.6604615654433663,0.7693845229498795,0.9628431526012614,0.055419214187327204
spread,AA,201212,173,0.8768516292032521,0.9418231122242454,0.4461806601740131,0.6613649097888916,0.3693048286987035,0.4544237222060705,1.66423790242588,0.7654247673126536,0.9565915929355425,0.057123848535518655
spread,AA,201301,173,0.7667133876874499,0.9583148882524207,0.3421807714236712,0.7226234105622953,0.4001534318201835,0.7073450976199164,1.7311328788630893,0.8361959242935518,0.966955727534355,0.01297180395943859
spread,AA,201302,180,0.8977329021127879,0.9803198354680486,0.4884574626788893,0.7417201577420489,-0.15675998230398056,-0.07942845913814212,1.7771907433732355,0.7994579086798638,0.9742009736636801,0.0023070245639149403
spread,AA,201303,182,0.9101296317769922,0.9812715854010531,0.5169513033836918,0.7447350309362488,0.19979377564741208,0.21731996789191432,1.8446191142526616,0.8045459480046493,0.9765656614995741,-0.0026829572517117705
spread,AA,201304,175,0.9246209833302967,0.9774154598162412,0.33549484997760864,0.5551656963725929,-0.5207008508732648,-0.4995723242274967,1.879925300927663,0.7992541461838398,0.9753284912284148,-0.0009573781057935387
spread,AA,201305,177,0.9235853185747112,0.9879324737927768,0.6438016135454719,0.830054015685324,0.739569086407784,0.8466547497446374,1.8995627220208124,0.7947914413367814,0.9757105660797422,0.01626129358839469
spread,AA,201306,190,0.931156304647322,0.9868597794742842,0.692842355820838,0.8628287347154789,0.5787088046070373,0.5519856394671185,1.9846494018124323,0.8292370527726182,0.9965593292566198,-0.03598817598466825
spread,AA,201307,193,0.8860543124736395,0.9720988365302933,0.4560705791919311,0.716945605385564,0.0029537363429341375,0.1596487896891646,2.1045789737991214,0.8035563501502754,1.005729462714299,-0.0850419763359787
spread,AA,201308,194,0.8508024321566178,0.9853989015175538,0.46637137233793385,0.7869714121373788,-0.04747198744314283,0.09650145353336784,2.2213011636458546,0.8014162411323567,1.0115268890394795,-0.08499179093475061
spread,AA,201309,197,0.8621690016718493,0.9755653090095066,0.5158735390787603,0.8075073340490282,-0.0987854301849951,0.05991159901874757,2.2754393509320505,0.7709348913693843,1.01087453902064,-0.08384496451487178
spread,AA,201310,198,0.9190618988891839,0.9889232177243839,0.4628967016284313,0.6968398717633806,-0.5727537858497225,-0.4702776344550476,2.3860326029305323,0.8230845143421703,1.0115551160121974,-0.06949532624069515
spread,AA,201311,200,0.9204571065991447,0.9880806930778468,0.5770104252606315,0.7768052114322948,0.020987024675616896,0.1663722216951372,2.4901092473679842,0.8925719378875975,1.010432169755532,-0.09458600165713829
spread,AA,201312,219,0.8926678541117188,0.9844147868872463,0.4912427022518766,0.729032392585287,-0.28713996823837223,-0.1934317963119449,2.5741257434926026,0.8386042956705099,1.0126739555469455,-0.08766075340061313
spread,AA,201401,216,0.863368317330761,0.9847372148498673,0.5259683968611198,0.8229239725698834,-0.5580561807118446,-0.5681403304881799,2.668458524136582,0.8441263271388364,1.0107792204187906,-0.07412139308780681
spread,AA,201402,218,0.9147444673789431,0.9764731569396066,0.48390919162850543,0.7080143420826484,-0.4159297468130835,-0.34800572432345267,2.76231787913716,0.8464026023005878,1.000668471252523,-0.11358498298509792
spread,AA,201403,215,0.9222130722954298,0.9953965238172088,0.5087022144944335,0.7565708883160162,-0.371782704243039,-0.3518089979286533,2.8316545865331144,0.8068194803627169,0.9991513373109553,-0.10184171938788726
spread,AA,201404,214,0.9009585505651285,0.9707294733923564,0.47529961337247567,0.7313697651401109,-0.3517624766202081,-0.33915142654430197,2.9069217397930918,0.7327700494850797,0.9978099432349629,-0.07317464749424915
spread,AA,201405,216,0.9219351527592631,0.9907044881625814,0.40718751116350516,0.6924729812781906,-0.343439431286393,-0.3656321595460649,3.010423293788706,0.7434342419104125,0.997445250252796,-0.0656296962733487
spread,AA,201406,231,0.9212364066328053,0.9948003131886656,0.36476761619190406,0.6331257745731838,0.004302069744348605,0.12114928362053641,3.0699494579327067,0.6839674734930389,0.9891445213727348,-0.08362537791489422
spread,AA,201407,234,0.923895597234881,0.993179385212776,0.370552741934351,0.6347708424706651,0.03366370943761137,0.07648160813593788,3.118786096942335,0.6402278513828799,0.9852502825438327,-0.08698093623141438
spread,AA,201408,236,0.8885808144867451,0.9931262881366647,0.17404264448775944,0.5039927346318616,-0.5474069576887435,-0.5184139164959383,3.216892262732992,0.5912145383895245,0.983967003842408,-0.10042487990506534
spread,AA,201409,237,0.9000307847227664,0.995549283421111,0.1689218060105398,0.48606068282100834,0.5518264375048454,0.6679649126525071,3.3027646932341126,0.5353465619103712,0.9791513517848056,-0.09954208407023299
spread,AA,201410,235,0.887672488145392,0.9696824061561266,0.036768472542003015,0.3383931200958253,-0.17444311908790813,-0.09437353006592256,3.3263459560683546,0.4072241168391225,0.9810363467260818,-0.11166424068652069
spread,AA,201411,234,0.9036197415764284,0.9774517301111241,-0.1577006197771425,0.1574094561621897,-0.04089779881944982,-0.01940955122437575,3.3482592356810237,0.330134483334524,0.9788535512813716,-0.1277429357135118
spread,AA,201412,236,0.9009826235506874,0.9633567471027852,-0.5333646783860645,-0.2825318230779491,-0.5131325119712234,-0.5519735660364292,3.333803026620758,0.2643187033157,0.9732343329044492,-0.1315205055439763
spread,AA,201501,231,0.8662103516184366,0.9710935613761597,-0.7039623045620048,-0.427123043153062,-0.3117243326388754,-0.3494977624385261,3.23897692041461,0.24557371512419943,0.9649839113438439,-0.09088346628413248
spread,AA,201502,227,0.9037550641870203,0.9637365447377068,-0.5612256832092317,-0.3325562851273934,0.5126341642574723,0.6356020080331009,2.9997722254788632,0.143739007753605,0.9614661987576558,-0.10081964059778213
spread,AA,201503,229,0.9073230151844583,0.9877701380522015,-0.3289368760804613,-0.04617887023781997,0.4074885333706395,0.5119941402681333,2.8583371477439248,0.14599096160456357,0.9635707566562439,-0.11555587089535298
spread,AA,201504,246,0.9064619198045802,0.984931136654811,-0.17547070571094042,0.08062473600552746,0.5675831229104656,0.7029634293015692,2.7491268249598306,0.14166311070109394,0.963597181603927,-0.11515630360291808
spread,AA,201505,241,0.9378102393797253,0.9925705358650945,-0.0229681766743253,0.20519294305006366,0.5868994547512089,0.6664966334498459,2.6518238524428432,0.10000136147414666,0.9724226353589309,-0.12486496291391952
spread,AA,201506,251,0.9162802751371208,0.9742693204912025,-0.028940997913109466,0.19934539836167656,0.24151242648453805,0.324080173144252,2.5846011159769247,0.048509125911599685,0.97881844406579,-0.13006760242886345
spread,AA,201507,252,0.9342377042527799,0.9940908115223343,0.10523237372362612,0.3601731828968588,-0.19929767097617435,-0.1466059395473349,2.5067198196989406,-0.04920565923247044,0.9779883299210268,-0.1402042499962065
spread,AA,201508,252,0.9480053390947534,0.9923876548256022,0.01785817392954064,0.2184032895399285,0.337052692673687,0.3604062207907662,2.4564780971789917,-0.10366992768579586,0.9762895426805053,-0.14608933434849977
spread,AA,201509,254,0.9331421793502407,0.9918775244861996,-0.13960972269770625,0.10153712988316156,0.1470513174925443,0.2112075262652888,2.4091599411031575,-0.0930585362523094,0.9816617431359141,-0.0994338211171178
spread,AA,201510,253,0.9597932120742307,0.9941103970803398,-0.12783160010137073,0.05244348787638944,0.18905714848885,0.23393808189384582,2.3496111462627853,-0.13239238854154375,0.9780464124582583,-0.1077626989798718
spread,AA,201511,252,0.9482659391922765,0.9907336186730707,-0.3425694924049333,-0.13567521065369384,-0.39680989949481205,-0.404392454107588,2.299915087549898,-0.13205847208454435,0.9835665612903163,-0.09271354722855481
spread,AA,201512,258,0.8898748813649002,0.9309609258339219,-0.31178191389936927,-0.09644212928972716,-0.2923794174359734,-0.3343053699716902,2.2337456438093364,-0.08350892033063465,0.9823325296134637,-0.08921488807104386
spread,AA,201601,251,0.921887218995724,0.9862547460316868,0.08950180231455132,0.36810359498079487,0.47021969265793967,0.4817372982576001,2.179945247212467,-0.07138941092845047,0.9825647443907839,-0.10217530079468108
spread,AA,201602,226,0.9520168207036966,0.9902911813915436,-0.6148849297623225,-0.430726735256023,-0.4783049393785817,-0.5013325030423907,2.214974799668206,-0.08711338938725116,0.995395047171528,-0.06471256637548475
spread,AA,201603,234,0.9276323938360254,0.9867972819547337,-0.6314519924418565,-0.43849672128480194,-0.35340034512712815,-0.2533465015868566,2.1715614147127322,-0.08804369190017011,0.989793755483769,-0.06418379152456366
spread,AA,201604,243,0.9421798042576401,0.9826196187062182,-0.3656610817564618,-0.17325235271855954,-0.24230381309367896,-0.19020116152038194,2.1165440302247127,-0.021778950677414238,0.9873954978729501,-0.07121777665157529
spread,AA,201605,244,0.9291732400010605,0.9916770580393368,-0.11503909396181058,0.13784643293290405,-0.22210244146231653,-0.1578498570168877,2.080691389600431,0.009097899186271106,0.9790217754620094,-0.08771401217636263
spread,AA,201606,252,0.9258029955512455,0.9889311109580826,-0.24115921032602136,0.0222498550402746,-0.060444838376589635,-0.035990901791719994,2.046652323391472,0.015898458681093654,0.9728161668064401,-0.09061413373357351
spread,AA,201607,253,0.9473143073767868,0.9921893076776803,-0.3301825414115726,-0.12318266024467031,-0.07336706429482875,-0.054780659503579986,2.0131886458164887,0.011395945615989478,0.971234739233035,-0.06904449940938134
spread,AA,201608,257,0.9425054143665105,0.9896786597156825,-0.5096413786082706,-0.3199736589892966,-0.4212712650438874,-0.3841818194364004,1.959998385867864,0.041708861878625596,0.9714754197736212,-0.07534893056977286
spread,AA,201609,258,0.9063954300932238,0.9814035950757638,-0.13421346938675685,0.15190018035110736,0.3341562408615164,0.3865761396307141,1.8977975779933238,0.0697363220120085,0.9648399487080941,-0.04825785478202573
spread,AA,201610,257,0.8847692892031196,0.9870479100437859,0.1970947199348475,0.4977199035601477,0.5591299712695683,0.718726836284547,1.8617510305144165,0.03767964829569541,0.9632505890176938,-0.05738659377847171
spread,AA,201611,258,0.8721817173072949,0.9882775425953312,0.28569227474303943,0.5720124372718511,0.11174201464672914,0.33015227603548963,1.8378449866234579,0.027892858099991577,0.9643099342949749,-0.06603436518782047
spread,AA,201612,259,0.8504754264339704,0.9875777298440218,0.33987885150675845,0.6900458106491985,-0.24098535028767587,-0.14955579384712595,1.833563953239635,2.9069315829595108e-05,0.9717804834798904,-0.09778011595639031
spread,AA,201701,259,0.8248256932148664,0.9882430421697384,0.4823775219124057,0.8195605660532238,0.3446640097802888,0.5564313444697059,1.854297662716975,0.010293104692542515,0.98052100526211,-0.12546095135214022
spread,AA,201702,264,0.8721603508285054,0.9929637976518572,0.4374606238871968,0.7494013675872016,-0.28907643042085973,-0.21953137916552248,1.8489401625347142,0.028730547525380293,0.9769313016131437,-0.1356982811423662
spread,AA,201703,269,0.8749318770859662,0.9723147825057674,0.44680685790378954,0.725752557846462,0.16163852361488712,0.23783004165071575,1.8865824059685639,0.03681498703404687,0.9792856240242407,-0.14449448488900588
spread,AA,201704,264,0.9215532465382944,0.9951766902837126,0.4634772287042894,0.725064045372393,0.13663233960959764,0.1060772666323211,1.9347893817914952,0.017858519624467308,0.9792693271089608,-0.15815700480066147
spread,AA,201705,245,0.9298539518248844,0.9934032065349201,0.2683555149368825,0.5444396232302271,-0.3905237904838066,-0.4470929180557954,1.968507397511293,-0.005936463237671539,0.9820836298902826,-0.16531447744068883
spread,AA,201706,254,0.9032043926253835,0.9919580552726689,0.1427585967006391,0.46359213614212436,-0.4122487537232688,-0.3316001050130167,1.9796944338263722,0.01335204563515719,0.9810099381649255,-0.14483091820899727
spread,AA,201707,255,0.9192160924087901,0.9927544924380285,0.30766341477535897,0.5726877873865501,0.4223475856878184,0.4767945559134693,1.9933899814292606,0.031633173646144756,0.9791892657579758,-0.13494215459019857
spread,AA,201708,256,0.8922904268334129,0.9801065608831061,0.2197857061112382,0.5049842560569279,-0.18150105859464405,-0.11245480176456923,2.0372998403528144,-0.01005811039859678,0.9833170359346698,-0.11396480090185326
spread,AA,201709,258,0.933263550164158,0.9788885618287708,-0.08722458772228023,0.12085832501400301,-0.25412434940984396,-0.1765570395530376,2.118368816082255,-0.08994442556732735,0.987159132793545,-0.13776298903234252
spread,AA,201710,261,0.9186326240696527,0.9874809264382305,-0.21470157463840014,0.04295679347758844,-0.5176336076352164,-0.4517874959589863,2.151030345738361,-0.16994421620587732,0.9839132903428011,-0.152852703511512
spread,AA,201711,264,0.9177683861822701,0.971850361219528,-0.3052123212177735,-0.07113718006633807,-0.6149953066600834,-0.640764307328574,2.160166446121917,-0.18151313096423302,0.9743420019642759,-0.14034951713317784
spread,AA,201712,239,0.9000537738828654,0.9642166248661743,-0.4392902058846064,-0.19390301333404764,-0.5248893597468043,-0.49765577427041185,2.162919495011612,-0.17428287227238629,0.9642778974035221,-0.10724915806398554
spread,AA,201801,243,0.9165808221037605,0.9742483868394738,-0.5432165670615745,-0.35063837261126773,-0.24359759208244053,-0.16960211087065583,2.1332659593516143,-0.08289339863934246,0.9632021618896532,-0.09337449218967821
spread,AA,201802,249,0.9139213020281619,0.9884361667937316,-0.28618499805674313,0.013310192944837316,0.31671129357002026,0.3336332438156586,2.07344347497112,-0.11505638542069904,0.9504591587255763,-0.08113249726674075
spread,AA,201803,247,0.8823619936981121,0.9724777491504393,-0.3176154769906064,0.03849794812630283,-0.1469299572844233,-0.19505953550783842,2.041800295119167,-0.09496325626402075,0.9513684380990165,-0.09354882103304282
spread,AA,201804,235,0.8996733829490913,0.9777239052329317,-0.3404717652824396,-0.0864598934737681,0.34425088074565174,0.468810529775686,2.0112835552954382,-0.09720165041699025,0.9500860121696689,-0.07613382241676551
spread,AA,201805,239,0.9449048168603186,0.9897031638555109,-0.5158336556379874,-0.3043409563856411,0.3518090081220772,0.38325596890901586,1.9578440586741086,-0.1937655742200633,0.9475784711811401,-0.11314583387332439
spread,AA,201806,244,0.9609471483482057,0.9835087310612907,-0.6693671032468846,-0.5167398364650518,0.09457393157627349,0.052800381317635904,1.9064370188386461,-0.23496367880036925,0.9488412587610114,-0.10491763975194852
spread,AA,201807,261,0.9486516311756531,0.9775364281324586,-0.7700575725055852,-0.6640037864434084,-0.24924237822368908,-0.21211339401833734,1.8576381006747487,-0.2342827446189938,0.9510693615408051,-0.10196224134137971
spread,AA,201808,264,0.9531861483111228,0.9819759006914129,-0.5546667623215438,-0.41258017916001494,0.4125364412472526,0.44013930874141993,1.7551545221592184,-0.2200387748882304,0.9390574082593454,-0.11103279846335973
spread,AA,201809,263,0.9684757039667499,0.9880018523391437,-0.7143611982595525,-0.6227857202960957,0.11987081214724667,0.1548098441390066,1.6864447483443625,-0.2470244643287302,0.9400262679181218,-0.12137751331406542
spread,AA,201810,274,0.9534615035824483,0.9776997788913114,-0.1831117787322167,-0.05887039555518524,0.6143780307283957,0.6601203910016786,1.6073013864700965,-0.19219928443693707,0.9375435530576163,-0.126735499249266
spread,AA,201811,282,0.9574162418995076,0.9792896332984128,-0.1589148593474979,-0.04477193038824296,0.13820145655745655,0.14030525221763504,1.5556355306676224,-0.1772437928990324,0.9480446246607537,-0.07060445647884701
spread,AA,201812,282,0.9098170012802059,0.9308484259947198,-0.16984060011007124,-0.09277913464861384,0.2117211640363112,0.22929878534761106,1.5105784574539238,-0.16071497628559395,0.9606188709147754,-0.10205940530240484
spread,AA,201901,281,0.9258127650594171,0.9422574797519444,-0.26933985224285817,-0.19859997955764178,0.042322794189228644,0.08318888377553502,1.4723981497408527,-0.20723494027948314,0.97202743278145,-0.1353252006221307
spread,AA,201902,275,0.9598179271772468,0.9645978418237039,-0.28103113008857217,-0.23091014554429445,0.03823548079974612,0.04782307203088217,1.4325999243716367,-0.08250732009207791,0.9819436709211374,-0.16311719258836352
spread,AA,201903,277,0.8915949786380782,0.9055368307600706,-0.34905072332026066,-0.3066809155702089,-0.3999739150760698,-0.3895308124517516,1.4000183218766107,-0.05380712968598593,0.9827986309886992,-0.1165120559606958
spread,AA,201904,282,0.9566987263914448,0.950889482238937,-0.07938424336278581,0.010876339860670685,0.3678663242169667,0.31072951957705774,1.3695174094110727,-0.0032507256902628403,0.9808401067958714,-0.13889379904641566
spread,AA,201905,284,0.9146391376410079,0.9423018338419091,0.11941211778547198,0.20139237598812912,-0.04756959710629785,-0.009408413088127805,1.3586246280906182,0.08976748128479198,0.9810019650899484,-0.07574834397474564
spread,AA,201906,286,0.8163027194424689,0.9191068576548198,-0.17411294406658237,0.022454742913655706,-0.09339390947870042,0.002448661655282485,1.3560550942034175,0.15647198776234594,0.9812431894278405,-0.08300916206814933
spread,AA,201907,264,0.8956707189987216,0.9189720468391132,0.04978608902850946,0.19310595586344118,-0.27236600257714205,-0.35570117657022804,1.3359276974411898,0.13888922314245897,0.9836316706718962,-0.10295500381137532
spread,AA,201908,268,0.7966484548143455,0.8960858489825411,-0.3219413146871631,-0.170249216550416,-0.701702630907947,-0.630765785148412,1.3454327381205637,0.2721052528391919,0.9830294074967967,-0.13984735598139392
spread,AA,201909,279,0.8843035725450863,0.9304728576166865,-0.23596075710318015,0.10057170295740846,0.5684307717555188,0.46309541801447013,1.3313294900827448,0.2425842702386058,0.9733766261733096,-0.11388035681469313
spread,AA,201910,275,0.9372774504582044,0.9295721943657501,-0.1992083608678883,-0.08625225489225181,0.45208749086509065,0.3566501840625298,1.3246531491850542,0.27644877827355113,0.9782768241376504,-0.106374066543932
spread,AA,201911,272,0.9419643729101592,0.9482167279940003,0.003615795423560494,0.05036556178746161,-0.37585577725961167,-0.3885244518412081,1.3114251693832717,0.3189220548090072,0.9768374634592796,-0.10796845130804422
spread,AA,201912,273,0.9079058769900754,0.9248493103865598,0.3536419019213559,0.40568645075898174,0.43914057216059293,0.4733654417854124,1.3071201457115829,0.3842455382518486,0.972394298920955,-0.04502193016010093
spread,AA,202001,273,0.8822526759860995,0.9063838979298348,0.32433093956279874,0.3993592468591965,-0.20009177168902373,-0.19191925000680465,1.3199598650121491,0.41170452489171355,0.9782959300010872,-0.00015806830756274063
spread,AA,202002,256,0.7792712059103492,0.8841372500431953,0.03902351796749828,0.23671102717422182,0.09022731174181733,0.2433008177197789,1.347607882455088,0.428899787438306,0.9727277384761824,-0.01296832468932761
spread,AA,202003,251,0.7274597892645516,0.7603964832917229,0.14748478371649087,0.2289761692391294,0.04155873327973484,0.06752471419541822,1.327573079930946,0.4880936628263987,0.9628596250959381,-0.045879539201931815
spread,AA,202004,246,0.5629820300093414,0.8691493692320248,-0.3482535771726849,0.15873404844556868,-0.3069459309516007,0.15487810678081798,1.3270211371739198,0.2805216391779895,0.9569032440938721,-0.10556371342037091
spread,AA,202005,218,0.8395507174550983,0.9236054221429556,0.4796444714199829,0.645360275446013,0.40522370101732286,0.5396379726249737,1.191313714756035,0.616258155851883,0.9394973660938787,-0.017286469093035522
spread,AA,202006,218,0.9358249158645436,0.9625641953779284,0.5321488947794858,0.6098324254674697,-0.14217953759521945,-0.0777580126309749,1.2307516802641358,0.5951218840543252,0.9643730120898737,0.050199483653665514
spread,AA,202007,217,0.9608693073662194,0.9697828960402219,0.2854570949421497,0.3374147247177042,-0.735663082437276,-0.7515545967331347,1.2782743556395497,0.5558347656030946,0.9601521093876904,0.0501627127817199
spread,AA,202008,216,0.9515646192085947,0.9717422225783597,0.7285071267816954,0.7916961136036749,0.7506710010836042,0.7847699566889484,1.297961472639446,0.46233109467830613,0.9508197041548034,0.12934598198549546
spread,AA,202009,197,0.9453606249057435,0.9675040359031643,0.6794276547721073,0.7492202914165158,0.028612552542936886,0.03954107459308557,1.3628414248741334,0.5014303601914943,0.9793680969658872,0.14543002268070337
spread,A,200301,349,0.4974371504085494,0.9235240360419794,0.1325323584626025,0.7554635230064501,-0.15264697164311827,0.3145552632745694,0.7692964432587864,0.11019297530184752,0.8770036848886233,0.0905137294596718
spread,A,200302,351,0.5623838573494441,0.9122223048558566,0.3318290043290043,0.8301696180945761,0.22284437784437783,0.5416364017552807,0.7180223929392154,0.11917049862772397,0.8586295445079831,0.09032302709345214
spread,A,200303,355,0.6384245831845631,0.8703525035583571,0.4225759815031879,0.7831003996160852,0.33390474249036406,0.5476328899702577,0.7325653355560297,0.12190298861474677,0.8609463554514588,0.07279456044753842
spread,A,200304,360,0.6274109170983213,0.9572174344028654,0.3800667186218,0.8408358944945045,-0.03920940747999598,0.3965554746579401,0.6673810001823833,0.12116798641931525,0.8262445318343725,0.07045135464178764
spread,A,200305,371,0.6493901731525757,0.9598622397278472,0.4729292634953013,0.9107449172114985,0.2093077687721632,0.45883015219282375,0.6845936434927035,0.1168011855605816,0.8345687467299936,0.07085667951620607
spread,A,200306,383,0.6510702375965179,0.9267139563222991,0.46118174408431645,0.8420842073315261,0.23210556983308955,0.5764560751824457,0.708348724952744,0.12466176813956453,0.8429088837000627,0.06112363756329478
spread,A,200307,395,0.6365423821817046,0.9414699880772829,0.47955504411200617,0.8705193621563347,0.31261227581345813,0.6650344268194355,0.7269767926198007,0.1245920216520251,0.8514183060185836,0.056932472250726236
spread,A,200308,401,0.6388611260796278,0.9362790499237722,0.4989319611419214,0.8924535920666432,0.001125730449994417,0.29480016285812394,0.7396658903449956,0.12919824138667685,0.8686462373960359,0.06533627720052762
spread,A,200309,412,0.6437492988932484,0.9535823527514738,0.5091887559938028,0.908617749102275,0.20127636422585374,0.5413463327786006,0.7526774412529794,0.12781986080441762,0.868680745822568,0.021997639587108736
spread,A,200310,406,0.6538953211877413,0.9494132611607028,0.5318797525694078,0.9101571801747039,0.2812378881344399,0.6185334285356623,0.7295312973772412,0.1498148790236529,0.865457240781015,0.031698573994275406
spread,A,200311,416,0.7101426857045644,0.9622907345502976,0.5892346609418306,0.920206934761126,0.18268581448174348,0.42844804971991546,0.7154532467749071,0.1690492387207922,0.8618063283603543,0.014083084887218964
spread,A,200312,421,0.606804370195838,0.9561990587327899,0.4656604756704947,0.9181439682945719,0.21097525477753098,0.6007464341266954,0.7960744677110778,0.17262081478711452,0.8802674894194622,0.0024922196988142378
spread,A,200401,429,0.5897379330262326,0.9448774781912812,0.4552602581074653,0.9070434797082808,0.12647904149751574,0.5001815128084922,0.8444435696457717,0.16676451928180672,0.8873202014257462,-0.01766159218917921
spread,A,200402,426,0.6392473098460556,0.9432900137574414,0.5011646736736718,0.9000897070784399,0.21377910665536132,0.5719549759490528,0.9343933778947167,0.167691993083946,0.8986206728329038,-0.0341368211263054
spread,A,200403,428,0.737747657896095,0.9513395750704692,0.6087090479613845,0.9056618530569069,0.2748720560885415,0.5147943525420062,0.9468423994781183,0.1834388984291602,0.9045432411390917,-0.01917795824312963
spread,A,200404,423,0.7539238445798926,0.9475811519744144,0.5655666309284769,0.8729482695710207,-0.05419439104767654,0.08723576753039705,1.255367104703244,0.2568336845697889,0.9324685529842393,-0.04807985281237401
spread,A,200405,423,0.7112856882895388,0.9483436615383903,0.5435019682033035,0.8854992041052057,0.23055893121076854,0.42832316949800026,1.2513410245409278,0.2860406209889085,0.9270987136880166,-0.07460583805697332
spread,A,200406,424,0.7263918938830429,0.9452127039695585,0.5064895196424414,0.8641228246871622,-0.21734914061989036,-0.03437451762586631,1.2247167888811676,0.3230395288636776,0.9298581222386828,-0.0674149340499372
spread,A,200407,425,0.8106297509381901,0.9850301756546007,0.5945362742492692,0.9004731172244841,0.2082198183551922,0.42495167629477865,1.2580480228823177,0.3010280318410942,0.9231330944396124,-0.08608013109425337
spread,A,200408,428,0.8156973516201657,0.9757085599629962,0.5884443875753792,0.8775395864363422,0.12158961932732687,0.29277658083078506,1.3464159046888695,0.28916717806301045,0.9163035496598805,-0.0941476656397997
spread,A,200409,439,0.7805201351360956,0.9668469289849698,0.5330002524700935,0.8588967249221845,-0.25683045073003574,-0.06953356549249268,1.4024921112659472,0.27383862932181113,0.9231813447392113,-0.08622435724199837
spread,A,200410,436,0.8626935644015625,0.9810613675556318,0.6371108989204094,0.8679866699028735,0.20843474930810793,0.3338029204945922,1.544561058299149,0.2502764478800667,0.9217622516182792,-0.10070256020924286
spread,A,200411,444,0.8362008895964014,0.9741521740054457,0.5035324263315233,0.8022861980505304,-0.25677766436637256,-0.19126198118666057,1.6044556226788886,0.2586669364568018,0.9231712479699054,-0.10041742690488228
spread,A,200412,445,0.6866616750982315,0.9616686416897938,0.325131308564573,0.8019715032505197,-0.22308307198718846,-0.11400089025754917,1.60933782106614,0.26278245367440606,0.9241961550050637,-0.10466847969233896
spread,A,200501,444,0.7207913286919009,0.9615277163734803,0.2502145943341063,0.7254256767846387,-0.4494250407355639,-0.42307652628036346,1.6247890694091827,0.27222498590893685,0.9166175647483712,-0.0848602086136498
spread,A,200502,443,0.7842904383602474,0.943966561391416,0.16466671523008838,0.5429805247226861,-0.2934611883308242,-0.2519999394051092,1.720313948260821,0.2756014759446469,0.9138182251851377,-0.10053935479495985
spread,A,200503,438,0.6764470601097414,0.9206300809162677,0.07267993872129387,0.5601075453523522,0.04119942974200831,0.2375081942354849,1.7611234165722294,0.24164911935613143,0.9067106481292876,-0.0874371581384308
spread,A,200504,436,0.7941204629265112,0.9066520486121412,-0.020705871110799023,0.26823389651288415,-0.16383411977621004,-0.08038096232301176,1.70823875825166,0.21318327473187762,0.9043230435167702,-0.08593219670203617
spread,A,200505,431,0.7669509476507675,0.865638852521343,-0.3295248115973309,-0.07697129894842278,-0.25240067267396893,-0.20286918340043064,1.8339315036337642,0.17169920454935894,0.9095707924906563,-0.07983500598268287
spread,A,200506,438,0.7760912595701773,0.8887549751578548,-0.4465190178698492,-0.14848204873616383,-0.0844875365051288,0.004451211792567938,1.7808026392288157,0.16138008838221274,0.8922309502556222,-0.04017204970605841
spread,A,200507,442,0.836667600890247,0.8924568028147289,-0.5953262005142832,-0.4324779222539715,-0.16420545717948082,-0.12209220782333755,1.7378082691125158,0.22111376273563185,0.8958054800455089,-0.05044206371202569
spread,A,200508,439,0.7601059002836705,0.8479069331703181,-0.3836232856721552,-0.16873562232144548,0.02054950614259406,0.09462930120386945,1.6212490876178538,0.2997600429414201,0.8821037563249832,-0.01647341681384237
spread,A,200509,449,0.7699081491130728,0.8346046084074829,-0.38964739034146006,-0.2330658342156516,0.08720198902335824,0.1649780919409776,1.517416051656251,0.3550911633810958,0.8692046636641407,-0.020151439559817266
spread,A,200510,455,0.8250139258054008,0.854473181168765,-0.027514824050648368,0.07960896790548182,0.3264392551039959,0.3459424302055824,1.3974284870228417,0.4932459222447287,0.8604504725883214,0.001378043360237309
spread,A,200511,455,0.7989313128274863,0.840593625727604,-0.3550360893031066,-0.2375719109603939,-0.06968862789526094,-0.03952443537935123,1.2928087534093042,0.5472292994992388,0.843995421144011,0.06762600278458902
spread,A,200512,446,0.7310888490885601,0.7575762914583098,-0.36131798734540693,-0.2862968557253183,-0.12754323105605067,-0.11805239565179675,1.175241095041381,0.5376155823726693,0.8301200883389264,0.06824891251219099
spread,A,200601,430,0.7244985264828604,0.7149958829463565,-0.3181007305434003,-0.3184184255325893,0.09158111775525882,0.07740520136283918,1.1028045922469858,0.5863273688659971,0.8131224450526806,0.11154775788914334
spread,A,200602,434,0.7374446644301784,0.7490316210810664,-0.536191540671611,-0.5093995107186204,-0.3045621355833453,-0.3200251727255009,1.0231593667046583,0.6219528775349992,0.8028751076014713,0.17739560545952307
spread,A,200603,434,0.7413102658955052,0.7205524317847206,0.08592488671838111,0.07490176163124397,0.3675834167838618,0.3266744268505662,0.9562301506295557,0.5530640580895898,0.7905783870970632,0.24524464043317265
spread,A,200604,431,0.7848669684218851,0.7941086738557749,0.27326856423034324,0.2916395112195085,0.39920302817219644,0.41241412894997354,0.9051110345512282,0.5386554984357906,0.7712502166102543,0.320082457683746
spread,A,200605,433,0.7890757535120307,0.8165115404891237,0.39084265423814507,0.4529737807704089,0.3289297010687097,0.3586667292444587,0.8304309622231478,0.5941661056051694,0.7423570313051081,0.39267977501562823
spread,A,200606,421,0.7878391044084576,0.7995814731952675,0.12774369308011843,0.16532941791253283,0.12138233596058004,0.1278380996596531,0.8465061298021271,0.6249567581725418,0.7614073116557898,0.4289608629985779
spread,A,200607,423,0.7215473174979581,0.7476022392484752,0.0019755164386036587,0.062419915253551825,0.19791020167945914,0.2225025638434946,0.7808374367579967,0.7241498779132258,0.7258250315132744,0.4863603830096425
spread,A,200608,414,0.7021486003089298,0.7677874901132239,0.01328747208805186,0.1641815572911168,0.12420629442843648,0.17585901277958316,0.7549061078326407,0.6994588492335888,0.7176176946025887,0.5216404314476693
spread,A,200609,415,0.6445865083391289,0.7959669145996819,-0.047308722428433474,0.24272289749740994,0.1522984332477798,0.29076762729653366,0.7422674341801146,0.700499507973284,0.7158003765564432,0.5752284024142054
spread,A,200610,380,0.6986730443620881,0.7996265456676347,-0.04057693877440613,0.21977941350202274,0.22015427977866664,0.25901306482230607,0.7367651737527215,0.6539129794796203,0.7167245955320871,0.5339763912564516
spread,A,200611,389,0.5438814928670952,0.7432344557427795,-0.09296117996705443,0.21992016026758676,0.05422758432504369,0.22753514247787537,0.7062871943026335,0.6057515625080208,0.6984309629286698,0.5729861033686909
spread,A,200612,380,0.5617389777366931,0.7233329735814852,-0.06635649173597355,0.27309791894915686,0.1611856359829328,0.20648675347506903,0.684453751444729,0.5740534169776182,0.6976319144894316,0.5829589381876795
spread,A,200701,378,0.6865529784502415,0.7071887251213594,0.11557708696820822,0.24110998230044242,0.25842801666387405,0.19798957628254257,0.6025935269629243,0.6116625941019114,0.6290900144220125,0.6608249413193173
spread,A,200702,356,0.5807084692771277,0.7586301386258765,0.13917732552167056,0.3999908505412862,0.23912348628256855,0.4363565203889225,0.5964886970846524,0.6297097698202296,0.626078854042237,0.6705007999687412
spread,A,200703,353,0.6929908953400864,0.8142940204610429,0.34074497536286263,0.5840531928639405,0.4313402290229079,0.49040507103539654,0.598716243263825,0.614734681620307,0.6361276397578561,0.6731617275746269
spread,A,200704,367,0.6572246555236811,0.8058985347930677,0.20363199695378353,0.4559240997443912,0.19581520257141713,0.35098285575585253,0.6029414428444677,0.649566262083289,0.6400043976269848,0.7036182408703167
spread,A,200705,371,0.7956471947671686,0.7971525574208863,0.3560038257542823,0.5122440589251939,0.39609932815470233,0.26331236286668275,0.6286866481345739,0.6314818878052951,0.6681653950438677,0.7140658121138312
spread,A,200706,370,0.8034947706312409,0.7926615132049405,0.5940262048418303,0.5981274712655129,0.5585852768456813,0.5313283724664033,0.6033977132098179,0.6588348977164257,0.6434722648573654,0.7598213546982919
spread,A,200707,362,0.755305887800918,0.7824129524510468,0.4747416003595125,0.5197038892526135,0.40764490319760505,0.4392116800059343,0.6366202774285858,0.6292177386306437,0.6786264471131549,0.7839889952934738
spread,A,200708,356,0.5572465986022586,0.6558737565439805,0.2267912830585629,0.3668730852941177,0.15707835911702867,0.2618668213214721,0.6501690897764807,0.5948730237746027,0.6862286649122098,0.7498140504198914
spread,A,200709,364,0.6136382311837296,0.7559255333692888,0.22325296123552663,0.4349923892827775,0.06459518065993781,0.2362414554369131,0.6467962835621106,0.5071225480825001,0.6839942589651735,0.6166977514000582
spread,A,200710,386,0.6652809014813382,0.8110478319335769,0.4168831690460802,0.6411794859204987,0.26256196308009777,0.4017987489949568,0.6492098337649128,0.4988722823870955,0.6838918105335133,0.5987799181204528
spread,A,200711,379,0.7276126077533981,0.8115228350340326,0.5583368358416297,0.6902294495870297,0.4708630894994248,0.535921311419627,0.6556450271899099,0.5443045357708632,0.6929543120905066,0.5702113962506018
spread,A,200712,395,0.5349712147002021,0.79477309427292,0.16745252434386923,0.5642156620077827,0.07981868417517073,0.26864030972534614,0.726791613394391,0.5395988960986721,0.7409458105860919,0.4848191803106717
spread,A,200801,394,0.48164878259042365,0.8002750317279236,0.2863731898861706,0.6987668371007393,0.21744458499877128,0.5821978209885613,0.6170642707345224,0.479384158154722,0.6767497040509244,0.3981827445913133
spread,A,200802,400,0.6328993317970422,0.8916976313816196,0.4738664616653854,0.8365819204014936,0.4433707085669285,0.6408160024215701,0.628699607423933,0.3971605740709926,0.7329162312561717,0.34934314480680884
spread,A,200803,401,0.6222478236644339,0.8761618886698217,0.3857302638925076,0.8228578021905917,0.42714277738489603,0.4817438509547727,0.6794640978338217,0.3914340529890394,0.7921507538724027,0.24861569310022807
spread,A,200804,408,0.5702982691336869,0.9024863893756119,0.1112845779895974,0.6634644274581969,-0.3146049766932839,-0.21743517256770103,0.7467129030486661,0.30850947311383764,0.8280002642109385,0.09908090324717629
spread,A,200805,414,0.47112213254847435,0.9400193823276195,0.13471796439363098,0.819605950205968,0.16161523660702395,0.5919018346186009,0.6974984135450343,0.2848978456247674,0.8041817492692593,0.0976006180022118
spread,A,200806,439,0.733970158864976,0.9205657394760245,0.4670940692221935,0.8455209575149972,0.49489783471435417,0.4586663612439427,0.7094035687522138,0.24595278256232417,0.8378991836384521,0.06514233246154875
spread,A,200807,449,0.7401400546931015,0.9121675428873616,0.4214252571852794,0.7577806884219824,0.438294225262488,0.5721026037376666,0.7695792581346127,0.21048926717990768,0.8567000259724813,0.010725786135129891
spread,A,200808,447,0.7615702282524975,0.9449277577268611,0.35631669489958684,0.7367276541065204,0.3583935880458663,0.495957795165468,0.8230506843587992,0.205939313500218,0.8802324173107523,-0.002635650373831843
spread,A,200809,440,0.7416480395272562,0.8390054107707616,0.4532087177384932,0.6923387086126244,0.40125601700609836,0.36075189926793805,0.8675222013389877,0.1547297002745526,0.897761078570539,-0.006634066913542265
spread,A,200810,440,0.6173247957660274,0.8148230323724507,-0.18832408506993603,0.2031737693445428,-0.2638442910815185,-0.19268173817597148,0.9762186599928898,0.14279078680252008,0.9417892601773344,-0.031215556093867
spread,A,200811,446,0.5750618912953123,0.8802186068124087,0.015698279759624213,0.6200954097923645,0.17852294888108797,0.2854687930147211,0.7981513775378638,0.13567509616202167,0.8545877160816955,0.03728946073033774
spread,A,200812,518,0.6402277743810548,0.8413004043631297,-0.17735506838938153,0.2645098892803243,-0.30651439125181595,-0.2548012786156973,0.788325439159086,0.13293310423032548,0.8683609252596722,0.035679000785384093
spread,A,200901,499,0.5291241318747956,0.8376981281071066,-0.047976531376005015,0.45358478127430535,-0.08829842818166453,0.2098160908706,0.7800568204881198,0.1115270657745893,0.8635609707332458,0.06237663225684214
spread,A,200902,506,0.6892731121451736,0.9310120178204891,0.23948207609718392,0.73522938656748,0.3455494101504041,0.4476144209641182,0.7627334281063105,0.08251828159404749,0.8633045625076178,0.053375380805499
spread,A,200903,529,0.7262773184189213,0.9568603632329695,0.2398770131676648,0.6915575096117129,0.34560580661269036,0.5893114267781289,0.8077305805061324,0.07439519364534991,0.889562193024858,0.05490999883276691
spread,A,200904,527,0.7968744888551703,0.9327163489559747,0.048183602243457524,0.3383768289127708,-0.31633733129303154,-0.16187814405426817,0.8432999346314072,0.0632974168815927,0.9250134051510405,0.07586604838891751
spread,A,200905,538,0.6310159925055687,0.9058033082333493,-0.10272350173613162,0.345305279571951,-0.47728044302807615,-0.20206483682811535,0.8171985956255944,0.05314363833557329,0.898122793722447,0.08602513532994575
spread,A,200906,561,0.5894903656693421,0.9478844588951659,0.14561283911817718,0.7624584194312848,0.060379075603065546,0.29059017093723155,0.7934844873493021,0.047880599257008466,0.8751863442405023,0.08867864783256321
spread,A,200907,575,0.5652429391583925,0.9425631611427705,0.121798245874966,0.726382638429946,-0.20493571373238456,0.20962399491190623,0.7930384936069483,0.04594232942797078,0.8765783781601688,0.10046291369362188
spread,A,200908,593,0.5493969721184189,0.9668035347408906,0.18801575989602975,0.8199743811803643,0.03289129617122872,0.5158816929425984,0.7861847400547523,0.04052769415700684,0.8716765607616639,0.09818477661240471
spread,A,200909,606,0.6150655349280459,0.9800130499014701,0.28284435452681106,0.852783333749959,0.016008768766647523,0.40928629612171746,0.7849015652139618,0.03956709041945318,0.8748544555118397,0.09640587724694237
spread,A,200910,604,0.6370734658478258,0.9774701641712191,0.37844421887122076,0.8872695242754906,0.2698214127466413,0.7201708866613007,0.7735516270696577,0.031691939005369554,0.8678999389242246,0.09280652616175651
spread,A,200911,601,0.7019686095818038,0.9717050097722225,0.48929541572462293,0.9112459961685375,0.37922333209877235,0.6206424994342924,0.8178380628842103,0.02295637524536332,0.8994336605215272,0.08008278399071088
spread,A,200912,622,0.6169349855549954,0.9662338426206696,0.32343423150611766,0.8601845497646226,-0.010580705734935041,0.3639677624657654,0.8276621976420019,0.02106459123643104,0.8974421800883514,0.08188745864775838
spread,A,201001,626,0.5806613879148999,0.9718738079159576,0.32753784068454,0.8931082660076038,0.14816980658042547,0.6199439934884579,0.8625234259773837,0.009342951851912747,0.9134394422992084,0.057727030341371395
spread,A,201002,638,0.7093226242099813,0.9847766564061818,0.4868487160945792,0.9269065354029671,0.41407029368490617,0.615822156844626,0.8922727434735752,0.008792556044380609,0.9224910932927811,0.056283586200071324
spread,A,201003,637,0.6921422431880432,0.9724030486085713,0.44869165595998944,0.8974637922080515,0.13886141741890418,0.44982855518204135,0.8909329012284568,0.010733492714030205,0.9165798334420765,0.05103849193905845
spread,A,201004,644,0.7341109497605893,0.9720238436817824,0.5227601820424582,0.9152425169606468,0.3333894344117216,0.46804092367711564,0.8697935050908736,0.01330650596523878,0.8934224567527647,0.04821916795419593
spread,A,201005,641,0.7201653740084216,0.9531139886204099,0.4630288903144911,0.9020893360137835,0.4727130323530699,0.2980757691169089,0.9814869131895055,-0.01746868032639731,0.9203090748267998,0.015777271887690597
spread,A,201006,648,0.6924859285114833,0.9592487974198544,0.20642181609692103,0.7663592622746217,0.18194940901639242,0.2836732926651023,1.1322984757763166,-0.04276901110878684,0.9439885123955867,-0.019127121546918428
spread,A,201007,669,0.7228751927881113,0.965781836958652,0.1385579286510975,0.6441557378716245,-0.1292916609722794,0.2398603095673041,1.1865531489758065,-0.034468232274484735,0.9475439506718296,-0.029240663001417883
spread,A,201008,667,0.7782074095719187,0.9857441577497271,0.26697724935881306,0.769615880025528,0.10100250085347356,0.022255995201783958,1.247136930885953,-0.02369326048192295,0.9546763992954918,-0.026270079212874737
spread,A,201009,689,0.8067641465730578,0.980004964813185,0.20006299519737974,0.6376464426800492,0.05462733441062256,0.352278796228154,1.3033952156568325,-0.006254533119779525,0.9534692938772583,-0.02498613043769849
spread,A,201010,703,0.8320098925337068,0.9815235776566382,0.2746539061373486,0.6640209970573446,0.2383944337095172,0.510820216785419,1.3453898376435758,0.01174091181709932,0.9587687180651298,-0.024802865488387227
spread,A,201011,722,0.8410614701235989,0.9823020623305114,0.40015703742847597,0.779943369991336,0.31287272496317853,0.283109072879814,1.3684432131660078,0.0453636646139584,0.9622663646048101,-0.011250198480482783
spread,A,201012,732,0.7493370563856279,0.9740343096479014,0.19586177879941571,0.6817807326258043,-0.11901168244235777,0.12944362811745613,1.4374814269899903,0.07505414405468488,0.9680567497238748,-0.02179588040472221
spread,A,201101,730,0.717127561567034,0.9895105643901172,0.2718413366503257,0.7993533717682607,0.14831625023022493,0.535132335431777,1.4574986589835257,0.09546083752928218,0.9703791763814877,-0.02293084175584287
spread,A,201102,744,0.7224000800544846,0.9843636903727225,0.2841905558904834,0.8080949713277258,-0.2473632957906616,0.0027029217907970143,1.4864851869175484,0.1075392364799125,0.9736864139022403,-0.007830014183639163
spread,A,201103,729,0.7699231337191007,0.992997077151871,0.4082256516807507,0.8652918802097782,0.26646394081706115,0.3762495735050801,1.4860066424627774,0.10334601769939751,0.9700892173282293,-0.01332130696479686
spread,A,201104,758,0.7737336272597799,0.9894694728224888,0.3552889689472865,0.8237463110182551,-0.07015371930670594,0.18562135107816025,1.5733625107405633,0.1490664163288029,0.9802610266857467,-0.002159315268975545
spread,A,201105,767,0.7779646502971922,0.9882613203090231,0.38689601729807566,0.848872969590715,0.11233026167530748,0.10861539309093957,1.5880376817755846,0.14408957147893572,0.9844308279330737,0.000655535740631964
spread,A,201106,786,0.7944954816419838,0.9894147895890538,0.3866927521332656,0.8366721276899121,0.43920644443133044,0.4489043239917933,1.6307882591023986,0.17728146297014605,0.988029142111784,-0.002223570677247309
spread,A,201107,800,0.7998844318148184,0.9830465343521158,0.2514190871948912,0.7448349274927244,-0.060495481951871995,-0.2225781187451207,1.686105357353948,0.20283743580141647,0.993133077721989,0.0059550480573630485
spread,A,201108,799,0.8427183343412242,0.9513279848679224,0.17824606886427583,0.6149661283807063,0.13546091448897588,-0.22268517311468156,1.7754526882075452,0.23313260244580128,0.993925111021071,-0.0031825655196120713
spread,A,201109,820,0.8629699756948387,0.9553261836245943,-0.16516112547721828,0.3049238318640971,0.23998507854602444,-0.034514025548855486,1.8026930463385742,0.24522714228319034,0.9920915197247877,-7.939878912877483e-05
spread,A,201110,834,0.844248881213741,0.9656743071739865,-0.533685741734866,-0.20731217258713594,-0.4750756640488048,-0.3115107532273961,1.7850436945973989,0.22808801874777568,0.9938293016618761,0.013938298480304276
spread,A,201111,823,0.844310916253017,0.9629493983902379,0.03864429828450652,0.4810162593597398,0.4094807955628792,0.3803381980833772,1.5864759374788666,0.14681883943591875,0.9808356599894729,0.02220269959452162
spread,A,201112,845,0.8812263027471793,0.9791518829562299,-0.35160337706315475,0.015054859535747873,-0.46110199865988294,-0.5057089484583077,1.5614165097347905,0.12252383513668759,0.9894228602304284,0.024744845073067196
spread,A,201201,858,0.8149244214070234,0.9627531140274634,-0.28961286393439706,0.08227872372499556,-0.41983782513655094,-0.14695568242506005,1.448047683787258,0.1650529336054601,0.982370823832971,0.028939833966175846
spread,A,201202,871,0.8842395880668015,0.9781637413260069,0.0028835393761002977,0.33861014264895506,-0.18837932681810626,-0.027267543774582657,1.3524354493557513,0.1951317080486776,0.9715452219837131,0.04661146910016194
spread,A,201203,863,0.8648143253178239,0.98479749170268,0.21758308322706246,0.5655397311483948,0.1769624156516788,0.42831712007719924,1.3248761912173985,0.21876613305621231,0.9714399109164319,0.06025706551791284
spread,A,201204,886,0.8923928795724716,0.987701108724531,0.3674207110983484,0.6995625037122705,0.06719602001402815,0.02398150133515295,1.3052656253007973,0.22608169478763146,0.9731649204652751,0.07335663164537684
spread,A,201205,877,0.9279310783328065,0.9799993572364518,0.44941692146216683,0.7016053090653117,0.10350351655327789,-0.05201617237458417,1.2948087348112316,0.22954272364557443,0.9726095555693325,0.07869430717048163
spread,A,201206,892,0.90104274143545,0.9722248854379292,0.06668035860710324,0.3299743785392009,-0.15297769354985674,-0.05400252133485769,1.2867748114782966,0.2213194709004539,0.9724189410711394,0.09669853276182877
spread,A,201207,896,0.9018634222070975,0.9676507026358265,0.041709145542337185,0.30820692433451097,-0.46100938016319354,-0.3941177893251624,1.252575953705779,0.22932784337178447,0.9659115903770896,0.10762920032655092
spread,A,201208,894,0.8742730498941536,0.9696340303015709,0.21715048663417985,0.5078037924322618,0.05195835149894953,0.26222481987857515,1.2257782338720307,0.24607078162858476,0.9618500704761401,0.11836348965611468
spread,A,201209,930,0.8806030865310837,0.9671573266659933,0.22479900226276645,0.491110573993948,-0.2131908678697142,-0.029256410718893587,1.206513265660851,0.25058513920489145,0.965761043385144,0.12923836320595042
spread,A,201210,942,0.8983468098654379,0.9697351420452525,0.4226264823491314,0.656563458487994,-0.18240211269933154,-0.07891787950432844,1.1869580468672212,0.25814540901333843,0.9598329705855685,0.13239113928263171
spread,A,201211,939,0.8531333718996833,0.9662619988415391,0.399282198790087,0.7038399326208141,-0.11318241804604685,0.05197345240357539,1.23116891301474,0.31338153073944675,0.9667170249071646,0.10954308773100435
spread,A,201212,943,0.8518078764969803,0.9364834495296788,0.46700309806135826,0.6962378570050716,0.17771678232428262,0.30888509278095977,1.22278333264611,0.3333368818238404,0.9555004859479033,0.1284869125160215
spread,A,201301,954,0.7946990829671903,0.9610149440066237,0.45473062205616377,0.7799547597283712,0.3054288861583073,0.587861957105749,1.273543663764728,0.40959007104619943,0.9620222225905352,0.10412103935367784
spread,A,201302,972,0.8653383144690138,0.9752529796865903,0.5461559446474501,0.8212987760517284,-0.015252591317837731,0.08934707297569672,1.3466498575476933,0.4904109126075537,0.97485180285244,0.07154372677344145
spread,A,201303,958,0.8938402939518721,0.9820995496658046,0.6095222886250212,0.8419202694107939,0.28544169087985993,0.35933198852257997,1.3852363412620374,0.5268470120363128,0.9774055151563509,0.06015688404250132
spread,A,201304,947,0.9033862141759954,0.9752686746313646,0.5178638658642012,0.7469343135488651,-0.5178882696210945,-0.4805579845041991,1.416577212634061,0.5611948915675893,0.9759590732976958,0.05529483791364959
spread,A,201305,948,0.9090216230532423,0.9863535640170191,0.6824287580567759,0.8724367158330901,0.6517502008555591,0.7688324806568351,1.4218185829016934,0.5772427686148539,0.9695426505967085,0.05993420631076993
spread,A,201306,958,0.8909109038037413,0.9781739883008088,0.6803557816743375,0.8868069302973479,0.5747419467120806,0.5977488203871948,1.4561157639294364,0.62484041048718,0.9778467142042638,0.030666721958264725
spread,A,201307,965,0.8695368356683971,0.9862680885445531,0.5544922179088804,0.8307761005015247,0.058120518014403884,0.26166898331853666,1.562900186840396,0.6393415327917402,0.9880381328309178,-0.0011882425601983093
spread,A,201308,957,0.8444256950627353,0.9840311845316339,0.5585748474893564,0.8616286333421992,0.12252193319057393,0.255186038660285,1.6739628143493943,0.6749021988572712,0.9969812273479337,-0.00853282507302071
spread,A,201309,943,0.8400867970117973,0.9838830315049806,0.5260120796670044,0.8483653710193383,-0.005022619324147233,0.17218196776543052,1.7846274155096333,0.6839581097830051,0.9982807169495534,-0.03476242556760003
spread,A,201310,933,0.8788523401598738,0.990076196944691,0.5121123470204287,0.8017131127395906,-0.5192112959309573,-0.3755508793635653,1.9125435205749413,0.7102287154474571,1.0036660472291576,-0.042292386543759726
spread,A,201311,946,0.8810693507068236,0.9849514726062335,0.5847121174194173,0.8343818883865382,0.328308278577787,0.4823241299983363,2.004587235177118,0.7320966902971338,1.0042216477163073,-0.04073231860406738
spread,A,201312,942,0.8784915470141859,0.9751326632266443,0.531169162523379,0.7808289236628544,-0.38551416818701145,-0.37240672442820344,2.096660967048697,0.6934006381856962,1.0097126546505437,-0.05184956214561909
spread,A,201401,936,0.8174461665518287,0.9827764024753831,0.4684033358400864,0.8330151569306034,-0.4440578903382595,-0.438509106758346,2.1824567565258133,0.6597674001789255,1.007440500599995,-0.03500180167148326
spread,A,201402,941,0.889503780414598,0.9887534233419583,0.4641800646606197,0.7591311902443241,-0.37533284780501985,-0.25749418802465446,2.2570751420291444,0.6419464538349599,0.9997678007719601,-0.03566344746904381
spread,A,201403,921,0.9000164440941391,0.9940013366101688,0.5104783298012514,0.7944556787978672,-0.2699202743535505,-0.24286882247977734,2.33577655254757,0.5909021155824172,0.9987400399351459,-0.03818704438063158
spread,A,201404,927,0.8887791236237462,0.986624263072929,0.45960037291425804,0.7651638563724004,-0.32036126430273937,-0.29791153860986047,2.4206880224780085,0.5507716719958272,0.9965001858967685,-0.028560198235441252
spread,A,201405,935,0.8859689665713875,0.991798259629296,0.3483701628178263,0.698909642137677,-0.4432257208299531,-0.4289615993298841,2.5824582205522453,0.5647607996844152,1.0001719818977428,-0.03704482532091194
spread,A,201406,943,0.8917009527390308,0.9869674420237705,0.3464485209261395,0.6651465904137555,-0.1264860106558205,-0.009452676813454951,2.629140054333674,0.5395851601078029,0.9918536125790237,-0.04631301603751169
spread,A,201407,960,0.8892984025549296,0.9811387430934679,0.3736278425705475,0.6799310440131713,-0.06575026189959918,-0.015449307888008964,2.657375305755902,0.5348053708637182,0.9868582327794528,-0.03290487755480801
spread,A,201408,968,0.8814493439822652,0.9892951790946404,0.22468032801099225,0.5862167568005577,-0.3549582844608083,-0.3475963251507877,2.7537627269368037,0.5328948815460907,0.9839250545927415,-0.04995309270380559
spread,A,201409,985,0.8760521963380498,0.9811626704248241,0.19720608951097926,0.5378514262671988,0.4782044997258057,0.5989405079208794,2.7914920775896666,0.4991642309583942,0.9794696376832192,-0.05504845186089008
spread,A,201410,994,0.8982085160096049,0.9787629817276037,-0.023236206461231406,0.31158351816694146,-0.1386223134121706,-0.10950021371004724,2.827586463081599,0.4319376407672863,0.9804936385833438,-0.07720463099786347
spread,A,201411,973,0.8863625574198816,0.9846868915711803,-0.07296600059022565,0.28106449384316434,-0.009959087259054266,0.06083331408327834,2.8179404467150824,0.38147683174459734,0.9783822638135342,-0.09098773921222487
spread,A,201412,967,0.9161963829950855,0.9761037643180143,-0.3600502134582243,-0.08285242210060396,-0.37539958316782096,-0.42173771048501296,2.7533076825881975,0.2982289157491239,0.9718766510289919,-0.09811000269910261
spread,A,201501,976,0.901015583145379,0.9890627977885934,-0.5810345015463947,-0.27220545883890224,-0.2918069259158855,-0.2836940832042602,2.6923197690216254,0.2620870939965123,0.9685814365276186,-0.07870305573019734
spread,A,201502,959,0.915800446848605,0.9750754193607205,-0.5278039239828668,-0.28960750071510183,0.390460841190676,0.5065219098322461,2.5852587152544753,0.19373798150839697,0.9661523806826668,-0.09050539541006666
spread,A,201503,951,0.9015951073359953,0.9859179817427874,-0.2542217577716792,0.07382324198772924,0.313024651999269,0.3848479499113512,2.4689800792458922,0.1464029460760177,0.9671391487610943,-0.09873479789762957
spread,A,201504,928,0.9147926021870932,0.9894331521951639,-0.07898455680491163,0.21780118679545632,0.5917497402621238,0.7055067921076482,2.3907787502531512,0.12615203919376902,0.9674807349898382,-0.08889005842138167
spread,A,201505,923,0.9221359848497481,0.9892567177247142,0.04995220171963931,0.3347583254235301,0.4559492018781377,0.5621782132881533,2.3294392510800632,0.12445692058228554,0.9729727243815378,-0.07540548762738931
spread,A,201506,940,0.9167318675767113,0.9892258709458835,0.23027669261638928,0.5078883472571519,0.5101034446813784,0.6266137967978711,2.285363309096497,0.13208733029640485,0.9781444692896719,-0.08458220588796479
spread,A,201507,927,0.9267770603127871,0.9903709626485118,0.18843367978163988,0.4618272828938164,-0.3265706407276905,-0.29884876018320555,2.2493522027195465,0.10588351793375224,0.9825651447618597,-0.0881952627288469
spread,A,201508,939,0.9323526287478296,0.991916965048385,0.12056646803961898,0.36938196910203364,0.2331145030107234,0.2762312902063343,2.210555941729527,0.09168873582152826,0.9811050983717883,-0.06543162958614632
spread,A,201509,942,0.9409336141633222,0.9885540417086014,0.09139024138079828,0.32643941269176197,0.1912070962162811,0.20500943413258732,2.163834155364629,0.07388905714927342,0.9858404659423412,-0.06526969251004185
spread,A,201510,956,0.9293589576123749,0.985948348159874,-0.0630105033528994,0.188828837938075,0.05426091356529121,0.10992646382332381,2.1255025088951225,0.06031465919211432,0.9822274599553246,-0.051303245322748256
spread,A,201511,940,0.9360814269631669,0.9935681904099636,-0.13102354387049503,0.13559722969484866,-0.16353954052470082,-0.13079897914227023,2.0962439607622767,0.09320716470108464,0.9869607308431232,-0.05112212752851958
spread,A,201512,849,0.9412025242401051,0.9801721070152866,-0.2045947572975453,0.015019782086853551,-0.16442549111117213,-0.20345665835477053,2.067413682935298,0.10345889861679415,0.9874063532918106,-0.04972535474196898
spread,A,201601,844,0.9149729136441239,0.9732806766727826,-0.06812279535187343,0.19207503821417424,0.3141564352999903,0.31759526742776,2.0324464451134974,0.09554696987150735,0.9930401416444117,-0.058385507033552546
spread,A,201602,854,0.9326677568081906,0.9804006273409988,-0.6240620415223386,-0.4021272089785501,-0.3853750051014715,-0.4262861609660653,2.0220167226767107,0.08882940453652223,1.0038618177260226,-0.043400604138925936
spread,A,201603,867,0.8780236684018926,0.9665908564516612,-0.6062350990790366,-0.3681320747976513,-0.43508512106254643,-0.3021706112212723,1.9407209556685672,0.07522351258186775,0.9989584560318433,-0.043439922263211125
spread,A,201604,875,0.9152887121504476,0.9844904231802131,-0.31341651767932277,-0.05998483647407051,-0.32673866169326826,-0.22468809316070687,1.825909396798583,0.08497728050732738,0.992971006266564,-0.03483835785583849
spread,A,201605,890,0.9275100885992463,0.9914154891960507,-0.03829338322835625,0.23360052440184545,-0.18858879446334106,-0.12280610245915093,1.7669315112577915,0.11942857166971908,0.9852674333758552,-0.04600743510933443
spread,A,201606,920,0.9220985393102773,0.9726724896559564,-0.11847785679895136,0.12037804065655022,-0.140836900549347,-0.13577878662167367,1.726454970637338,0.1631215662849273,0.9803844240560371,-0.03570287737882834
spread,A,201607,913,0.9361813734805712,0.9867297650778458,-0.15526430858702506,0.08407769158817034,-0.22909313824792177,-0.20098719267445267,1.6804007142209938,0.17806459123939222,0.9719242299972204,-0.032924578659139274
spread,A,201608,922,0.934777080941135,0.9857466437000936,-0.18868140117287516,0.03514719426062775,-0.27343153632619666,-0.19970400831681648,1.6364560527626455,0.20248477445927623,0.9725782847762614,-0.046323090858924686
spread,A,201609,916,0.9339691553385093,0.9841832083909473,0.11625135448505076,0.34406164565193237,0.24195784857120411,0.2764170704388775,1.5960481750499929,0.21920255061431237,0.9677581768589189,-0.04165877994634513
spread,A,201610,933,0.8952911491408545,0.9826716691860028,0.2849418342294785,0.5485828116936261,0.34484556751353607,0.5171884154989029,1.5652456979545764,0.22788609321576717,0.9664328525865207,-0.029980372368267498
spread,A,201611,940,0.8922900188926465,0.986026110537395,0.4183455039225766,0.6831789509754306,0.15994515688615632,0.3278708169896596,1.5462219601959681,0.23119715396206866,0.9679010060374922,-0.013290232431131827
spread,A,201612,948,0.8494045619502275,0.9895474254322101,0.3825484577994775,0.7291501506797194,-0.10461555313694267,0.038829453245275085,1.5362788548287047,0.22607782562743214,0.970865215228081,-0.03421811226079609
spread,A,201701,930,0.8763665354069187,0.9922571600144884,0.5017412624497197,0.7877189786502535,0.20229358426737926,0.3770883183251562,1.533500108314247,0.2346350400486579,0.9719330169210902,-0.04867648574283419
spread,A,201702,933,0.8924434710723874,0.9940904690512843,0.5401316016838602,0.8132044429091042,-0.001935729112639795,0.052184303244301275,1.530957577757847,0.2367014752177508,0.9657716969744763,-0.042137533683951005
spread,A,201703,935,0.896127053021098,0.9921214923561469,0.5037429449026452,0.7671830389786713,0.23220119269499997,0.33392522910864064,1.5755913977373501,0.20548013589074593,0.9680150603174104,-0.057876878169761635
spread,A,201704,933,0.9195320008781118,0.9836896436123727,0.49459545110377934,0.714287133772337,0.0723389869189755,0.09022710021025873,1.6668581843398114,0.16095696462080408,0.9758979609752225,-0.07968019188729121
spread,A,201705,963,0.9219277980578894,0.9896762520106268,0.366609730554857,0.6021198133750034,-0.15595398199293947,-0.1140206741839135,1.7190088924971487,0.10847090356446784,0.9771856320098654,-0.1026206420240709
spread,A,201706,994,0.9317774595251821,0.992500723947103,0.22376129589894703,0.46912621423289663,-0.4559691066580177,-0.40245936246137415,1.746535373886054,0.0738388716394074,0.9769383727198347,-0.12253917463289851
spread,A,201707,983,0.9275925516784987,0.9900742943886616,0.3297285009753826,0.5599409407152202,0.3652527881324322,0.4578882998080782,1.782090679518668,0.04079644171784033,0.9777652766097523,-0.1047260161457669
spread,A,201708,973,0.9242027159609155,0.9880059608843671,0.3409423054462212,0.5726840669782612,-0.08675770564251775,-0.06660168901299536,1.8330697251691488,-0.00043878768006518895,0.9832448302871221,-0.106328333671123
spread,A,201709,972,0.9462783149807265,0.9888681206729318,-0.00175925172443904,0.20056329321355926,-0.2097975010199775,-0.1450986232563829,1.9019832869190234,-0.014630306493058477,0.9861865363240948,-0.10240067184352852
spread,A,201710,991,0.9367363619931256,0.9822121560793593,-0.04200748477504459,0.16967675748765568,-0.35553409544363407,-0.316841639717115,1.934466009466208,-0.02850959399922489,0.9840049141516762,-0.11287716886539712
spread,A,201711,1019,0.9345328082185114,0.9783930639849279,-0.3312033458362532,-0.12814710642862034,-0.6430899487884874,-0.6513401438832948,1.9498586134374425,-0.023954530920299765,0.9769419786942042,-0.10838317955169002
spread,A,201712,1057,0.9310832978118028,0.9772881189826321,-0.4363853760965351,-0.23152106639906853,-0.507700239972845,-0.4859549387520039,1.9209365645651901,-0.010664863415109938,0.9654123436315714,-0.06518301198176443
spread,A,201801,1065,0.9404356949567659,0.9849733841801499,-0.4838028278762486,-0.3117441537933597,-0.1864844913572043,-0.11965402460029845,1.8894474976216127,0.0498029921789573,0.9604832980577167,-0.037513968319701524
spread,A,201802,1057,0.9361987335052476,0.9858780359874815,-0.12091464162075558,0.11021991953568583,0.36232628415338464,0.37868169723237405,1.843035263030052,0.05715304637169879,0.9542495821807114,-0.0381582511484163
spread,A,201803,1066,0.9129996097178881,0.9738767868011295,-0.25962336849483447,0.005335311642854454,-0.10749288021752416,-0.14127736902855068,1.807949123122021,0.07057717177073118,0.9551925629529299,-0.03303637495157409
spread,A,201804,1083,0.9184424394767953,0.9818645268470848,-0.23162828851895714,-0.0073788428942412896,0.4156251452557868,0.51835392747801,1.7685500327570447,0.06531821662841504,0.9485464375489686,-0.06016054291789465
spread,A,201805,1061,0.9586232306246504,0.986500147036486,-0.423741434693189,-0.26999839760626965,0.32542324398723427,0.3342095351740939,1.7294445648137116,0.07100420963008046,0.9528183611032758,-0.059948001361116304
spread,A,201806,1094,0.9604737688004381,0.9862336380559374,-0.5274684526997138,-0.38896158142778436,0.09110702842034074,0.10738126850399596,1.6856078243982175,0.07708300227839084,0.9537082932817499,-0.049092494755171544
spread,A,201807,1104,0.9559847399500931,0.9794243750512139,-0.6804372619442722,-0.5877958877225078,-0.11136798308126789,-0.077367727442424,1.638775721586437,0.06858100642933324,0.9576302360503284,-0.05728413805218511
spread,A,201808,1112,0.9563996954680821,0.9760652879199417,-0.40601564760134345,-0.2980819669146644,0.41680063172464543,0.44132444905456025,1.5631420106338212,-0.0009714903596012113,0.949129156374335,-0.09742490011064517
spread,A,201809,1132,0.9736353128100532,0.9859719250878931,-0.6130460818925597,-0.5444483814498293,0.13027588896905343,0.14146778567073626,1.502812825547952,-0.08593417810038817,0.9477367551057211,-0.10320842274057236
spread,A,201810,1120,0.9677400360610926,0.9822604534892154,-0.09953438110104043,-0.004873282036492825,0.5420766949504022,0.5719456815810428,1.4424672731436692,-0.07702857889180983,0.9463120668545119,-0.09466709694663014
spread,A,201811,1111,0.9499777120144959,0.9665409794685448,-0.07106209401743041,0.023721109852660228,0.20982979471294722,0.1927910882984314,1.4053640793271314,-0.10951711759697401,0.9542605569047189,-0.06950095270693774
spread,A,201812,1115,0.918777991919271,0.9353747916767168,-0.22766116747903273,-0.12909040829122986,0.20322324668001085,0.20410873284822587,1.3916154303252521,-0.1249359060475641,0.9693399917038696,-0.07993678768404956
spread,A,201901,1128,0.9252687568203966,0.9536573582236219,-0.3148232056216915,-0.1943420762945071,0.07189665867405495,0.14532830263142285,1.357462191650705,-0.1449858523068558,0.9774525174063311,-0.16304157243527936
spread,A,201902,1150,0.9387267545633002,0.9562718971134077,-0.3398915486365929,-0.25001227025663697,-0.07159667694879511,-0.03778199098121092,1.3152210914580995,-0.0941392075699656,0.9804304451211735,-0.16331268690839848
spread,A,201903,1143,0.9330027014197282,0.9477060798772191,-0.2637761751558442,-0.18469680140821126,-0.2012558617947393,-0.16756112375458143,1.2770822097901255,-0.03581156748980357,0.9769346833809208,-0.13160371006503901
spread,A,201904,1153,0.9457492730664335,0.955281473140052,-0.1953904666511545,-0.11405176393165321,-0.02286118934821864,-0.012394098569778474,1.2519945567261048,0.020973028900181802,0.9785026560172728,-0.13549157613708532
spread,A,201905,1159,0.92774956786666,0.9504914472774089,0.15323020102489585,0.254868364728865,0.07535108099183137,0.10804411693235529,1.2290748219113405,0.09650348484589723,0.9722085292656312,-0.12143673387756158
spread,A,201906,1188,0.9193017052781833,0.9611526826987046,-0.02708247899015148,0.1227422631522294,0.08335355519554234,0.15073382471039884,1.2197480018349998,0.14024652461533746,0.971203842233878,-0.11350090904565287
spread,A,201907,1224,0.9448577649335669,0.957155760427176,0.14734023670966692,0.2608420242923232,-0.23599235299014323,-0.2668030183239411,1.2086100289085833,0.15409583470178617,0.9731854156577071,-0.08478750315790379
spread,A,201908,1225,0.9089000868407311,0.9385138104938708,-0.11511460161664601,-0.00971717608253129,-0.4683342443258024,-0.4622329102139193,1.2101011061236646,0.24826591592605152,0.9707500006054488,-0.058528020304598034
spread,A,201909,1259,0.9434143202393026,0.9521460503333613,-0.03952117189025564,0.11259181413406498,0.49050875457652005,0.44984142384469505,1.1964013343114805,0.25487660732810663,0.9623238064711008,-0.03898240048794146
spread,A,201910,1252,0.9663721362109832,0.9720642747861192,0.12933690938172512,0.21200908443744235,0.5868484812857072,0.5854570930026161,1.1676259438595502,0.30614628340841993,0.9546410138400753,-0.007875224067069916
spread,A,201911,1260,0.9516522344119427,0.9651240237206276,0.058408543042643875,0.14451388204866433,-0.34319361904824586,-0.33541540466771286,1.1617628081809297,0.3220664474139129,0.9567803203009431,0.003070529259250617
spread,A,201912,1249,0.9337768126495958,0.9518237433452231,0.4405985625515577,0.5155396937159333,0.43748224377543454,0.4898821451094161,1.152155939114738,0.35587848398385435,0.9502596415854534,0.016426495452872277
spread,A,202001,1235,0.939887923988789,0.9587723029625738,0.4691627680595822,0.5545006443349886,0.022055102393552822,0.04782105096788259,1.160201038483635,0.4009426774729855,0.9542159045314093,0.038248608466010046
spread,A,202002,1240,0.8956369424248469,0.9349891071713845,0.3342969634075909,0.44475516173380564,0.31614173607216495,0.3791669448029816,1.183119361034325,0.4201735973843807,0.9537587908871542,0.01904903602289167
spread,A,202003,1159,0.8144378989950778,0.8134672817476081,0.2993397657449058,0.31497463503328244,0.11250273114369518,0.08231875261227486,1.200852587749369,0.40700411604962955,0.9590987429998263,-0.017739176959903416
spread,A,202004,1142,0.6731267417525271,0.8776610619949309,-0.17167219212219487,0.1993810174263666,-0.16911967225567726,0.11160671074550044,1.224204853584761,0.36609490050129123,0.963125899072965,-0.016469157112461177
spread,A,202005,1105,0.8352057371413178,0.9387144541779423,0.32136421550846417,0.5567835499670327,0.3244952734082923,0.5259211007572983,1.1677625243626761,0.3648534129575075,0.9539717382715514,0.036592756093639614
spread,A,202006,1099,0.9290402694814236,0.9689702399041167,0.2516183840523404,0.39750890926716076,-0.2399120367294117,-0.14166905265979898,1.1836516855046222,0.3764385489386783,0.9750212857929618,0.07086094310693462
spread,A,202007,1075,0.9502801926441587,0.968195708458745,0.2406884157541223,0.3411594025821176,-0.7018803154611004,-0.701437349416587,1.1991681635350526,0.4572193231247766,0.9696586913094194,0.07979949639302246
spread,A,202008,1056,0.9470734763235568,0.9748559358219449,0.6835997197944228,0.7693628732831979,0.6750108391763483,0.7361753463280727,1.2041110961778299,0.4595868365216237,0.9582177485948298,0.11546561952363671
spread,A,202009,905,0.9507409685074791,0.9696456100118855,0.6318088992919643,0.7131966744777735,0.11417287556939977,0.12747461653603417,1.2478963371382743,0.507598926047148,0.9797711793922363,0.1136620776162543
spread,BBB,200301,393,0.6245845704825287,0.9259641717719768,0.07102941536982137,0.6124502438239827,0.07776505029880362,0.3982111302795157,0.7230185206862969,0.09711618501940623,0.8298841930130919,0.15512185910405124
spread,BBB,200302,409,0.7027709450948642,0.9402849177093802,0.2855044146587014,0.7623039623564699,0.4228299418043799,0.5696907070756662,0.7171574956969367,0.08863173783882242,0.8342557071759304,0.15028792190539333
spread,BBB,200303,419,0.6874844054972417,0.9103107780404276,0.1841813255203533,0.6146718809958371,0.10328484478716862,0.30377193287618093,0.7347094178240429,0.08498336309028173,0.850456811864516,0.1375792150694362
spread,BBB,200304,435,0.5886106848185879,0.90692754047765,-0.004027483573564336,0.5114608293132339,-0.31186071024015327,0.019940259767531263,0.7393358898991259,0.07774250644847128,0.8531571345351566,0.13186124619034498
spread,BBB,200305,427,0.586699283609293,0.9411676033052744,0.19052926414007254,0.7686299818120768,0.17224181614892356,0.41735915855112243,0.7249819847174529,0.08301920932682313,0.8472048400657027,0.1279091907051933
spread,BBB,200306,437,0.5771423842675202,0.9213102852226562,0.17561613351397629,0.7087505353614779,0.02451664539002401,0.40330591453821957,0.7305238413569395,0.08212690559870676,0.8541285898158751,0.12923628308937973
spread,BBB,200307,442,0.5746794565130342,0.925793009965385,0.2411290614526762,0.7648134563959498,0.09005324651131506,0.46861200624347116,0.7355504698663339,0.08015845974793712,0.8605838459850012,0.12365427354789355
spread,BBB,200308,444,0.5287282587696259,0.92488525217787,0.19775637356482964,0.7965404115638187,-0.03397534547254282,0.2427998588975935,0.7401041238594506,0.07557590727244758,0.867366459164818,0.11185034932625816
spread,BBB,200309,451,0.5555827503229436,0.9351741507781017,0.22862560419650851,0.8112690856741266,0.0583987075590788,0.32143192353618844,0.7657641995934084,0.07907976656488537,0.8918019300412894,0.07966726300144063
spread,BBB,200310,433,0.4842587141894549,0.9134523717579043,0.1432034058753768,0.7534238430301329,-0.05168678330514434,0.3073876711534425,0.7366428849924759,0.07083892879516095,0.8747649365979177,0.06773917264410138
spread,BBB,200311,437,0.5504548298718218,0.9563177115409807,0.2794603372992535,0.8657951529631163,0.071439479191501,0.38276297490802885,0.7298126159450268,0.06634183490438116,0.8804627557993648,0.04381132210887043
spread,BBB,200312,442,0.5250098494067221,0.9481523074326015,0.24094603981547472,0.8241009082195971,-0.07584607032602934,0.3743793441394577,0.7776379820058124,0.053302891228294146,0.9057828103075027,0.03013625652796896
spread,BBB,200401,441,0.5063431002293179,0.9503984587943274,0.26038107550712597,0.8644036878691009,-0.0005817711700064641,0.37305175013647546,0.7863591659859528,0.054042030449644715,0.9062555810548559,0.01918788868974639
spread,BBB,200402,445,0.6098433521612193,0.9415232716113676,0.37245401553145147,0.8643749921486915,0.17864283997727354,0.3650887466997698,0.8109639276175308,0.05653072930862711,0.9130473410298879,0.01022602309052613
spread,BBB,200403,438,0.577801174977662,0.9313322328783918,0.32517178894642657,0.828082637576483,0.15650090302865377,0.4593596712493436,0.8119135137741129,0.05779097580911142,0.9072290470358264,-0.015121908017047424
spread,BBB,200404,440,0.6304128539852657,0.9511783808607825,0.3789484731560878,0.8513811972576881,0.021290023567927897,0.24225857011170251,0.8078255807951719,0.07586886144813082,0.906546450137836,-0.018859563204999628
spread,BBB,200405,435,0.6892032757697416,0.9601217446209117,0.43431962410542074,0.8681830634939596,0.1616945871122275,0.2724806125409534,0.8756146620407582,0.06665039169554308,0.9205279363798772,-0.050453157994160835
spread,BBB,200406,436,0.6298838391115391,0.937237300455889,0.3318310907317949,0.7919585974957425,-0.2696794528858217,-0.027490667594360613,0.9032195347808814,0.050478535593898456,0.9222823740386576,-0.0709696846752392
spread,BBB,200407,432,0.6931625580369695,0.9407296038514794,0.41954338127907304,0.8202356892737904,0.14764182930887998,0.4001191053496002,0.9188799529691114,0.06473532637732822,0.9168963681043107,-0.08007225251108453
spread,BBB,200408,431,0.7459913531796329,0.9298042653888371,0.5151870237474295,0.8269447645598292,0.1523805883798869,0.33154948845901405,0.9465380385197184,0.04850389292350492,0.914306276997885,-0.07941587131247796
spread,BBB,200409,441,0.7473970593316248,0.9413497549435107,0.46543638434394735,0.8150808136844339,-0.13730303310135242,0.006558432843207776,0.9895530731569313,0.038054756088219295,0.9184945170827358,-0.07741130778854104
spread,BBB,200410,437,0.789315469559867,0.9441508793944307,0.48091544109082884,0.769889023308396,0.05115740813968904,0.17638647530283807,1.0399518448841234,0.01787275210780197,0.920759076952369,-0.07935292761408863
spread,BBB,200411,434,0.7181206445340417,0.9264996809013984,0.32807420569848356,0.7228600395664836,-0.2730242177889734,-0.17759472778451463,1.082547953231927,0.022271195998946957,0.9197170257435964,-0.07524266698024276
spread,BBB,200412,423,0.6248058519445671,0.9083074498741173,0.22948998701803586,0.7251415285947644,-0.10925714880045255,0.040821165504998015,1.0947311455990227,0.04081576284409922,0.9137441581784179,-0.08145153510582448
spread,BBB,200501,425,0.7070775512473374,0.9337339794664028,0.28494787813805805,0.7284220068490728,-0.18482008194416555,-0.1972377911491781,1.094648376793799,0.05922366054964815,0.9048641416791885,-0.07774510122376563
spread,BBB,200502,427,0.7813348885550555,0.9167459819704328,0.21755352091097216,0.551494426700671,-0.2509339783145017,-0.1819654435345338,1.1035444208248844,0.08038806208866461,0.8969168283453077,-0.07433476171675416
spread,BBB,200503,411,0.701601685664137,0.8590872608552581,0.35212394206059405,0.6590355168677658,0.23804479804048403,0.29457845697093565,1.0874613608048702,0.09607296583008236,0.8923557381782703,-0.05638763571014401
spread,BBB,200504,404,0.7749208424165683,0.8484358648846273,0.2419606890383,0.44947506487148703,0.07376396862184151,0.08920236985515971,1.1608573322861127,0.1250577374387152,0.8982968180195243,-0.07476697259200098
spread,BBB,200505,402,0.7720769644900851,0.8349806954336453,-0.04573405935551847,0.1520550888660219,-0.10978525686819948,-0.06719308833634761,1.1685731417490604,0.16171120704092057,0.8942292530112864,-0.04460553726614881
spread,BBB,200506,397,0.7901686457254277,0.8809415177125193,-0.08179033869591933,0.15312647569087784,-0.081400345815423,0.025919942786924693,1.1168326844259049,0.19222630159438595,0.8771011967956194,-0.014669351981275471
spread,BBB,200507,403,0.8529771485384225,0.8899721970033923,-0.05887662663010225,0.09221673892409465,-0.08191932402937441,-0.04432309224382082,1.1135720509795162,0.22954696058196208,0.8764758100712176,-0.0006119843735765139
spread,BBB,200508,405,0.8171920824625771,0.8663569215439927,0.12171407616952172,0.2490023234677813,0.12305064660817479,0.171196040825289,1.0896641026309726,0.2375335843324933,0.8660465429838446,0.020627218850438646
spread,BBB,200509,404,0.8451627899562435,0.8791744629345316,0.17015398810352497,0.27968641611072487,0.21137617483832746,0.2608051575894174,1.0642538613219465,0.2489027666983097,0.8576343099259303,0.046439722931814933
spread,BBB,200510,414,0.8577753372538451,0.8867296645789909,0.2650736856257539,0.34911113715545533,0.3045979475328412,0.32574934674944483,1.0392024894964786,0.29524330394413834,0.8505518888092564,0.04829054130077837
spread,BBB,200511,411,0.8802949286766394,0.9062152268467538,0.03528202506270086,0.12271017983266559,0.07830935201126193,0.10659826114378351,1.0239821019812354,0.30367924823867753,0.8496841998706715,0.060164728325700405
spread,BBB,200512,411,0.8577444975980641,0.8740931342345081,-0.08973539065700344,-0.01953244759909597,-0.07457078114116128,-0.06683223860688686,1.004882357678644,0.31438519186871644,0.8488910557324765,0.08051729644808704
spread,BBB,200601,413,0.8164309638036086,0.8225372044551154,-0.09281627669204492,-0.059426308049745344,0.14094074286818134,0.15227797667787873,0.9963918699502915,0.3350336030576949,0.8460901951396788,0.10241618579458105
spread,BBB,200602,424,0.8557875535812192,0.8576877797541526,-0.2706201934808447,-0.24985617800964507,-0.19568044961862704,-0.22327934605274377,0.944055648079311,0.3478005022430077,0.8270720099233418,0.11026035502342234
spread,BBB,200603,419,0.8137965275627133,0.8084168979566649,0.2488667970642597,0.25188096935969256,0.4010954376611957,0.39234342982701703,0.9196120870730143,0.32896053802932,0.8218076701788715,0.14582195571851664
spread,BBB,200604,424,0.8496119845107231,0.8682004462911298,0.2728868740362119,0.31656924843899475,0.3542564350979779,0.38756332762170426,0.9000944975836226,0.34886334281713094,0.8145469926724804,0.21423086817420547
spread,BBB,200605,416,0.8646339566347697,0.882111833410038,0.460463761262417,0.5186067799280365,0.4121594740400235,0.42802782259749916,0.8840625944259499,0.33842534629350035,0.8083871178682829,0.22660217657734863
spread,BBB,200606,410,0.8213898590692943,0.8311301551624728,0.22401964347664463,0.261424799314034,0.14699813219822988,0.14529892244877762,0.8983748964237388,0.3577757608475709,0.8228197662536318,0.21731728907734946
spread,BBB,200607,416,0.819512860656377,0.8267514822575258,0.12607413605723392,0.15769157458520724,0.2597859062147872,0.2688047044765209,0.8803836321981421,0.34907386925665385,0.8083260704474714,0.2100742898068723
spread,BBB,200608,417,0.8480916720029241,0.8776413725052885,0.18958693785807973,0.2834778173521779,0.2742160565616747,0.30704618302055614,0.8210021445575527,0.33135433505189876,0.7739363840318486,0.23513550769320585
spread,BBB,200609,416,0.8237367548472483,0.8696963417094943,0.2387022654580764,0.36019065812089035,0.3371916004679939,0.38513325003847715,0.810356322733766,0.347864977475455,0.7701734914791735,0.22880156222611991
spread,BBB,200610,403,0.8738382606899733,0.9005577979017714,0.29884316715809206,0.39382186396297475,0.43723133099947525,0.44964449779187415,0.8122032389164086,0.33163063326702097,0.7765338870699237,0.23614500462879737
spread,BBB,200611,394,0.806025405602158,0.8566659103178408,0.1328292473712366,0.25754031691723467,0.2940572294983496,0.35056156055193705,0.8036442970677772,0.332108041394852,0.7738052864700466,0.2309660856323129
spread,BBB,200612,395,0.7622766373461196,0.7956572284084743,0.07182761287237371,0.17672417548926936,0.1941103699830386,0.20420132123199697,0.7918573011171901,0.3317893590739405,0.7720734237694972,0.26775547070304956
spread,BBB,200701,400,0.8042611626207492,0.8015994966691785,0.11509421933887087,0.15772192196230583,0.1909791311195695,0.16987700029798047,0.7875862435723625,0.33086755726294853,0.7771056863230414,0.2906680506711985
spread,BBB,200702,391,0.7929440495555524,0.8376664025295452,0.14615143716349419,0.2405940828111681,0.2061483456258758,0.25443066035285605,0.8204247662111288,0.2920948981541537,0.8075916529807627,0.24987924646513715
spread,BBB,200703,380,0.7934618446357321,0.8411827734652612,0.3601169981923447,0.49234102109930716,0.4522968951325061,0.47981834060071393,0.8240454237703984,0.2768814144350055,0.8176012998110455,0.22993261403867046
spread,BBB,200704,384,0.7612744049582499,0.8245861547197149,0.14866380301022036,0.29518201362039853,0.11126902772281617,0.17013656373457048,0.8305154591847996,0.24781361573204042,0.8250686755425751,0.18690397087160643
spread,BBB,200705,384,0.8530536722255009,0.8520883346678455,0.18971488069002437,0.2976626496126652,0.14907812437249124,0.08819959488622117,0.8251585228358354,0.2625466574753649,0.8185917814974454,0.20476972788879838
spread,BBB,200706,381,0.8926699609691119,0.8891953253601168,0.5522978716941176,0.5707314755269225,0.5233992141172489,0.512732721183151,0.8103892687125058,0.2775020410647852,0.8082175611829904,0.1792660012202281
spread,BBB,200707,390,0.7843257205640913,0.8055799943154217,0.4271140203723587,0.4688310582254252,0.32717587279944693,0.3504460465545413,0.8190674176856145,0.2661094415087388,0.8201706803379348,0.1914352762540763
spread,BBB,200708,376,0.7418519794000077,0.8101568452763037,0.17522445822137045,0.31135721283947015,0.008671595951893232,0.10039268670421586,0.8899657649969239,0.17199403020451134,0.8793683475014724,0.10323918027806742
spread,BBB,200709,381,0.7040438828250482,0.8164072677093621,0.15813123938179535,0.37606648727215136,-0.10578151070879159,0.008398892385095,0.8864106450436526,0.18198760897995456,0.8718882146437194,0.07651506156567911
spread,BBB,200710,379,0.7552023312528542,0.8904519934133749,0.3467573948062769,0.6058424453424688,0.11439438525954289,0.22568634121165765,0.8707284720234117,0.24153720522320427,0.8513315051585536,0.11015308597038918
spread,BBB,200711,387,0.7156723059779837,0.8177633680669544,0.4423548732116526,0.6249580422572053,0.32424972329295665,0.41229318811288934,0.8671859973284853,0.23668851280900113,0.8429038783968418,0.0917006145768557
spread,BBB,200712,381,0.48036846721758786,0.8240482800998455,-0.043992943979274564,0.4949942192388835,-0.21046447796946297,0.026889845918356952,0.900787245379222,0.20991028272104675,0.8640027188656848,0.02415269567352072
spread,BBB,200801,384,0.5253317846953485,0.8876409703328151,0.19281920755484722,0.7045513054832171,0.17748444440676817,0.549068461723366,0.8915554303637013,0.22109632897334436,0.8629382663614592,0.020079200310991783
spread,BBB,200802,384,0.5249479647510363,0.9109055123827499,0.08851259706351089,0.7144032972401974,0.029564528161133908,0.27872229692466555,0.9353648204396589,0.20167441825471996,0.9225088484120921,0.019819743182022252
spread,BBB,200803,377,0.42119590381917227,0.8934339153181058,-0.08233315148208767,0.6899424872591371,-0.0071533382245047685,-0.016895382486439958,0.9510197712454966,0.1889209007863824,0.9429975001460592,0.02590154768167215
spread,BBB,200804,387,0.3375080641624199,0.8748948888578147,-0.31760730498312845,0.4881678877645821,-0.4318776865841908,-0.4099030799612389,0.9375246135874982,0.16205161060723708,0.9423783555188125,-0.001025821792926899
spread,BBB,200805,405,0.29269408258936797,0.8924554279462259,-0.20110661312436667,0.6716732564957474,-0.12245777943968454,0.1525893077140188,0.8531409574226053,0.09961386636278073,0.9043929942536727,-0.022872143558443688
spread,BBB,200806,413,0.4741427616879524,0.9052133201967826,0.035199412917251385,0.7247735377079417,0.010925353750403297,0.12077864010670898,0.8138433759103922,0.064055187052236,0.9099368454502944,-0.03402529240695708
spread,BBB,200807,424,0.5321854507211733,0.912832749957676,0.0854328951060247,0.6824641244489265,-0.06084823249377105,0.21674845594029493,0.8135129178720772,0.04433771496472317,0.9134719463189701,-0.054960141450231516
spread,BBB,200808,427,0.5303897923688381,0.9136881070552947,0.06445398297553052,0.6856533914938691,-0.01894359877666489,0.2434098451621803,0.8185978471733458,0.03686814946720813,0.919063241436188,-0.04960871105638006
spread,BBB,200809,428,0.44900632836381416,0.7314016091337067,0.005025004105745642,0.4755428963955745,-0.08001818925673683,-0.012731955709644936,0.8308052096274273,-0.0003290542955468372,0.9264196330212452,-0.06556138355662855
spread,BBB,200810,424,0.38339204347755695,0.5713650484740164,-0.0624659755512,0.2614708436996713,-0.07947686180052109,-0.10839958266985371,0.8325469379600716,-0.03136770154742992,0.917177150743547,-0.08338354145899057
spread,BBB,200811,415,0.48801550552418865,0.7601708897949363,-0.12510712268417842,0.3662217171917469,0.003112953616848401,0.07778443485266918,0.7603021606023755,0.03916363809007815,0.8819632527145187,-0.042210435491667815
spread,BBB,200812,422,0.6153547862013111,0.7792417883884237,-0.014890255789721356,0.3213324548347328,-0.13445636790108495,-0.07735873874597989,0.7079974770934929,0.058538533392896164,0.882084889009176,-0.015420471982177315
spread,BBB,200901,430,0.6254415675818503,0.798159885488558,-0.008043939010323296,0.3036424220761692,-0.18759076136726813,-0.024418375051741346,0.6978104425364776,0.07820320012341148,0.8600401696949322,0.014680673362733012
spread,BBB,200902,439,0.7336121310297452,0.9150359032941653,0.2871949437899449,0.6542709195476539,0.23462485497153326,0.37846351905499803,0.6728454937950568,0.06380062737568366,0.8285761140989998,0.02310955208011026
spread,BBB,200903,434,0.7987182493679823,0.9460813843890932,0.34417529796845275,0.6737859889706285,0.30186251155560134,0.42692754700888197,0.7120320752703203,0.04723573743233122,0.8482976499809171,0.028918584411846093
spread,BBB,200904,441,0.7813157485759004,0.9050022159236678,0.15607683632893718,0.41890781212607153,-0.13140906712335285,0.012491997231200735,0.7477206279588294,0.03814499321862183,0.866644051330466,0.04069104705120819
spread,BBB,200905,451,0.7102572436082283,0.9254564066996118,0.13237564507583932,0.5392359015136585,-0.1672776981993472,0.08053336497286813,0.7615757601551996,0.03455156772428891,0.8635666127742101,0.05571799597065058
spread,BBB,200906,457,0.7012121263936948,0.943641401878268,0.19524863370527265,0.6946683456916657,0.029369364521448588,0.13927656942055358,0.7672999140666583,0.03175311027276859,0.8574793081158094,0.05953779847765366
spread,BBB,200907,463,0.6410746210840526,0.9362837416246914,0.13182030972676684,0.6795657457283607,-0.0473984383085448,0.16042663853313416,0.7767601383304819,0.026808496434537168,0.8573356796546858,0.06005207941851742
spread,BBB,200908,460,0.5976944856627443,0.9420565115639998,0.11986076206080536,0.7022438077743671,0.04765120735961398,0.3956217936858528,0.7805238479819241,0.01999887618725777,0.8574875431954508,0.05402927046751636
spread,BBB,200909,477,0.625597307455447,0.9527482650192989,0.16960478041378388,0.7369059464598202,0.018214469809396873,0.3354048464633985,0.7842767345038518,0.01797489557567672,0.8609018252438946,0.0554618281358399
spread,BBB,200910,488,0.6362718939594438,0.969585487737866,0.262455544860324,0.8048490798652109,0.2037296367529002,0.5847911345544505,0.7860878493857713,0.016516535880771153,0.8640784035515866,0.055326109103030194
spread,BBB,200911,506,0.6433712834018511,0.9666285835863638,0.3064229191120811,0.8146907443822539,0.17810162287131726,0.5542231063141612,0.8059098498532339,0.0018234449713926922,0.8787210197513332,0.05014651334322494
spread,BBB,200912,515,0.5936079373616269,0.9664267834580644,0.19427403222306466,0.7808584918360515,-0.09904511562895069,0.26045182724283944,0.8316237672609412,-0.0017663654520825205,0.8837853575582382,0.04688917475802203
spread,BBB,201001,521,0.539580551109488,0.965334845650682,0.2161845291734761,0.8405533366829335,0.11682118486010207,0.5519013428327273,0.859452971669688,-0.01735772338160972,0.8955537317949178,0.0322260835644962
spread,BBB,201002,522,0.6295188169785745,0.9642405019439432,0.3260937448358319,0.8563878224105927,0.22748714825417454,0.5021004593562985,0.902960414466299,-0.024408104790803256,0.9177056445719196,0.026794773822626097
spread,BBB,201003,521,0.6309693173093903,0.9752395033624099,0.2936657423434898,0.8418189606963795,0.005808136337831266,0.351502422716398,0.9111289452136582,-0.03174779010012116,0.9161659451167186,0.01601743308939333
spread,BBB,201004,523,0.6362604478815473,0.9616765754053757,0.34501003333371916,0.8589552256803739,0.15100481811405536,0.44204505669337946,0.9152334500815353,-0.04348302276691549,0.9116252687588601,0.01110759890430726
spread,BBB,201005,534,0.709399726117761,0.9435787088267353,0.4337155093454989,0.8562949835638193,0.3871346531622167,0.3515637382698393,0.9667312849734834,-0.06742591459638846,0.9275746432179859,-0.010336562429716574
spread,BBB,201006,531,0.7403745506809117,0.9514406875976027,0.35291121952627,0.8000647125038589,0.2550052829348171,0.273606298705234,1.029952809972485,-0.06500652448404175,0.9409911302249886,-0.018684535813700928
spread,BBB,201007,529,0.7289957648477218,0.9544373512668003,0.15846730132584538,0.6243792189100582,-0.13755256852146677,0.1013318609275428,1.0735477912707116,-0.07103132645291764,0.9517599292148076,-0.03363186706338519
spread,BBB,201008,540,0.7593006533653909,0.9727831068605802,0.26510043663463256,0.7333658767701282,0.11777955342782384,0.16525330325346782,1.0876260463454832,-0.06136363801749525,0.9523786235675096,-0.024403993573313555
spread,BBB,201009,548,0.8006145912221604,0.9719438205555193,0.2699517283164442,0.659266922515532,0.14136918792311737,0.3573458690971551,1.1203619956341595,-0.053612830166761764,0.9540046317105588,-0.027630499967340082
spread,BBB,201010,563,0.8112089290937222,0.9784078028297631,0.2600216984883817,0.6487144684204068,0.15878750450034504,0.43551603857579524,1.146734354326051,-0.04634805019684399,0.9582823980935958,-0.016560195973959812
spread,BBB,201011,565,0.8041895272897124,0.9833755729830911,0.2961288425316348,0.7010254042192331,0.10542816329599279,0.16761484596118553,1.1710220821558466,-0.040113747151337746,0.9603379033531346,-0.012019143512694294
spread,BBB,201012,573,0.7317169556147716,0.9707410999807105,0.19515292195916908,0.687345060110369,-0.057444918404366024,0.07249548361913294,1.1912372003334444,-0.02812942786703585,0.9604185334132003,-0.02082388192303981
spread,BBB,201101,568,0.6375435059932737,0.9701840442829726,0.15693438113547525,0.7413533895393677,-0.0123275616728425,0.42975573459386324,1.2120981523830898,-0.022014376915258805,0.962866247057155,-0.0229435276744511
spread,BBB,201102,577,0.6678501999106369,0.9730086272582049,0.20237195573898906,0.7637828957721043,-0.15549598675848392,0.04124384703134372,1.2003515145870776,-0.029063033720918,0.9596343155894361,-0.012007988768406695
spread,BBB,201103,566,0.6734627311584729,0.9883691747077787,0.24625300972567832,0.8003193432937068,0.04983660821456092,0.3960440557809718,1.206190690657208,-0.04166540783946931,0.9563834645365495,-0.01460521149945573
spread,BBB,201104,548,0.7558872005061354,0.9877258494865495,0.3896670931702047,0.8404663584645391,0.2041245641172489,0.4444950584004439,1.2202395552999072,-0.04423810496983286,0.9598529897213827,-0.009288737194686878
spread,BBB,201105,563,0.7204527984315057,0.985674045546904,0.3312945218108541,0.8351467615059273,0.19338303695723016,0.38477832225205766,1.2326736195934298,-0.043295747058707576,0.9629915383091358,0.00032360881459924095
spread,BBB,201106,576,0.7490725268953292,0.9843372004519003,0.36017324743174345,0.8078456689444985,0.4356818752668727,0.5989969415757621,1.2420420014430569,-0.04710498613528932,0.9674989185453124,-0.0039363206578821265
spread,BBB,201107,569,0.7827682355945624,0.9852322619335135,0.31516628212527414,0.7529301483128658,0.03700375004403038,0.03169321944323286,1.247596120345905,-0.0579699585183214,0.9720225124523083,-0.0039801134429007885
spread,BBB,201108,582,0.8063877911312138,0.9677243225143936,0.22837001106429727,0.665735617378715,0.1324942672038896,-0.07843534291991351,1.2944303879774108,-0.049492184748819446,0.9767290498621862,-0.01713537951609312
spread,BBB,201109,583,0.840839226031072,0.9751753699817898,0.07541313780772019,0.49282533003776935,0.1951941549669192,0.04211281069298687,1.31093716882132,-0.047001203682180304,0.9767644064929792,-0.008294543285552283
spread,BBB,201110,585,0.8603797247545257,0.9726902526731713,-0.18104168960923017,0.15016478571866013,-0.31180876450704903,-0.24161974692377639,1.3257324953160046,-0.03398336984572932,0.980672081686103,-0.009182724414742225
spread,BBB,201111,619,0.8104401027759252,0.9612761021814975,0.041427709139591005,0.4334265742315211,0.20738970091582612,0.274645881592611,1.282462431398085,-0.027271341219084515,0.972164435547273,-0.011694034281477417
spread,BBB,201112,643,0.8496025995588268,0.970190537514718,-0.20356336905041011,0.1686811677765319,-0.2760639402810934,-0.25371542143109,1.2711379080871608,-0.02853379232007999,0.9777567993075372,-0.004734224206827482
spread,BBB,201201,651,0.8436055744646584,0.9729357938326882,-0.10916196014553427,0.2253308276871606,-0.15677084443361902,0.03809654211714199,1.2335000938773257,-0.0048257997886679855,0.9736354312528105,-0.0029254756225166917
spread,BBB,201202,654,0.8587394797743279,0.9706890099829174,-0.03806142026109086,0.29226715982444135,-0.12009533914324114,0.04238831252504423,1.2158243941042257,0.010766784065776618,0.9707693997202953,-0.002761803499225288
spread,BBB,201203,655,0.8598002598372866,0.9793689447357339,0.14628138029752036,0.47061254587150847,0.11650056624174338,0.32021938932061106,1.194282398196136,0.036337417180388264,0.971519645344137,0.0046651679796790736
spread,BBB,201204,659,0.890376145841687,0.9704221709505073,0.3303296873390113,0.6214456301027794,0.1503664288079818,0.1334082960186771,1.1876013777211418,0.04850265910183907,0.9724005502001849,0.0078689360141593
spread,BBB,201205,662,0.9073667009974109,0.9620866732701511,0.31117096790918736,0.5670875813298751,0.14360978930470042,0.06543487435286979,1.1831177022532964,0.054541634270735606,0.9712635627923678,0.008585288816902334
spread,BBB,201206,663,0.9162832112367477,0.9770710117341561,0.10642608711836037,0.3502531440616185,0.11563339934082545,0.17924327501983256,1.179560209170652,0.06546975296298364,0.9696916491682069,0.019099448419758382
spread,BBB,201207,680,0.9041032864668322,0.967485992439775,0.06856610849071906,0.3216989221795385,-0.06100411371233629,-0.05036580147139125,1.1650276757374995,0.08088621476380775,0.9660597444606002,0.030113989703815482
spread,BBB,201208,652,0.8795954410595848,0.9730461995059503,0.11056933455708581,0.3942696781804986,0.03406425254801835,0.21123844190269284,1.1513288249899871,0.09096412393100997,0.964978804391556,0.036801471766984256
spread,BBB,201209,704,0.8944772508212162,0.9780543678731235,0.18635345617428486,0.464948015537665,-0.05287944592255903,0.10081021014267859,1.136677190176755,0.09017358646015149,0.9657088116265158,0.038187026597167606
spread,BBB,201210,702,0.9042828420751462,0.9778900416448539,0.23169063014396746,0.4978345434458091,-0.12760149940118407,-0.06946171596663596,1.131366823956829,0.10201985701477942,0.9629838570738842,0.04647136650067494
spread,BBB,201211,713,0.8765309589261528,0.9724044933032755,0.3356887269498244,0.6328757136226935,0.18841373318978238,0.2802927838945001,1.1428349142265315,0.11688638882635295,0.9653497723911404,0.04446022210937564
spread,BBB,201212,723,0.8595089915583126,0.9568161585645306,0.17877877776011766,0.47364237344499927,-0.13009115830073933,-0.031014009736194836,1.143727165983139,0.12184406417433813,0.9612874692784262,0.05074033378477051
spread,BBB,201301,738,0.800732751488115,0.9614733492041669,0.27373797431476293,0.6367081206078726,0.15838442333725908,0.44954331740135756,1.1542958990839198,0.14432290122532662,0.9623303744142319,0.05065356700564517
spread,BBB,201302,745,0.8803638783096712,0.9821140272940345,0.45131746887636853,0.7462613356108091,0.16426988537263323,0.23168137630904387,1.1764258035654338,0.16159935060900363,0.9696467227656289,0.04118848381155062
spread,BBB,201303,745,0.8821788518962842,0.9861498865961533,0.36862063768996917,0.672035196167746,0.11607871058925157,0.2534126541930151,1.2020581495151172,0.18761986089248062,0.9738405794982663,0.03680627430660125
spread,BBB,201304,776,0.891778705383694,0.9804635857613573,0.3330168345931565,0.6170461949134469,-0.2068989089807181,-0.17157402653793447,1.2103972697839283,0.19963362763074627,0.9727542901219037,0.02796853706595711
spread,BBB,201305,797,0.889930181314475,0.9818300785713204,0.46077684675298647,0.7051461465593667,0.3617661445794063,0.5229541714421817,1.2105678044264667,0.2082366931544831,0.9711410521675156,0.03670235988676647
spread,BBB,201306,806,0.9046680484089453,0.9831595012055767,0.579337887289703,0.8133340680848277,0.5123448487652086,0.5013294967665598,1.2168082391877268,0.2117354159890691,0.9760972711420083,0.034421059715262096
spread,BBB,201307,798,0.8826797757004846,0.986524246097833,0.43165950485342086,0.72001533128983,0.0716715796897492,0.23793000524927935,1.2512560667626802,0.22475774153140007,0.9831601041463576,0.01990912672816739
spread,BBB,201308,809,0.8567425154358889,0.9833308575742332,0.41611402796645547,0.7459699153258137,0.16776555282227854,0.23885619440781464,1.2826522706796837,0.23241426338745308,0.9874905523091789,0.024047561838043997
spread,BBB,201309,863,0.8167580993503589,0.9680178194659979,0.3085353413827374,0.6580026891940298,-0.005442947988948424,0.1959465511198835,1.320491824155834,0.23307327370266098,0.990102057909573,0.011523611821539666
spread,BBB,201310,891,0.8802055737034717,0.9850447852015248,0.43656382097456314,0.728391087880666,-0.305506196477124,-0.20201762388441177,1.3502105599422258,0.21840925559618724,0.9916829008463183,0.006527615650701383
spread,BBB,201311,897,0.8842735424309692,0.9900423090404894,0.4973671842276046,0.7698066560401932,0.19967989563791402,0.3897011080306942,1.3773933797998785,0.20441151295335816,0.9918122102793053,0.002180173191349855
spread,BBB,201312,912,0.8704624526376915,0.9724028721281816,0.4852025078343721,0.7592241805367685,-0.19535248963859467,-0.17915339108132428,1.4087773197536244,0.19846028665395082,0.9950630776139874,-0.0017815593786862077
spread,BBB,201401,911,0.8571861452669582,0.9903369622478922,0.47551264380659486,0.8068152430060593,-0.14328504703454148,-0.11824503579398195,1.4521166576201077,0.1959909696019049,0.99562556006878,-0.004405642038965169
spread,BBB,201402,925,0.8924757714268895,0.9913005918335359,0.4370556301441831,0.7228697253947889,-0.23740882898550283,-0.12351265360032225,1.489969202462403,0.19825886069121645,0.9926747191335394,-0.01650775671073464
spread,BBB,201403,925,0.8894057288536713,0.9911133218838938,0.4594465280131126,0.7512985130510981,-0.26486839961934583,-0.24426971310589266,1.5107489314082696,0.1907791481064032,0.9902203445889078,-0.014712212169082414
spread,BBB,201404,938,0.884141837406255,0.981544752266632,0.45663114655495496,0.743226043345962,-0.11431173019746373,-0.06118473765522846,1.5453677721902839,0.17819211183841177,0.9883583937517841,-0.012701134135462356
spread,BBB,201405,931,0.8976020740410964,0.9923486598563929,0.45165384238468453,0.7366022013540439,-0.17903977522572678,-0.12899391767814525,1.5847365654682393,0.14793992031525802,0.9887858563267834,-0.021780480191719322
spread,BBB,201406,950,0.8986499133686182,0.9854277922053856,0.39988235473187,0.6696170716225402,-0.15299608613066842,-0.03557516557792046,1.6154337825556366,0.12934416599794735,0.9849642527693455,-0.021833285227986006
spread,BBB,201407,962,0.8946198347279538,0.9906862229197109,0.46891929420332024,0.746844685983349,0.06253160795904632,0.09676677435563638,1.6247698474568268,0.13268654538953467,0.9787599042102056,-0.02069259457016391
spread,BBB,201408,976,0.8961881197980115,0.9895351078787281,0.40660290076552646,0.6933979671382148,-0.18137062913595292,-0.19199285105732702,1.6574715811178646,0.13281809216653814,0.9777764927514588,-0.02901205292349881
spread,BBB,201409,1001,0.8816766419338852,0.9830722624194068,0.35372191879976306,0.6436469255759968,0.3741469907338171,0.4829617939919098,1.6814463906815438,0.1484097421004432,0.9741735246222127,-0.022800862636634
spread,BBB,201410,1017,0.8954638469358068,0.9834677764293417,0.3109684250317071,0.6070228075449388,0.03331194192473565,0.04271627699697016,1.7214066033640998,0.1790807846934455,0.9773939069807148,-0.03675113306087292
spread,BBB,201411,1030,0.8935071752855344,0.9866940333970419,0.22945028935296566,0.5439846526164454,0.11267996312012246,0.14975255591827194,1.7510840544037816,0.16009632589346592,0.9783690028461994,-0.041797149657265144
spread,BBB,201412,1030,0.9143914964204014,0.9661380753870628,0.11329670695023385,0.3796858515547204,-0.06561260550986997,-0.14613993356871102,1.7586068390707656,0.14616738015249567,0.9754508802350005,-0.04370846795662675
spread,BBB,201501,1046,0.9177095731494607,0.9776342570401343,-0.20373828997059779,0.06778661292375164,0.04436498532671692,-0.0011468660534042004,1.7563089188791494,0.13659727621185994,0.9755503089154722,-0.02726414303160806
spread,BBB,201502,1083,0.9047915046310449,0.9787640606182396,-0.355582927230405,-0.11157656008806868,-0.07927158194149678,0.08282635169787665,1.7219563261896602,0.12856678079818995,0.978041595680514,-0.018529811010154912
spread,BBB,201503,1077,0.9267483503528291,0.9901511957923275,0.06841510035902912,0.32662900254897004,0.2986595971790575,0.3424852915073866,1.6239857794742294,0.1254373931231826,0.9762201934075782,-0.016214652198295557
spread,BBB,201504,1097,0.9180369188670393,0.9874135667540477,0.06997301335577291,0.3160757286324489,0.19827946652991252,0.34559999559319965,1.5864871205262012,0.11945525456350083,0.9798894578800098,-0.0021429897574303676
spread,BBB,201505,1125,0.9159741431050852,0.9883595572632848,0.26453328219453603,0.5025335051261814,0.23802326376051933,0.3689895341504134,1.5362384226576904,0.12109803750403969,0.9818329471879492,0.0069340927385389
spread,BBB,201506,1143,0.9232211692139802,0.9904157826583666,0.3640774561087463,0.600433446411649,0.3451655132564106,0.4324845559246696,1.5236310922815743,0.11445081397523779,0.9859861382530162,0.005987161751058343
spread,BBB,201507,1177,0.9309780487740621,0.9897613219545895,0.3994109786480091,0.6330055737185879,0.03498228151490503,0.027597284237999675,1.5236565432492568,0.09885062139838979,0.9921773468401477,0.008383474731532442
spread,BBB,201508,1197,0.9425013976230974,0.9864827317356168,0.3401871282111284,0.5449610643189835,0.31307954992911463,0.2863571632940398,1.5239565939088227,0.08553924140070068,0.9949013793606685,0.025857047181611033
spread,BBB,201509,1190,0.9497123913176432,0.98971260190747,0.310171944074484,0.522920597868409,0.33634215539730367,0.31459443649116037,1.517684542473752,0.07964488748083835,1.0038211649930775,0.03471744574701325
spread,BBB,201510,1198,0.9342751036125447,0.9846519565827808,-0.060158517383792326,0.157437282723715,-0.25645025542334393,-0.230834367805052,1.5127383660385512,0.07244897525326059,1.0092148684658888,0.05118400103340835
spread,BBB,201511,1232,0.9482734751808642,0.9783861596177905,0.18035468822495698,0.37512282551614284,0.09131791201636622,0.02401603300575531,1.470016420867136,0.06943425297750726,1.0066485923219637,0.06213304780899176
spread,BBB,201512,1347,0.9049177360838923,0.9604158585776142,0.03248439770689696,0.24780965714231845,0.05909670640779148,0.07107802013253038,1.4567968828930946,0.06784957070738493,1.008869449969448,0.07155447657256706
spread,BBB,201601,1352,0.9483195599007049,0.9768702322890285,0.1770956645101865,0.33966992604860535,0.3711428447431459,0.3558967445459282,1.4431351355834983,0.07132308861864746,1.0182739872331061,0.08120270056584063
spread,BBB,201602,1392,0.948356415084636,0.9760754862756901,-0.3358299279005037,-0.1872017363169678,-0.34856941234187383,-0.3843421132135823,1.4351584073398336,0.08232088254378835,1.0344083988089596,0.08863151346647152
spread,BBB,201603,1383,0.9229623422370639,0.9701007932367657,-0.5463767743362442,-0.3911692990464693,-0.7355199927759956,-0.6876445791923944,1.3803883166721658,0.09034981155802455,1.0301508797023795,0.09283081529981335
spread,BBB,201604,1397,0.9267741629227201,0.9841285596068867,-0.18044697060098516,0.03702965598606239,-0.5335000436499262,-0.4387195366887375,1.2730376898516373,0.11346485603844365,0.9987831809490211,0.08697106603059272
spread,BBB,201605,1413,0.9438883753896745,0.9906930091898698,0.23377191393005722,0.44865474710477876,-0.036879117071555834,-0.0008752366964275951,1.2430367210141477,0.130207739221952,0.9891481839707228,0.0867929673302719
spread,BBB,201606,1422,0.9450361743198358,0.9841312335224227,0.06907072716545716,0.25737263186231,-0.30369476253074945,-0.28836480662126657,1.2344889579224883,0.13139085731645017,0.9883703666171996,0.08749111748505405
spread,BBB,201607,1432,0.9395813096959604,0.9830314961155618,0.10724436528405278,0.3092692195890231,-0.27070533018054843,-0.2160466397095781,1.2132157278666686,0.1377253034552814,0.980868586911235,0.10153830151917781
spread,BBB,201608,1465,0.93576514144792,0.9780026323931265,0.07010216850278576,0.2541205042569029,-0.3488671515484823,-0.27234278863800543,1.195851261235728,0.14167699314070084,0.9769739652510788,0.09685335346980689
spread,BBB,201609,1486,0.9411064062578306,0.9765626379232761,0.36817730849766184,0.5333075309941432,0.13281397404975095,0.19024497943486826,1.175987388654542,0.13726272146246796,0.9691256504953848,0.10119618996468117
spread,BBB,201610,1486,0.9261889688659042,0.9809078601764597,0.39392232009677103,0.5861960142295086,0.1736294695646149,0.30523714020563353,1.161414075338942,0.1335367258601635,0.963055750046269,0.09866267965226902
spread,BBB,201611,1491,0.9211243311001291,0.983042730666834,0.497196728674743,0.6961285384807425,0.21426333131859393,0.3128217256741818,1.1579485572340156,0.13130340272725993,0.9642337576814335,0.0972313382466999
spread,BBB,201612,1498,0.8875294758110526,0.982916560920815,0.4069652063598314,0.670121567108177,-0.1832416752226637,-0.055828417885488604,1.149608821855665,0.126367351006469,0.9618310642844364,0.08665332595338515
spread,BBB,201701,1541,0.8833150215476206,0.9818517623788962,0.5142047777590555,0.7539585649630326,0.0927175362810784,0.2641679169751202,1.1380027301776598,0.11418819634756315,0.9517220195079654,0.0825607326118582
spread,BBB,201702,1560,0.9080338193026621,0.9885485169141949,0.6089717594060915,0.8201019799609832,0.22074175336171978,0.3319537794446806,1.1169865343786667,0.10749438434896506,0.9319759281640156,0.0928272999707231
spread,BBB,201703,1539,0.9394953878608926,0.9932222300733853,0.6940695906009366,0.8531731395571768,0.5330039316744525,0.5756841779074592,1.1323412809608404,0.09864686894767664,0.9268439515924664,0.08475370357699222
spread,BBB,201704,1545,0.9429662958693188,0.9919809523905905,0.6199788184394075,0.7893409000369316,0.20344062612447317,0.2558514603996869,1.228099534759936,0.09533771318088348,0.9546955129835332,0.03342644880534186
spread,BBB,201705,1536,0.9505287149321906,0.9892114189463103,0.5529001216892259,0.7171924011013426,-0.006718967910431692,0.013943035951236972,1.2839523807004443,0.10044107640473722,0.9652817231823548,0.008619464778487166
spread,BBB,201706,1555,0.9437019133012952,0.9855442495868296,0.46125502312942923,0.6361374478107406,-0.02268275556371075,-0.010635645270935358,1.3011074824650293,0.10318196029496424,0.9611205168531894,-0.0035541426415688173
spread,BBB,201707,1586,0.9431458545201643,0.9904571239737252,0.4541132562016967,0.6381668288518677,0.33365195411816484,0.40584879609065283,1.3410972627480533,0.0602728495098399,0.9655632426204905,-0.0158173729353199
spread,BBB,201708,1603,0.9369626640256701,0.975635695805183,0.4459795094531679,0.6275094223072308,0.167891774595028,0.16462236372074257,1.377847051260341,0.04874516009261341,0.9704170525379023,-0.017078599406439837
spread,BBB,201709,1632,0.9482287650879601,0.9910151044220912,0.10293121073011954,0.29919501406067917,-0.10259827312308428,-0.02683854664937504,1.4306295313147177,0.04096613629048383,0.9757983103380067,-0.03342073256890054
spread,BBB,201710,1640,0.9559796954992202,0.9911286290836065,0.13660806378766496,0.3239704152255106,-0.18609482011561815,-0.15088160327884417,1.4537315677684524,0.03180501043065827,0.9747795263304311,-0.030380451427487413
spread,BBB,201711,1627,0.9569387522380413,0.9810925822969984,-0.04487938738875195,0.12810607666215934,-0.3867448409311891,-0.4317488810194708,1.4814408226120348,0.03877148264893431,0.9725074446778337,-0.037506052448698736
spread,BBB,201712,1635,0.9480445811353744,0.9765881977051932,-0.30399366390337995,-0.1489913055279553,-0.302092838693916,-0.3156440299701661,1.4901284586548889,0.07386566640252985,0.9664191194932019,-0.012645496018688446
spread,BBB,201801,1652,0.9498858413285253,0.9831328502469271,-0.4098095411967657,-0.27502672070013795,-0.29529922739660797,-0.2471412719251041,1.4817340414720477,0.09678614091750899,0.9665881327361814,-0.020200682931485015
spread,BBB,201802,1686,0.9424604287030176,0.978751886529772,-0.011485944991228453,0.14634686978339276,0.19153909618458287,0.22972086077708664,1.4522656206445272,0.10737371816771293,0.9617669675218389,-0.015727861683604818
spread,BBB,201803,1672,0.9487497866096083,0.9804225948791548,-0.0903247998069357,0.07813840504773589,-0.12154790194899538,-0.13289497537847814,1.4371892370078623,0.11016549807055886,0.9627731857546451,-0.010764132979164983
spread,BBB,201804,1708,0.9509735528404665,0.982265619204316,-0.052156537812810405,0.09072786467035564,0.3470166250882923,0.4043767754376944,1.4137305593321257,0.09750109316822776,0.9581220125764354,0.002708468677410459
spread,BBB,201805,1730,0.9514265120131635,0.9708258857860546,-0.12187126413587515,-0.014685889621329825,0.2860158674381048,0.30589581718614506,1.392144368200449,0.07058510389613691,0.9595502818935537,-0.01389408780918189
spread,BBB,201806,1726,0.9640919920132041,0.9805603561380049,-0.20430125432960078,-0.10645747314104123,0.29460192576302535,0.29920026044943077,1.3700646135791947,0.05367367483830626,0.9605904726082323,-0.005245681413834053
spread,BBB,201807,1738,0.9698917072052418,0.9821889394179436,-0.5573752783287079,-0.4965712592848389,-0.17608765933441045,-0.1580557689907859,1.3510214232182036,0.0409863244070732,0.9643458348760805,-0.01426289933562389
spread,BBB,201808,1749,0.965684109152094,0.9799671051677068,-0.15524690369586458,-0.07651533941931812,0.3810248414363569,0.4083627411134927,1.3121840805406932,-0.004491765423352812,0.9570352865659053,-0.020042210878709953
spread,BBB,201809,1792,0.9722967414763846,0.9820743527519386,-0.4795992919226631,-0.4253474955008928,0.00954920510729771,0.020778517225035983,1.2840669186623794,-0.020750537041678518,0.9589009943500252,-0.021929861772505835
spread,BBB,201810,1818,0.9770520688211219,0.985819884296143,0.1547277199666735,0.21712630557384788,0.5623804041530743,0.5794505497283753,1.2555859375794989,-0.05169887180925561,0.9576140040789393,-0.018675459048076104
spread,BBB,201811,1849,0.953229775037515,0.9545741054505419,-0.006557456343162584,0.043428415139933174,0.16942198984762896,0.1339283657229194,1.2413785376679547,-0.06009350755628287,0.9667554849186356,-0.017814175034127917
spread,BBB,201812,1870,0.9546547070012551,0.9634532113716294,-0.1261071623086671,-0.05823440783156086,0.2656530410113859,0.2556871893827863,1.2257762369751357,-0.03909253496981872,0.9737394734561992,-0.027738119500085118
spread,BBB,201901,1841,0.9270239973726057,0.9518727688644588,-0.36738233508625706,-0.2795381524074729,-0.08780931216151282,-0.03822158595915592,1.2130146319780561,-0.029746982516442182,0.9838699843521203,-0.03433358677113013
spread,BBB,201902,1847,0.9505278846865473,0.9705725510929445,-0.26972671861068254,-0.17322970002333807,-0.0471965839329959,0.006012387145276033,1.1896781946884576,-0.021986764897378153,0.9867862605482685,-0.027807356496873135
spread,BBB,201903,1828,0.9626197801334029,0.9747813410510279,-0.2338362379422693,-0.15310357036912697,-0.1372047357641243,-0.11148161703154727,1.1651410914952842,-0.004436630506810978,0.9861757755927644,-0.017958474439359922
spread,BBB,201904,1860,0.9491647337887824,0.9639097384950475,-0.33851207015754003,-0.25304404743058845,-0.2662997647359719,-0.23499519239736977,1.1484999681073156,0.022913618660834637,0.986782389336604,-0.027244221063901113
spread,BBB,201905,1844,0.9540456696722296,0.9644543059922387,0.28711822329755504,0.3622856203127577,0.2572256872813409,0.2501586851082744,1.1240850061115168,0.06124262992985726,0.9776067373961906,0.013860683744237969
spread,BBB,201906,1865,0.9462451955583572,0.9698036649513762,-0.08096994006842931,0.04313003461070123,-0.08711313453979518,-0.04278596136575031,1.122123232292975,0.09204267065011199,0.9812223971207537,0.032549141017962156
spread,BBB,201907,1886,0.9545748902945911,0.970022788602166,0.06781943175567726,0.18787613656262078,-0.12105597552417278,-0.13140254994964623,1.109753478207188,0.10809522978963228,0.9795035821349587,0.0415136060463982
spread,BBB,201908,1883,0.9415099878683216,0.9558191028004114,-0.006403418122183657,0.08379869382013604,-0.13015157211523362,-0.15336219550543043,1.1089289033205614,0.17222021836869084,0.9802008619951652,0.04478306653971797
spread,BBB,201909,1908,0.9605200574208904,0.9685326580222448,-0.11254294576633854,-0.005971164512611971,0.2262430186252478,0.21658868790777777,1.0993541698798688,0.17523192669035545,0.9750189194790787,0.05508569456928422
spread,BBB,201910,1911,0.9661478181547273,0.9749798100811302,0.07388649127145384,0.15526003846509268,0.41387335192287095,0.432282397763971,1.0940729775061364,0.19838373853155378,0.9786258834041697,0.060836620234107304
spread,BBB,201911,1883,0.9655751853149519,0.9763064728401468,0.030132540909062807,0.11769547988899778,-0.2897040013017528,-0.30180838600999854,1.0843352039733882,0.22248911760762763,0.9766881905280778,0.0733480690102874
spread,BBB,201912,1829,0.955394135692046,0.971963391076252,0.21011443856782827,0.2992224055163806,0.059295861532447765,0.11217651990314369,1.0762031378192893,0.25856547694902593,0.972948833708212,0.09018664117532275
spread,BBB,202001,1806,0.9551518498169136,0.9745269427766182,0.4555280992191911,0.556759924261152,0.11229497222322549,0.12934580463362552,1.0720999177660686,0.2806172865371321,0.9692441957765926,0.11099566896339526
spread,BBB,202002,1798,0.913217626858731,0.9406278473765128,0.3798960059893516,0.47418956145795055,0.35230868231614587,0.38213612454983664,1.0891328167606191,0.30159572505468524,0.9734447647398743,0.10890814969979637
spread,BBB,202003,1772,0.7239866388022007,0.6831566518715231,0.3445611585259122,0.2985009810043225,0.15021106344895122,0.0750020458623029,1.1032413080633496,0.278421833685656,0.9801604816050242,0.06763456506789325
spread,BBB,202004,1728,0.8051874834431604,0.898311160393456,-0.39460801704034965,-0.20102996538043105,-0.36059289839055286,-0.23317456776056855,1.1329491917348633,0.27246603770318845,0.9902442491704969,0.08336647120215906
spread,BBB,202005,1757,0.865076511611021,0.9355269931875,0.06703166384299226,0.24055975320742468,0.004141221364862601,0.14018242060083558,0.9799836724993198,0.21980360402795834,0.9159966349034528,0.16199250192059475
spread,BBB,202006,1739,0.9134562562457267,0.9661583262010394,0.1837251067168813,0.34835658179030277,-0.029354126251820996,0.09910939633200995,0.9524265664250458,0.20741650157971858,0.9062034252441508,0.19728826695726673
spread,BBB,202007,1726,0.9528754657096086,0.9739691989816207,0.4815447899737985,0.5900786073408496,0.15712754408530646,0.1705150280424568,0.9394341669944146,0.22622373461853995,0.896747370413932,0.226090148317342
spread,BBB,202008,1719,0.9425545230247466,0.9805622049021646,0.5406068938623985,0.6639321750635181,0.5107796470566761,0.6178450515805414,0.9438370961924302,0.22080107922819897,0.8963581520351913,0.21876274005001395
spread,BBB,202009,1529,0.9672685064172297,0.9884926196697159,0.7151086119373393,0.8109684505344744,0.6133214245021935,0.6359201065868649,0.9552022637006253,0.2189376423307727,0.9059402069853073,0.21699800898653354
spread,BB,200301,88,0.7713217715273746,0.9358723170151249,0.11510690007396712,0.46526597573195927,0.24252403930823152,0.41460687021147247,0.805815460254006,0.09162452740451286,0.8336078285977822,0.04052712371221835
spread,BB,200302,100,0.7461273279089634,0.8474149104852295,0.013405340534053404,0.269439752295699,0.03552355235523552,0.09418570112764002,0.8143751193938072,0.11268561417239799,0.8538384136580305,0.08083985831408985
spread,BB,200303,102,0.7563824914758751,0.9229486088785729,-0.08158845581874007,0.2792657033340581,-0.03458843885530758,0.17747293603390996,0.8211811066253851,0.1058984878527969,0.8454944941213252,0.06601950519995553
spread,BB,200304,102,0.7838281029246034,0.9306078597830425,0.033174819480805876,0.38462321389192033,-0.09747753758813917,0.009686119954085642,0.807378409474494,0.09031582920782512,0.8464513660179764,0.07710725045668809
spread,BB,200305,118,0.6215431024575905,0.8062209431900582,-0.0581150321927989,0.285226473841781,-0.12134658296173749,-0.029873912369087947,0.8102602366346006,0.08493069579871729,0.8478966134094983,0.0762898994902485
spread,BB,200306,124,0.6987002360346184,0.9024624743716513,0.06046262785208496,0.46623834183903795,0.09647836349331233,0.29218614034047236,0.7967394242928603,0.09310525515257288,0.8356271028703517,0.08068908883515395
spread,BB,200307,137,0.6921077256763605,0.9097642422160099,-0.055631265517949474,0.3851765079246551,-0.04520507028581029,0.09076483655982227,0.7992138553849187,0.07945376075112795,0.8408430257910297,0.09738018882575666
spread,BB,200308,143,0.5631794509857785,0.9287477505411079,-0.11954594701073572,0.5099119507792458,-0.011064053317574445,0.29134630577499165,0.7949755280256339,0.06415693112093647,0.8432018506842238,0.09729611315182346
spread,BB,200309,148,0.6882816650112759,0.8886817911766918,0.21854096254863276,0.6387430775653088,0.2569659098901669,0.32235059377719616,0.7985740988537063,0.05360108385779971,0.8542969657608147,0.08802660343887579
spread,BB,200310,150,0.6069192593094855,0.9010573850280684,-0.05905506911418285,0.4634489771979006,-0.11775990044001955,0.17312444664136278,0.7918654201709394,0.04856286563899088,0.8473379440014867,0.09301521114684742
spread,BB,200311,152,0.7079560890190163,0.9254733043614611,0.17651842891217134,0.6144484340274198,0.23795269240495082,0.3163336178162692,0.7566961841915154,0.03606215641076503,0.836277918479225,0.08905467963895608
spread,BB,200312,150,0.5798602067495798,0.8884789923066415,-0.022438330592470777,0.5136077400919092,-0.10516556291390729,0.1373663493781439,0.7883601809782612,0.020642286426736708,0.8604405231502537,0.09382459631180888
spread,BB,200401,139,0.5418458255917314,0.8750312796060948,0.000840073282988516,0.5645780572601657,-0.03811609097814916,0.15998087486419052,0.7779278866899292,-0.011517655738469884,0.8521018131959512,0.07675533581826989
spread,BB,200402,143,0.5453803023566772,0.8508474576289098,0.12787681801766307,0.6819406925213075,0.29931219015726057,0.4332854887235714,0.7552443485300915,-0.0370906399203533,0.8330288210619924,0.0629074555625657
spread,BB,200403,139,0.6327135910272508,0.9531644834296668,0.22446043165467622,0.7844478678086005,0.3151391929934313,0.5679115507144052,0.7438985457582211,-0.04409896538777325,0.8397991723685827,0.06058492224730653
spread,BB,200404,135,0.6460620723034237,0.9629020831079514,0.08561603745976003,0.6495633946611895,-0.19351282801677888,0.09395703086480364,0.7554670840337783,-0.046092381377896556,0.8490355276719345,0.061951679142307294
spread,BB,200405,140,0.5299496292995114,0.8839882179889353,0.11022719818066522,0.6844235006088398,0.03877894644770506,0.26320145635441927,0.7532334055616533,-0.06839970479081063,0.8487060481146929,0.060211711870582794
spread,BB,200406,146,0.578496462545089,0.8983173065340497,0.1071925038319532,0.6390630543099503,0.007382414467912816,0.22972097542960654,0.7675800490094694,-0.08470526262180339,0.8674537722136405,0.02261581107729647
spread,BB,200407,152,0.7354907825326641,0.9465881733823361,0.2635645404902986,0.6700223570329613,0.07429315399913886,0.19942437266681418,0.770885501869656,-0.09379525007424924,0.8702812738551102,0.008890133638794954
spread,BB,200408,153,0.6468448757118711,0.9036598227010852,0.20613364963210162,0.6567890065818753,0.09048356184579094,0.23222385565555123,0.7877521080886705,-0.09708918749168381,0.8685466786516219,0.006752164817273501
spread,BB,200409,155,0.7627404853211305,0.9027485506429226,0.3724791337694564,0.7378065089997031,0.4111082465921176,0.38254449597213236,0.7974858045633688,-0.0897034601617457,0.8622481427312684,0.004890154343268903
spread,BB,200410,162,0.6873833460719831,0.8634066722715183,0.27704742428668805,0.5923540810177247,0.16869260374195025,0.33791444914411034,0.7985248184856896,-0.10457603797145354,0.864131130395751,-0.010623772241576894
spread,BB,200411,167,0.7597109048401403,0.8898788799732849,0.24441134941820322,0.543147544912891,0.033758644501015185,0.11661338457368295,0.8287042755747343,-0.08244337397152308,0.8668247268900351,-0.011251380655635107
spread,BB,200412,163,0.7972910719170418,0.9566913124249543,0.3193232136820346,0.6705469801035305,0.23056844065373167,0.32074656085200015,0.8289146499388198,-0.07740389948889514,0.85688153942023,0.0006870927246111654
spread,BB,200501,164,0.8188138664294611,0.9088339958056416,0.3780014269595551,0.6353482899261704,0.22370480303135437,0.18125427221913276,0.8581922616290877,-0.04044324105064124,0.8739974719455509,-0.018158002580829963
spread,BB,200502,169,0.8429887163607482,0.9018935591641862,0.19702650290885587,0.39718014490921977,0.10135249366018599,0.11394904644688109,0.9112634506519603,-0.04326767566783385,0.8936190760428693,-0.041914055192409184
spread,BB,200503,172,0.7471213134286404,0.8090672395965155,0.01165502814705806,0.16119899297807908,-0.09532501774667883,-0.08975585022027478,0.9298600515373322,-0.030548634336365007,0.8879182772893172,-0.041170253167227056
spread,BB,200504,187,0.7994202784207792,0.8486288241020855,0.21255308138105183,0.31828348091787656,0.2664382530949611,0.2777626123630779,0.9227212638763936,-0.02298769880987798,0.8732947985441812,-0.03607944184556206
spread,BB,200505,196,0.8596698907289624,0.9061651067627712,-0.06810158659324722,0.04545746132630472,-0.05024663516324141,-0.006704186630288927,0.9368166051900503,0.019953072308962417,0.8787158947054331,-0.04797361917731926
spread,BB,200506,190,0.8550723560062702,0.890937163752154,0.10533576524207554,0.21209439850636722,0.18917713130995029,0.22626685882924208,0.9236106972709841,0.04140822923210785,0.8627107329188144,0.016145745995670847
spread,BB,200507,190,0.9087407551269333,0.9289403712522151,-0.0466252892265568,0.031375176816743885,0.0952529666224899,0.11815860446702765,0.9250180274953397,0.04716165341267127,0.8577109057509239,0.01186611185508033
spread,BB,200508,190,0.9041087502036199,0.9125254126382604,0.31454640090627967,0.36607447861545506,0.3893004763216944,0.38693730872236776,0.9183990807881498,0.06575567233356706,0.859198644436128,0.033754917035377384
spread,BB,200509,197,0.8317107377005974,0.8481425280271833,0.08577016408778557,0.14061746460224414,0.19075401272645653,0.21114201952699246,0.9277995669072703,0.06304514200288505,0.86372619589839,0.01895118550782822
spread,BB,200510,194,0.8231881294872214,0.830834417407876,0.21203420264367862,0.24923615003256053,0.2631770985277742,0.2762868755873893,0.9021723872402945,0.09382176268378055,0.8521927985404709,0.08552726732104189
spread,BB,200511,197,0.8899646011662943,0.8952094010839702,0.1741066523517575,0.1993996209372021,0.2615186360654091,0.262251853130881,0.9233851857153778,0.09263742957787306,0.8597083580218077,0.052188306807697364
spread,BB,200512,165,0.8927132184770408,0.8950585416140602,0.14878048780487807,0.16826363422074667,0.27196324099056984,0.2588924055499124,0.9322817734083381,0.1020505432329473,0.8762189940492487,0.060915933051294446
spread,BB,200601,164,0.8033093511486369,0.8040065213282753,-0.3534476895243018,-0.3444028416859171,-0.21192714213812522,-0.20927118085079066,0.9332635709049619,0.11944307426539365,0.8802207414834881,0.08434489480292132
spread,BB,200602,171,0.8397618011947731,0.8381932148671414,0.08000095999232007,0.08504102172111352,0.15616195070439437,0.146954600708821,0.8954610132915063,0.1444266069423282,0.8550825567162477,0.12089360924918398
spread,BB,200603,168,0.9226273031096127,0.9248339897832192,0.02550351536993638,0.03196238112036181,0.17099275666756095,0.17342293463540678,0.8963377400974684,0.16136800700067458,0.8627591637469232,0.1326137047336331
spread,BB,200604,158,0.8213025798804893,0.823498315596417,0.09140058932790149,0.09704185939100562,0.1309893072126494,0.1318251691835366,0.8838117599010228,0.17490144725133172,0.8545732009138571,0.14665528291138427
spread,BB,200605,152,0.8613101396263437,0.8912581596749378,0.23628510309665868,0.3055970366034443,0.2552129251840157,0.2908842695916682,0.875858821547577,0.1780165012230733,0.8497469348946952,0.16751443397540794
spread,BB,200606,142,0.8347677754589874,0.843580025839417,0.04854869433832575,0.0767453532524413,0.033108336075072665,0.03422546855220555,0.8787689186426778,0.16642760170046877,0.85424457696051,0.14426437032403505
spread,BB,200607,141,0.8299782631306849,0.834149406060072,0.37896742155058005,0.3880597973399032,0.4113831927736632,0.4138422614116497,0.871762965704555,0.17833058763050594,0.8506798622426299,0.16156995414871753
spread,BB,200608,140,0.9013577253038658,0.8944244299519349,0.41555618726902976,0.4160298791757063,0.4436028077234262,0.42766097722008684,0.8731100714959681,0.16896505732347875,0.8547859488256624,0.1456927229516679
spread,BB,200609,142,0.9273538841991068,0.9226428102911005,0.35625776680616356,0.3629434816328513,0.4237192235394214,0.4094448752078396,0.8680988367752134,0.18146879499560692,0.8535223812071971,0.1634197955226099
spread,BB,200610,143,0.8626385577346919,0.8743323463465972,0.08687087560326996,0.10946910081834006,0.17107012705604255,0.18002720876299586,0.8803012345705606,0.17870897492792623,0.8670623933473867,0.17035515016337419
spread,BB,200611,157,0.8901783845395261,0.8907138266559879,0.11191771221602714,0.12485376875456763,0.1833954564342374,0.17850251451894877,0.872907869179621,0.17803865355058884,0.8652278364389583,0.17602295393251277
spread,BB,200612,147,0.8943972784037247,0.9065524982838175,0.07484756212740556,0.09704096185285402,0.18159562973652993,0.18880420102225812,0.8481022798291026,0.20086215775631505,0.8455370945630518,0.200304278647198
spread,BB,200701,152,0.8300768785951049,0.8299482975449176,-0.09054189818137083,-0.08235451911907712,-0.012441993179286352,-0.019114107995541817,0.8270390037302344,0.20245185318063808,0.8288230562410308,0.1886798056136949
spread,BB,200702,157,0.8752825782966136,0.8796180798093661,0.2990002418769652,0.31743528797275783,0.36549470041367166,0.3724826673578867,0.8554631429628252,0.16416784305414223,0.8592456501720357,0.16661451712378023
spread,BB,200703,157,0.9132451101250599,0.9199105672652623,0.2855543633984334,0.3185462551654719,0.32248091342665236,0.31960059228976867,0.8502566470402222,0.15625620576614088,0.8567469810875596,0.15883447812668924
spread,BB,200704,134,0.8948236004231072,0.8996452552168032,0.20762603024975376,0.24498091619729542,0.26365665407299343,0.2638016232144886,0.8849019250652818,0.12248976209163849,0.8950489679091113,0.14785475802561107
spread,BB,200705,131,0.8862322438189788,0.876816332849334,0.11969785939251587,0.13395416620148262,0.11807505471627608,0.09712324306572519,0.8875878451617404,0.11760665556109554,0.9006776589508881,0.14233292009682577
spread,BB,200706,136,0.9088363228303115,0.9104258653632845,0.2093936357998187,0.2185519007405124,0.1770430800057249,0.17626846143591715,0.8926402902557887,0.10937579292565304,0.9099071344880322,0.11217965744435479
spread,BB,200707,128,0.807486631019348,0.8067633472253725,0.4239035890862479,0.4250842268692449,0.3788969511078557,0.37525911832163694,0.9018388590443652,0.09926114500224067,0.9202388789495072,0.11006311878816605
spread,BB,200708,125,0.6390004270396578,0.6633189758462418,-0.3915023041474654,-0.351540250509341,-0.43888786482334863,-0.4197217195771561,0.9170907473186606,0.09714137211807222,0.9330565509708817,0.12354552057218122
spread,BB,200709,125,0.7323466386286562,0.7780928520051346,0.13816282642089092,0.23523881793910686,0.09808909370199692,0.13314941059789592,0.8678538069458286,0.08854183628021021,0.8845260701489308,0.10414387744780411
spread,BB,200710,114,0.7797864347955905,0.7963211975715475,0.07822846843927828,0.17496785169131354,0.0525991778214293,0.017476534260370782,0.8633605495976828,0.08528370107925734,0.8803212912942633,0.09948882902539097
spread,BB,200711,105,0.8215874102391559,0.8742982733624615,0.23523740410532862,0.3602548219767555,0.26702260004146794,0.2991099891704561,0.8667403737580788,0.1069725794918463,0.8812285835723155,0.11681979068834435
spread,BB,200712,99,0.683351886209029,0.7791252829944514,-0.22878169449598018,0.00508973518573485,-0.22661719233147803,-0.1864896288284743,0.8919126756908147,0.06193393879095193,0.90642476043462,0.07735002175923729
spread,BB,200801,96,0.6775683503163871,0.7638413174437589,-0.03487520347259903,0.2194519804666305,0.0613537710255019,0.040151926207270754,0.8698570116471113,0.1090169572834095,0.8897725781425404,0.1222320737359413
spread,BB,200802,95,0.6033755717267199,0.7986016090643354,-0.17278835386338187,0.3122432267939493,0.02810750279955207,0.06287837960946002,0.8740848003740842,0.09564687279913449,0.8979433065844308,0.09511993636017142
spread,BB,200803,115,0.4492293610205282,0.7724696547970612,-0.3624800017366828,0.18274319960423707,-0.24461107198633567,-0.09721079699142444,0.8582669955806765,0.09161091718588885,0.893781271028073,0.09100448751488362
spread,BB,200804,114,0.609667339680393,0.8022016743483252,-0.33604422753690694,0.08348977033647531,-0.45879589315728725,-0.49007612255041166,0.8094381082198798,0.10179400209767281,0.874295619635758,0.0871594457327042
spread,BB,200805,106,0.3722012857506782,0.779643596680824,-0.3051263319646321,0.32532597086324105,-0.2546439277527269,0.046351343181902635,0.7751177814841349,0.13615545455322825,0.8456525943536283,0.10713051863044416
spread,BB,200806,105,0.6051192469459635,0.8543992784499115,0.08086253369272237,0.5670981085402154,0.07533692722371968,0.14361467766457536,0.7473329537995307,0.15000783007096047,0.840769144241189,0.11956690342230362
spread,BB,200807,100,0.5750949600761208,0.827583206573241,0.09077707770777077,0.49011848220587295,0.0493009300930093,0.2867935397358835,0.7385930742439005,0.1696001432350743,0.8351385315722794,0.11581194645562759
spread,BB,200808,100,0.5985916549431529,0.7929384302924705,0.23078307830783074,0.5766131210012062,0.15446744674467444,0.3201159322945859,0.709971314951128,0.20515312044899103,0.8190061585638784,0.12683161437097423
spread,BB,200809,99,0.7483263708334191,0.7674630022449118,0.30846011131725415,0.4216277725059504,0.20357452071737783,0.10033426201118471,0.732946671746537,0.1848541339305654,0.8434196907286675,0.1245464519110156
spread,BB,200810,99,0.6363405855846748,0.6699361462277464,0.27878787878787875,0.4105145656004956,0.3120098948670377,0.27093466584750997,0.7229359303442009,0.20748873199178555,0.8324769905082773,0.10969770290866172
spread,BB,200811,96,0.6939594949023561,0.8050754053486252,0.23627238198589257,0.48095307537495174,0.31260173629951166,0.33766621338779557,0.740526976162722,0.18814450263907817,0.8467475096262846,0.08483978846145969
spread,BB,200812,94,0.5602167435213457,0.6470088866411386,0.017592023985839682,0.15064390863109292,-0.16766246432828813,-0.09069990067405596,0.7064151340894078,0.1497663991634908,0.8500928276767135,0.03731837530378148
spread,BB,200901,94,0.7499069822935982,0.7615849782605888,-0.19619983383303835,-0.13884584125808566,-0.4277209839973991,-0.4448080918272745,0.6731323312738556,0.1294097990009988,0.8259692745464622,0.05537226086877732
spread,BB,200902,97,0.7681226597804096,0.8940596337815183,0.2618083315800547,0.5230398006543906,0.23332632021880914,0.3355917827961762,0.6500196592597959,0.12860125114232063,0.7724731313351998,0.07815895708726235
spread,BB,200903,101,0.7637246794307221,0.8784140712925671,0.1283284799068142,0.38148043529700276,0.02425160163075131,0.12912675925144806,0.6679460021535777,0.11526112127309222,0.7869043251631564,0.07422229470702466
spread,BB,200904,113,0.724703436100808,0.8014185282007505,-0.23149411138465636,-0.04194009864489536,-0.5327699780424514,-0.4575733380068609,0.6722210370024793,0.1074888110937819,0.7768460837922766,0.07535567829613464
spread,BB,200905,110,0.5344895599353098,0.796480803563378,-0.23371277866690707,0.19366720240644617,-0.3604670558798999,-0.20611008798402872,0.6537813529361779,0.10956571920058397,0.7420565249008786,0.07081983785555684
spread,BB,200906,113,0.32635722261453254,0.8256793173213101,-0.2667758999268082,0.4823787492946169,-0.11388814957748356,0.26464001663975933,0.6474338192576694,0.10099613196185743,0.7342771131342148,0.04742654978070264
spread,BB,200907,116,0.46994964056433325,0.8527022117845527,-0.017929496790066505,0.5763706154060843,0.07513166493676239,0.344997395528634,0.6373034774380644,0.08539192153781,0.7383856901314265,0.03850225754986276
spread,BB,200908,113,0.6043424560171695,0.912543717752409,0.10857342471222305,0.6731652139197553,0.30071029343269684,0.4552614944440748,0.6379178834915376,0.07410373087720266,0.745534841684816,0.037372257035518545
spread,BB,200909,121,0.526299032312436,0.8414499488548222,0.04026554667389241,0.5880896494060607,0.17084405907058658,0.28173107211607246,0.6446592905844273,0.05370411001444339,0.7602500896608081,0.022432905957657134
spread,BB,200910,120,0.6709933710484618,0.9039753036690302,0.2038752691159108,0.6659895339630887,0.3497395652475866,0.39027845780656784,0.6445589152719644,0.0397117822340246,0.7661292079156449,0.012378760851339248
spread,BB,200911,122,0.6063684249086864,0.9037628421601331,0.13699974555632294,0.6847465468281387,0.34061416755611806,0.4957041834671173,0.6459090900194071,0.026763434052714467,0.7733435711873137,0.012015607403264985
spread,BB,200912,116,0.4212709438960305,0.8542190050235638,-0.15139353400222966,0.5034809920104789,-0.15689078537654252,0.0834669219321482,0.6485285484938133,0.02475017124203956,0.7692286946127919,0.020682824510447083
spread,BB,201001,118,0.3917339405488629,0.8585374226676111,-0.049189428052837825,0.7226100500891279,0.2259047034720016,0.48724611375864824,0.6556212103557263,0.004694626395268869,0.7697040669103307,-0.011096385952259966
spread,BB,201002,121,0.5305286047436899,0.9233536219808358,0.04408616718601815,0.7073748600722446,0.2398116786343313,0.5290755471413006,0.6575492641280902,-0.01329746523716564,0.8055736685575672,-0.020182926048501804
spread,BB,201003,130,0.618194580265574,0.9152609032513707,0.1332668751450928,0.6718522332036378,0.15849185432000984,0.32455492298835786,0.6476004051128692,-0.036249976913114525,0.8102598556073178,-0.03627864619492922
spread,BB,201004,127,0.6668551199492764,0.9498451105718683,0.1908687195350581,0.7792854151039261,0.41479190101237345,0.4607394258071772,0.6657807063180722,-0.08096175364954761,0.8302927673151289,-0.05910143804331159
spread,BB,201005,130,0.6434908717537718,0.8864978983654219,0.1571317374264294,0.6482058313049118,0.1828537874339401,0.2509582965197775,0.7345403861964759,-0.14762843217243007,0.90626132326477,-0.09779057888891905
spread,BB,201006,134,0.7064961233825122,0.9351370290898724,0.0267359942143917,0.4993297896384877,-0.02954400927692366,0.07256227345381802,0.7879181646145031,-0.13838162649511185,0.9302721756627201,-0.10644129046421813
spread,BB,201007,140,0.7403689194533262,0.9614000675701367,0.038857667665259894,0.49542977599816035,-0.1536550698650806,-0.06532577606402183,0.8172929274542251,-0.11685732525844604,0.938025782406629,-0.10925693835971323
spread,BB,201008,140,0.7434333097239746,0.9652978910211507,0.09021451531783693,0.605414069499013,0.14231921453718485,0.24150218069551327,0.8265602817917985,-0.1354668964093651,0.9292746285792257,-0.0933262380936702
spread,BB,201009,150,0.799088669797791,0.9552129215240043,0.05966309613760613,0.4402842447576426,-0.03233032579225743,0.03982235591778023,0.8379924452717905,-0.15936279468158407,0.9306182498078575,-0.0798075080637105
spread,BB,201010,149,0.7592962089606384,0.9190630501210474,0.056430255759114825,0.42835881403864345,-0.06587701795755486,-0.04842558355306142,0.8505570674150724,-0.17859357183967636,0.931218496493968,-0.08370968958856563
spread,BB,201011,159,0.7221440203973003,0.8993893291587061,-0.03967936470026272,0.39895211368521616,0.09718772390733221,0.10972951994267974,0.8478870112665288,-0.2047868022187378,0.9232180974036653,-0.09770455711613515
spread,BB,201012,164,0.637761042977189,0.8768648138356996,-0.26041924557561247,0.21919010132935726,-0.32971855318106996,-0.2160423544713199,0.8557144644577669,-0.22879642978845013,0.9258684732816072,-0.11116268081948343
spread,BB,201101,164,0.5740011086545396,0.9309369624644477,-0.13208820208670574,0.5106444047858185,-0.06812672588521757,0.17275086787670987,0.8503654746770107,-0.22744159187288687,0.9248663921336058,-0.12040640814320429
spread,BB,201102,175,0.5833949099696205,0.9499632218350701,-0.20599417823555755,0.4899814934470991,-0.04386475593372145,0.11208949425553906,0.8688391439481898,-0.25922930394072036,0.927272628247218,-0.12717402515702542
spread,BB,201103,186,0.6383897684002293,0.9657704994472993,-0.028742732727552463,0.6007792506956535,0.18037381870398944,0.3717483627329532,0.8614051351897097,-0.2513334813126938,0.9165437804962834,-0.13930860390034266
spread,BB,201104,194,0.7045512537380428,0.9197495684588849,0.053278712100356236,0.5792711088045662,0.23568349816947645,0.2183098823044908,0.8714723428612716,-0.27114211001707983,0.9273326046709736,-0.16355462780506186
spread,BB,201105,193,0.7156286893187708,0.936180086251875,7.010843437850541e-05,0.5504475055754564,0.40013554297313175,0.40955095871486646,0.8760106533302786,-0.2658632412009474,0.91726487720347,-0.14697964412519465
spread,BB,201106,199,0.7314949466963662,0.9469127112341069,0.045334246992538456,0.5501724347344279,0.23877265113446017,0.277168606106947,0.8783779369975954,-0.2850937301546654,0.923393654079757,-0.1684125654850606
spread,BB,201107,221,0.6867288848924213,0.9300483147107718,-0.01767596473478826,0.49961157627814634,0.23086706616118377,0.3633316888444602,0.8843422971179301,-0.286531629252447,0.9222534285890264,-0.17480460646645016
spread,BB,201108,221,0.7739667659660584,0.9431930558927138,-0.02240208122561064,0.4567194163672476,0.14201363024892436,0.06189547599262855,0.8818844587899156,-0.3032905375253288,0.9343814661415262,-0.17646021683963914
spread,BB,201109,224,0.8016664549080535,0.9330967324847569,0.05486974161862055,0.4192437642771067,0.14901345291479826,0.15733192255603493,0.8837428783586523,-0.28552667731581904,0.9339444238822558,-0.1762892540054593
spread,BB,201110,221,0.8305331171691079,0.895039930536771,-0.09367961132667015,0.11204944250448017,-0.15398957163663043,-0.13579623088741855,0.8872359036118532,-0.2596079573490934,0.9408996847721799,-0.1584503355514431
spread,BB,201111,227,0.7956440546646443,0.9337171808572983,-0.11201574166596563,0.23451242886230897,-0.04374303659034531,0.0614288619830808,0.8788187546080125,-0.24042365366856241,0.9340220351024398,-0.14250963640009268
spread,BB,201112,228,0.8095235805127899,0.8943840991950068,0.0343178994752333,0.3133610178650346,0.045441981538498925,0.048400005872429895,0.8717353065254194,-0.21465745001645864,0.9299058104318948,-0.1346127891122102
spread,BB,201201,234,0.8188029589229401,0.884693336630084,0.10362758113648445,0.2962255328591008,0.09097260758296283,0.08262744852895307,0.8978620623183691,-0.21612739487112773,0.9457867700952912,-0.10956387567671683
spread,BB,201202,239,0.9082039040101036,0.9620269660007991,0.144109735944587,0.3735375400616512,0.2899898034527619,0.2849430135073731,0.904268479281975,-0.1949995520217143,0.9459715301452344,-0.09542055553843959
spread,BB,201203,232,0.9082270520793997,0.968976760199139,-0.05976870546946023,0.14798143144704878,-0.08213896507517936,-0.032554550290185474,0.9190223595631053,-0.19826343949190173,0.9529620608868089,-0.08133232747009922
spread,BB,201204,234,0.9175956904462339,0.960731690984199,0.06529739702965894,0.2831601802254064,0.22757177075504173,0.2089146436465711,0.9179782206015691,-0.1914671363861656,0.9499403493945826,-0.06894541675714752
spread,BB,201205,232,0.8823771076703707,0.9219413621431939,0.11259607641137903,0.29091195645542384,0.30692749606468706,0.3139016275607003,0.9240277547868674,-0.1913300152109816,0.9603828675559902,-0.07113441523026007
spread,BB,201206,242,0.9284615809612029,0.9563579340347158,-0.03971776950527108,0.08712485481296023,-0.057267845901066074,-0.03657015315825447,0.9334302203979712,-0.1888076670472186,0.9630986576066853,-0.08453853258857158
spread,BB,201207,242,0.9467447179096203,0.9673614134927484,0.14596825372633243,0.25653603868029223,0.1472485024603722,0.1402271808864189,0.9334081770928788,-0.1690923823692366,0.9591629069891633,-0.06049409678421979
spread,BB,201208,256,0.9112048827041862,0.9552740855025353,-0.048675326161593035,0.10955822580784136,0.0903639276722362,0.12321733007130796,0.9449441187748938,-0.15061247474430273,0.9566660622031956,-0.039008561135211284
spread,BB,201209,271,0.9300004582411053,0.9702058949084601,0.2386217832766563,0.4172511241967245,0.4638828594168295,0.4633675968548781,0.9401570047637622,-0.1643742368492948,0.9530500812285015,-0.023055379178664438
spread,BB,201210,266,0.9488112415132869,0.9771799176772239,0.16306815374242262,0.31482769948962813,0.32109391562433753,0.3400865499460722,0.9517629548328775,-0.1669699911824647,0.9602564590105271,-0.026637478184735715
spread,BB,201211,273,0.9493791476231395,0.9856109708552621,-0.03175206073445661,0.1563036388887962,0.0996454168416384,0.09875667258378956,0.9712477048145836,-0.16015530217892154,0.9755073902085797,-0.02833139868690293
spread,BB,201212,271,0.9512286189109699,0.9856664245833235,0.01976460941079999,0.20028462127147037,0.20537045076333119,0.21182684137466798,0.9827395986794992,-0.1561533869273967,0.9804083540252826,-0.021419264149328234
spread,BB,201301,272,0.910028110625557,0.9695958930066393,-0.15300951490445736,0.05060745825822943,-0.16312670398843612,-0.07861997982646002,0.9879754388592121,-0.15919262614484989,0.9846442773974203,-0.025963653735788145
spread,BB,201302,280,0.9160277301391991,0.9791440174964694,-0.06491518660041218,0.17644704992280846,0.16685362240407586,0.2006685041557897,0.9848059432976046,-0.17522656600653125,0.9820481921886929,-0.024902293419132446
spread,BB,201303,274,0.9256319454355694,0.9890195743287437,0.05491763710741813,0.2930008928303686,0.2515898699840306,0.3348650385323501,0.9849537732388227,-0.167552949859469,0.9830773236301555,-0.025572635275675916
spread,BB,201304,269,0.9523874989888428,0.9813168909356969,0.26322230236672894,0.4259278895832512,0.2708927481551351,0.22872006599000907,0.9935226758490515,-0.18019468485303955,0.9887762737542188,-0.012787232691318453
spread,BB,201305,273,0.9278732087072606,0.9665671341612855,-0.0840604613916722,0.07953001772476916,-0.16193576953978822,-0.11950440302431291,1.0007784792189067,-0.18604961849980836,0.9911521328646025,0.0182457316444708
spread,BB,201306,279,0.8941190284449573,0.9587147915781842,-0.16227773541535434,0.05419142337269632,-0.34157798185414806,-0.3276585152110233,0.9975654547731706,-0.18984914255119154,0.9856368725990837,0.0005787587681957873
spread,BB,201307,285,0.8515671816653859,0.9653609480860357,0.05869304898215201,0.37590390175595667,0.05120239286288212,0.21598985001838966,1.000103115438071,-0.18801732821767111,0.985341869419867,0.006536303595930598
spread,BB,201308,291,0.8249355273733758,0.9666206554660355,0.017036849461161244,0.3466650823704341,-0.10374727902254213,0.05505048666595058,1.006631473959028,-0.18605593560119357,0.9892083769741229,0.007006996841292486
spread,BB,201309,275,0.8479837257831166,0.9649729385389955,0.09237067597588068,0.4288251723015862,0.1435578892703615,0.1985946434541634,1.0215622342520763,-0.17889629921970912,0.9960447615362391,-0.023503287127646787
spread,BB,201310,280,0.891990001681797,0.9618301863740453,0.1891817133236029,0.4804322180849399,0.15093833193936512,0.10905544610318178,1.0261250362146586,-0.17168056555004324,0.9931353710440013,-0.032710266918607844
spread,BB,201311,291,0.8577116111699978,0.9620987945606743,0.021086053499164835,0.29430180294547337,-0.043146545636940044,0.058453491737096325,1.0349069717903285,-0.17885456815973866,0.9908567473226538,-0.03985555684953173
spread,BB,201312,288,0.8352357663521113,0.9561896939537713,0.12577161424110533,0.4351760718823912,0.15632472501195602,0.1976081677713759,1.0433698139057803,-0.18179160985885506,0.9893756577736523,-0.04306007267790947
spread,BB,201401,292,0.8737020454346021,0.959883806539711,0.14949489886168485,0.4367526066924866,0.07154125374204778,0.02056048932591297,1.0556846624956198,-0.16419618010491108,0.9894312062811412,-0.05931987608308687
spread,BB,201402,297,0.9173310656575655,0.9552256666709658,0.15872629798804297,0.40151900073573443,0.11596327871495657,-0.025593343916698954,1.0823570012096544,-0.13133909609741728,0.9917603138987819,-0.06017619526680053
spread,BB,201403,296,0.8997849541978126,0.9758502825330357,0.04536570468773858,0.2928656815663347,-0.06598647954580157,-0.03966723526397083,1.103005194310197,-0.1316589599848218,0.9895684206508536,-0.060230271849188256
spread,BB,201404,296,0.9127900022605712,0.9818510008024497,0.20508613389969318,0.4547088552833861,0.08673033588287825,0.04714766439901958,1.1115170946252482,-0.13627733513611856,0.9857488687478823,-0.08300644948870123
spread,BB,201405,318,0.8399104545511543,0.947099823220866,0.12588200545608666,0.426324543701849,0.10878569513420888,0.09619992702700644,1.119871692266673,-0.13356702885119798,0.9814532009571231,-0.09356363647211727
spread,BB,201406,323,0.9078129767089421,0.97087491609261,0.17704142424831615,0.4166484533685226,0.10682004813112635,0.10187369214799255,1.140612965518522,-0.14029961522683745,0.9816579819178655,-0.0782240829329951
spread,BB,201407,320,0.916241140115887,0.971497548096456,0.10533794275334721,0.33021946893730075,-0.2326330091114171,-0.312892925716789,1.1701514319944384,-0.1362457947165836,0.9849781446746719,-0.07631405773000997
spread,BB,201408,325,0.8460353280287556,0.9696325240192997,0.08019121528323984,0.4373448831714425,0.1286843899113838,0.22735037581125553,1.1789447942915672,-0.12168555305448975,0.9778623539150314,-0.08555780359538542
spread,BB,201409,318,0.9066284069895938,0.9727953598732257,-0.03964590852276109,0.2102368648490686,-0.29849376408591893,-0.3210840837750653,1.1926175275020041,-0.12241206518241357,0.9766313453908949,-0.08901242496955458
spread,BB,201410,319,0.855728711030095,0.9583072985381471,0.10073269399626437,0.4368591314686912,0.21294214424333802,0.27309381697959273,1.1923143740438993,-0.12502951792109537,0.9706925318925625,-0.07615268689125264
spread,BB,201411,323,0.8448841869941324,0.9562953100150643,-0.07436999717252779,0.241861412522419,-0.017130778067647096,0.05191926984877078,1.1953626941967006,-0.12451469894972038,0.9716933340207261,-0.07705570360674613
spread,BB,201412,329,0.8728519598135961,0.9464473593429265,-0.001319930717958741,0.26260974232696005,0.1365297649936986,0.14940861676196332,1.2019191722849607,-0.12386279895879988,0.9751233482548515,-0.0924287031701323
spread,BB,201501,338,0.8851518409873658,0.9290649503571872,-0.12219282193406175,0.052000581756963114,0.0394566922049838,0.01574395114238904,1.1988538420581984,-0.13345164540780477,0.9684412138130907,-0.06997589885049042
spread,BB,201502,340,0.9160087567479702,0.9654375671221701,-0.1560025707529528,0.02031020214259335,0.08068195175716461,0.14739505903257258,1.1878046719782709,-0.1443987711122608,0.9665504862340104,-0.06800975113016128
spread,BB,201503,335,0.9228896068922723,0.97274806370425,-0.07243115049219259,0.12568604184442309,0.01635566819452779,0.05007552864065203,1.1688697288688814,-0.1485668030240223,0.9670494110111528,-0.07491816450592774
spread,BB,201504,341,0.892784785590091,0.953603812382533,-0.038100469389793265,0.17415345579855418,0.1189084493189157,0.1887124211668832,1.1613491113394534,-0.1480058736541754,0.9665460737931394,-0.07634177904181101
spread,BB,201505,336,0.9021900511900119,0.9742894320780708,-0.06585322644935561,0.17289685921615783,-0.05287719942044757,0.0685297454206925,1.1443113914087433,-0.14764303058334277,0.9637388110051885,-0.08117938658365319
spread,BB,201506,338,0.8910595644724821,0.9693125405891829,0.055249562245782854,0.2969778725067886,-0.04073518779418956,0.07647550612943388,1.133116285076139,-0.144284804889185,0.9628227144314453,-0.0800256614685707
spread,BB,201507,347,0.8968773142704367,0.9436245436973901,0.2754829544964986,0.4852983096215819,0.26882001770349684,0.23970246943154355,1.124064353100043,-0.1287487569556879,0.9645332455690508,-0.09205088105293259
spread,BB,201508,352,0.9207141179272813,0.9487373092248345,0.2383279295460598,0.40764251383929795,0.23268421851991253,0.19852662746770047,1.1304577955872581,-0.12506128602743227,0.9728892922923074,-0.0797560535671629
spread,BB,201509,367,0.9286095123836577,0.9452996974352157,0.2517147866601295,0.3858505421104372,0.290132732441087,0.2482795370344437,1.1313846666775869,-0.08809360493500894,0.9743230769210255,-0.07323520536012505
spread,BB,201510,370,0.9026337698776603,0.9461196411838277,-0.2854230076503431,-0.14482763318008143,-0.2612951390678036,-0.2254061860812139,1.153411092330837,-0.0481364419040715,0.9974505772774438,-0.04698949023170379
spread,BB,201511,373,0.9504485341484988,0.9773122413065819,0.1722759437834398,0.32429036992096755,0.18797233107075348,0.19050333334531241,1.0881434633538625,-0.03046988186921189,0.9688228565914802,0.00115366726527977
spread,BB,201512,379,0.9364088637005655,0.963081910519713,0.33317286179388667,0.4376594728132961,0.40164990312192084,0.4100939519500516,1.0951183749064923,0.0010661991888136486,0.9756586607648187,0.0387645435494044
spread,BB,201601,383,0.9343233185152213,0.9547496793157413,-0.00036759428868262414,0.09219477361140817,0.052375457944308514,0.05474360043012279,1.120947811875627,0.04898989093863836,1.0014975060208933,0.055421372029384824
spread,BB,201602,375,0.9371867210963637,0.9667259624818252,-0.3419476618500398,-0.23693971241990028,-0.35971031971782913,-0.3161440260891673,1.1117933238801163,0.06782270933760452,1.0065801418461338,0.06804327167086044
spread,BB,201603,350,0.9430859835200887,0.9632051317665009,-0.4056426349836092,-0.3268132055748466,-0.48118965402633024,-0.45088674838411935,1.059521982632749,0.07617027268844168,0.9743513756153828,0.09034936579766067
spread,BB,201604,343,0.9548004798434716,0.9765137503641946,-0.1447463580641209,-0.039016947191901276,-0.28312505278383426,-0.25489763720059816,1.0253768772695346,0.09855645387076169,0.9499873984651995,0.11134703036482227
spread,BB,201605,357,0.9342707802348619,0.9715367230156828,0.20521086471120997,0.3410438095220966,0.21637745550797055,0.28463239399609036,1.01762955618411,0.1028530469969744,0.9443760742059895,0.11450919227903844
spread,BB,201606,352,0.9522646982818243,0.97368414898132,0.08850490082784698,0.19589445300409564,0.009562282225171742,0.025627012793634715,1.0226968893896204,0.112419833206437,0.9500544853380111,0.11168633203088028
spread,BB,201607,351,0.9605022371404881,0.9748914538438402,0.11912726162726163,0.2000856227760219,0.06377733377733379,0.06303756614312717,1.0184576944044237,0.1098661200607072,0.946468493831852,0.11409115965944175
spread,BB,201608,348,0.9403707250297457,0.9593838062420709,0.0327150983189858,0.12239891485835719,-0.006822633455078279,0.01480900929567862,1.0120355338386442,0.11501247317183172,0.942634681807483,0.11479118619349359
spread,BB,201609,347,0.9621255702880966,0.9798542690190688,0.3032711834517683,0.3903184714840494,0.24886538506828942,0.2790972559343641,1.0054160925185138,0.10823047774775663,0.9385380730007092,0.10944711876838024
spread,BB,201610,360,0.9614832220842596,0.9778207879958091,0.1890184337842113,0.2777353820133559,0.07234212198139388,0.0903755098744677,0.99452928305287,0.10581907291674232,0.9303890165157596,0.10693954014218603
spread,BB,201611,352,0.8970405144288983,0.9541788772595541,0.15248530191872964,0.3022205891012281,0.009592547836173897,0.1072955020324907,1.006581259704975,0.10189476269862503,0.9373743450777766,0.09814742895468644
spread,BB,201612,342,0.9135673788097989,0.973866675986381,0.26553021490826834,0.46312271060537497,0.042276827384758506,0.10736489821864305,0.9975768065151706,0.09711373557422807,0.9298384923163859,0.08731649697710155
spread,BB,201701,319,0.94608652288366,0.9778628369051866,0.39279514402318566,0.5497758875325228,0.17245556574200036,0.1736545396409404,0.9741710144791985,0.07883322517607091,0.9082999214812914,0.08927039146733177
spread,BB,201702,335,0.9256364075980054,0.9654057609161286,0.493641714438926,0.6555777952221951,0.44185041430997285,0.4450162759727206,0.9627428574215848,0.0663199628512259,0.8918878536107832,0.08771961963551103
spread,BB,201703,325,0.928492725070487,0.9702648249835986,0.33916840046566477,0.5133646741373363,0.14976125616217142,0.18495601214800517,1.0047775362403366,0.061011928022570654,0.9140247004661174,0.06910529443800771
spread,BB,201704,329,0.9287470769504736,0.963125669212813,0.3635150526691782,0.520178084740341,0.36946063796089745,0.37708671993607457,1.0539596835834335,0.03352518539949484,0.9409035442926044,0.018936357222670144
spread,BB,201705,327,0.9312653591010727,0.9621831759920451,0.3190221800625166,0.47530085438724334,0.2892166485688046,0.2790379180345945,1.0766755298853223,0.023264966145952585,0.9521936519114874,-0.00397346568581811
spread,BB,201706,314,0.9575107315279919,0.9861794816536907,0.27523385089165187,0.43366661498528053,0.3888133369381207,0.37662622582288313,1.0763912817329833,0.016217765374990353,0.9448066251250323,-0.00802774388904142
spread,BB,201707,334,0.9574946406040911,0.9808821556748656,0.15072702517514389,0.3084929168998169,0.23425983853189147,0.21551843177830285,1.0928338669482807,0.026010331532187257,0.9522185697814658,-0.014370525265095555
spread,BB,201708,331,0.9483709454807208,0.9776078972209855,0.11605410932386509,0.2856669428336913,0.1715452857847209,0.1554430574520528,1.1070010723621715,0.013789171413274286,0.9571895354412626,-0.02058844836054926
spread,BB,201709,321,0.9664740092015376,0.9894700915046618,-0.05959612817089454,0.09022106024567211,0.13358644859813087,0.13120362077137748,1.1246542181264765,0.020115103885677294,0.9637506927710535,-0.017070211979667106
spread,BB,201710,322,0.9453231138094035,0.9684062382932339,-0.09961629636538771,0.04225318320884997,-0.05747907583684321,-0.0734203647188308,1.1222286833672717,0.02948751177489148,0.9594660637753349,-0.004353838559970614
spread,BB,201711,306,0.9479510149633585,0.9781923864181717,-0.16070557661842977,0.02119306895239375,-0.0014689915053969474,-0.01683781527844597,1.1321241520592957,0.01999733817915655,0.962068551134692,-0.029554778343500523
spread,BB,201712,302,0.9133642795648286,0.9455550328616473,-0.269307758480409,-0.12277590284829434,-0.13364256273375463,-0.11955602197364275,1.1376884899627875,0.007374071449258653,0.9640565951258379,-0.04318314249329067
spread,BB,201801,310,0.9349380259791874,0.9612127260405081,-0.39099497191907945,-0.28383968880471516,-0.3158865403923172,-0.2858938244117065,1.1312192440444546,0.013693329732282662,0.9635346530008329,-0.042680591516697425
spread,BB,201802,332,0.8807906605049737,0.9353968443963522,-0.20643101515230516,-0.06816042121058073,-0.25469494537306575,-0.17758961559924416,1.117902732673615,0.032836704466652586,0.9609728352889007,-0.04453825971096758
spread,BB,201803,313,0.9086689207182215,0.9302775440072829,0.09198100285990235,0.20656199067858247,0.07970940762296248,0.08244474123156968,1.099764295400404,0.03609418098416987,0.9553208694266666,-0.030747167897302568
spread,BB,201804,318,0.9171807915711746,0.9437445709728135,-0.022617887911209944,0.08237752420575359,0.056978434072162076,0.10392614396716512,1.0926246430719897,0.028900300651928234,0.9551947221448859,-0.025794881556509514
spread,BB,201805,318,0.9140110465242491,0.9493511297447674,0.042471352603783534,0.15245977618870843,0.06293195927955124,0.11025779959080306,1.0751228119429812,0.015145100956925965,0.9474199371367237,-0.026180541369617564
spread,BB,201806,315,0.957180692310399,0.9748598909385046,0.07020805258328439,0.15791490337877087,0.08931402924791622,0.11223236336103133,1.0646345685071525,0.018449485656943473,0.9464716213755582,-0.01867610408742817
spread,BB,201807,327,0.9380640112997005,0.9489488389301322,0.0719221851418154,0.12311930519217636,0.14910110138417756,0.16186429087835882,1.0529109756339372,0.005530882264875211,0.9410841717892136,-0.013000739273005496
spread,BB,201808,319,0.9469036583751219,0.955774723045124,0.1104756905423789,0.14813069834967366,0.08709927840539422,0.09544364942797566,1.042987572923997,-0.012936304391695203,0.936448606828014,-0.02829903955167422
spread,BB,201809,321,0.9502841746539866,0.9621097762453391,0.005955767109769549,0.05511596412717977,0.08825499216346433,0.1124958198277424,1.0322466714739273,-0.0021938532083082643,0.9314972883643298,-0.017958871230199114
spread,BB,201810,327,0.9192169248795713,0.9280450501035553,0.14276245756061046,0.1705289410609943,0.1552740071750256,0.16836079819247488,1.0252908102362113,-0.01708830170775881,0.926931095881097,-0.045813239748404816
spread,BB,201811,317,0.9542873002427972,0.9641382179853147,0.28796997466244845,0.3298394917343113,0.29296176613959835,0.3084330527752074,1.0202940935679445,-0.028638820719815578,0.9277212065435215,-0.05662181197623968
spread,BB,201812,322,0.915285303916578,0.9172754059563308,-0.0013408644109496918,0.008762812348972346,0.07304952392214613,0.07190218301136096,1.0231518523894128,-0.02756873883387769,0.930842696207682,-0.06297248726718872
spread,BB,201901,318,0.879312548456222,0.8881894969054795,-0.2558226079450992,-0.2334825385159771,-0.15233178129714517,-0.1360786713712687,1.0267542308434099,-0.033886147928164884,0.9371205296534576,-0.04943664785890036
spread,BB,201902,323,0.9459850549729377,0.9496726940578835,-0.14693703568383876,-0.12791612575748146,0.028451706133762942,0.036493336464757775,1.0167962305943192,-0.031292064093804146,0.9358959111646566,-0.03401317328394314
spread,BB,201903,317,0.9624234570395533,0.9615466115462614,0.1467777309819563,0.15235550824078073,0.25145730475657335,0.2435881425680136,1.0106562320129355,-0.036121057480234774,0.9354509727686908,-0.05133285996030795
spread,BB,201904,317,0.9561847383439317,0.9575283244646206,-0.15089065674963587,-0.1399886233286699,0.04339178123062294,0.04313849213901129,1.0086471369403358,-0.025267691036177337,0.9413664719641731,-0.03646001024068414
spread,BB,201905,321,0.9042533189082087,0.9050086460752865,0.0845533174667673,0.09772789155389709,0.15464750101584723,0.15171280221278552,1.007605953325957,-0.000697232261111428,0.9468489426794299,-0.00739273873013652
spread,BB,201906,322,0.9380248961466249,0.9377179687344561,0.06353318433041402,0.07703475023958181,0.20598076620496694,0.203489131711026,1.0032905977919866,-0.013293682621832984,0.9466823984940067,-0.021691828463545938
spread,BB,201907,326,0.9680674565402407,0.9691194223054239,0.15565815621874607,0.16914676393272657,0.3004804932220928,0.29437507203305474,0.9951285492113635,-0.0034598644296779534,0.9481494309866774,-0.004287294677275692
spread,BB,201908,330,0.964073420918642,0.9635008612674634,0.3948788572963667,0.39687025623158567,0.4838234998254029,0.47399137414661496,0.9978480838075584,0.029873294526428857,0.9559782374973181,0.018677853188950162
spread,BB,201909,325,0.9744216843353632,0.9717073224446541,-0.10039468309557126,-0.09361694169340301,0.11793528008237471,0.10692721846910928,1.0045063967511643,0.025089658546160822,0.9701586256753576,0.01020447384183189
spread,BB,201910,316,0.963360501873218,0.9637500696423101,-0.15514876317495813,-0.14847092321153413,-0.0255704949391808,-0.0265623481776223,1.0077208610788084,0.03139765627260009,0.9832191665521384,0.02480914448474045
spread,BB,201911,299,0.955244500959616,0.9577094963289183,0.002300733990258356,0.014459399855679973,0.01265830172162241,0.008731800331984953,0.9834397359899512,0.08310069391738491,0.9675813444052974,0.070084939647188
spread,BB,201912,290,0.9783610701740074,0.9790896200786562,0.2017068553441326,0.21291139987912133,0.16552289973516435,0.15628963929178963,0.9708446581796548,0.1124598233596296,0.958227743900736,0.0957207441802185
spread,BB,202001,289,0.9623111721181263,0.9660732431954386,0.3490051903114187,0.37784216787244623,0.22491100902835778,0.2117139841888055,0.9695141000736918,0.12678562706432853,0.9584400040073002,0.11399662100855826
spread,BB,202002,290,0.9190652718729984,0.9229394662244492,0.09253502952800702,0.11038379307723338,0.09132856965374553,0.08561911630431523,0.9806742904309648,0.11150010669049837,0.9670307381015846,0.11798378165236355
spread,BB,202003,316,0.5192366419182545,0.5138739806319739,-0.05536876572295652,-0.05679136858370357,-0.04622639536188233,-0.055014612035286355,0.9853292609374709,0.09125585469029161,0.9727463577996763,0.09507778469068931
spread,BB,202004,309,0.8097426277131167,0.8198716244213948,-0.3277632483395088,-0.3019403048513572,-0.31953949589402136,-0.30822027988601725,0.9682204531501235,0.12896039389741626,0.9585704972234688,0.1371768761811998
spread,BB,202005,306,0.8763190843371101,0.8943439712100314,-0.2732293075039313,-0.22274578719485907,-0.31461885425142383,-0.2873374920242975,0.8809602324393851,0.14353651371741455,0.8761159847809658,0.1323127288410042
spread,BB,202006,302,0.8877775939479592,0.9056423295510322,0.09910814627699377,0.15791158497920071,0.05401116336579204,0.07186403962851899,0.8657698323801475,0.15641699051522748,0.863868687066656,0.15611799090124986
spread,BB,202007,294,0.8204714648992452,0.8499465031937021,0.06890703525003454,0.1315912468635284,0.018174563167084386,0.04971260035745884,0.8555627256498992,0.1522023055707074,0.8542422756951832,0.1550987913744241
spread,BB,202008,286,0.9464181105814402,0.9579760839440823,0.3815350246672454,0.43189805303596274,0.33952671205559526,0.3410875915968631,0.8481802039403573,0.14804497587235482,0.8472395307968454,0.142679438424068
spread,BB,202009,259,0.9390133432706945,0.9548942029403573,0.4596127944965155,0.5343585608253082,0.43789861929396806,0.4400629572105,0.8443581792475828,0.1519200640371823,0.8422125320985779,0.14820943598184347
spread,B,200301,70,0.750293062724171,0.8479223165077422,-0.2672207155979354,-0.037529524975942606,-0.22669932639314144,-0.18222377744729246,0.7229476136321215,0.27581461371745497,0.8390273091619745,0.34921961264452017
spread,B,200302,74,0.8235381232223047,0.8489807403471571,0.25227693446871524,0.4235320251758607,0.41784524250277666,0.39198815253609764,0.6915392349339415,0.26125392856370017,0.8130745729926161,0.2745003804155151
spread,B,200303,78,0.7138223411057157,0.8670426667341107,-0.09887580773656722,0.18527159721407033,-0.0060319427408035,0.11311544857551423,0.6986482728793949,0.246905748337868,0.8185203941410102,0.25098078430114423
spread,B,200304,80,0.7009610876699485,0.8566740311564777,-0.35595405532114394,-0.021167493949577905,-0.32369901547116736,-0.26098371416126864,0.6903077275171309,0.24731672239781916,0.8232172170743892,0.274803581169482
spread,B,200305,80,0.7914486137537085,0.9022790804132925,0.17144866385372715,0.49730426629160807,0.27552742616033754,0.213666197843413,0.6772220071294879,0.2163834028495569,0.8151320853602566,0.2614663886563642
spread,B,200306,85,0.7112928600384524,0.8612203618486876,-0.006116865350791479,0.3050435071538613,0.07011921047488763,0.19204705905573674,0.6843609069386141,0.23137855465960347,0.8220595802969908,0.27957916763422075
spread,B,200307,86,0.6485871975093165,0.8513595109536019,0.1488089060804755,0.4758759930019136,0.1301476484739846,0.2880163028224111,0.6824013537866358,0.22205069066578192,0.8255277961072092,0.28508206593686286
spread,B,200308,88,0.709157031807211,0.9126211882745096,-0.17442147159311053,0.23887851784016065,-0.15327040259237085,-0.08791518438941921,0.6937772899087821,0.22408007912023348,0.8397091940057984,0.25386413917926337
spread,B,200309,94,0.7561707769105324,0.8391666997854822,0.015294585124444605,0.3393298365860807,0.14237618755192716,0.016804658488741776,0.6941716748445129,0.22265404334834207,0.8404960927503128,0.23982874275982866
spread,B,200310,97,0.6193719755943614,0.8535821243935653,-0.0011440143067536293,0.4289936257177403,0.19023511466442244,0.3110742921405016,0.6744978497998876,0.1947744560068751,0.8108448952896957,0.2117438508807645
spread,B,200311,98,0.7905806896008889,0.9657885341418363,0.14990851073325295,0.5732838589981447,0.2651913623931297,0.32345121741292576,0.669961146370535,0.19769383232743495,0.8299189002039155,0.2121274797752375
spread,B,200312,96,0.5973026224350082,0.7811433881130502,-0.17322300596852955,0.19405925820532846,-0.18499728703201304,-0.0871408272550699,0.6916141016528637,0.21396968319818502,0.8589733983316827,0.17864711052968868
spread,B,200401,106,0.6273821249804442,0.8045726838168851,-0.25805980300778397,0.1083661444599868,-0.2407688238405925,-0.16768059974509647,0.6471297953407135,0.20692871672715837,0.8021006092760085,0.16130329713331984
spread,B,200402,101,0.7220405417635208,0.8958753159769414,0.11578334304018637,0.4804817747571948,0.34619685497961555,0.46331214310570973,0.628674767292726,0.16612241423260993,0.7986428978082152,0.1706273517296199
spread,B,200403,106,0.7914844521573217,0.8998480982074919,0.30971106128926623,0.5967871546663636,0.47506360682167414,0.5138436502614744,0.6290423238160696,0.1769284891389808,0.803307863476715,0.14782553868028767
spread,B,200404,107,0.6668413705352951,0.8491530903141745,-0.15395090029193365,0.22530920134482038,-0.21071141675973276,-0.010438147486104011,0.6493202516466752,0.16310888279389818,0.8117592956362912,0.1251708665139936
spread,B,200405,108,0.7262607089017654,0.8761161432221379,0.14085379214419771,0.4632382712632282,0.08250211971381483,0.1627519256162091,0.6170267102961472,0.18646865777248886,0.7881271028432114,0.09490112881232432
spread,B,200406,106,0.7151727977592776,0.8787966576312588,0.2132100662518578,0.5506292762693036,0.2720010882470485,0.42124832796322254,0.611294987475894,0.1813500728656845,0.7808794863705711,0.07766755777171125
spread,B,200407,110,0.784914387738237,0.8745404339272711,0.32120911570452854,0.5361215615943985,0.22865450938845433,0.27030365600547723,0.6147453859754877,0.1833918511520116,0.7865176027599362,0.061753966415382104
spread,B,200408,108,0.8574409100002857,0.9162589969284594,0.47866472319871955,0.6790499826212044,0.5741137690893328,0.5822190889540314,0.6107314069713652,0.20192109026981275,0.775577112158293,0.08864267160849176
spread,B,200409,111,0.852890719956963,0.9411984082154834,0.4514215514215514,0.6645665145665146,0.38906633906633903,0.4473148473148473,0.6383650155072979,0.17708026007304103,0.8013443178795694,0.07549521427823994
spread,B,200410,108,0.8763197694720735,0.9564311300910673,0.516133642001772,0.7179225802476855,0.47774062324349553,0.5112476093634623,0.660411499363238,0.18056779388792615,0.8214024553736531,0.07801467512276747
spread,B,200411,109,0.8336403042572602,0.9393096929342915,0.3128811046242239,0.5566251271457338,0.3364099712723566,0.3996691664620195,0.6829832714418113,0.15756724816511045,0.821723304554953,0.05552698337146525
spread,B,200412,116,0.850726272877197,0.9459996617119971,0.20529735132433782,0.47139394569237386,0.22151232076269556,0.2860240227473614,0.6819847799930905,0.1493799903358953,0.8105714651155614,0.030459029647952857
spread,B,200501,115,0.8965416565583146,0.9550538745911566,0.3171151266472027,0.5209629151807563,0.2764775506983351,0.3018667676695838,0.7264499477025113,0.11406817514320286,0.8573283207836931,0.07269102882186354
spread,B,200502,115,0.8772244766062044,0.9064223658428145,0.4586206896551725,0.5714246260261769,0.4496646413635288,0.4386933612676438,0.7816823554290775,0.07067733917188945,0.8822306062392815,0.037000018219962946
spread,B,200503,111,0.8925934213556489,0.9222854761065113,0.11408388908388907,0.23565879909337417,-0.11348718848718847,-0.10252348975842702,0.7953058586811739,0.03742247441783441,0.8794277799685546,0.032983791972623154
spread,B,200504,100,0.8572002916338961,0.8967647473614982,0.4873567356735673,0.5679542031557587,0.4099609960996099,0.4471013927556807,0.7809113074113919,0.035242766024165845,0.8648998327731698,0.030868283099577263
spread,B,200505,98,0.8665332041387989,0.8696663957072512,0.1346454233052171,0.17920477403445242,0.09370158560143832,0.10290822035328366,0.8784568885301441,-0.009627250898462038,0.9244272871766923,0.03274329983263097
spread,B,200506,104,0.9468125115058524,0.9555768343427329,0.09623386322415449,0.13846761158637,0.04275045343006509,0.044073637436012975,0.887839485340009,-0.017953808438443047,0.9264419572534949,0.05684820105176902
spread,B,200507,105,0.9452699182851525,0.9530269180329567,-0.00035247771096827695,0.02710456952261208,-0.09607091022185363,-0.109004014628229,0.9001060204768079,0.0029817930775926176,0.9219748243732602,0.07719302887611705
spread,B,200508,104,0.9075933735052382,0.9158055894889016,0.11201322948895766,0.14403111072042782,0.0766563533553825,0.07943049031952483,0.9080631187565622,-0.006408417839699211,0.9269397178991138,0.06640718950149954
spread,B,200509,101,0.9012944277954198,0.9151237354797099,0.1205591147350029,0.16382109441273424,0.08273733255678509,0.09620295924024261,0.9076544372343354,0.032639574409035935,0.9223727987647414,0.09615602463375125
spread,B,200510,103,0.9172995502683571,0.9220842337373953,0.2581711549444274,0.28560445688202013,0.2396762289680622,0.24933896757730634,0.9085265557410798,0.026402560781998118,0.9214756220110516,0.08175209841336782
spread,B,200511,101,0.8289040705095185,0.8430208855082761,0.1021199767035527,0.13547545414006207,0.09733255678509027,0.11081019691624695,0.9175675691920018,0.057108697362784684,0.9277489317764204,0.08571912154854122
spread,B,200512,116,0.8962801077308955,0.9013118566873287,-0.09341483104601547,-0.07256784134079432,-0.10254103717372084,-0.10026563743447567,0.9239628619473778,0.07278260741544286,0.9340865704173191,0.1304198986456194
spread,B,200601,116,0.9151997662765748,0.9187340823267108,0.08481912889708992,0.0917200537441944,0.07214854111405834,0.0743363376189902,0.9282111074889565,0.1013406493561976,0.9297591996462587,0.1366401761810118
spread,B,200602,116,0.9670395571445047,0.9673526737907749,0.047553146503671234,0.05581472234007957,0.0179986929612117,0.01572299844141645,0.9280265449999722,0.11837174120886512,0.9281084192253196,0.15423097761107712
spread,B,200603,118,0.8992964317619536,0.8953814296711461,-0.2784503631961259,-0.281678773204197,-0.3101428315785245,-0.31405052242539777,0.928426902804954,0.16653894054201368,0.9328172933018651,0.16327348541870235
spread,B,200604,117,0.8886482800752155,0.890496974692318,-0.3514214209713918,-0.3409655864877075,-0.37339087952764166,-0.3666216461770549,0.928052208996382,0.16926901731887908,0.9290546860876574,0.16862600217450385
spread,B,200605,120,0.8924416232582861,0.8945995874738807,0.04413500937565108,0.07222389093679012,0.029425654559344393,0.02927291699587195,0.9046132832556429,0.1707905512834562,0.9054066571607936,0.1930393016713012
spread,B,200606,128,0.8714170448380455,0.8795035765379113,-0.06979033144112799,-0.046749374825516075,-0.08521790880791064,-0.07612831972473874,0.9161257489738518,0.1871791069245281,0.9148560250917191,0.1983713225197402
spread,B,200607,125,0.90122550300119,0.8956764578517645,0.211121351766513,0.20425010292307474,0.18374193548387094,0.17134667494440156,0.9077021560733782,0.21272304460698838,0.9052621888535652,0.22492771562228428
spread,B,200608,127,0.8939628063534945,0.883197192527044,0.27864876265466815,0.2681332845123185,0.275262467191601,0.256588795314173,0.9154954111752983,0.23413182210841157,0.9114078194926392,0.2265904342898044
spread,B,200609,130,0.9131203664135655,0.9170313906130313,0.15128159608898112,0.17167788717584562,0.23925767114121452,0.24143167324420647,0.9100146548974217,0.1959447829736276,0.904981313837377,0.18441178317237844
spread,B,200610,141,0.9243597468681155,0.9286514683407654,0.07144569544929148,0.08666466886424931,0.13012115244659447,0.13769853161522325,0.9093615590996806,0.23400119060272803,0.9057576823923571,0.20207993052617268
spread,B,200611,127,0.9238006939681915,0.9296868820908508,0.16554180727409074,0.1888043775988605,0.1991762748406449,0.20790949529237,0.9005602354051736,0.22362586452479574,0.8992954363992455,0.2112159314641317
spread,B,200612,127,0.8973357744454464,0.9196173692461094,0.20900707724034492,0.26150166459668717,0.2449557086614173,0.26406483202720243,0.9070626400688444,0.2309280239518211,0.9074142473472817,0.19507131624416554
spread,B,200701,123,0.9059126826393159,0.890611875071886,-0.18021178625324066,-0.20220686630893553,-0.18568056648308418,-0.2115966890567328,0.9091524468856714,0.218120906717384,0.9129119290427427,0.20720687355585912
spread,B,200702,118,0.8479782043924973,0.8552802652972179,0.15395206322424668,0.16999433926178878,0.1964472881721137,0.20530650258750763,0.8885384557832026,0.21531885495214806,0.8934137514883081,0.20864904618141444
spread,B,200703,109,0.9410570895156598,0.9338649590792816,0.33931980353998703,0.34897158243917953,0.3800945232137893,0.3622606189853139,0.8837873798073251,0.20439523203145368,0.8905862059926754,0.20549712805810502
spread,B,200704,118,0.8980377405586923,0.9106407222429036,0.13263140979990432,0.17025907719839783,0.16142415245107172,0.18069666713046606,0.9021150130129529,0.20121173621742375,0.9103428813266028,0.20753979512837864
spread,B,200705,113,0.8745160338531643,0.8959947433943544,0.16759265420187638,0.21457444420234667,0.22585501364029548,0.24863803845126464,0.9074449959049868,0.19818249699252077,0.9170823362260816,0.22196165371720386
spread,B,200706,105,0.8515905639268664,0.8419964077977268,-0.07449720091229525,-0.08436767012513971,-0.09383164005805515,-0.10823279381991381,0.9045730039153349,0.184266107836189,0.9156421412204795,0.20745073729027697
spread,B,200707,101,0.7339974781553491,0.7434776657952239,0.10181712288875945,0.11489292308245579,0.06953989516598719,0.0792025579661538,0.9118200170571724,0.16536900726861337,0.9244881378135884,0.20302849448857527
spread,B,200708,95,0.8088382477679049,0.8105138281876495,0.27842945128779395,0.28893578155195654,0.2915593505039194,0.2886208308417408,0.9108574355548318,0.16092978825910165,0.9240067968945683,0.20790367758857256
spread,B,200709,91,0.8553705023578803,0.8617319047516713,0.3310877528268833,0.35041686907361264,0.3233317407230451,0.32749106141396195,0.9172508349189337,0.18099888540946407,0.931041980501869,0.21378859643556808
spread,B,200710,79,0.8840555014605648,0.8992995332416609,-0.15494157740993184,-0.08259543936033768,-0.20684031158714705,-0.20894723069539006,0.9476123884231024,0.17092674642027705,0.959469440102302,0.19564860570227932
spread,B,200711,77,0.8390031021609968,0.837898943162101,0.09185551290814448,0.11112571638887427,0.05736368894263631,0.039986329460013674,0.9457448769732916,0.12574154188026276,0.9559421534577691,0.1336748867127684
spread,B,200712,73,0.7916325996344833,0.8596485816242805,-0.06611748735036407,0.08234604467481181,-0.012032580525731213,0.02125755892879181,0.9414147079262943,0.11177634950319791,0.9492822852469527,0.11547540516687696
spread,B,200801,72,0.8700559521512637,0.9278880940181606,0.03620811627757413,0.1820242785025056,0.07595343752009777,0.14144223814031814,0.9447482649460401,0.13872078501309318,0.9552009399792604,0.12497214606871772
spread,B,200802,72,0.8179852240378159,0.89017694209049,0.14814457521384014,0.3447167020387164,0.1823911505563059,0.14213132677342596,0.9753971958998677,0.12382640807316714,0.9862352607757375,0.10473936957336322
spread,B,200803,50,0.7378151260504201,0.8550780312124849,-0.39044417767106837,-0.12364945978391356,-0.2835534213685474,-0.1793517406962785,1.0016209704997943,0.12185388346579594,1.0132078728531462,0.10834978156569477
spread,B,200804,52,0.7491408936414361,0.8305905959075403,-0.37232135234354996,-0.17980022197558268,-0.2374284982498079,-0.19866814650388456,0.960005460118983,0.17147987665830902,0.9805925457102453,0.12313696712133128
spread,B,200805,55,0.6034380130493401,0.7466358815253075,-0.1972582972582973,0.039575028416041484,-0.07777777777777779,-0.04134273706908254,0.942164129869758,0.16606189138509025,0.9737473576833207,0.15314315456586147
spread,B,200806,40,0.5377110694183865,0.5446784564367224,-0.5249530956848031,-0.28650499585906825,-0.2801125703564728,-0.3944837942329345,0.9522218251848416,0.20398214195564765,0.9973758329179555,0.17189672247832555
spread,B,200807,37,0.6751229933026132,0.823069173397725,-0.33949739212897106,-0.04172593646277856,-0.2880512091038407,-0.1391654812707444,0.9359021509690795,0.181919487941818,0.9887580102765127,0.1634194614311879
spread,B,200808,38,0.6579494474231316,0.8966460592290505,-0.12069154174417333,0.2645948463773302,-0.10252762884341832,0.15308858150615592,0.9259248299286755,0.1914841723910504,0.9854760781627395,0.1752150106065485
spread,B,200809,38,0.6297187876135244,0.5957982273771747,0.14213808950651058,0.1782470729839151,0.04431557063136011,-0.1075610022978444,0.9089840049691404,0.22428966877651582,0.9796684870581015,0.17834465638254768
spread,B,200810,35,0.5467787114845939,0.6857142857142857,-0.22324929971988797,0.04901960784313727,-0.041736694677871146,0.003361344537815126,0.850383232215116,0.22658157829671313,0.9181864840016136,0.16161192131427723
spread,B,200811,35,0.5925199665917925,0.6323014489823526,-0.0773109243697479,0.19607843137254907,0.1288515406162465,0.055462184873949584,0.8246884341887839,0.24775175529396595,0.9109797576622372,0.21660837810514827
spread,B,200812,32,0.7739688489351482,0.8050233785770662,0.1946480938416422,0.33104206902851313,0.2965542521994135,0.3083127132369652,0.8000195481724546,0.2801883704734214,0.9004249326993953,0.2393243117267915
spread,B,200901,32,0.7379032258064516,0.7844179783499524,-0.5557184750733136,-0.4480293384172199,-0.6110703812316716,-0.5717690288556909,0.8046392453029907,0.24830644470226484,0.905767813080111,0.230915845852198
spread,B,200902,33,0.6854946524064172,0.7780748663101605,-0.18516042780748665,0.06985294117647059,-0.1711229946524064,-0.24197860962566844,0.7579504904062416,0.2561725705761145,0.8595640752399507,0.19501767017072114
spread,B,200903,33,0.7730614973262033,0.8830213903743317,0.12433155080213903,0.5160427807486632,0.3379010695187166,0.3626336898395722,0.6887278451860228,0.2567082460303178,0.7963724536749219,0.2529931850626411
spread,B,200904,34,0.6877005347593582,0.8224598930481282,-0.14866310160427806,0.13644003055767762,-0.2565317035905271,-0.15569136745607332,0.6989430253856893,0.2772520594014882,0.815220460361552,0.26871444172999387
spread,B,200905,33,0.49766042780748665,0.8014705882352942,-0.2600267379679145,0.2142379679144385,-0.26537433155080214,-0.04846256684491979,0.6866791016199812,0.23963006104462758,0.8015473831798088,0.23107736836125836
spread,B,200906,34,0.5639419404125287,0.9101604278074866,-0.17585943468296408,0.39770817417876236,-0.04201680672268907,0.2189457601222307,0.6168700606234684,0.15181674723528887,0.727521137391909,0.15881607185135715
spread,B,200907,35,0.4106442577030813,0.8030812324929973,-0.17450980392156865,0.4492997198879552,-0.03865546218487395,0.08879551820728293,0.6378289930811176,0.10732883815468224,0.7400841126171379,0.14899873507727224
spread,B,200908,38,0.549184812342707,0.8474669000984789,-0.05109968267863005,0.5301455301455302,0.2776014881278039,0.30736404420614943,0.6431337413281276,0.12595032042539922,0.7504386696139186,0.16263953344295878
spread,B,200909,39,0.6263157894736843,0.9190283400809717,-0.17186234817813767,0.4765182186234818,0.1939271255060729,0.3884615384615385,0.6487704698077656,0.13274643963515767,0.7359109107639857,0.096182718378561
spread,B,200910,39,0.7985829959514171,0.9279352226720649,0.3344129554655871,0.6959514170040487,0.5544534412955466,0.5765182186234818,0.6612270948825467,0.1438941986622292,0.7709647792458089,0.1431238645121969
spread,B,200911,42,0.761769710720363,0.9542986791994167,0.20492666720687144,0.657888339680739,0.48302406612105997,0.5899846041649786,0.6952823861377225,0.14572588238323783,0.7935240345179108,0.10692274313820872
spread,B,200912,50,0.6727971188475389,0.9123169267707082,-0.1733973589435774,0.3194717887154862,-0.10050420168067226,0.0885954381752701,0.7090513268083883,0.10671952296268442,0.801604653180368,0.08833885786248914
spread,B,201001,55,0.6893939393939396,0.9244588744588748,-0.04430014430014431,0.490909090909091,0.19466089466089473,0.31428571428571433,0.6726652245375921,0.06355163447312664,0.7792954405798427,0.11069395124505439
spread,B,201002,58,0.5246935417511583,0.8640949920019688,-0.12042818911685994,0.47602934622730686,0.18920914208373069,0.4758447791140685,0.6964641919322337,0.05702849718744842,0.815720573744404,0.10123750119013843
spread,B,201003,59,0.7091174751607248,0.9363666916062608,-0.0429573348918761,0.45959175328917246,-0.035534774985388665,0.14272563890534232,0.7226636173394166,0.001142486655520059,0.8762617724290914,0.01638058285951762
spread,B,201004,66,0.6683853459972864,0.8763803360818287,-0.1844692620812024,0.28800751487318654,-0.4055735309466654,-0.26742511220123166,0.7067581191069178,-0.04496688506612384,0.8476168870041739,-0.040418841147216736
spread,B,201005,66,0.6900676354208962,0.9236806949240347,0.1871412169919633,0.640580315207181,0.38670284938941657,0.5150819329923808,0.6950901010480598,-0.09566013238007487,0.836715484937733,-0.01701613248364167
spread,B,201006,67,0.7786091989976699,0.9249418831337651,0.02390454146380398,0.38317486607847334,-0.010336020432596378,0.12048168730832796,0.7001989202194616,-0.07879625711484757,0.8462935959797944,-0.002379534397770438
spread,B,201007,69,0.7797953964194375,0.8956502677831363,0.21753744976251374,0.5180584227832455,0.2685421994884911,0.320046036700038,0.7188891489302508,-0.031102000469294715,0.8719937910005348,0.019726081468827997
spread,B,201008,81,0.8782330325282903,0.9563616859255276,0.2573170731707317,0.526530335741966,0.3906052393857272,0.37193283576033953,0.7399099226978992,-0.06847951864341609,0.8790146549729729,0.03956615656789192
spread,B,201009,91,0.8862539617935848,0.9487720583550996,0.16314699792960663,0.4354106611582801,0.258846950151298,0.2247925592347396,0.7595047228776838,-0.08808289982322104,0.9052278372817362,0.0909219786890589
spread,B,201010,104,0.8593642893562238,0.9005881333390489,0.06003414061666489,0.2776515272912454,0.17833137736050358,0.10357520085088422,0.7879659232792094,-0.11525376975111845,0.9216965625771067,0.08131027966494894
spread,B,201011,106,0.8413797620697384,0.9137054558944683,-0.1781847494772905,0.08565404351500468,-0.16345315766934532,-0.14926102542059455,0.7933735397556232,-0.12131468336522158,0.9203928258328237,0.07628772689393404
spread,B,201012,109,0.8385313619372838,0.9085247755052868,-0.1840051895097767,0.0673851699811236,-0.08137336669446762,-0.08337542107132905,0.7784937563147586,-0.11961499299826722,0.9075344431872168,0.07531015738373734
spread,B,201101,109,0.7519588173503821,0.8970150775190205,-0.23901399314243355,0.13477960698693,0.055768696135668615,0.1178163183050285,0.7804569242535101,-0.14946780145977373,0.9119570340629182,0.06507137123596059
spread,B,201102,106,0.7259339496687407,0.9105899956952481,-0.39666977353452404,0.06283614085754592,-0.07467063002241982,-0.0005189322088139215,0.7807856141342683,-0.16461503674572314,0.9231040892744935,0.05820446908977175
spread,B,201103,107,0.7376263449379558,0.8516385955324602,-0.322557260134407,0.13609200807225846,0.19978839710809382,0.16709770959462375,0.7723895796706538,-0.16141836855102648,0.9099598772419654,0.03872147568540075
spread,B,201104,107,0.7422760703491246,0.8891101281881725,-0.16684300240992184,0.2199804559841307,0.1675875311036658,0.15988381348871097,0.7640901094708709,-0.17087362371406972,0.927800604887362,0.07537026581773178
spread,B,201105,104,0.7768558008557476,0.937988776165871,-0.28964045663074794,0.17702584839344387,0.1063586898538355,0.12357935223391654,0.7713198231192042,-0.1799680592108598,0.9503512377216021,0.080386007441899
spread,B,201106,107,0.8014822217536187,0.9500055106576797,-0.15877074394090793,0.258832115716493,0.19290150669096184,0.24633184019118187,0.7591429352886366,-0.19216897561865637,0.9444262869721113,0.09843601594496544
spread,B,201107,106,0.8517109691569373,0.9599231161152588,-0.07169811320754717,0.32686087407125386,0.02671738418520291,-0.0857710019142522,0.7533756392737729,-0.1891645904755416,0.9516117867981202,0.09143291189935236
spread,B,201108,110,0.7170225571385282,0.8589152598939381,0.018389198205711967,0.34001911511792066,0.08824921668958366,0.15688369534994923,0.7505036813082172,-0.1917748448349918,0.95219363057373,0.08823113218085205
spread,B,201109,116,0.8042002399056739,0.9013118567006488,0.22956214200592012,0.45080623305014095,0.15433052704417025,0.2260835468491988,0.7519230937497512,-0.17706114218085842,0.9604564773052049,0.0760988990164822
spread,B,201110,119,0.80294689467137,0.8235799961200294,-0.14824099131177895,-0.061202652782057346,-0.3846887907705456,-0.41547158055681,0.764817443656352,-0.1640265071422709,0.9654802933360698,0.08805188353087559
spread,B,201111,126,0.7858981204328435,0.8516522083476639,0.0639430071241095,0.2468976191877603,-0.043689538807649045,-0.023289228582217873,0.74439667971766,-0.14890464321255836,0.9188091106236987,0.06848297354147781
spread,B,201112,124,0.9012945773251205,0.9222133927107619,0.3233170731707317,0.43383299396908453,0.19410228166797797,0.15306421106043086,0.7313689889400643,-0.11365651089759916,0.898594453200102,0.07844419735197089
spread,B,201201,125,0.8995542229050837,0.9228689577201704,0.20128417818740396,0.2859425067371612,0.030980030721966197,0.025963213404772003,0.7473201397266643,-0.0623046319742554,0.8961187809524256,0.10238512764671094
spread,B,201202,127,0.9351051847608937,0.9471738515921571,0.32020411511061114,0.4168348590277863,0.24628562054743156,0.1995342365442468,0.7615010862964434,-0.04522434237184041,0.8871728452075901,0.12226942613127394
spread,B,201203,133,0.9270003366625519,0.9369866367758366,0.24372328378612748,0.3315824307835084,0.24849777088583055,0.24320584773416257,0.7895877940053954,-0.03816073982304451,0.8930680583940642,0.1289774148987638
spread,B,201204,135,0.9032029919202172,0.9288566805374334,0.1531460345332163,0.2897180762852405,0.31099892693395764,0.2975709686859819,0.8198155078418715,-0.02775132470197334,0.9047583113000763,0.14414308585108637
spread,B,201205,132,0.9039409766609444,0.921178853894759,0.09411801537153082,0.17385394640686516,0.18411399769374856,0.1782394936676275,0.834904283987636,-0.009489052428051705,0.9045051147173139,0.12772875330567302
spread,B,201206,136,0.9498054117424418,0.959533035881229,0.2932541386384237,0.3534182529459472,0.28502934020323456,0.2810266685749726,0.85046898575421,-0.024103992333093176,0.9066483162161801,0.1047404482525537
spread,B,201207,141,0.9523705556435049,0.9580909203794387,0.10366882143927392,0.16950694434869795,0.20119440044522452,0.20532837020645098,0.8681865595365741,-0.02283922958040769,0.9109959484778535,0.11134369755234254
spread,B,201208,136,0.9381028315721948,0.9489002168317755,0.01994656743475979,0.09230486654372595,0.014398168026334621,-0.006996334855611646,0.8794467064417973,-0.015002019731795775,0.9128503318190572,0.10787685638330763
spread,B,201209,155,0.9400089427138829,0.9653779470731946,0.06982694724630208,0.18413244207243865,0.1714317940124392,0.1992512308291828,0.8836870758355289,-0.011734765848432317,0.9097985248083635,0.10752702014773681
spread,B,201210,162,0.9471455819892385,0.9622189887343984,0.10866389767430044,0.19750098263004545,0.2620762362026699,0.24558593256743527,0.8861119648298079,-0.020803265139880314,0.91047203133444,0.1109440389141457
spread,B,201211,164,0.916656180986011,0.9331857853334857,0.19915389114850432,0.31144759045592246,0.3652932134452409,0.3575198077622444,0.9076159748791879,-0.0221419642635173,0.9340412082933256,0.11742269419850503
spread,B,201212,167,0.9516068669076476,0.975684571929169,-0.13955393859441187,-0.01578814130869912,-0.01953837591598215,-0.007921769147873594,0.9425525996874613,-0.004347314357128351,0.9617380059995995,0.1129204641965846
spread,B,201301,166,0.9373997758275961,0.96314174667199,-0.15251556033606392,-0.039430474929978726,-0.055240668717329855,-0.031788360926583645,0.9378398495418276,-0.007287999544165717,0.9582813902207439,0.1182790438868863
spread,B,201302,162,0.936398425257846,0.9727171433271519,-0.17087166807092122,0.0035155808964695734,0.06012890915531619,0.05795698317720574,0.9374503333752344,-0.007780105947281547,0.959227369444315,0.10876490251085551
spread,B,201303,158,0.9382878127302225,0.9686448677394751,-0.18095895849908497,-0.020863837409683023,0.044482543024435654,0.03032444294018384,0.9383336712076431,-0.031168698803127656,0.9632079711117557,0.09819656142897283
spread,B,201304,167,0.9504756101302368,0.9622931864681316,0.09363373081719523,0.1889231720594445,0.3282411081451555,0.2799069845341566,0.9334849137123579,-0.03724571276016845,0.9590526458109863,0.10023354949615301
spread,B,201305,158,0.9506614376479532,0.973150671594789,-0.16096683851594032,-0.04829951479939669,-0.027800638616037814,-0.011626872176749256,0.937513162504516,-0.038435389942958496,0.9639104134191183,0.0996842666697885
spread,B,201306,158,0.9154317330160299,0.9551375325455507,-0.23112941330384157,-0.08206968522469077,-0.28579969240551967,-0.24951320137293656,0.9363841640126243,-0.05038097346025224,0.9624403521343042,0.09248452921860174
spread,B,201307,166,0.8920520467228347,0.9494648458962133,-0.08873425110348855,0.10784650660146049,0.18718444819014765,0.24623402313033022,0.9314459358827681,-0.046354968535212114,0.9599244428564153,0.09628957993274372
spread,B,201308,166,0.8476150124942328,0.9498360662207237,-0.25660355083917596,-0.021278842426815645,-0.2895435853375396,-0.18331784401891055,0.9302245847546122,-0.06871286622800363,0.9639865728870229,0.07744204504614992
spread,B,201309,180,0.8341262263795889,0.9355290571167492,-0.12059219934771648,0.1695057548258169,0.06820786649793718,0.12737263713746425,0.9270162254319735,-0.08362261937692324,0.9648671897634538,0.07611259943769673
spread,B,201310,171,0.9190556532909885,0.9553301429435426,0.08142414860681116,0.31130945666793924,0.3447284421724626,0.2444410311309297,0.927639413141625,-0.09607420180850466,0.9662494391357828,0.06908607684506173
spread,B,201311,175,0.9052089351140259,0.9691774687270291,-0.0751589789520824,0.14680619526726293,0.18047469771607705,0.22040577789078517,0.9323706501890631,-0.11792075419351035,0.9681365310943869,0.0450471731911864
spread,B,201312,174,0.882479435610283,0.9543219016650811,-0.10047552606850992,0.1347800781588778,0.1982619095076739,0.16660686970471475,0.9217452528858918,-0.13872275081714952,0.9615282649079654,0.03139287385102214
spread,B,201401,178,0.8966044063263879,0.965736555024422,-0.09551253339347973,0.17581985003116574,0.2712853843215817,0.19641930020182874,0.9289792302327985,-0.15983034381279607,0.9667086187575867,0.012809601506517204
spread,B,201402,176,0.9435057255924332,0.9741127215381761,0.0025566834213993192,0.21982499363190974,0.32269130826690323,0.199944859952914,0.937120671994108,-0.18262753079408894,0.973290891217475,0.01072293668606931
spread,B,201403,170,0.9283668181683904,0.9818423524182288,-0.06398596978889315,0.1518425699996269,0.19816940429617846,0.18374283404413988,0.9407068725152847,-0.1819166471322636,0.972622494224995,0.02812629688042166
spread,B,201404,173,0.9457859773053005,0.9872346441711592,0.0009062211735911855,0.21171413903688122,0.25518353875891736,0.2154885198333164,0.9545998854433402,-0.15948043976251858,0.9865741204292314,0.026297222963219086
spread,B,201405,169,0.9502125083450588,0.969106984694461,0.042364874944060466,0.2174833750501799,0.3849261598130377,0.2593448722312056,0.9566540769430174,-0.15762699028328153,0.989175829534586,0.040348109713125045
spread,B,201406,167,0.9458796156761373,0.9654328351689313,-0.06609500448328817,0.07818833816126139,0.18395395096210337,0.10139581082832837,0.9657138710120478,-0.1614203478571077,0.9947863651329218,0.05722027531383908
spread,B,201407,185,0.9040633487438032,0.9289429094534304,-0.28460065956559644,-0.16593886876734396,-0.3280372237595239,-0.3585522886786484,0.9750124266985647,-0.17932538095837208,0.9975845240433143,0.0754576088315426
spread,B,201408,188,0.9254521139077305,0.9600887478622595,-0.1351021388568322,0.035267813605111456,0.0872916542503526,0.056043279285488336,0.9714057591463604,-0.1672244844528903,0.9891278346083161,0.06082665623876539
spread,B,201409,194,0.9096014624545015,0.9639961655305217,-0.257607047618265,-0.08313117367721345,-0.36153805064653843,-0.29658547409155256,0.977397257131543,-0.16954377112987098,0.9916286134852791,0.06742823107497764
spread,B,201410,191,0.9257034700532775,0.9649049838313539,0.12131274167847883,0.30688556945879697,0.45509199120457133,0.42522431135241506,0.9734634915334791,-0.1586793562436452,0.988100434517093,0.0471611834784954
spread,B,201411,187,0.938310244927797,0.9773304509355896,-0.06068986526413149,0.10910820944996977,-0.030824821349267232,0.013406610447174401,0.9777171320217,-0.1476745302597076,0.9962017971657333,0.06393173811968955
spread,B,201412,185,0.9495881258984943,0.9777636998054113,0.16042037830256625,0.30969360896993003,0.31976422425230283,0.29695523231211546,0.9818063996077969,-0.1441800447542383,0.9968389211856119,0.05496262183772023
spread,B,201501,174,0.9570557248213216,0.9745009388110788,-0.10669893789686495,-0.0072075068325060335,-0.16057518722059283,-0.16363819636949145,1.0053654114860404,-0.11460353337699386,1.016406931447753,0.056342282473192465
spread,B,201502,180,0.9515216269647581,0.9656023157106515,-0.20757636552568495,-0.13005339670977498,-0.29123532619319525,-0.2914472668909534,1.0022185815832765,-0.09481101550367453,1.0091509776004863,0.08958634665044432
spread,B,201503,176,0.9447671331189406,0.9735064351897491,-0.16328857583094872,-0.0416949381988497,-0.2508232445520581,-0.22126800642090433,0.9828411893377605,-0.08918561003833596,0.9902215570340512,0.0855957730563413
spread,B,201504,164,0.9536944901489457,0.9586486135381637,-0.09706854569940009,-0.013662926728457044,0.04133418579026838,0.029804333395110898,0.9756092092283053,-0.08893387570457897,0.9783849034683124,0.0980884499563047
spread,B,201505,157,0.8798207001225496,0.9126104153659852,-0.14761317051085657,-0.015977883694107714,-0.11340618584833694,-0.07696517891235448,0.9742477634308159,-0.0768334265371756,0.973711639564252,0.10500854218248067
spread,B,201506,149,0.9254857858148207,0.9672108101934979,-0.05707237438781063,0.1020556977470094,0.01685833484491203,0.06125554828069081,0.9689975066253966,-0.0702937049971279,0.9680001621323677,0.10113018286501922
spread,B,201507,150,0.9304811693383973,0.9580902837672549,0.13532156984754878,0.2917458186873507,0.4030881372505445,0.3709994710889176,0.9664436130449735,-0.06270368987420374,0.9664676257517137,0.08647061609495567
spread,B,201508,151,0.9231499853175212,0.9616807990962151,0.04657371906587661,0.20585780037988807,0.20051237364935515,0.22042213388345408,0.9817171712451468,-0.06259834927672984,0.979828990652296,0.09122806335284726
spread,B,201509,157,0.9038637609344172,0.9167134400293829,-0.03392479486972755,0.07419426611605666,0.011762042681981404,0.019860284934392913,0.9894648528368607,-0.04862205275181484,0.9837168282172183,0.08414752340836636
spread,B,201510,154,0.866298660226554,0.8918428050072794,-0.1895282453157216,-0.09212505349688348,-0.10577063670042798,-0.10036414655594492,1.0016005471296958,-0.022080570528368357,0.9900223461914845,0.0904250279377668
spread,B,201511,148,0.941735011745676,0.9633944320758054,0.23625049511914326,0.34228187919463093,0.383997749290175,0.408181774432973,0.9754911973418615,0.0034194427706760113,0.9647418675070655,0.1155190863637409
spread,B,201512,150,0.9329977918994111,0.9409180529554307,0.17854482421440954,0.2392039454271889,0.31612249433308154,0.3080142371030018,0.9882647956751133,0.017617147878646815,0.976523842060775,0.13124173720796267
spread,B,201601,147,0.9376212468967133,0.9370024971949059,0.23773507922235906,0.266322878002723,0.3848876833221256,0.35817300881258474,0.9723052971526345,0.05837905236707167,0.9638660423488269,0.14054035976340332
spread,B,201602,160,0.952514328621502,0.9636534231638479,0.11518223368100317,0.15858015730146702,0.249540021094574,0.2553472626090613,0.9885284032955537,0.05334527932992185,0.9808845397860051,0.10960688232674529
spread,B,201603,161,0.9476453829755949,0.9605011545428135,-0.6790688980906373,-0.6380486472344216,-0.7606999079825169,-0.7454492518209095,0.9876627072283827,0.07318403138102039,0.9775839754801328,0.11011258037793285
spread,B,201604,160,0.9347706983829477,0.9477758595581705,-0.40966248681589124,-0.35908715693230864,-0.41181296144380636,-0.4208755318588682,0.9401048535580592,0.06304209401350824,0.9339918426440238,0.0836874212127829
spread,B,201605,160,0.9171334817766319,0.9593569656583695,0.1394029063635298,0.2767277263155477,0.21737079573420837,0.3006071295429358,0.921844480271066,0.06568186109824929,0.9141636812088535,0.07701124798829849
spread,B,201606,160,0.975225594749795,0.9853714988866754,0.22806750263682174,0.300498066330716,0.28435485761162543,0.28213699753896637,0.9278202448970627,0.0751264145687636,0.9209464701936306,0.07812777281446118
spread,B,201607,166,0.9557640179210023,0.9643177812948674,0.27291616110604644,0.32369303014999573,0.2278400482714746,0.22809714634258324,0.9309448101353359,0.07982452672247525,0.923290249686609,0.0908359620261998
spread,B,201608,161,0.9387045895442864,0.9525798453441147,-0.24020013802622503,-0.17696556315104292,-0.2830687830687831,-0.2719894984972368,0.9270702095268841,0.09927545878614996,0.9189070087484188,0.09833670672619552
spread,B,201609,152,0.9657093112563335,0.9649770278200047,0.32590435965254,0.35489903438630815,0.3711035477279096,0.346781462003408,0.9159426445253916,0.09744934859405137,0.9078316605963881,0.09492480504764791
spread,B,201610,147,0.9532058856136821,0.9672700621346604,0.13141013532402968,0.21173394938198375,0.07821366236239036,0.06813809335367621,0.915018497291195,0.09792535110792684,0.9061815955149912,0.10232487049140983
spread,B,201611,147,0.915063421454423,0.9401162653456515,0.09634375779189869,0.19598087245339596,0.03201006429969248,0.07280406729668906,0.9229440282555598,0.09859370115774527,0.9130430975421159,0.10114187877672062
spread,B,201612,149,0.9312142151700038,0.9518780694637939,0.08284055867948485,0.20175440187662774,0.13383275893343008,0.1542538622419774,0.9127259444258913,0.09262580826439042,0.9011909880314527,0.10382225239019917
spread,B,201701,166,0.917893786876703,0.9479853479855518,0.1406155924733228,0.26870211785004794,0.07879137672081905,0.10510216061204561,0.9075711549829923,0.08081078413720323,0.8936382934722887,0.10345808716074457
spread,B,201702,151,0.9346181060290514,0.9445910796088376,0.2345381666085744,0.3612969338594382,0.2803799233182293,0.2517220736512577,0.9005169399398293,0.09102615899452686,0.8849177385960233,0.10847413574801912
spread,B,201703,153,0.9475675195838903,0.9806005868690597,0.2635901250452333,0.4011174354283254,0.3927398710680444,0.4394603808843626,0.8983562793931338,0.09805415040748845,0.8810657959877446,0.11383994161011242
spread,B,201704,154,0.9457452471245784,0.9731690547549066,0.21169406178893846,0.343233130575895,0.3895134593426814,0.4365527183749185,0.9401208212558537,0.11603976711861834,0.9158135914189548,0.166430348715106
spread,B,201705,159,0.9708897425606704,0.9862453212525185,0.3051677812276093,0.40953757096052756,0.3519375447814665,0.35525787445984536,0.969374194564031,0.1294610084204692,0.942979800308621,0.16903277496745503
spread,B,201706,161,0.9628522010192276,0.9718022911000438,0.358876811594203,0.42849327516190167,0.4417356797791581,0.4324112155186374,0.9729904626857724,0.12091562567042051,0.9421454526918279,0.16207259568966464
spread,B,201707,161,0.9719030365769498,0.9806417941144742,0.08395732689210952,0.16745193157932478,0.07807108350586613,0.06779254053454864,0.9800010043431591,0.11802706380228221,0.9460121129422231,0.16500508409956016
spread,B,201708,162,0.9592116405112862,0.9738949418548707,0.3541699303235713,0.43865665764838874,0.4881485150890325,0.49776518888282023,0.9762561392958624,0.12539374194537178,0.9411744031584095,0.16122249914423625
spread,B,201709,162,0.9625783014715467,0.9747331905080461,-0.13440903464909867,-0.06443636702366182,-0.14555556966866648,-0.13941101629463912,1.0048253529837827,0.13988793602152105,0.9653366271493118,0.16973871984987204
spread,B,201710,163,0.9511308405517592,0.9585175178836446,0.02547647153363149,0.08594793993887737,0.03872734023863756,0.03587052527674396,1.0003298806484113,0.14911783724368574,0.9628692726878861,0.17642843552384488
spread,B,201711,178,0.9695955758360474,0.9833625731305239,0.054554120577192534,0.1455929118050406,0.0779856776416091,0.0880183503222052,1.0067493048268934,0.13626160223937317,0.9665018910017283,0.170956547221362
spread,B,201712,176,0.9565446602162246,0.9641750848422576,-0.20847237508254457,-0.14723090468853184,-0.2387717367378384,-0.24127448822364075,1.009465580980878,0.13771771554222872,0.96917908812573,0.1674895447027499
spread,B,201801,166,0.9572552818584223,0.9677379579822317,-0.30540496225511743,-0.2557550325997183,-0.2822189137606496,-0.2717305400572103,1.0081362431784866,0.12556893839233912,0.9684729227974275,0.16511158556942004
spread,B,201802,168,0.9304113666158808,0.9426085746223205,0.18850633475230438,0.2528763413678882,0.1892149766401264,0.2098982587595223,0.9946876408975268,0.12426292683550862,0.9568111863199081,0.15842564436132173
spread,B,201803,163,0.9372037635631769,0.9451543963563689,0.23376893278135238,0.2967634135004768,0.27658902355894727,0.2819012044804826,1.0013531610039645,0.12708748322460128,0.964202475385527,0.16558920935614038
spread,B,201804,156,0.9334797932702185,0.9454298895712676,-0.23090515402000913,-0.18687421863786935,-0.2516129032258064,-0.24161028213632324,1.006476414447397,0.1366899109676459,0.9678632308249604,0.16185343519511797
spread,B,201805,159,0.9359495758871293,0.9494154130985214,0.053227251015046585,0.10721280152854074,0.03759254836398376,0.06388822545975639,0.9959006536773319,0.15201491768581404,0.9576913548118422,0.17228287469562203
spread,B,201806,155,0.9772774879284027,0.9801962728939214,0.20012568077084208,0.24435340608543973,0.20005800650961938,0.2076834765391658,0.9928700074692317,0.15660371275853022,0.9560440625926995,0.17119506739605256
spread,B,201807,142,0.9736363150570999,0.9813941450858805,0.25004872262888445,0.28674382687195604,0.316533631187512,0.3361917395443086,0.9879919027531129,0.15792414084115122,0.9522776865860659,0.17062077411281779
spread,B,201808,140,0.951765655171975,0.955123292045219,0.08389057750759879,0.09876680891174795,0.08850451553650698,0.0932431974407387,0.9990788769456728,0.1616286604897895,0.9626730617851066,0.17941680904267515
spread,B,201809,140,0.985048386379049,0.987460297502818,-0.024040585161050492,-0.005154064319761115,-0.03587063479915157,-0.03225608942757582,0.9898219535092221,0.155867296587903,0.9540884632395044,0.186348566707404
spread,B,201810,125,0.9620137665353384,0.9622270524453357,0.33686635944700455,0.34046292143758766,0.3055176651305683,0.30355639666561746,0.9895358884562753,0.15039360561770845,0.9539557794134033,0.1803535199206727
spread,B,201811,123,0.9485928947543022,0.9522091306051658,0.27398073028852976,0.29148710110687354,0.2585288465259058,0.26622942150500467,0.9885425112605636,0.1426498576545323,0.9549104884646202,0.1782759288559557
spread,B,201812,122,0.9326169244991177,0.9315277626373067,0.3741280347365186,0.37176718619052,0.3779546032826539,0.37104020065256654,0.9963693428951349,0.14924188477139555,0.9622087320470484,0.15630179146129358
spread,B,201901,123,0.8715932981646053,0.8753835165679249,-0.4543343952741485,-0.4463028438676201,-0.4368897602249423,-0.43156032999812644,1.0180864534059109,0.14911897078905734,0.9842295047143388,0.17245680169703156
spread,B,201902,119,0.979007507887707,0.9824365249206769,-0.029988605611736226,-0.012683378436120211,0.015247115795470731,0.02611451360205099,1.0167322134501298,0.1399310158644644,0.9863431302011969,0.15516940338948637
spread,B,201903,112,0.9782861243038234,0.9806351036884454,0.022636416441726176,0.03834112798206966,0.05138893634468856,0.061464539689201785,1.0129405247728227,0.15253498634698565,0.9846305520509473,0.1499746088327612
spread,B,201904,108,0.9721531528956718,0.9734773786047043,-0.374241428258405,-0.3679442110377547,-0.330999266436118,-0.32788400163861026,1.0091216859488636,0.1347702086827912,0.9836565710373659,0.13805291495516414
spread,B,201905,108,0.9682613024265175,0.9695617173208082,0.26150123372107426,0.2717425476578353,0.2637686129926548,0.2685034344127202,1.0152756750729777,0.1005140424021312,0.9915402322268635,0.10796128063829345
spread,B,201906,110,0.96136419989631,0.9635775920463634,-0.2327299776841061,-0.22483702561834154,-0.15849694565290898,-0.15554473568102384,1.026152804135031,0.1045132021033521,1.0026013881109637,0.11825559970532369
spread,B,201907,107,0.9776346403585234,0.977835413868412,-0.10606594956797744,-0.10091327444061897,-0.08838339309155745,-0.09441332709654067,1.0165887963836395,0.09836875127143595,0.9975234064576556,0.10368620339297704
spread,B,201908,102,0.9538933904812527,0.9572548565069173,0.27025575201723484,0.27991439096976173,0.3016381021311726,0.3063208755429954,1.0078881857831885,0.11372035821347065,0.9906010755798407,0.0997285036346281
spread,B,201909,98,0.9359511377184424,0.9343317458192273,-0.5070035511861726,-0.5070545556554392,-0.4429419377872985,-0.4479403757754273,1.014155033244544,0.1077159240234486,0.9989855128874141,0.08740217575197795
spread,B,201910,93,0.9754743795925177,0.9751610484723942,0.2173465429262033,0.21625734833338303,0.3078839783951538,0.3013189698904836,1.0024153098064552,0.0959276418984587,0.9916776352320672,0.06147224301924505
spread,B,201911,90,0.9756141730097571,0.9786803200421454,-0.05382557517388978,-0.03699237351298366,-0.04992385891262295,-0.04153616304995894,1.0035196777234368,0.08448755477912172,0.9954051512686397,0.06398160404977091
spread,B,201912,87,0.9716589967141502,0.9711531013592466,-0.2620835459648611,-0.2613101503186996,-0.29862579281183926,-0.3048512104136515,0.9939844363904042,0.08862662349740083,0.9881920226830369,0.06996302830366996
spread,B,202001,85,0.9744672119598683,0.9745258406351562,-0.04518272425249169,-0.03371115888215751,-0.09925737736955247,-0.10754348250928278,0.9684185508781341,0.11853079177484317,0.9645503870712988,0.09261973214874604
spread,B,202002,81,0.9516711833785003,0.9535338023846655,-0.08464317976513097,-0.0753621879247224,-0.08940831074977416,-0.08848338396435791,0.9820771483511735,0.1078173747374595,0.9766195853203732,0.07911795447007895
spread,B,202003,68,0.7133259533534373,0.7088597931060808,0.30198114287895556,0.2973241210825667,0.2993854258121159,0.29030041607817686,0.9779798700158662,0.12330974333156618,0.9738367936923197,0.07998708235258213
spread,B,202004,78,0.7592534048230251,0.761099659833837,-0.36324435058612276,-0.35315317593798606,-0.37948127821545535,-0.37637046497805987,0.9865299491991913,0.11456764085858195,0.9836267726317279,0.10617898828792602
spread,B,202005,79,0.8371470301850049,0.8540165530671859,-0.22999026290165533,-0.1961051606621227,-0.26971762414800393,-0.24664070107108083,0.9291560087252353,0.1508627927240209,0.9278768433083752,0.14146785571609027
spread,B,202006,78,0.9203581228897685,0.9289571188305364,0.05239064732735619,0.08177898051315771,-0.03703891045663198,-0.029350396439004035,0.8927816463611236,0.14911621000712008,0.8924839751989073,0.14765103934083154
spread,B,202007,76,0.920246069719754,0.9297334244702666,0.007874231032125768,0.03163362952836637,-0.024743677375256325,-0.015365686944634313,0.8908907300435684,0.16301333937592397,0.8891936356627433,0.1675803073870507
spread,B,202008,73,0.9609712452178206,0.9648586943107492,0.22414537825496736,0.24685301740096266,0.18378995433789957,0.18755399234851294,0.8666551569828782,0.16369650233838304,0.8668671894801103,0.1562442288957069
spread,B,202009,59,0.9374031974545464,0.940822350558084,0.3408533021624781,0.35984804208065463,0.3325540619520749,0.31963763880771484,0.8512404606335623,0.16516584517792066,0.8512176356824479,0.16148578951910228
