y_cov,rtg,date,n,rho_level_y,rho_level_self,rho_resy_y,rho_resy_self,rho_resself_y,rho_resself_self,slope_y,log_slope_y,slope_self,log_slope_self
duration,AAA,200307,24,0.9556521739130434,0.9956521739130434,0.4834782608695652,0.6104347826086955,0.826086956521739,0.748695652173913,0.3986874930202591,0.0108805899712083,0.9422559328762327,0.14148240538924736
duration,AAA,200308,24,0.9426086956521739,0.9782608695652173,0.36,0.46086956521739125,-0.27043478260869563,-0.31913043478260866,0.3986874930202591,0.0108805899712083,0.9422559328762327,0.14148240538924736
duration,AAA,200309,26,0.9705982905982906,0.9897435897435896,0.43384615384615377,0.5849572649572649,0.3928205128205128,0.3374358974358974,0.3853560005264137,0.026168478201391846,0.9478371931328788,-0.02200192839990755
duration,AAA,200310,26,0.9439316239316239,0.9856410256410256,0.3586324786324786,0.4782905982905982,0.1623931623931624,0.18153846153846154,0.3853560005264137,0.026168478201391846,0.9478371931328788,-0.02200192839990755
duration,AAA,200311,25,0.8823076923076922,0.9415384615384615,0.13076923076923078,0.3069230769230769,-0.22153846153846157,-0.23384615384615384,0.3853560005264137,0.026168478201391846,0.9478371931328788,-0.02200192839990755
duration,AAA,200312,25,0.93,0.9607692307692307,0.09,0.37538461538461537,0.30769230769230765,0.1446153846153846,0.3853560005264137,0.026168478201391846,0.9478371931328788,-0.02200192839990755
duration,AAA,200401,27,0.9662647036711045,0.9800030643868073,0.32722832722832723,0.5134310134310134,0.4627594627594628,0.27167277167277165,0.3853560005264137,0.026168478201391846,0.9478371931328788,-0.02200192839990755
duration,AAA,200402,28,0.9742747673782157,0.9859039369731732,0.41105637657361793,0.5118379683897373,0.42911877394636017,0.4332831571983713,0.3848580812909634,0.030252587052731848,0.9556210581641426,-0.11046296636786013
duration,AAA,200403,29,0.7527093596059112,0.7866995073891624,-0.09802955665024629,0.04334975369458127,-0.2679802955665024,-0.32758620689655166,0.3848580812909634,0.030252587052731848,0.9556210581641426,-0.11046296636786013
duration,AAA,200404,27,0.918192918192918,0.9615384615384616,0.08363858363858362,0.2869352869352869,0.24847374847374848,0.19047619047619047,0.3848580812909634,0.030252587052731848,0.9556210581641426,-0.11046296636786013
duration,AAA,200405,31,0.948684348000965,0.972678702392488,0.15161290322580648,0.3463709677419355,0.36088709677419356,0.28830645161290325,0.38025800709001845,0.025844476719574048,0.9369463945742554,-0.07286093730365813
duration,AAA,200406,33,0.966577540106952,0.9718392279272137,0.032754010695187165,0.198044623403912,0.043114973262032084,-0.0852343948826963,0.38025800709001845,0.025844476719574048,0.9369463945742554,-0.07286093730365813
duration,AAA,200407,34,0.9657754010695186,0.9871657754010694,-0.09824293353705117,0.05118411000763942,0.45607333842627956,0.4096256684491979,0.38025800709001845,0.025844476719574048,0.9369463945742554,-0.07286093730365813
duration,AAA,200408,34,0.9660809778456838,0.9935828877005346,-0.2974789915966386,-0.13796791443850268,0.07715813598166539,0.06646294881588999,0.38393617586364165,0.043789785622668574,0.9632095296027541,-0.10659521285263066
duration,AAA,200409,33,0.9544580964217226,0.9949026524248845,-0.7028743315508021,-0.571524064171123,-0.5337566844919787,-0.5294117647058824,0.38182762946769006,0.06406373301637694,0.9670963925524455,-0.1663046040438837
duration,AAA,200410,33,0.9656555561416063,0.9766003677085076,-0.8018048128342247,-0.6974179016578268,0.08589572192513369,0.07687808165890254,0.38224957536191423,0.06394292546715384,0.9796478218577442,-0.2814722530605886
duration,AAA,200411,34,0.952555583802249,0.9789899944531616,-0.8692131398013749,-0.7662337662337662,-0.42582123758594337,-0.5025210084033613,0.38405842023158315,0.0700165155120575,0.9805633108837327,-0.2439746150965722
duration,AAA,200412,34,0.9511803832481553,0.9860941320293399,-0.9122994652406416,-0.8011307227903739,-0.412070282658518,-0.46970738925378785,0.3777498462182599,0.07885945912323479,0.9654972315647234,-0.19346895196965816
duration,AAA,200501,36,0.9371943371943372,0.9600360403430837,-0.8864864864864865,-0.7919428551053752,-0.4610038610038611,-0.5354269912625322,0.3763521038132429,0.1120729211819729,0.9939900894684927,-0.32512140452195326
duration,AAA,200502,36,0.8947232947232949,0.9619047619047619,-0.9521235521235523,-0.8198198198198199,-0.624967824967825,-0.6190476190476191,0.3833286745587561,0.10321747804692773,1.014317002019403,-0.2629711626538349
duration,AAA,200503,35,0.86218487394958,0.9711484593837536,-0.9428571428571428,-0.7056022408963587,0.0008403361344537815,-0.036414565826330535,0.38770092091564323,0.08987495203295441,1.002463923948082,-0.21466733538708435
duration,AAA,200504,38,0.5848426891387422,0.7062493201978514,-0.9498851077798446,-0.7350221600978193,-0.5896706423022212,-0.6308475142122865,0.391404270350757,0.08956200424744787,0.9930490468430797,-0.24121433331037903
duration,AAA,200505,38,0.707626654995076,0.9408481658917974,-0.95010395010395,-0.5568262728925748,-0.3762993762993763,-0.3558960376270938,0.39411289163297414,0.1017426859567182,0.9967428245831538,-0.25217561984893827
duration,AAA,200506,38,0.7154738497645298,0.8972422903363995,-0.9776780829412409,-0.5953605427289638,-0.21829521829521828,-0.2931392931392931,0.39522465437393767,0.12461167409026884,0.9973439005679239,-0.15935190659193857
duration,AAA,200507,43,0.751038286517862,0.8647485274127774,-0.9729688915735427,-0.5680737009324227,0.034430685593476285,-0.09733444111416895,0.3932447359380382,0.095138072368389,0.9763404513563607,-0.1783372900548331
duration,AAA,200508,43,0.6836561336846567,0.9409854641406266,-0.9562065841135609,-0.5678471661586892,-0.17003926306251885,0.017820735533703544,0.3842714605331512,0.08832640888276595,0.9513636941389498,-0.17330825390109875
duration,AAA,200509,43,0.8439930553398495,0.7649612993936721,-0.9879190576864996,-0.6244572813753161,0.009513742071881607,-0.3875863633977627,0.3789274932943641,0.09955982613420299,0.965242560749977,-0.13683455448877058
duration,AAA,200510,43,0.7768045907580792,0.9132371845110623,-0.9658713379643612,-0.7475647533206148,0.14935064935064937,0.14400060450327398,0.34840246159189564,0.032440238618349576,0.9016767662081303,-0.13627737583042873
duration,AAA,200511,45,0.7992358118898211,0.9419941373403026,-0.9673254281949933,-0.6553359683794465,-0.1401844532279315,-0.14334650856389985,0.33717400586773855,0.02312045360023652,0.8923963609590115,-0.1626452772870404
duration,AAA,200512,45,0.5168176647281272,0.6910456671980535,-0.9841897233201581,-0.7399453213935435,-0.567588932806324,-0.5628643897779947,0.334963996380996,0.019607491385395796,0.9008993643020812,-0.18768447534897328
duration,AAA,200601,46,0.5896139150229583,0.6466397338231307,-0.9775516497070613,-0.44070933446093,0.25044711686709836,-0.08789514368185099,0.3313000064228977,0.02294209275924507,0.9023353295191551,-0.10148280774512533
duration,AAA,200602,48,0.3210922050033752,0.6949051351722332,-0.9584237950499348,-0.49584758255752576,-0.5652409900130265,-0.4051457423327173,0.3207879258407576,0.04202399167751191,0.8909459613669861,-0.1005434290018932
duration,AAA,200603,46,0.7110302510395904,0.6497656106685542,-0.9209374036386062,-0.27158057377627365,0.6572309589885907,0.15568234572139786,0.30776897664189795,0.035787607613884324,0.8796675156217962,-0.10448165688739507
duration,AAA,200604,46,0.8580326857847672,0.7258934907395245,-0.9565834104224484,-0.635357242276855,0.6051803885291396,0.16374232947437875,0.3150501556290527,0.10443475087709345,0.947706559575537,-0.2290412301233996
duration,AAA,200605,47,0.7923099174851547,0.7469210767038772,-0.9373265494912119,-0.8112858464384829,-0.11933395004625348,-0.2895467160037003,0.3031980911968778,0.11656475735200802,0.9413800760079744,-0.0905170592858769
duration,AAA,200606,47,0.6398381045676657,0.7119232103619753,-0.9626503237742831,-0.7244290269409257,-0.2854995374653099,-0.3797629378999121,0.2844640441213911,0.09829236570635497,0.9284460964278844,-0.004622724779842529
duration,AAA,200607,48,0.5084405370351772,0.5838671154054933,-0.9529960920538428,-0.5399229232293058,-0.15447242726877985,-0.33089073489553117,0.26633749770969145,0.11234903153431147,0.9300625031043693,0.023467886585411792
duration,AAA,200608,48,0.2840082526779718,0.5767330772300217,-0.9550586191923578,-0.3669869190663855,-0.3655015197568389,-0.4605113180534262,0.24378596716173032,0.06227214469809364,0.9117144279918041,0.20999319880997314
duration,AAA,200609,48,-0.025618758141554492,0.7494843166522852,-0.9331306990881458,-0.10009770985056957,-0.24652627008250105,0.17055694379093794,0.2180466373943678,0.038182868647305565,0.8922667287943443,0.14891992271615595
duration,AAA,200610,48,0.1184899720902072,0.6665400170718022,-0.9354103343465046,0.1585974815458098,0.1562092922275293,-0.4414893617021276,0.1974347792984496,0.05564701349661005,0.9002899396317868,0.050199694207462085
duration,AAA,200611,49,-0.08245108296261891,0.6616664115516097,-0.892142857142857,0.00765325646311438,-0.29459183673469386,0.2640883696872002,0.15353029079044953,0.023959712988348147,0.7844398116640079,-0.21814597772562092
duration,AAA,200612,50,-0.05258103241296518,0.6462099932233141,-0.9369987995198078,0.19361809412769582,-0.006002400960384154,-0.06948546185584717,0.13173841224025673,-0.002003939488594312,0.7509479155034775,-0.181718133741323
duration,AAA,200701,49,0.3579865816541711,0.4584534544131595,-0.9107142857142857,0.1277551020408163,0.3571428571428571,-0.1357142857142857,0.11168648082121899,-0.052067660779256286,0.7104327414351421,-0.010061350036003284
duration,AAA,200702,48,-0.07984367794076719,0.44278580023981406,-0.8239253148067738,-0.21810286406941548,-0.2037559704732957,0.20219839936748948,0.09728522977677834,-0.07737102666156058,0.6674160408388261,0.20492600677286285
duration,AAA,200703,48,0.13933669889711753,0.7257972590541276,-0.6958315240990013,0.39563600850459013,0.29993486756404686,0.20191603123022026,0.08650000320308354,-0.10554616217936677,0.6557811090200486,0.3643499137585902
duration,AAA,200704,49,0.07398336659459293,0.7747984488213082,-0.7435714285714285,0.2840961277232369,-0.06510204081632652,0.2728710652054366,0.07794970804897619,-0.05480906742116293,0.5841620267277763,0.3273671243849437
duration,AAA,200705,50,0.4936611607689771,0.5804158862795948,-0.6899879951980793,0.24418939713134713,0.5430492196878751,-0.13777372278659486,0.09049486869199892,-0.07658474718152808,0.7952424826053724,0.31468650831723627
duration,AAA,200706,49,0.6063419987176752,0.5847896524596173,-0.10846938775510204,0.2541456200052879,0.5515306122448979,0.3455278335024713,0.08622559351977832,-0.05240181157023398,0.8014731985199602,0.30002779069618746
duration,AAA,200707,50,0.5603688464655437,0.7474485561645896,-0.1404561824729892,0.3062738602049712,0.017046818727490996,-0.00854762419512149,0.07897369450352759,-0.04176345692858224,0.7650904587855265,0.3644163790148941
duration,AAA,200708,50,0.2742923000142357,0.8164157300161832,-0.268859543817527,0.4807895545051902,-0.2510924369747899,0.24253193989124067,0.07134632034290891,0.017184499443850476,0.7694257845508092,0.10893590597600183
duration,AAA,200709,53,0.45444283180132233,0.873344487850558,0.15610385421706177,0.8427036508656802,0.5012094823415578,0.5372225695046019,0.05617718430695039,0.06694734026039569,0.7090997522153469,0.4908803772986215
duration,AAA,200710,54,0.757552078507672,0.7302978903154115,0.5077568134171907,0.7248713550600342,0.5694301505622259,0.11431294072803506,0.05176098109412997,0.06575551399155423,0.7439242977611139,0.30865071548622935
duration,AAA,200711,56,0.5015806832701452,0.7094569192385248,0.28113465481886535,0.5593397017170344,0.24688995215311008,0.4367470394868619,0.050649989793075674,0.07187508647326621,0.6702703259099537,0.7789849439086654
duration,AAA,200712,55,0.6750843270276977,0.6617121829791839,0.5505050505050505,0.6525009470929283,0.5310966810966812,0.3518461733287627,0.0508167967728939,0.07756165329013996,0.6614035187330272,1.4952693366432457
duration,AAA,200801,54,0.8853777547028521,0.8341243068585786,0.8568324757004001,0.8079818560997848,0.7536115875738516,0.6898168443571169,0.05309100559698851,0.09592023235687143,0.7282963792535025,1.3381997672220367
duration,AAA,200802,55,0.9054078435849743,0.9271953243379755,0.8603896103896106,0.8986976447999879,0.633982683982684,0.6480753278144988,0.05346569680510233,0.10222857608956037,0.6852884095171471,1.7371601634796556
duration,AAA,200803,56,0.8806712351120946,0.9641984382015246,0.8531784005468216,0.9562527774818406,0.742857142857143,0.7901842172836825,0.05910446236684633,0.056030492632656324,0.6851932284557793,1.8238190301811912
duration,AAA,200804,55,0.903010516209603,0.9668819221472634,0.8805916305916308,0.9566189867895826,0.5500721500721503,0.4951027255986813,0.050492679340404134,0.05931763278082357,0.704185675610156,1.5896205639522285
duration,AAA,200805,55,0.9509379509379511,0.9582063170086398,0.9318903318903321,0.9550677322573221,0.7616161616161617,0.6753007811484782,0.04044601742554377,0.018276742224876158,0.6692132801147107,1.9036271887967753
duration,AAA,200806,56,0.9225379792525912,0.9723503879148296,0.9089542036910458,0.9657034468847929,0.6128503075871496,0.6658350280368607,0.028892465802073244,-0.0009814749371861134,0.6630332975945725,1.7275201950663186
duration,AAA,200807,56,0.8034313642896274,0.8450733107761714,0.7982911825017089,0.8440335618724111,0.7303485987696514,0.7151181668536739,0.01870379167448621,-0.013512194605601931,0.6064763748432627,1.6934358106907244
duration,AAA,200808,57,0.9036816178376977,0.9193822820477565,0.8892273787918071,0.908006676400592,0.46953590873736073,0.4649090114204409,0.014466610256057617,-0.02965231755400146,0.6429922348709073,1.5521160069304465
duration,AAA,200809,57,0.343309944787503,0.5078835216430624,0.3456702100077781,0.5148431423386052,-0.25563909774436094,-0.1271065595022038,0.00524461688342495,-0.02386023375464635,0.6725108751806211,1.151759462312054
duration,AAA,200810,55,0.6646464646464647,0.7482458198515192,0.6551948051948053,0.753873626991813,0.740692640692641,0.4135716734380124,0.008776053284201755,-0.030054040002240018,0.6550058449053987,1.7718536947876935
duration,AAA,200811,55,0.6076479076479078,0.9219336219336222,0.5886724386724388,0.915800865800866,-0.044011544011544015,0.05007215007215008,0.008453093193598521,-0.03107363125451246,0.6615113002026202,1.474303345180758
duration,AAA,200812,55,0.7999278499278502,0.8689033189033191,0.7889610389610391,0.8746753246753248,0.7193362193362195,0.4134920634920636,0.01433906178779107,-0.008302990940811125,0.6441334032623506,1.7001877623502484
duration,AAA,200901,58,0.807973299386523,0.9651629574945384,0.7985173336614477,0.9576117382878588,0.6261958226952536,0.7016826109692701,0.013680943640570507,-0.03310878775367789,0.7284161366332813,1.283404168102719
duration,AAA,200902,56,0.6643198906356802,0.9586288215483988,0.6533834586466165,0.9545275894693297,0.3423103212576897,0.7052410329299159,0.021314127043970142,-0.009644341339834826,0.5529935575294636,1.4396484919626196
duration,AAA,200903,17,0.627450980392157,0.9803921568627453,0.6225490196078433,0.9779411764705883,0.6127450980392157,0.4534313725490197,0.03567136226838796,-0.025769232015271332,0.6005884004923479,1.0248480387389962
duration,AAA,200904,20,0.8360902255639097,0.9503759398496241,0.8436090225563909,0.9473684210526315,0.7819548872180451,0.6300751879699248,0.04460355378634745,-0.0743188857738824,0.7023849268356566,0.7422443866432124
duration,AAA,200905,19,0.9684210526315788,0.9122807017543859,0.9596491228070174,0.9210526315789472,0.8245614035087718,0.6087719298245614,0.06035952604310308,-0.038824156639156365,0.6558110091094859,1.0060405619769357
duration,AAA,200906,19,0.9649122807017543,0.9982456140350877,0.9491228070175438,0.9842105263157893,0.7280701754385965,0.7771929824561404,0.07183493285616535,-0.08980535216792494,0.7291232438289427,0.6135049908186598
duration,AAA,200907,22,0.9559570863918693,0.9932241671372107,0.935629587803501,0.9875776397515529,0.8226990400903446,0.8599661208356861,0.08618061661583869,-0.08029742739188997,0.7368268774202162,0.724396528095606
duration,AAA,200908,22,0.9593450028232637,0.9649915302089217,0.9220779220779223,0.9548277809147376,0.05251270468661773,-0.05590062111801244,0.11582817942882531,-0.046446041766768364,1.0065308981730268,0.405497100688632
duration,AAA,200909,22,0.9774138904573689,0.9830604178430267,0.9119141727837381,0.9311123658949747,-0.36420101637492946,-0.45567476002258617,0.15268221861313278,0.004608486400859028,1.077499297607905,-0.030955574048654975
duration,AAA,200910,17,0.9877450980392157,0.9926470588235295,0.8480392156862745,0.8504901960784315,0.502450980392157,0.40441176470588236,0.187562546546813,0.025828793883042746,1.0198518086910424,0.06439938789081003
duration,AAA,200911,18,0.9690402476780186,0.9917440660474718,0.8740970072239421,0.8988648090815273,0.17853457172342618,0.2693498452012384,0.2108052168795255,0.026629930065669327,1.0108165745201456,0.04741080989578809
duration,AAA,200912,18,0.9525283797729618,0.9855521155830752,0.6924664602683178,0.7440660474716203,-0.4943240454076367,-0.5067079463364293,0.23741455969359795,0.0076925869218837616,1.0299006304080423,0.07214480229835984
duration,AAA,201001,17,0.9632352941176472,0.9803921568627453,0.6960784313725491,0.7500000000000001,0.1985294117647059,0.08088235294117649,0.26191397246873654,0.027207636934281288,1.0254955695006083,-0.022970259716630997
duration,AAA,201002,9,0.9500000000000001,1.0,0.43333333333333335,0.48333333333333334,-0.2333333333333333,-0.31666666666666665,0.26635162710804966,0.012552676502017666,0.9841099809548858,-0.16466197042506397
duration,AAA,201003,9,0.9333333333333332,0.9833333333333333,0.31666666666666665,0.39999999999999997,0.75,0.75,0.26343727429781616,0.007754958704470893,0.9366043937792573,-0.3259080380244812
duration,AAA,201004,9,0.9500000000000001,0.9833333333333333,0.41666666666666663,0.5,0.8666666666666667,0.9,0.24144572231348918,-0.003201975717264476,0.8762134669658802,-0.2823702861617154
duration,AAA,201005,9,0.9333333333333332,0.9833333333333333,0.43333333333333335,0.48333333333333334,0.7,0.75,0.24583228340832383,0.01097822633904275,0.8671783582168989,-0.11013373268178281
duration,AAA,201006,9,0.9333333333333332,0.9666666666666667,0.43333333333333335,0.5,0.9333333333333332,0.8666666666666667,0.23419349773580503,-0.005841972785129709,0.7935703043385849,-0.02138618190838644
duration,AAA,201007,9,0.9833333333333333,0.9500000000000001,0.43333333333333335,0.5166666666666667,0.9166666666666666,0.8833333333333333,0.23294252977457378,0.0006087839282174788,0.7945745210196161,0.005192187344560521
duration,AAA,201008,9,0.9666666666666667,0.9833333333333333,0.43333333333333335,0.4666666666666666,0.7,0.7333333333333334,0.24634648045516597,0.03787736274552137,0.8498633811684008,-0.02769475534117091
duration,AAA,201009,10,0.9272727272727272,0.9757575757575757,0.23636363636363633,0.38181818181818183,0.8424242424242423,0.8303030303030302,0.2571141665041407,0.0488785352122181,0.8966839361316172,-0.06982679206808792
duration,AAA,201010,10,0.9515151515151514,0.9757575757575757,0.38181818181818183,0.4545454545454545,0.9151515151515152,0.8424242424242423,0.2750852562197362,0.0635152328026638,0.9137409790989296,-0.09308440250287418
duration,AAA,201011,11,0.8363636363636365,0.9,0.13636363636363638,0.2545454545454546,0.5818181818181819,0.6000000000000001,0.277492177360369,0.054507855503756725,0.9285217976487538,-0.16833776358355276
duration,AAA,201012,11,0.9727272727272729,0.881818181818182,0.009090909090909092,0.14545454545454548,0.14545454545454548,-0.05454545454545456,0.29687115656496976,0.06083709093475471,1.0080140992795112,-0.23646005221588115
duration,AAA,201101,11,0.990909090909091,0.9727272727272729,0.19090909090909092,0.27272727272727276,0.6363636363636364,0.4909090909090909,0.3046865843469196,0.0636010027922699,1.0096563919835464,-0.16916613368073205
duration,AAA,201102,11,0.9454545454545454,0.9454545454545454,0.2545454545454546,0.2545454545454546,-0.7727272727272727,-0.7727272727272727,0.28935831330492917,0.048063364565731646,0.9632556974097007,-0.21390698554527887
duration,AAA,201103,12,0.8951048951048951,0.9580419580419581,0.2027972027972028,0.3426573426573427,0.6363636363636365,0.6643356643356644,0.2747681036230431,0.016101308637870234,0.9323364822448036,-0.0993531399662265
duration,AAA,201104,12,0.9020979020979022,0.9720279720279721,0.14685314685314685,0.3216783216783217,0.6503496503496504,0.5804195804195805,0.28602924772783694,0.017087994094268668,0.9713891779156688,-0.06886043037313475
duration,AAA,201105,12,0.8601398601398602,0.9510489510489512,0.2027972027972028,0.3356643356643357,0.7552447552447553,0.8041958041958043,0.2875304623029694,0.01757801192003886,0.9921447609379378,-0.08181090104323334
duration,AAA,201106,12,0.7972027972027973,0.9580419580419581,0.18881118881118883,0.34965034965034975,0.7342657342657343,0.7552447552447553,0.2870414350539557,0.007510762576467055,0.9982492424391941,-0.09354405051014394
duration,AAA,201107,12,0.8041958041958043,0.9790209790209792,0.04895104895104895,0.32867132867132864,-0.6503496503496504,-0.5664335664335665,0.2872339536224513,0.012599534616447479,1.0033303404039702,-0.15612154203248568
duration,AAA,201108,12,0.8251748251748254,0.8741258741258742,-0.3916083916083916,-0.0979020979020979,-0.2937062937062937,-0.5174825174825175,0.29160954416912976,0.014322628131297418,1.0037598893225748,-0.19791589962372655
duration,AAA,201109,12,0.8741258741258742,0.9160839160839163,-0.8041958041958043,-0.6083916083916086,-0.7132867132867133,-0.8531468531468532,0.2910313133152036,0.009458824301486563,0.9929105340609169,-0.1300042359977185
duration,AAA,201110,12,0.8111888111888113,0.8951048951048951,-0.8251748251748254,-0.7132867132867133,0.07692307692307693,-0.055944055944055944,0.29452426495164635,0.0026143235657566685,1.002027849112714,-0.11614822564232305
duration,AAA,201111,12,0.9090909090909092,0.8671328671328673,-0.7832167832167832,-0.6153846153846154,0.7552447552447553,0.5594405594405596,0.29597740988452026,-0.027159753872574716,0.9896311839186841,-0.1066543097218949
duration,AAA,201112,12,0.80910807093079,0.7880922768806397,-0.8111888111888113,-0.7202797202797203,-0.49650349650349657,-0.5034965034965035,0.2914308477082653,-0.03191405363882847,0.9778166726585629,-0.1661814162371739
duration,AAA,201201,12,0.965034965034965,0.7670764828304892,-0.8251748251748254,-0.651489615554662,0.5034965034965035,0.11558686727582713,0.2881060965521829,-0.051649477621803316,0.9858355238513693,-0.14532842163130877
duration,AAA,201202,12,0.8601398601398602,0.8811188811188813,-0.8181818181818183,-0.7692307692307694,0.27272727272727276,0.3216783216783217,0.2808820013644354,-0.07266448452286085,0.9827312089527385,-0.07338587264178173
duration,AAA,201203,12,0.8741258741258742,0.9860139860139862,-0.8111888111888113,-0.6223776223776225,0.8181818181818183,0.8181818181818183,0.2806693449715607,-0.10636651253021438,0.9860986527904098,-0.06649717388537475
duration,AAA,201204,12,0.7552447552447553,0.9370629370629372,-0.8041958041958043,-0.5944055944055945,-0.6713286713286714,-0.7832167832167832,0.27435005943878676,-0.09837667111327211,1.0000307529189918,-0.03758028545863115
duration,AAA,201205,12,0.8531468531468532,0.8671328671328673,-0.8811188811188813,-0.6083916083916086,-0.7482517482517484,-0.8391608391608393,0.27458687309936297,-0.0856800078214371,1.016033849878239,-0.037315790782840426
duration,AAA,201206,12,0.7762237762237763,0.8671328671328673,-0.9440559440559443,-0.7482517482517484,-0.055944055944055944,-0.2657342657342658,0.2746743787205518,-0.0771041845389222,1.0157915503721977,-0.004116924012804008
duration,AAA,201207,12,0.44755244755244755,0.5454545454545455,-0.9720279720279721,-0.7552447552447553,-0.4755244755244756,-0.7342657342657343,0.27621503904999745,-0.06611225391446421,1.018949726326268,-0.04148151532444411
duration,AAA,201208,11,0.8363636363636365,0.7545454545454545,-0.9363636363636365,-0.8636363636363636,0.10000000000000002,-0.10000000000000002,0.28173821399494176,-0.08452419271071071,1.0260439424521557,-0.09420885741122435
duration,AAA,201209,11,0.7636363636363637,0.8363636363636365,-0.9363636363636365,-0.7272727272727273,-0.7181818181818183,-0.5727272727272729,0.2857434708654892,-0.09076286811249995,1.0182755983165868,0.07424605571074007
duration,AAA,201210,11,0.7471545580282566,0.8246035061165515,-0.9454545454545454,-0.6818181818181819,0.6090909090909091,0.3090909090909091,0.28958682603176567,-0.10463932449255092,1.0065361142375764,0.01693123892754485
duration,AAA,201211,11,0.8181818181818182,0.9384990180111028,-0.9272727272727275,-0.6514823280368335,0.690909090909091,0.6287032256579232,0.2895523133295052,-0.11591970932058891,0.9994351176061745,-0.002605935735544921
duration,AAA,201212,13,0.8351648351648352,0.9945054945054945,-0.8626373626373626,-0.6758241758241759,0.08241758241758242,-0.054945054945054944,0.29249032621524684,-0.13897536361905527,1.0102037693553965,0.07098304964075255
duration,AAA,201301,13,0.8461538461538461,0.989010989010989,-0.8461538461538461,-0.6703296703296703,0.47802197802197804,0.35714285714285715,0.2962726019520409,-0.10087055155221779,1.0146587594939005,0.1648871615328677
duration,AAA,201302,13,0.8846153846153846,0.967032967032967,-0.901098901098901,-0.7307692307692307,0.4230769230769231,0.34615384615384615,0.29454169839070055,-0.09527792480457886,0.9956705917446055,-0.021667386032063276
duration,AAA,201303,13,0.8406593406593407,0.9615384615384615,-0.8956043956043955,-0.7692307692307693,0.20329670329670327,0.4175824175824176,0.29180501118853597,-0.08714431772000147,0.9983208099774364,-0.13069622670502282
duration,AAA,201304,13,0.8736263736263737,0.9505494505494506,-0.8901098901098902,-0.6978021978021978,-0.5054945054945055,-0.6483516483516483,0.280854740040638,-0.050750562245810586,0.9752835427815438,-0.06282686808029521
duration,AAA,201305,12,0.8321678321678322,0.9720279720279721,-0.8531468531468532,-0.7202797202797203,0.6223776223776225,0.6153846153846154,0.2680156457848104,-0.042968199285846595,0.9718497534021427,-0.1266272606121861
duration,AAA,201306,13,0.8571428571428571,0.9615384615384615,-0.42857142857142855,-0.2087912087912088,0.11538461538461539,0.21978021978021978,0.25687271605073214,-0.014809251152235746,0.9696262220928157,-0.10766241524129373
duration,AAA,201307,13,0.8791208791208791,0.9835164835164836,-0.03296703296703297,0.23626373626373626,0.5659340659340659,0.6208791208791209,0.24285056129629054,-0.015559941555237735,0.9508168810278009,-0.017619358599724882
duration,AAA,201308,13,0.8076923076923077,0.9340659340659341,0.09890109890109891,0.2747252747252747,0.6813186813186813,0.6098901098901099,0.23253188710778772,-0.0037279922990783015,0.9634323943925684,0.10397508918025508
duration,AAA,201309,13,0.8956043956043955,0.9395604395604396,0.33516483516483514,0.5659340659340659,0.7637362637362637,0.46703296703296704,0.22495269712580657,-0.009253762942991324,0.9700414028638333,0.03971828815860985
duration,AAA,201310,13,0.8461538461538461,0.9835164835164836,0.39010989010989006,0.6263736263736264,-0.07692307692307691,-0.09890109890109891,0.22763271977913838,0.0059625999248910395,1.015741146755282,-0.029209813030866935
duration,AAA,201311,13,0.8351648351648352,0.9615384615384615,0.3626373626373627,0.6153846153846153,0.22527472527472525,0.12087912087912088,0.22957661108208452,0.009724834022714615,1.0043375444629892,-0.0022424501603577826
duration,AAA,201312,13,0.7582417582417583,0.945054945054945,-0.054945054945054944,0.23626373626373626,-0.33516483516483514,-0.40659340659340654,0.22143813446059105,-0.021799480026459053,0.964627030361601,0.15892148832003397
duration,AAA,201401,18,0.9071207430340558,0.9463364293085655,0.05675954592363261,0.3952528379772961,0.6553147574819401,0.5789473684210527,0.21627700150879553,-0.02548388686249977,0.9761319593749382,0.05788681709777004
duration,AAA,201402,18,0.87203302373581,0.9876160990712075,0.21775025799793604,0.46955624355005166,0.6718266253869969,0.6738906088751291,0.19191984160092154,-0.035986260931615964,0.9183496771917923,-0.0370416735326041
duration,AAA,201403,18,0.8988648090815273,0.9752321981424149,0.1475748194014448,0.3787409700722394,0.4055727554179567,0.17647058823529413,0.1862101512770901,-0.026280356257074488,0.9053498117226337,-0.04336645554246789
duration,AAA,201404,19,0.9140350877192982,0.9964912280701754,0.3175438596491228,0.5508771929824561,0.8842105263157896,0.8578947368421052,0.17564522926039652,-0.05909432647097281,0.8754189199163439,-0.14666197852003401
duration,AAA,201405,18,0.8988648090815273,0.9731682146542827,0.20949432404540763,0.4984520123839009,0.7481940144478844,0.8059855521155831,0.1686641925517933,-0.0585962118953989,0.8811318742133504,-0.17786561787953623
duration,AAA,201406,18,0.9133126934984519,0.9607843137254902,0.2693498452012384,0.5521155830753354,0.43653250773993807,0.3126934984520124,0.1727054322033826,-0.04833385500888862,0.9311127483508476,-0.2659348171560679
duration,AAA,201407,18,0.9112487100103198,0.9793601651186791,0.0608875128998968,0.347781217750258,0.13725490196078433,0.17234262125902994,0.17602813007456186,-0.055922425161088626,0.9338085049249805,-0.31845512358238115
duration,AAA,201408,18,0.8968008255933952,0.9917440660474718,-0.3003095975232198,-0.06501547987616099,-0.5479876160990712,-0.6264189886480908,0.20087134935584589,0.017284946987592618,1.0126387104101795,-0.24219985798034818
duration,AAA,201409,18,0.8802889576883385,0.9731682146542827,-0.43446852425180604,-0.23013415892672856,-0.1001031991744066,-0.1826625386996904,0.20677033370992848,0.03867637155091354,1.0237573348198077,-0.14726867166712582
duration,AAA,201410,18,0.8328173374613003,0.9731682146542827,-0.5768833849329206,-0.27966976264189886,-0.4406604747162023,-0.2776057791537668,0.21415338706551687,0.019093312189040763,1.0320648020217278,-0.11553952025620871
duration,AAA,201411,18,0.8617131062951496,0.9711042311661506,-0.6553147574819401,-0.38493292053663575,-0.040247678018575844,-0.34365325077399383,0.21508936038774434,0.000941492642169622,1.0036180919410205,-0.11329953575541026
duration,AAA,201412,18,0.8513931888544891,0.9690402476780186,-0.8452012383900928,-0.6429308565531475,-0.826625386996904,-0.696594427244582,0.21770464807980797,-0.008055072032279896,1.0023936952101664,-0.11634627255160067
duration,AAA,201501,18,0.9091847265221877,0.9587203302373581,-0.8740970072239421,-0.6656346749226005,0.20743034055727552,-0.17234262125902994,0.22221444970601703,-0.02279717852064549,1.0020650204282648,-0.17457105201024847
duration,AAA,201502,18,0.8968008255933952,0.9711042311661506,-0.8224974200206397,-0.6676986584107326,0.651186790505676,0.7069143446852425,0.22680870796111635,-0.0311043070215336,1.0006986736102217,-0.17576970776439468
duration,AAA,201503,24,0.9147826086956521,0.9878260869565217,-0.8286956521739129,-0.7234782608695651,-0.24086956521739128,-0.2860869565217391,0.23172519451732473,-0.03529029589175309,1.0048545114154994,-0.1575424915845783
duration,AAA,201504,28,0.9064039408866994,0.9857690202517788,-0.7816091954022988,-0.6031746031746031,0.7339901477832512,0.8275862068965517,0.23875450165682813,-0.03826544329376234,1.0076324507016783,-0.13318476793340192
duration,AAA,201505,28,0.933077879273056,0.9719447196534531,-0.752599890530925,-0.5977011494252873,0.4438970990695128,0.18719211822660098,0.252495219572413,-0.009851774646538636,1.0268296984785366,-0.11216602687181729
duration,AAA,201506,28,0.9206349206349206,0.9908307195566038,-0.742200328407225,-0.6180375040770197,-0.23590585659551178,-0.3060079404597467,0.2605842956578259,-0.04173939556219241,1.0216022792563149,0.022187589895255863
duration,AAA,201507,28,0.9381499726327313,0.9835796387520527,-0.7887246852764094,-0.6535303776683087,-0.6398467432950191,-0.6984126984126985,0.2617111113701357,-0.0004358238998326184,0.9968822691889583,0.18602471526412556
duration,AAA,201508,28,0.9173508483853311,0.9715380405035577,-0.8029556650246306,-0.69896004378763,0.09414340448823208,0.03667214012041598,0.2605704685973933,-0.005929649011299453,1.0035609080014032,0.18175188952426904
duration,AAA,201509,28,0.920087575259989,0.9885057471264367,-0.7246852764094143,-0.5790914066776136,0.671592775041051,0.6726874657909141,0.2571741356168674,-0.019484703289724757,0.9969267301950864,0.14618393653880157
duration,AAA,201510,28,0.916256157635468,0.9846743295019157,-0.6546250684181718,-0.4811165845648605,0.2796934865900383,0.40777230432402845,0.24886696018266746,-0.02542571049111169,0.9801610879222497,0.07645825389089606
duration,AAA,201511,28,0.9003831417624522,0.9890530925013684,-0.6896551724137931,-0.5287356321839081,-0.09797482211275313,-0.23371647509578544,0.24066517110178073,-0.025857427766787105,0.9793032540448298,-0.02819014715891526
duration,AAA,201512,34,0.9318563789152022,0.9871657754010694,-0.6320855614973262,-0.4190985485103132,0.093353705118411,0.03254392666157372,0.23110257717043417,-0.050546850103408494,0.9721161692590596,-0.02575033680032211
duration,AAA,201601,34,0.9364400305576774,0.9886936592818946,-0.411764705882353,-0.1514132925897632,0.7732620320855614,0.7897631779984722,0.2254616187615037,-0.04734712706200045,0.9911024108403121,-0.06382169306293967
duration,AAA,201602,34,0.9366643773993882,0.9919779996862689,-0.3689839572192513,-0.10343773873185637,-0.09763177998472114,-0.1336898395721925,0.2167728054573401,-0.05462144798534869,0.9709745549646429,-0.1060630928047181
duration,AAA,201603,34,0.9318563789152022,0.9924363998709669,-0.34973262032085556,-0.10405684192642468,0.1825821237585943,0.11979524826771946,0.2074282197390902,-0.04977912423177858,0.9648942269850405,-0.03769847536690658
duration,AAA,201604,33,0.9171889394436025,0.9897217382261323,-0.4719251336898396,-0.15508021390374332,-0.1400401069518717,-0.19618983957219252,0.2009532910581643,-0.055808518065156305,0.982807695952017,-0.0034819417378376275
duration,AAA,201605,33,0.9311382379768229,0.9794400368515987,-0.5307486631016043,-0.274254200004911,-0.4348262032085562,-0.5605414910520851,0.19436677008598946,-0.022850464111509226,0.9783899646530675,-0.05528894741466698
duration,AAA,201606,33,0.9345700709490936,0.98278312085826,-0.3950534759358289,-0.11800100448961351,0.48562834224598933,0.533845904164059,0.19011329943896046,-0.02944560261284841,0.9785421569906234,0.01582414587042214
duration,AAA,201607,33,0.9364973262032086,0.9925628847222222,-0.41143048128342247,-0.14005180963078334,-0.2159090909090909,-0.19018968897354585,0.1830980435178979,-0.02235155201566273,0.9675161914992431,0.13651599875376336
duration,AAA,201608,33,0.9415106951871658,0.9906417112299466,-0.5133689839572193,-0.2767379679144385,-0.2730614973262032,-0.3292112299465241,0.17767206709747185,-3.255520539168753e-05,0.973191332204812,-0.03773786528497968
duration,AAA,201609,39,0.9500000000000002,0.9959514170040487,-0.49797570850202433,-0.2657894736842105,0.5923076923076923,0.5651821862348179,0.1748174143452689,-0.0036515561901415685,0.9914114439501741,-0.08821170460930725
duration,AAA,201610,39,0.9447368421052632,0.995748987854251,-0.2779352226720648,-0.04149797570850203,0.5143724696356275,0.3615384615384616,0.16993883223910536,0.006892568656524979,0.9870890946878075,-0.20518225487043082
duration,AAA,201611,39,0.9552631578947368,0.9923076923076924,-0.3368421052631579,-0.16842105263157894,-0.4720647773279353,-0.5862348178137652,0.1679720512535146,0.013912334814950467,1.0146812361464645,-0.23852541989490242
duration,AAA,201612,39,0.9631578947368421,0.9888663967611337,-0.3937246963562753,-0.2716599190283401,-0.4748987854251012,-0.5568825910931174,0.1700262806022789,-0.007121830553758419,1.0278232948430666,-0.1787937696059548
duration,AAA,201701,39,0.9495951417004049,0.9781376518218624,-0.3653846153846155,-0.25020242914979757,0.07834008097165993,0.08178137651821864,0.17446023125913054,-0.0017385308517580877,1.0383787457258047,-0.02059555424193797
duration,AAA,201702,39,0.9537932093798099,0.9881066868264571,-0.42813765182186236,-0.28036437246963564,-0.2732793522267207,-0.4111336032388664,0.17668123339229416,-8.130863959779639e-05,1.0207379452106826,-0.09326921096475424
duration,AAA,201703,45,0.9715735042656676,0.9901179260820869,-0.5902503293807642,-0.48743371020217485,-0.1889328063241107,-0.2863730690970204,0.17837307761235696,0.0016965801432199184,1.015625205537133,-0.05578263892602734
duration,AAA,201704,49,0.9623469387755101,0.9977295342413446,-0.6388775510204081,-0.5134824869652207,0.09602040816326529,0.04739916836155505,0.18375155594666762,-0.0013127700863566896,1.0280099095890751,-0.023400270003516934
duration,AAA,201705,49,0.9426530612244897,0.9890816326530613,-0.7691836734693877,-0.6664285714285714,-0.6748979591836735,-0.6605102040816325,0.18768523063711817,-0.0057293985580341615,1.0122441785166982,-0.05383845860650241
duration,AAA,201706,49,0.9563265306122448,0.98734693877551,-0.8775510204081631,-0.7676530612244896,-0.8112244897959183,-0.8474489795918365,0.1878463320643406,-0.0005628527957521323,0.9973707774075091,0.0913856508936336
duration,AAA,201707,49,0.9503303658797895,0.9916579507806071,-0.845408163265306,-0.7433673469387754,0.5993877551020408,0.5856122448979592,0.18642651746779573,-0.0051161835632512875,0.9900477683467923,0.058952900908387534
duration,AAA,201708,48,0.9653974546937357,0.9880855452423601,-0.8555145462440296,-0.7732515540069133,-0.30851063829787234,-0.389556816166476,0.1899238423328347,0.003252667954613895,1.018815759970623,0.04535675349269674
duration,AAA,201709,48,0.9646918341544904,0.9846387667589427,-0.9079461571862788,-0.8406654547563578,-0.5639383412939644,-0.6179064783668891,0.19136465135322034,0.011672832330158114,1.0044101709484845,0.061788867557046094
duration,AAA,201710,48,0.9634172818063396,0.992916655724306,-0.9021927920104212,-0.8223193207359776,-0.5155232305688233,-0.5364344453355555,0.18955068842289102,0.0008617511318597699,0.9932020084299773,-0.0002079083639797192
duration,AAA,201711,48,0.9696048632218845,0.9875162831089882,-0.9620060790273556,-0.9026270082501086,-0.7903821102909249,-0.8719062092922274,0.18637090397536907,0.010274410935455317,0.9858423073384459,-0.08726696631695835
duration,AAA,201712,48,0.9518252168883029,0.9856968413729507,-0.9648284845853234,-0.9150021710811984,-0.4951150673035172,-0.5041250542770299,0.1822213657939668,0.02064204681109348,0.9798194350920744,-0.16960977157206011
duration,AAA,201801,48,0.9651260621786415,0.963956140818759,-0.9735128093790707,-0.9136110764440847,-0.5982414242292661,-0.6357443364810837,0.17970056089173186,0.02813802954284241,0.9893312680502422,-0.03724181376159241
duration,AAA,201802,52,0.9415179714846751,0.9819850595927511,-0.9559463843592588,-0.8986552836363518,0.6839409203449158,0.6594663826713393,0.17248669364045102,0.03491015756673179,0.965219550631733,-0.08483131653378231
duration,AAA,201803,52,0.9531290019636302,0.9789976948689489,-0.9424570989498847,-0.858277127977461,-0.4151797148467514,-0.46094083496969174,0.16520727783056782,0.03716347648171646,0.966770431546348,-0.010582070746917487
duration,AAA,201804,52,0.9644191161403685,0.9809822631420709,-0.9127465209596175,-0.8385554512080594,0.2800307350806796,0.1923503799197473,0.15900444965654856,0.039105608117406175,0.9738190742409751,0.0041855786215389944
duration,AAA,201805,52,0.9397827022169724,0.9808735039812586,-0.9361393323657474,-0.8614117096581311,0.40151967898915736,0.4030650360568944,0.15618892069577364,0.024593520387266993,0.9876950963327025,-0.09884348940053865
duration,AAA,201806,52,0.8358234440365406,0.8659679431140267,-0.9498847434474514,-0.8572587407675831,-0.5849910356014684,-0.6545990175393103,0.15482362891098828,0.01714097578510552,0.9952670927649749,-0.056924110019087024
duration,AAA,201807,51,0.9332126696832579,0.9627149321266968,-0.9512217194570135,-0.8773755656108596,-0.11212669683257918,-0.19583710407239818,0.1528620798969533,0.0060399181137191565,0.9852310323169896,-0.1630915507535576
duration,AAA,201808,51,0.9430530104904695,0.9858141589436864,-0.9350226244343892,-0.8342081447963801,0.7309502262443438,0.6586425339366515,0.1534922252640883,-0.004369044220738028,1.0011299775027485,-0.16093015913875564
duration,AAA,201809,51,0.9262653003569843,0.9691388750622201,-0.9626244343891402,-0.8785719136165709,-0.5020814479638009,-0.5118215345548535,0.1549523987174224,-0.00784272332870265,1.0001589634339805,-0.18762533779097912
duration,AAA,201810,51,0.9352036199095022,0.9838684135643336,-0.9304977375565611,-0.8191588047074981,0.7105882352941176,0.5923210933890047,0.1550236058792723,-0.017928854232133588,0.993407492160624,-0.20576831588766276
duration,AAA,201811,51,0.9472374325277922,0.9590026707859122,-0.9151131221719457,-0.8194570135746606,0.3679638009049774,0.2618099547511312,0.15411708546563627,-0.013589672312677315,0.990030976211978,-0.24410597649301577
duration,AAA,201812,51,0.942848093639186,0.9588198026970766,-0.8961085972850678,-0.82650798763293,0.5047963800904977,0.41608217609005155,0.15194318049262973,-0.013231925454889954,0.9863013642416183,-0.21661544906026942
duration,AAA,201901,51,0.9204524886877828,0.9557446048067405,-0.9400904977375565,-0.8607629313306102,0.24425339366515836,0.21964794809582494,0.14600354797479329,-0.009406877858810536,0.9689815948616686,-0.285763535965221
duration,AAA,201902,51,0.9363319616808425,0.9724874438663728,-0.9213574660633483,-0.7849773755656109,0.5772850678733031,0.37656108597285065,0.14034978688590813,-0.010819655438605214,0.9666108015720974,-0.34178381272484376
duration,AAA,201903,51,0.9102920882892748,0.9540466549945271,-0.933393665158371,-0.8115299343120158,0.06452488687782805,0.038237024338889994,0.13654207483429018,-0.0023880460392337473,0.972285152469719,-0.27302430571595016
duration,AAA,201904,51,0.8227149321266967,0.9239123059447437,-0.9276923076923077,-0.7623249396733812,0.5494117647058824,0.4429511981042755,0.13185570512123188,-0.0008854854338623805,0.9639925330280517,-0.19933463751066116
duration,AAA,201905,50,0.935628706841276,0.9675622466713648,-0.9097238895558223,-0.765282112845138,0.5602400960384153,0.48878751500600237,0.125970724537741,0.000435093550367601,0.9541989065457367,-0.25455456549877264
duration,AAA,201906,50,0.9485461838552518,0.9716673069535152,-0.7442496998799519,-0.5584767943217019,0.7134213685474189,0.6357415546023226,0.11899644679113126,-0.006369633184627321,0.9423686141914684,-0.11337121435529006
duration,AAA,201907,50,0.952147710903758,0.9747406838263541,-0.7636494597839135,-0.6249369734568038,0.33608643457382953,0.20595932681391055,0.11340259413963096,-0.011622051048324472,0.9531119453166488,-0.24200822549252096
duration,AAA,201908,50,0.9458317337067871,0.9647273515879222,-0.7958223289315726,-0.6803524696431532,-0.12124849939975989,-0.16528608134611336,0.1051369793952072,-0.0014520229548786279,0.9274889775170296,-0.294204507099338
duration,AAA,201909,50,0.9205762304921968,0.9804552450797864,-0.6504201680672268,-0.469746446949624,0.637358943577431,0.6754706116124934,0.09720649315664084,-0.007199799718544058,0.9262920068157364,-0.3457892553176213
duration,AAA,201910,50,0.9537323828051009,0.9762059115877797,-0.25637454981992797,-0.026842737094837935,0.8277070828331333,0.7447298919567827,0.08984712980366288,-0.0036201430082725213,0.921840885638074,-0.29748718713747646
duration,AAA,201911,50,0.9429504428851783,0.9742598509303586,-0.3011284513805522,-0.14463732626801082,-0.1036734693877551,-0.14799875151328334,0.08398073208585718,-0.00765407536978287,0.9258141132343131,-0.38441672046840125
duration,AAA,201912,50,0.8576436411509542,0.8924532381855715,0.01531812725090036,0.16399346926323508,0.5243217286914765,0.4266711491665721,0.0805602525945489,-0.009985650326857774,0.9427158296769744,-0.5184227944158692
duration,AAA,202001,49,0.9574978327683662,0.9822180272094612,0.45030612244897955,0.5438404042689078,0.7616326530612245,0.7514477412583238,0.07110291445453754,-0.05291229711287169,0.8694604048412257,-0.5881079378578398
duration,AAA,202002,49,0.9542080158211008,0.9897186012354243,0.5630612244897959,0.6732996590222402,0.8555102040816325,0.8373386408164584,0.06971286197588619,-0.03808531848872571,0.8724161981534444,-0.5892048429342716
duration,AAA,202003,49,0.9235439682588892,0.9598448900454104,0.7123469387755101,0.7904283275104531,0.855204081632653,0.8706344552438918,0.06874462053380222,-0.029073449348280392,0.869944979191104,-0.5958712033057758
duration,AAA,202004,49,0.9317584635292986,0.9659166283994081,0.7363265306122447,0.8523686831519254,0.7703061224489794,0.7299676014518495,0.0676790067835874,-0.021281173170208965,0.865820322471624,-0.7720354400255363
duration,AAA,202005,49,0.9343095490170035,0.9550487269758662,0.7457142857142857,0.8419602543620899,0.8010204081632651,0.7287430804177512,0.06727700971460772,-0.016334750628497183,0.867800223439623,-0.7458520376968432
duration,AAA,202006,49,0.9523712342699534,0.9779835705903362,0.8024489795918366,0.9150233427299552,0.5126530612244897,0.43541927104145406,0.06765589600922915,-0.014209989690458407,0.8863453122621447,-0.502504590083961
duration,AAA,202007,49,0.9579326006331498,0.9841573549670902,0.6801020408163264,0.7816015717229945,-0.785204081632653,-0.8507359884397945,0.07726758513183885,0.021400920442090708,1.0126700081536981,-0.7684866394920988
duration,AAA,202008,49,0.9646938775510203,0.9832393686711813,0.6233673469387755,0.7346615987492262,0.6481632653061223,0.6352202864384935,0.08046319027736787,0.01098000706801601,1.0258840640820976,-0.3337962605630975
duration,AAA,202009,42,0.9846041649785269,0.9959484644680335,0.7805688355886882,0.8048780487804879,-0.5397455635685926,-0.57280609350944,0.08232798322301361,0.004166550095880671,1.0106207663104998,-0.33626208272770197
duration,AA,200307,54,0.9532286352888545,0.9590988800137108,0.5884886601867734,0.686144463502954,0.6247760625119114,0.4915189632170764,0.3395049059242646,-0.044405957869566526,0.955640267244445,-0.07690229183245101
duration,AA,200308,54,0.8258590788440788,0.867307069362938,0.46720030493615394,0.6058168792996267,-0.03945111492281303,-0.07749485406255215,0.3395049059242646,-0.044405957869566526,0.955640267244445,-0.07690229183245101
duration,AA,200309,53,0.9633930011288501,0.8338339348963734,0.6269956458635704,0.6052774811236463,0.3298661506208676,0.11776563793793186,0.3411403690720699,-0.05029811595326813,0.9564038555274194,-0.056061825239085816
duration,AA,200310,62,0.9519528594092316,0.9632847321900734,0.5276371786154971,0.6152199642416458,-0.017602175719573922,-0.09481000226637455,0.3411403690720699,-0.05029811595326813,0.9564038555274194,-0.056061825239085816
duration,AA,200311,62,0.9655511067462417,0.9674649341492283,0.615270328120672,0.6709224144443605,-0.04434539548236006,-0.11566064818312306,0.3411403690720699,-0.05029811595326813,0.9564038555274194,-0.056061825239085816
duration,AA,200312,64,0.9513278388278387,0.9528846153846153,0.5449633699633699,0.5854395604395604,0.30526556776556774,0.20833333333333331,0.3411403690720699,-0.05029811595326813,0.9564038555274194,-0.056061825239085816
duration,AA,200401,67,0.9227684050304119,0.9450369646587814,0.5009178705403465,0.5983318700614576,-0.03647537712506985,-0.10292122276318943,0.3411403690720699,-0.05029811595326813,0.9564038555274194,-0.056061825239085816
duration,AA,200402,69,0.9204504973940554,0.9071046237600247,0.4581293386919986,0.5401401182187165,0.2727804165144319,0.2087523634756747,0.3395668000305572,-0.046398583157685955,0.9486305466445485,-0.08879337993094139
duration,AA,200403,67,0.9695506425093783,0.9585258054372559,0.4767738845877565,0.5281799044470754,0.26710032724080135,0.16902954176695034,0.3395668000305572,-0.046398583157685955,0.9486305466445485,-0.08879337993094139
duration,AA,200404,67,0.8920083809019178,0.8963982841253798,0.463923697022907,0.5169606512890096,0.03591667331790247,-0.022707319019873894,0.3395668000305572,-0.046398583157685955,0.9486305466445485,-0.08879337993094139
duration,AA,200405,69,0.963801276997431,0.9855220731706296,0.505297771282426,0.5972889531313285,0.3945926196565583,0.4314656826748957,0.34518904807503054,-0.020071800215493884,0.959664294619711,-0.0826779880685579
duration,AA,200406,73,0.9671024723943714,0.9727561631468218,0.27505244970998405,0.3801399184051005,-0.39614957423176606,-0.4768486737204797,0.34518904807503054,-0.020071800215493884,0.959664294619711,-0.0826779880685579
duration,AA,200407,71,0.973507268870398,0.9701110878563547,0.3400737759892689,0.4247424064658265,0.31602951039570754,0.19645027966340148,0.34518904807503054,-0.020071800215493884,0.959664294619711,-0.0826779880685579
duration,AA,200408,69,0.9764518900403579,0.970651101611312,0.1649616368286445,0.23946363656967282,-0.03511143587869931,-0.13083907271223658,0.35236914181558043,-0.023955205185848802,0.9680939460841957,-0.16523303780633883
duration,AA,200409,72,0.9698372885716126,0.9802395692238985,-0.33516624863335265,-0.22606318838841344,-0.4689369091259889,-0.5197202348127365,0.3591316060528521,-0.04156721463941455,0.9727002273533677,-0.22063485974129513
duration,AA,200410,71,0.9514331944767165,0.96605437674737,-0.5302146210596914,-0.411234071093226,-0.12072434607645874,-0.15415828303152243,0.368164597971667,-0.04681467173590281,0.9763018842977021,-0.18231856991861553
duration,AA,200411,72,0.9364986213131523,0.9724736715170028,-0.7070551160846357,-0.530247365180209,-0.3953952022638113,-0.4728798707454782,0.37280355108669255,-0.029933612728996875,0.9676456012324065,-0.18497402017130335
duration,AA,200412,72,0.9038435256862078,0.9580995256853443,-0.7878963277381184,-0.610156683381053,-0.4529230175573993,-0.4331824649833284,0.3794859845714289,-0.0058063329841632726,0.9713087931997013,-0.13579114589685892
duration,AA,200501,72,0.9440308707707898,0.9300661634367873,-0.8706026111003925,-0.7033788618374905,-0.2946813299890669,-0.522626235033891,0.3775271922398002,-0.015082985238282037,0.9587171391711553,-0.05009030865741231
duration,AA,200502,87,0.9376722909350571,0.9247677327439061,-0.913045855507764,-0.8264728664853125,-0.3307756798133702,-0.42938898256669683,0.3804576733182559,-0.008687417207931926,0.9684611251822814,-0.07171524799289851
duration,AA,200503,88,0.9043526501059475,0.9408294184299749,-0.8699940121869609,-0.7610610897747004,0.14370751294424292,0.11340011008143878,0.3801569239286437,-0.01866544496655303,0.9556114418291264,-0.08290161984703603
duration,AA,200504,89,0.896857284046958,0.947730416539982,-0.9243445692883897,-0.7343749335056873,-0.20456247871978214,-0.292102026313619,0.3808447117366211,-0.012733655951264366,0.9156755415624476,-0.060922860203018056
duration,AA,200505,90,0.813991966047794,0.924474407762508,-0.9075441412520063,-0.7031354182196345,-0.2744618677202947,-0.2525373920973105,0.3847874672946531,-0.017512717912587874,0.9102159355879442,-0.05284313516797195
duration,AA,200506,93,0.7458977563553366,0.8600353623145158,-0.9368565545641728,-0.5902307104459684,-0.045298558682223745,-0.1930507115401477,0.3878460993393753,-0.04536974288238532,0.9067156661422234,-0.13202047621427046
duration,AA,200507,93,0.8145462414176957,0.8141891009796314,-0.928038554504491,-0.5822428791624078,0.004759631165885828,-0.23625430837741213,0.39367210360287935,-0.06605015060377799,0.9097261164932757,-0.15612183029046106
duration,AA,200508,95,0.7572990849963329,0.886390201224847,-0.9501819708846585,-0.6698045529537533,-0.007586786114221725,-0.017868453748076617,0.3837618870866221,-0.052609403898244006,0.8777980457057066,-0.16868249679947053
duration,AA,200509,100,0.839939033552677,0.8908464650258121,-0.9569156915691569,-0.6462822614115566,0.3301170117011701,0.0798574231888747,0.3837628386387134,-0.0389568785453505,0.8885615905409684,-0.12158592812093773
duration,AA,200510,94,0.7974930011234921,0.886609855447028,-0.9570855759852617,-0.6767956998746141,0.19693674818480658,0.08082997384868573,0.3779054615945099,-0.05978910920517568,0.9086674436468598,-0.23965441085014696
duration,AA,200511,94,0.774673887144898,0.8640613260251264,-0.9469999638767475,-0.6344369187343915,-0.11774012932124409,-0.08278876547905109,0.35782943089561964,-0.03939946437479488,0.892894062309154,-0.18498098728255752
duration,AA,200512,95,0.5585791779448439,0.7337308961657022,-0.9421192609182532,-0.5787346328867619,-0.1572928331466965,-0.17842107298062976,0.3572876666757188,-0.029636762943183723,0.9105252910340215,-0.186290503246718
duration,AA,200601,100,0.728468515767063,0.6284925588207261,-0.9636123612361235,-0.4952218647776996,0.1072067206720672,-0.29231087750589274,0.34920914825740157,-0.021164811581618124,0.8841707886321344,-0.07822187268774812
duration,AA,200602,103,0.427448805481314,0.5745286101468985,-0.9819443834292493,-0.6903533509887981,-0.42787637833326014,-0.6034173626701386,0.3470051761137004,-0.006259290071750909,0.897482023670377,-0.016659791344542808
duration,AA,200603,101,0.7271239452003073,0.5542162710345033,-0.9784041933605124,-0.39933603208639196,0.5962026790914385,0.0792859431303899,0.3411745225252141,-0.01189937127720814,0.9000460180901346,-0.0433645525339764
duration,AA,200604,103,0.5785180243431702,0.6987089369565755,-0.9800114220445459,-0.6654841695787971,0.1765364846461363,0.11536486722376012,0.32732261456642614,0.002250961295367096,0.8943102086712843,0.0422784178048494
duration,AA,200605,101,0.6934252792932356,0.7578082910142578,-0.9674082702387884,-0.6332958643226033,0.035958066394874776,-0.3076291374226844,0.32745996731793625,0.027910525372707506,0.9211181709900101,0.03619823668399721
duration,AA,200606,130,0.4915626651888915,0.6113433414684146,-0.9492004533722977,-0.644665974823862,-0.26068634011115815,-0.32406183430126034,0.3039267095507034,0.010764662968454599,0.8929609330180214,0.12495435740804887
duration,AA,200607,127,0.34303843089899816,0.6846036105908111,-0.9672970566179226,-0.4795186476147611,-0.21632452193475815,-0.20027741040461838,0.2840884581392769,0.010846642691822178,0.9167780958108809,0.03813849217102971
duration,AA,200608,134,0.40934046417242875,0.7599329139421461,-0.961585555929625,-0.3571970094618697,-0.11331562737689997,-0.2041218397166398,0.2570193444947652,0.02411346465898439,0.8841239837035454,0.06623285801339909
duration,AA,200609,128,0.2740811743566029,0.7615723023068108,-0.959290880791064,-0.27834041262902165,-0.06374175975096136,0.04745684149574886,0.22757858828836408,0.05362946318826895,0.8738241480911129,0.11419016698414362
duration,AA,200610,164,0.4095306953913069,0.7693964168634944,-0.9392678845918407,-0.2530483097880324,0.11180879572320541,-0.04821386426165449,0.19949809404431013,0.040962266139264604,0.878976448451744,-0.013074254850869006
duration,AA,200611,164,0.19725920066050612,0.7747779734635207,-0.9500414892604028,-0.2931183297708472,-0.2989512059091589,-0.05149638936779884,0.1754080833298558,0.003243217843196013,0.8585567017605713,0.011806697099715392
duration,AA,200612,159,0.1692420107035195,0.7463164031059327,-0.9253015285407213,-0.04591098739031658,0.12314007642703607,-0.03745307171358574,0.1534977569674294,-0.0030505623449080007,0.8514322315547092,-0.10092271654789585
duration,AA,200701,158,0.5308041732485379,0.5035214079922411,-0.8524672211074922,-0.07644487446213576,0.45550909016230096,-0.20721244941119527,0.13378536682681202,-0.009071317995460109,0.8341591042584187,-0.24643330108864558
duration,AA,200702,184,0.10547125959330303,0.5791031808695632,-0.9011885727495136,-0.3505282437521295,-0.3004854462445339,-0.10132878446560789,0.12039895766247487,-0.01472947501355102,0.8357436696863126,-0.2657823653964081
duration,AA,200703,185,0.35315590566232863,0.7997403372786738,-0.7676162615217597,0.19194552071671403,0.5161671829002431,0.27847196788940354,0.10918684540884872,-0.04489027756761933,0.8395330981607897,-0.22821533292268248
duration,AA,200704,185,0.21220139044007746,0.8128249049436006,-0.7813312611349078,0.011472396737501792,-0.1939160759637618,0.1486303677443452,0.09878759936370936,-0.03020389840109216,0.8140635389117634,0.18131286823541784
duration,AA,200705,188,0.6000216727223907,0.6844437240343977,-0.7277784098810381,0.09471580653763656,0.3947177839543296,-0.1284968263565524,0.08868548268213336,-0.03443299931711946,0.8146710179975177,0.015186455926542683
duration,AA,200706,184,0.726135625426502,0.7968213681454217,-0.1287232613142168,0.2862935870773446,0.6487327583426029,0.5057356677030876,0.08224980692436103,-0.013298419915618002,0.7274349864750557,0.3622106541043651
duration,AA,200707,184,0.6876405360309106,0.8023819121626689,0.17012780052775014,0.4342267169759703,0.42828997143672565,0.4696782384248456,0.0746405252328714,-0.01728000135104096,0.7092613354828298,0.4680033391818097
duration,AA,200708,186,0.4898325503869257,0.6846531491466683,0.06139335816755171,0.41745536805814115,0.16960217074069067,0.259800566565093,0.06917050522932766,-0.023854683442827897,0.6256922254810472,0.6168666622892226
duration,AA,200709,192,0.6778548182470179,0.8011564011106727,0.43838842470770156,0.7584741775505133,0.6113413178525895,0.5133870176082821,0.05951185608550432,0.004186250841321247,0.5734880673593774,0.760107197109449
duration,AA,200710,183,0.742231936786694,0.8308493415998576,0.5530828757842301,0.7607599522273382,0.5601047206535447,0.5672550862602,0.050992150896659615,-0.014385675047292712,0.487933677097225,0.7557153553228979
duration,AA,200711,185,0.5842752636786823,0.797225057311267,0.44036617262423716,0.7315243498378744,0.3542739092528714,0.55039287514187,0.04584626802948768,-0.04021794343755237,0.6440567990843845,0.731468343238695
duration,AA,200712,186,0.5865663096732866,0.8288266824958519,0.4631743352805971,0.8108356594213434,0.4722601159033796,0.6290605399609013,0.04510738534408538,-0.03236295375939393,0.5172238048995433,0.7756686845839571
duration,AA,200801,178,0.8596457910819547,0.8150813075871062,0.8279806240684138,0.8276293139447456,0.829429669687817,0.6534967795381256,0.039880963873428536,-0.020412412383877275,0.539943084230566,0.7096206936586564
duration,AA,200802,179,0.8156349828716198,0.9127564594137383,0.7972129809804782,0.9094817056805367,0.6525599983261148,0.741081951113738,0.022924248960936446,-0.025609600235284077,0.5880004134190607,0.43756598931951163
duration,AA,200803,178,0.6765195594992373,0.9034001171383429,0.6560357218470757,0.8950720030532556,0.35025092320802953,0.5756296642699353,0.02524612012090208,-0.03732773339616007,0.5942124587379011,0.6330849136241097
duration,AA,200804,177,0.7964121455578342,0.9244766799237208,0.7746035387198976,0.9270581081073546,0.6288369314935685,0.5023956527678631,0.023901351909893707,-0.03097196719505632,0.626986978634447,0.6087694593668136
duration,AA,200805,177,0.8872659398928557,0.9558881053062751,0.8742836862242691,0.9586522444143244,0.8679277540208793,0.8441953810651945,0.025063202970310578,-0.03252843735406591,0.48714080364653395,0.8240047901565777
duration,AA,200806,178,0.7970410452334837,0.9301609542470265,0.7824665480052218,0.9258921959985154,0.4775243662021281,0.6220316875338653,0.020574853646004032,-0.0296774170136087,0.7168978109280137,0.38973711727684834
duration,AA,200807,176,0.7967627047404394,0.9555687872107349,0.7800682368478978,0.9536775084713307,0.6026920537090028,0.6650799721574046,0.021176344253271737,-0.0180982630488589,0.6921060721812174,0.6401332521191961
duration,AA,200808,176,0.7630045207065002,0.9691518392949703,0.7389786484701739,0.9670151155980186,0.5520911292097733,0.772561682946364,0.03220563827871883,-0.053288953574576574,0.6750793097315595,1.1265085797922105
duration,AA,200809,173,0.21101663243254767,0.6288093746759883,0.1751463628314892,0.6091129905152629,-0.016893724128660234,0.38393620744504126,0.02391018674828614,-0.012850478741867441,0.6339620279256463,1.1029135701008703
duration,AA,200810,172,0.4145636397207544,0.8231361182588659,0.3859625539180657,0.8313349122612114,0.5040221874756793,0.2820830746504154,0.02820750222196196,-0.023901732935800998,0.603720908687265,1.0914799032262799
duration,AA,200811,173,0.26846080125359456,0.8583583308092912,0.23298923196017265,0.8544091206478158,-0.024817944569857836,0.43630272278715976,0.025354621227340203,-0.02135094007903612,0.6492340890492717,1.0221260070492213
duration,AA,200812,103,0.4818248962833265,0.8957513055798093,0.45048982998726006,0.9002243229845551,0.27164697096164836,-0.3006202516712,0.026609041404714272,-0.0193111127943834,0.7568961483363176,1.2566192142480288
duration,AA,200901,101,0.5889143210019567,0.9206661677339654,0.5712871287128712,0.9188611498616417,0.4428421665695981,0.41352479186195096,0.03418439136792001,-0.03539882079772097,0.7139907120819975,1.104276397343705
duration,AA,200902,104,0.4076923076923077,0.9137624760744336,0.3841886269070736,0.9125995551157007,0.1310146164515097,0.5816365178601794,0.04028112568127887,-0.03492255923426316,0.7495821669774073,0.8696029010405616
duration,AA,200903,126,0.5810441126208747,0.9277628129409959,0.5387176602924635,0.9222197225346832,0.2173438320209974,0.5429411323584552,0.05225273657426328,-0.04674966495641822,0.7917002421545534,0.6501075983999061
duration,AA,200904,132,0.7240649719381429,0.9380177848695695,0.6735297647310503,0.9471035505629553,0.6040448101516803,0.08004581202207145,0.061022970396472476,-0.04090349139765663,0.8307337608892987,0.4445197779886799
duration,AA,200905,134,0.8395138081892668,0.9363977336235327,0.7933889449993142,0.9421186903629213,0.5540150800077625,0.1724545970323231,0.07480440355923525,-0.011437792585441945,0.820424235691428,0.4190999588667671
duration,AA,200906,129,0.8439452256999251,0.9291951542662916,0.807273032200358,0.9279291366570706,0.40034660107334535,0.30343052166521056,0.08775091801353736,-0.03498717966068971,0.84607056442743,0.16370321354191708
duration,AA,200907,131,0.8733610117994909,0.9132396569150432,0.835376074307372,0.905850386621458,0.5949554262531362,0.48438713603742717,0.09442137783023113,-0.033404958146136886,0.8503709520157667,0.01957600649171634
duration,AA,200908,132,0.8591308249805636,0.9276543122921599,0.818051374097979,0.9166317728295026,0.621858254240737,0.5583066248728027,0.1167079325305833,-0.04164258526120625,0.8971798131527976,0.16013610278963572
duration,AA,200909,134,0.9259841145151437,0.9493260514470256,0.8685868901108492,0.9419843140188782,0.29277921171086924,0.11896657065549447,0.14257641402752136,-0.025291032554269014,0.949702723064351,0.07858436965332466
duration,AA,200910,138,0.9414219779749208,0.9844139743401502,0.8788873693174942,0.9742870254732424,0.5341389852256563,0.37884741397615,0.16070222675314938,-0.022208996440211966,0.957034397857614,-0.01003714424926438
duration,AA,200911,141,0.8934655457636046,0.9508280587530431,0.8122650798407466,0.9214124335512291,0.4534483496725031,0.4676018532493935,0.18066619831118638,-0.027915556494893277,0.9149586829063225,-0.048549704127960634
duration,AA,200912,144,0.8549932782616697,0.8888607559343319,0.7091913833293144,0.8149397755060408,0.24623824451410659,0.13811244318270524,0.20724417224500596,-0.014591944590192182,0.9373564221699926,-0.05781495513862168
duration,AA,201001,141,0.9523212219789509,0.9611924803747124,0.8333704353782266,0.9153151147653888,0.5975341410163105,0.5192527917576684,0.2284520059851953,0.0018852663465983438,0.9499522666856136,-0.0807908176405488
duration,AA,201002,156,0.9366256340821489,0.9819806008152272,0.7941553002165287,0.9089809920391716,0.392745491615432,0.3910205094458115,0.23040691244249417,0.0074882178084970585,0.9591568032103895,-0.13484541064940408
duration,AA,201003,158,0.9722175739866854,0.9901027904167752,0.8884201783196093,0.9521524040183952,0.29172035371843996,0.13076132031571755,0.2308991101593761,0.012124506796649396,0.9626296312436039,-0.10987013823627105
duration,AA,201004,157,0.9286059824236071,0.9523362095041332,0.8189271826295128,0.8742253335514535,-0.14775891688735354,-0.18188245691581736,0.2119656581021864,-0.0025064120509202003,0.964687494618234,-0.14248862308999877
duration,AA,201005,159,0.9212770499130308,0.9327247025397044,0.7698202770480057,0.8341055648435634,0.19110640076427038,0.2205367805111058,0.2076750002187851,-0.005060541993294686,0.8935412886992179,-0.04787085653243391
duration,AA,201006,156,0.9020601081541816,0.964576894415344,0.7595486083671823,0.9021714563894506,0.45905074994863354,0.49081173177620024,0.18835353569943053,-0.011506358882202125,0.8694845022479951,-0.053424585520610676
duration,AA,201007,160,0.9135127889820241,0.9664668535896153,0.790656861596156,0.9270398211650069,0.6176696355326381,0.5463835596974684,0.1764330823479556,-0.02207699022760821,0.8369829564181885,-0.07560188237963034
duration,AA,201008,161,0.8980387307904539,0.9579600800845015,0.7667155509546816,0.9014152750810482,0.6073383942949162,0.6433401843387928,0.1704153106038868,-0.043928638485518826,0.8318911485770645,-0.04952204448225047
duration,AA,201009,163,0.9122177224388504,0.9725061723947784,0.7835663734960459,0.9243117200530374,0.7346556492149788,0.7165565427993627,0.1577387917070389,-0.07369395388735325,0.840986998969735,-0.026606784421685823
duration,AA,201010,163,0.9361362828685048,0.9816580939023155,0.8063771537510876,0.9439400468029726,0.823252475878542,0.7470568593853072,0.19380659486841342,-0.04848832314349457,0.8615224514964888,0.010821357347343389
duration,AA,201011,165,0.9489915315363451,0.9844862717966772,0.8124489087169077,0.9222430223621743,0.6234365399513798,0.6536255801203473,0.2207680413647515,-0.02724509803134858,0.9140472212413527,-0.018268587587497435
duration,AA,201012,165,0.9206274151524457,0.9701492936044954,0.7240563139475865,0.8489113883471805,0.5877407634974489,0.5277161862527717,0.25995772521580485,-0.005339102440952141,0.9162867156145842,0.014620909634877997
duration,AA,201101,165,0.969804029736031,0.9938162727066693,0.7946250634466916,0.8819262174108492,0.7529906766756607,0.7084720814155352,0.2902562965166762,0.01055356902680908,0.9457424363546008,0.0716748070221474
duration,AA,201102,174,0.9714473158942096,0.9914610130386293,0.6743324126541188,0.763902596260038,0.5693886500185085,0.5069498032119066,0.3138209050514625,0.01118102378961557,0.9289050445460847,0.07090274035994207
duration,AA,201103,173,0.9733782581880402,0.9958721597921479,0.575955704094451,0.6758637073443806,0.7700562274313846,0.7845606065446467,0.34055253514459066,0.018257893418534222,0.913287640867937,0.047514875411940743
duration,AA,201104,175,0.9298762482515162,0.9645867993440871,0.5191222570532916,0.632614138963284,0.7038244514106583,0.7186655597841971,0.3536325848007113,0.024703559455222977,0.8961641778594223,0.04354531093386736
duration,AA,201105,177,0.9711932419763687,0.995385073173371,0.4617800072713424,0.5744579898515788,0.6677689098180434,0.6749475613669604,0.359106232801857,0.017010409791286926,0.9146904018499176,0.012758405101885723
duration,AA,201106,181,0.9484158244033111,0.9841428048146312,0.42257907838018327,0.5520837391394364,0.6734806629834253,0.715084448973261,0.36174181258893584,0.01230866280500237,0.9350478813592974,-0.034238129291605995
duration,AA,201107,181,0.9229103518978592,0.9838341645948372,0.26157691295812835,0.45026276019939376,0.09325278772792583,0.2099764383511389,0.35805389751524813,-0.0026919846638268803,0.9171370152883397,-0.052786944552991086
duration,AA,201108,182,0.8675442507861686,0.9693205066265151,-0.11153333578838515,0.15967382265592756,-0.29708349797109873,-0.12948460257227937,0.3657763328301929,0.0021337339555960663,0.9409646546239523,-0.03357181553754384
duration,AA,201109,182,0.8340365899115273,0.9743258744316549,-0.23784774233103187,0.14886417020394252,-0.10230101390322384,0.07928812574184765,0.37437735288067453,0.011808356934203536,0.9496836321154256,-0.01711358733485092
duration,AA,201110,186,0.8603459577820027,0.9718213199412676,-0.2582127754803276,0.19669092278952718,0.3217647525047904,0.028525498767314004,0.3817440781738909,0.01201856679967665,0.9562217599494366,-0.000616779723594012
duration,AA,201111,160,0.8715473022726149,0.9740717763336093,-0.2273438415563108,0.1103220154757327,0.4651294972459862,0.5777747503093774,0.3829344329820968,0.012010468464802918,0.9405720044492615,-0.04670339458134882
duration,AA,201112,159,0.871729268763314,0.9546890615375422,-0.36439276331502274,0.01866501272945308,-0.2124701456890375,-0.3963389467248884,0.38037100126054013,0.01946293022014168,0.9378342855092754,-0.0285757323432095
duration,AA,201201,159,0.8612422835880441,0.9448746377360475,-0.41010866969190357,-0.024196955154306803,0.3258000955337951,0.1814159622284715,0.38051552203107625,0.03180435475046446,0.9605649728651503,-0.03642698641906335
duration,AA,201202,160,0.8575237313957577,0.9579030790808928,-0.41900269541778973,-0.05535722395005346,0.06852513770069144,-0.08644979264305631,0.3700376307729159,0.029522808177592324,0.9578763319745922,-0.04351060313662192
duration,AA,201203,161,0.8907931409545815,0.9492458514824827,-0.2475270301357258,0.020761444674488153,0.577639751552795,0.5009316770186336,0.35527320474036345,0.036928984760962576,0.9493304001988597,-0.051376209596643095
duration,AA,201204,158,0.8658828218423729,0.9430119835860689,-0.2902173698085825,-0.020491101887332247,-0.03827588882178535,-0.002797560235397476,0.3421436627700944,0.029904124583188682,0.9537742573478298,-0.03130775824208316
duration,AA,201205,169,0.8747419787319445,0.9379076212788743,-0.3948883695490031,-0.1139464894169363,-0.423042116254786,-0.4136161971265156,0.33974372154424726,0.04269542752844773,0.978333874895553,0.02747846947573829
duration,AA,201206,172,0.9162290422274013,0.9810469739784472,-0.41483598767048013,-0.11223218565515237,-0.10212417722623536,-0.20542647770671535,0.34015124354945336,0.046313652601292665,0.9877741166085776,0.02276108432794875
duration,AA,201207,178,0.9163611023202288,0.9665920508635787,-0.6058638471629241,-0.33157450973654556,-0.4484753635646948,-0.6458051285878676,0.3408997350023686,0.04711153065357175,0.989949773783094,0.05482737957904346
duration,AA,201208,170,0.8874412481153531,0.954863880235348,-0.6531628409694616,-0.3861163101009995,0.19026874530565888,0.08801389834585986,0.3472061429862767,0.04877096456345923,1.0016546782549303,0.05639786834079392
duration,AA,201209,177,0.9029253117650753,0.9441733613873668,-0.6631312650404253,-0.3744098111346459,0.1312412354356746,-0.048683446686809975,0.35639286896298106,0.04866345918711286,1.0055895379556334,0.09098925255371841
duration,AA,201210,175,0.9155339403654869,0.9705149362179495,-0.7494805194805195,-0.5376450264726014,-0.3768540080609046,-0.47181982962392943,0.3648338434417543,0.045731899064898746,1.0048859994968389,0.04067299763515105
duration,AA,201211,177,0.9275422850829812,0.97856623087269,-0.8023839614965115,-0.5817080098469605,-0.03031890029604751,-0.13484675521418885,0.36707829444677026,0.03483385833462457,0.9926774677177653,-0.024923263008689932
duration,AA,201212,173,0.8686399995377714,0.9418231122242454,-0.7850308949571458,-0.5690552385148138,0.24132600321696931,0.2105081400808328,0.37103746613773514,0.03410380661150693,0.9940573977847953,-0.040252415271778225
duration,AA,201301,173,0.9573455816189255,0.9583148882524207,-0.6566603779707136,-0.3990740767572063,0.7804140341443743,0.6229504967141455,0.3778172511943457,0.03513069037409807,1.0043212641854877,-0.044818847551545526
duration,AA,201302,180,0.930315200219883,0.9803198354680486,-0.7225449345144397,-0.5616938400301748,-0.17988415280307005,-0.20465981939764055,0.37536759022382643,0.035181513172058455,0.98664815561774,-0.07705528742834941
duration,AA,201303,182,0.9130129920412624,0.9812715854010531,-0.7052225919176377,-0.49963846026378433,0.1794938147623593,0.18887154316508106,0.3672703385159714,0.03966292986376108,0.9803520589626755,-0.04947498021818379
duration,AA,201304,175,0.9219709594554508,0.9774154598162412,-0.7322995969547694,-0.5421070309001343,-0.4205217196596507,-0.46214509628302736,0.3519639449042878,0.04638574264840257,0.9725925169576806,0.015369365686139948
duration,AA,201305,177,0.941215106022884,0.9879324737927768,-0.17443430688526862,0.06163328197226503,0.8528808365506139,0.8502622877027753,0.33661331686894147,0.04783497876091723,0.966260324982623,0.09739004713547382
duration,AA,201306,190,0.9482094384471577,0.9868597794742842,0.16935539956148513,0.3222039780152998,0.5888755872559741,0.645572299987079,0.3233358767006404,0.04656881151261212,0.9706911342643263,0.09457849715479034
duration,AA,201307,193,0.9378274602811488,0.9720988365302933,0.30475635649805033,0.4523209885305167,0.6265907937610169,0.5878816584843222,0.30440630053523576,0.045436185621542544,0.9482490413730261,0.08698870124344703
duration,AA,201308,194,0.9673849891085439,0.9853989015175538,0.53963175865852,0.6627453800258468,0.7160786118427269,0.6588188887419013,0.2889593392065429,0.0511343249757615,0.9552236892592885,0.13237290534716734
duration,AA,201309,197,0.9500292145358019,0.9755653090095066,0.6929985653698488,0.7756511174916988,0.6096895611036294,0.5651250908424361,0.27792803492166296,0.057909197380566796,0.959693431812096,0.1708356164588138
duration,AA,201310,198,0.9759491875426108,0.9889232177243839,0.7016786748695021,0.7651696010857758,0.18137526580757968,0.11689672431159652,0.27632442561554843,0.059053331520216495,0.967307835138216,0.13520486729139372
duration,AA,201311,200,0.9683330714517563,0.9880806930778468,0.6503442586064652,0.7338463713517247,0.6176644416110403,0.5870331459661202,0.27435587928395,0.05138588269425277,0.9694860080777681,0.08986949566459417
duration,AA,201312,219,0.9774920624408708,0.9844147868872463,0.69334148319947,0.7521783998590457,0.5104790521781851,0.44104346117298787,0.26735263562339645,0.04152298134169961,0.9421942866642523,0.06665369012087738
duration,AA,201401,216,0.9697045834454225,0.9847372148498673,0.6460472260922372,0.718765666138075,0.014192833922766403,-0.017314468277162844,0.2653181409422279,0.04414800014929976,0.9582531102773058,0.03823433127947324
duration,AA,201402,218,0.9511029335114077,0.9764731569396066,0.6437417941713206,0.7180718690985765,0.4604733159627004,0.44105145925677086,0.2577597572873521,0.037261932886859944,0.9453026539016893,-0.002176020837236168
duration,AA,201403,215,0.9793704018099846,0.9953965238172088,0.6522978096549059,0.7233951093936872,0.43440314907387284,0.41885605717125723,0.2524834045556614,0.0368747273634971,0.95502528349334,-0.0023054062649556753
duration,AA,201404,214,0.9374338591561678,0.9707294733923564,0.5469815196329028,0.6347941932948831,0.521328798699609,0.539012081283507,0.24664996352085547,0.04970156527972615,0.9510392604050731,0.022783208032640487
duration,AA,201405,216,0.9666553146094737,0.9907044881625814,0.6340632777241928,0.6992234945029759,0.16993176865644982,0.1701018590410974,0.24083822840330316,0.053009041657319074,0.9551574474192752,-0.020994502889200236
duration,AA,201406,231,0.9859924506788085,0.9948003131886656,0.6527891898206742,0.6995509059281202,0.3844068225627446,0.3434785952596064,0.23751921007777765,0.056422461723390396,0.9740526778687978,0.06416042664873543
duration,AA,201407,234,0.9798751218438019,0.993179385212776,0.601572505964799,0.6548767549951044,0.18302929834296836,0.18091387659203914,0.23359543434606128,0.056737244547294834,0.977530639704812,-0.00496381144115785
duration,AA,201408,236,0.9842009414023644,0.9931262881366647,0.5243080883930487,0.5762921923540673,-0.6765920928300474,-0.7117386420991009,0.23989605759604082,0.05071901464251581,1.0089659712987793,-0.007471362181493062
duration,AA,201409,237,0.9845458892939919,0.995549283421111,0.5239795982756973,0.573889480218707,0.5073621810878396,0.4893293600186277,0.24570386312879455,0.057567677697191774,0.9997811427568056,-0.04567939807552702
duration,AA,201410,235,0.9567137484493885,0.9696824061561266,0.4504627960091357,0.5137102929956208,-0.3146689228550029,-0.3372201779343095,0.24915403439626863,0.061152214680417684,0.9999286899637603,-0.09098658564671444
duration,AA,201411,234,0.9555537084240847,0.9774517301111241,0.38745039090213057,0.4592558875944234,-0.24148643491169292,-0.267273285385514,0.2517287925236587,0.06176489285235594,0.9954513258570981,-0.07174518773017209
duration,AA,201412,236,0.9425521736327865,0.9633567471027852,0.035668539761808025,0.12117681993144042,-0.7318518991906585,-0.7417600990392987,0.2590843422863922,0.0590316324119107,1.0167408694024054,-0.0837033778139507
duration,AA,201501,231,0.9609354369313082,0.9710935613761597,-0.3204560057633521,-0.17885551996478374,-0.6005919118362897,-0.6742651531036654,0.2695193792659603,0.05418200664253484,1.028374103920706,-0.07085198216141385
duration,AA,201502,227,0.9331794114725088,0.9637365447377068,-0.17708143111277083,-0.05400335424256292,0.39196584107729465,0.31447856508886296,0.27442721465344017,0.04949173889118144,1.0133469196391567,-0.12111806045205037
duration,AA,201503,229,0.9675856138813753,0.9877701380522015,-0.24172753889660553,-0.13592801042661484,-0.10900742458005658,-0.15215219516410458,0.2811326071857299,0.04874080866016321,1.0186879548443293,-0.08276989425966091
duration,AA,201504,246,0.9784449516099057,0.984931136654811,-0.2032066228288491,-0.10688594468939486,0.5460863361835303,0.4703620795840144,0.289572762411003,0.04486400363940131,1.019421251590225,-0.040273492879049216
duration,AA,201505,241,0.9759562874337713,0.9925705358650945,-0.13860550049723946,-0.03821718028488474,0.4159279517163335,0.36977938190089077,0.2998218175964458,0.05290630246544296,1.0199521686862747,-0.0959344260917453
duration,AA,201506,251,0.9594410312149639,0.9742693204912025,-0.15278846518687159,-0.06567378588326424,0.05937469170935306,0.02467732829041475,0.30651083743608704,0.04749117148625177,1.0102617322278704,-0.08835809201792076
duration,AA,201507,252,0.9815868871358295,0.9940908115223343,-0.23702067318904319,-0.15971032451654052,-0.35778062228781093,-0.3989164352221978,0.3113035248754943,0.05031485279034114,1.000149968663951,-0.07214018680406027
duration,AA,201508,252,0.9785573952452851,0.9923876548256022,-0.26320991209264205,-0.1888590731357464,0.22279037435801685,0.20038798389759563,0.31271915334734074,0.05169226976293699,0.9924519126009291,-0.0881494406854609
duration,AA,201509,254,0.978706810712774,0.9918775244861996,-0.2877210390551913,-0.19383815264723028,0.20960626259778442,0.1709662926947525,0.31018285289799696,0.048313757709623026,0.9857765389686749,-0.08450171472583824
duration,AA,201510,253,0.9780414724465714,0.9941103970803398,-0.2633527034417141,-0.1640222000701268,0.2505739154147234,0.20359647951175336,0.30572088924693464,0.04541181244858862,0.9818367793258849,-0.07547828094886232
duration,AA,201511,252,0.9704809043176325,0.9907336186730707,-0.386777377596709,-0.2768376145134077,-0.30960367076771034,-0.345271368606744,0.29742394725568666,0.037129380336424586,0.9789659146074541,-0.11411818482488173
duration,AA,201512,258,0.8943972711949818,0.9309609258339219,-0.5110322132311093,-0.3820881359421226,-0.26134324921764973,-0.24774513761907882,0.28911836775689853,0.035642320994998845,0.9699605081475923,-0.11785244572317033
duration,AA,201601,251,0.9525918640778669,0.9862547460316868,-0.35035856573705176,-0.17827849764096382,0.4932506165812938,0.5257275247597812,0.28025707230151514,0.03400755518651558,0.9702028139086302,-0.09967926610862697
duration,AA,201602,226,0.9546927467258908,0.9902911813915436,-0.5445490104349408,-0.3590481036978835,-0.25933699790781384,-0.3180677224465716,0.2728356374495901,0.031914462950564035,0.9747530545977023,-0.11343717822105782
duration,AA,201603,234,0.9628312699447683,0.9867972819547337,-0.6088637262959243,-0.4316812608572002,0.025741238945512532,-0.08693107131635826,0.2658637722895855,0.03175655954398214,0.9716535191527387,-0.13887165085460523
duration,AA,201604,243,0.9396884177935416,0.9826196187062182,-0.6777971802810352,-0.5134365892659237,-0.060281570465375724,-0.11503504274579435,0.26051930104898413,0.02742866861790204,0.9801037809859621,-0.14212123742719937
duration,AA,201605,244,0.9673392099068209,0.9916770580393368,-0.6868691374546175,-0.5500693800373015,-0.09027256318435085,-0.17007371280391015,0.25676900775397926,0.03281876779244427,0.9788736158884022,-0.14269742196460072
duration,AA,201606,252,0.9643261604977705,0.9889311109580826,-0.7455875725406299,-0.6131508592537099,-0.062229530963291584,-0.07152850538915098,0.2515791402962866,0.03022074507652751,0.9770673579151447,-0.14225440797991007
duration,AA,201607,253,0.9640653479950959,0.9921893076776803,-0.7348355171018643,-0.583910337162553,0.11745443874851613,0.08177732493525099,0.24220719465095303,0.026341431107210954,0.9590621702912097,-0.10159941931681907
duration,AA,201608,257,0.9635163618616518,0.9896786597156825,-0.807851806397611,-0.6694929408268029,-0.07430888607365849,-0.16097850567128855,0.2320324548478504,0.026865699459662835,0.9458567157114258,-0.04846543342368403
duration,AA,201609,258,0.9529016141476778,0.9814035950757638,-0.7378716928078977,-0.5878662652059611,0.47929099517191087,0.45205055408523565,0.22328542669494233,0.021010253576699906,0.9534859966874887,-0.08102887873735787
duration,AA,201610,257,0.9673340931896308,0.9870479100437859,-0.40808029250746536,-0.22808210680249044,0.8183443523210567,0.7790238196859763,0.21524758108763314,0.020822679577976712,0.9425148396039915,-0.060360642764486015
duration,AA,201611,258,0.9798221929688725,0.9882775425953312,-0.12855839667892877,-0.018082222315812118,0.43534801267133183,0.336327937549436,0.21232631704826546,0.023698939772790126,0.9637916729934213,-0.07490270519194686
duration,AA,201612,259,0.9710658648601563,0.9875777298440218,-0.266861673838418,-0.17624995035623203,-0.18200247270014713,-0.21752270243141403,0.21312430739815513,0.02592884746021262,0.9811723141408275,-0.10430922281847713
duration,AA,201701,259,0.9735883213703758,0.9882430421697384,-0.14820936448843422,-0.05129279255889124,0.5166561910747958,0.44238082353434466,0.21757005554015235,0.028465534359876223,1.0025734159027084,-0.15706132852226246
duration,AA,201702,264,0.9796111363300812,0.9929637976518572,-0.32370393076326065,-0.22775065194985397,-0.4541515303693364,-0.5253727858440668,0.22332873794936625,0.02698481388532765,1.0116444867277112,-0.09485138095883838
duration,AA,201703,269,0.95702769551041,0.9723147825057674,-0.465368942154161,-0.37806830539808817,-0.05178753074774825,-0.09821012435984255,0.2290336530449093,0.03255054444828253,1.0099545440169007,-0.05229016596271939
duration,AA,201704,264,0.9761963731192108,0.9951766902837126,-0.5897110135721226,-0.48948958056192865,-0.2565665986212653,-0.2752705297376351,0.2341142070036359,0.034145843189263336,1.0102811567886565,-0.04306484684341976
duration,AA,201705,245,0.968293395441744,0.9934032065349201,-0.7700585072093612,-0.6599077141491553,-0.5611094337775095,-0.5797737754227438,0.23653474932691176,0.0311141572860739,0.9998866912683012,-0.11136660457620579
duration,AA,201706,254,0.9736002659761714,0.9919580552726689,-0.7703621388177442,-0.6555147380578349,-0.29376321565942365,-0.34293315543510716,0.23395941900060366,0.031964450300977575,0.9832768174456439,-0.09158689093835409
duration,AA,201707,255,0.9714170126501296,0.9927544924380285,-0.7156626331635016,-0.6052499881523431,0.5386297186197314,0.5300619393256507,0.22633552187791195,0.02436236642201475,0.9660040630728368,-0.03328872633647702
duration,AA,201708,256,0.9602072990653961,0.9801065608831061,-0.7827885385671778,-0.677084188303494,-0.02327978370336461,-0.09582303123826609,0.2237410280696328,0.021564533199631634,0.9803678221177115,0.010104078858546977
duration,AA,201709,258,0.9548853870805911,0.9788885618287708,-0.7373706811766716,-0.637206836345333,0.07470069446361184,-0.003237017646383822,0.21962554560592212,0.02137842012735911,0.9692013213358476,-0.004603998198091388
duration,AA,201710,261,0.979500430031116,0.9874809264382305,-0.7842124445704336,-0.7074557658795487,-0.20535771987191928,-0.2682004090510929,0.21308432419156728,0.025588507150720117,0.9614893816689148,-0.029076748068183233
duration,AA,201711,264,0.9524468706129419,0.971850361219528,-0.8531321537347794,-0.7817266729511146,-0.5416497436313071,-0.5392958087541294,0.2040508034790101,0.019812022400244097,0.9530063465517533,-0.07168788021638112
duration,AA,201712,239,0.9459198011422615,0.9642166248661743,-0.8916502584297316,-0.8182654245935008,-0.45021447909707807,-0.482404407565277,0.19714249776274811,0.023362008280410494,0.9588681109300867,-0.07434122478173737
duration,AA,201801,243,0.9560629822886807,0.9742483868394738,-0.8223073590684121,-0.7296179173027776,-0.2088328223449932,-0.24842515940001195,0.19487831232640485,0.035775050703329245,0.9789085169878899,-0.11778573484272707
duration,AA,201802,249,0.959452791967262,0.9884361667937316,-0.8079471434123592,-0.6950814626063292,0.2984407886593116,0.2869160004525926,0.18656867922120413,0.04170587350878144,0.9594161840323905,-0.1227954974679821
duration,AA,201803,247,0.9320854943235606,0.9724777491504393,-0.8253710139295464,-0.7080609098000178,-0.2531144783826054,-0.2489189162849915,0.17833551873659673,0.04726784354149675,0.9587693563303988,-0.10610269381744884
duration,AA,201804,235,0.9529584977510285,0.9777239052329317,-0.6870352390727436,-0.5324578864792654,0.48196621265499734,0.40554829818113264,0.171837617518149,0.05096882114430103,0.9657441314023414,-0.1435024425239535
duration,AA,201805,239,0.9473621060234093,0.9897031638555109,-0.7132730916634435,-0.5631545787681812,0.2181102985127105,0.19074347423912144,0.1694658808579644,0.04971137820709952,0.980216889383455,-0.09288071747566339
duration,AA,201806,244,0.9189501536205477,0.9835087310612907,-0.7532227219971169,-0.5919554116569838,-0.24081715260481848,-0.18670709488989556,0.1685828075663804,0.04404103875613987,0.9891640272687624,-0.12599171835597148
duration,AA,201807,261,0.9151025408308696,0.9775364281324586,-0.7965146023582454,-0.6008559981087526,-0.26049972664871324,-0.3715581848418634,0.16723288149486973,0.03683121275697292,0.9827013609080549,-0.12492832693222046
duration,AA,201808,264,0.918337452487527,0.9819759006914129,-0.8239021972360088,-0.6285315515413794,0.2431053486294177,0.19422970941578602,0.168558131762331,0.0289702685093085,0.9989155945044641,-0.12242182291351375
duration,AA,201809,263,0.9152069428262771,0.9880018523391437,-0.8074517854362859,-0.6184194164985662,-0.23882403696208004,-0.26627922509604085,0.17112846654265707,0.027247588914484904,1.0032093084913036,-0.17738598739376157
duration,AA,201810,274,0.9276302798279414,0.9776997788913114,-0.8089367566739829,-0.6201762477572732,0.5596776945682056,0.5162106368506599,0.17245586211332198,0.021644948070395218,0.9936138665128643,-0.24265429797726842
duration,AA,201811,282,0.9224027899538417,0.9792896332984128,-0.8088166674693541,-0.635262530557129,-0.0678840319137006,-0.07694902964968776,0.17207426282018728,0.024153108326114902,0.9839492813211722,-0.2183681526167474
duration,AA,201812,282,0.8805115734441916,0.9308484259947198,-0.8068686671941024,-0.6227119291246156,0.1736655339375923,0.1958767534331873,0.16900702041458204,0.031336457281989714,0.9728873321312899,-0.1552460928343469
duration,AA,201901,281,0.8606814996746663,0.9422574797519444,-0.8602932427608734,-0.6335387266381904,0.17485099892913927,0.07767230781684167,0.1648905681525512,0.034470048207300104,0.9755099077833983,-0.1407737415959835
duration,AA,201902,275,0.8965964630783613,0.9645978418237039,-0.8837032976544243,-0.6393754804622553,0.3028129598107383,0.12040604271999894,0.15982460189229938,0.04058529826209741,0.9663969720553583,-0.08282046432143536
duration,AA,201903,277,0.8123968966229154,0.9055368307600706,-0.9168511996241964,-0.7161255599060804,-0.2510944940484592,-0.301189226150847,0.15509795889816197,0.04014873781242011,0.9681980650826777,-0.10167183295006142
duration,AA,201904,282,0.8876822781245989,0.950889482238937,-0.9165107057211604,-0.6235074329937084,0.6069184855124211,0.3553776023855844,0.15016577510902587,0.03958514605809028,0.9713271852809477,-0.056768423638444934
duration,AA,201905,284,0.8321593969305882,0.9423018338419091,-0.8919670898741902,-0.6735761583107783,0.09241500705927962,0.12122519447408282,0.14370139740003704,0.04474937921711353,0.9610114159741343,-0.10834674027039726
duration,AA,201906,286,0.7224180125072506,0.9191068576548198,-0.8581121061223755,-0.5694640067814452,0.09815781137989096,0.1587926433501199,0.1360195429929244,0.036126941734725804,0.9519927352708466,-0.062263574870278095
duration,AA,201907,264,0.832486755128951,0.9189720468391132,-0.9039157628367758,-0.5468652170626584,0.21408148491153006,-0.1014273322571921,0.12802739422077652,0.03879596551838158,0.9449002379023641,-0.017788242886674178
duration,AA,201908,268,0.6817564129392701,0.8960858489825411,-0.8988633126086704,-0.6468074999037163,-0.471435063935159,-0.35441519654185405,0.11777959526555615,0.03635576533123252,0.925488890570824,-0.018761293969969377
duration,AA,201909,279,0.7811658257594042,0.9304728576166865,-0.7830205881377847,-0.31440982645652626,0.7091154725988794,0.599539664891894,0.10876989799460843,0.03254012282064505,0.9230984087388002,-0.05517372355735903
duration,AA,201910,275,0.8644595159054033,0.9295721943657501,-0.5887268111133551,-0.15552479712624942,0.6974216983672931,0.5428959022081461,0.09987786568146577,0.03289069225333332,0.9111646170462687,-0.05960280286473136
duration,AA,201911,272,0.8674740897208925,0.9482167279940003,-0.5303533562161735,-0.2287759934123612,0.05655691172296337,0.0026551345472255843,0.092742295661712,0.010043195487865307,0.9198365287410097,-0.13412104496814162
duration,AA,201912,273,0.8530356520754202,0.9248493103865598,-0.15421949240111543,0.1849355707821924,0.5863479586107323,0.5522007025701041,0.088560756159823,-0.0046646665211913674,0.941771582320751,-0.23898816482508314
duration,AA,202001,273,0.7732909427886618,0.9063838979298348,-0.2435376452658548,0.0930764127917912,-0.07130471503593015,-0.10984398598806794,0.08662065218342238,-0.006550549789138282,0.9645273209151333,-0.21714363802171155
duration,AA,202002,256,0.6397359645497211,0.8841372500431953,-0.17758211261158155,0.2666333112063027,0.04768897344930189,0.22732631569555242,0.08491023330755908,-0.0057084998962026534,0.966484307523013,-0.26725631036873687
duration,AA,202003,251,0.5301559614831725,0.7603964832917229,-0.20421252214239072,0.219869287549962,-0.11194158830233329,0.02879286293150663,0.08354710181258589,-0.005346084892372967,0.970410901089253,-0.165739827038662
duration,AA,202004,246,0.7801007533347626,0.8691493692320248,0.41058354812251746,0.8479323334085047,0.6993932163563559,0.14755717813040178,0.08242637695759626,-0.004168290885679112,0.9784836386429927,-0.18006786399247923
duration,AA,202005,218,0.8921559457585602,0.9236054221429556,0.740842049055146,0.9012790552910819,0.7014841871835309,0.49072170919215574,0.08225601546418194,0.002745138397732297,0.9842465604227656,0.017728234163407314
duration,AA,202006,218,0.9036009838614201,0.9625641953779284,0.745778721920646,0.8889219648664883,-0.10787765344718644,-0.21743830373606166,0.08183027664626424,0.006079636305777481,0.9810180170628057,0.03763838597716484
duration,AA,202007,217,0.8672234060768635,0.9697828960402219,0.6374737524485972,0.8353143309455947,-0.8242106944385725,-0.8073773909086762,0.08194322960858827,0.00701475312235712,0.9795610070730368,-0.02175201526408203
duration,AA,202008,216,0.8899759344317797,0.9717422225783597,0.7342109336858024,0.9081660539164722,0.7404101025256313,0.7122748314337265,0.0836600050240803,0.013230401195999797,0.9968150521604322,-0.06681258639257254
duration,AA,202009,197,0.8990371145368471,0.9675040359031643,0.7494074694944892,0.9174984343054827,-0.018173028325312594,-0.028314369711397516,0.08544795581695135,0.02020067461843128,0.993961999567315,-0.0989764516201822
duration,A,200307,395,0.9443398569396322,0.9414699880772829,0.5631365379036137,0.6660910325254474,0.6972319740487832,0.559195402494921,0.3229028580847951,-0.0017765444954224883,0.9304892833678323,0.07036993375179008
duration,A,200308,401,0.9254048952848797,0.9362790499237722,0.509324077865039,0.5665091482914626,0.03055067554993115,-0.053794024140358866,0.3229028580847951,-0.0017765444954224883,0.9304892833678323,0.07036993375179008
duration,A,200309,412,0.961342515357712,0.9535823527514738,0.6301180385264326,0.6958676874798794,0.31334818045029694,0.22719795684118474,0.3192641449458867,-0.014336473871509959,0.9545279824223867,0.1046581265303018
duration,A,200310,406,0.9419845132035294,0.9494132611607028,0.5735477528580977,0.6347987022211793,0.2583788445857412,0.16133247216388524,0.3192641449458867,-0.014336473871509959,0.9545279824223867,0.1046581265303018
duration,A,200311,416,0.9520125442674368,0.9622907345502976,0.46766675727537016,0.5417981088004387,0.01757205985975141,-0.044782385750537855,0.3192641449458867,-0.014336473871509959,0.9545279824223867,0.1046581265303018
duration,A,200312,421,0.9551070971014772,0.9561990587327899,0.5296913722204443,0.5910351274496441,0.42290899090890083,0.336680958532238,0.3192641449458867,-0.014336473871509959,0.9545279824223867,0.1046581265303018
duration,A,200401,429,0.9534603707773569,0.9448774781912812,0.5078561516727133,0.5615164272322658,0.28298576016463434,0.19697844439462125,0.3192641449458867,-0.014336473871509959,0.9545279824223867,0.1046581265303018
duration,A,200402,426,0.9533040984408141,0.9432900137574414,0.6016270428744115,0.6444032302311812,0.6894487076751735,0.6278139595423075,0.3113444440286823,-0.023590504925846644,0.8699386276911598,0.0702012345272924
duration,A,200403,428,0.9449621060010162,0.9513395750704692,0.5839173848979273,0.6463218506829593,0.6568542534529972,0.6198163976911663,0.3113444440286823,-0.023590504925846644,0.8699386276911598,0.0702012345272924
duration,A,200404,423,0.9496630996892165,0.9475811519744144,0.47073582078483445,0.5217709298088229,0.44542875859527026,0.39122613156885516,0.3113444440286823,-0.023590504925846644,0.8699386276911598,0.0702012345272924
duration,A,200405,423,0.9612383912073567,0.9483436615383903,0.4968874717104595,0.5447062168443845,0.6270262767061854,0.5844436140894285,0.31309596208666995,-0.027643867379923887,0.8770036848886233,0.0905137294596718
duration,A,200406,424,0.9353038018879136,0.9452127039695585,0.42373794380310104,0.5092814590199034,0.39115302898879245,0.33896144163333536,0.31309596208666995,-0.027643867379923887,0.8770036848886233,0.0905137294596718
duration,A,200407,425,0.9696591068527248,0.9850301756546007,0.3971473011208204,0.4953747547765955,0.6449144143439997,0.6012825434430148,0.31309596208666995,-0.027643867379923887,0.8770036848886233,0.0905137294596718
duration,A,200408,428,0.9607402071112455,0.9757085599629962,0.2888098682690786,0.3996163935841502,0.5712915310249558,0.5261570735347564,0.3187605318136382,-0.028998389673131147,0.8586295445079831,0.09032302709345214
duration,A,200409,439,0.9643875952644405,0.9668469289849698,0.08501930403356432,0.1836703243647123,0.4314742267748789,0.35944067062908885,0.31919229830395357,-0.03875056076386523,0.8601723874301164,0.0728016089226894
duration,A,200410,436,0.9663557281241412,0.9810613675556318,-0.1030589485556594,0.014094274955504948,0.75699735839468,0.7329527553817148,0.3214544705079538,-0.05216186136729025,0.8006833779398826,0.06574813354647023
duration,A,200411,444,0.9552655464888414,0.9741521740054457,-0.434032927085911,-0.3155972641852234,0.6731474315515708,0.6438135519155307,0.3281077588340517,-0.04139320114031187,0.7880214359225635,0.06997155472505812
duration,A,200412,445,0.9542476864634919,0.9616686416897938,-0.7070767043558902,-0.6135331050669878,0.4546943577829858,0.4173495690424865,0.33384942122176353,-0.03636257267476079,0.8269613387748902,0.03684390671183693
duration,A,200501,444,0.9422196548109163,0.9615277163734803,-0.8322779217698942,-0.7359126014439291,0.11129442781356444,0.03826809278643741,0.33533068235012503,-0.03143569180720415,0.8311896886915405,0.011612892165553607
duration,A,200502,443,0.9363550032230207,0.943966561391416,-0.8842356266391238,-0.7917754815839019,0.022388266488406024,-0.0409011923116467,0.34387245383701565,-0.03035313753618076,0.879069624990991,0.02424143664959837
duration,A,200503,438,0.9078745351824488,0.9206300809162677,-0.8699660160180924,-0.7626862788258194,0.393912930657696,0.32958117315200397,0.35049773175748977,-0.020466436591781698,0.8768895963307195,-0.01720547685426132
duration,A,200504,436,0.8888038193576356,0.9066520486121412,-0.9329164003222918,-0.7870092000292326,-0.08367750276277255,-0.1934141523201523,0.3596393516935632,-0.007977465774508394,0.9339558142395642,0.010492961834961354
duration,A,200505,431,0.8619574911772536,0.865638852521343,-0.9450778491219864,-0.7940886380568489,-0.20083574644627902,-0.3171549447926311,0.3614967617673754,-0.00898097250250187,0.9385400545147856,-0.021684534266812744
duration,A,200506,438,0.8419250578439148,0.8887549751578548,-0.9583387928727963,-0.777527167875534,-0.06734780773576338,-0.1508255810048338,0.3640614433634968,-0.005013945631575079,0.9310907377953586,-0.03720683085771879
duration,A,200507,442,0.8502067720779333,0.8924568028147289,-0.9603642061602239,-0.7644942345784318,-0.12404706616761305,-0.2767488878061763,0.3690664832308809,0.0024961611798904122,0.9379545132341076,-0.05140630126240415
duration,A,200508,439,0.8249184991835008,0.8479069331703181,-0.9676573044704226,-0.7559519759174264,0.12187667545111298,0.014895643865705436,0.36429491701620026,0.002806559067873438,0.9153257271638456,-0.06114756499933713
duration,A,200509,449,0.870326293874356,0.8346046084074829,-0.9718895163856187,-0.7525277912842334,0.2549404761904761,0.03101348123333395,0.3638336533214992,0.005626773363357423,0.9300403136976295,-0.03603926232113069
duration,A,200510,455,0.8335193291748864,0.854473181168765,-0.9418942986065638,-0.7667360286884396,0.27006876730966695,0.2041755561444281,0.357803998077371,-0.006208986127369719,0.9311550324926058,-0.08766844220690406
duration,A,200511,455,0.7779764424646521,0.840593625727604,-0.9547955247359612,-0.7133133400574638,-0.13393103229509506,-0.24556126809895135,0.3540029365772254,-0.006165359675804314,0.916424531729335,-0.1131703557578559
duration,A,200512,446,0.6596834457791639,0.7575762914583098,-0.9561762922599497,-0.6623395213362382,-0.19295355080302412,-0.3206800234838739,0.3557867707130958,-0.0020603827713349455,0.928630256255803,-0.10559183798901003
duration,A,200601,430,0.7842759466958372,0.7149958829463565,-0.9613055373914382,-0.5353247329857465,0.3099538800343588,-0.05594757697490485,0.3502731734226785,-0.0016256230316935665,0.9082033875789602,-0.09547595858027307
duration,A,200602,434,0.6388992105644089,0.7490316210810664,-0.9757366684416755,-0.6954521536769197,-0.45521648601943815,-0.5715615483972825,0.3455930700165594,0.007451136887732018,0.9173560090579344,-0.12648611601687418
duration,A,200603,434,0.7285843424945849,0.7205524317847206,-0.9667000505345393,-0.5524582291154294,0.4943799500086059,0.18771626405890782,0.33792786497578614,0.009213539222581321,0.9156899471700597,-0.12837058284009514
duration,A,200604,431,0.7384621587528394,0.7941086738557749,-0.9618860051439774,-0.6270372770374513,0.5018559424725846,0.2732270114933541,0.3268866677933257,0.021282569543658196,0.9109802209913632,-0.09546493024944734
duration,A,200605,433,0.7554433467117144,0.8165115404891237,-0.9517383985554289,-0.688349992816961,0.015179909158527946,-0.05153257476659464,0.31600197657728496,0.021915735661068067,0.9316266973880364,-0.07915390910252754
duration,A,200606,421,0.6850187129852953,0.7995814731952675,-0.9484137616051025,-0.6311018336097554,-0.18061085496215126,-0.2521916399138149,0.2963421093635713,0.020350725638212188,0.9184945318229436,-0.08768458438153781
duration,A,200607,423,0.594575600823229,0.7476022392484752,-0.9415530982627506,-0.5519951588599009,-0.05668177952477259,-0.1440606850698617,0.2799092546968767,0.02850944210668695,0.9287625827102025,-0.10080241884927005
duration,A,200608,414,0.5982564122601502,0.7677874901132239,-0.9388360897004168,-0.48190550368352914,0.04694055726009629,-0.1015252862369769,0.2571943913476567,0.02569288325027442,0.908412067083997,-0.041607592660629314
duration,A,200609,415,0.5144548293724341,0.7959669145996819,-0.9308679534190273,-0.42389647829114663,-0.010719131153339586,-0.03165162585509597,0.23227030703111695,0.024943864900191612,0.891678728559987,-0.014709307131170246
duration,A,200610,380,0.5360579332200697,0.7996265456676347,-0.9250077909126795,-0.3098026010511147,0.07730138093243831,-0.12275977682785552,0.21050162147717702,0.037700746590028054,0.8917751030959424,-0.07233433559319002
duration,A,200611,389,0.3511273363402032,0.7432344557427795,-0.9008335898591113,-0.3216018382744082,-0.1371068784924031,-0.10461964409095208,0.18901311878760466,0.0288568328091701,0.8647600278843329,-0.04879890940899712
duration,A,200612,380,0.3640650026770387,0.7233329735814852,-0.8658626809268617,-0.08262732598813018,0.1960650804221792,0.05847861390691278,0.16844695297405002,0.024267791147463184,0.8314308896549283,0.016886389248402318
duration,A,200701,378,0.5426282226731859,0.7071887251213594,-0.8395054939500395,-0.11491231822088634,0.3555470904210782,-0.03367551381269203,0.14966835592901664,0.016378122506072988,0.812980034954855,0.0024722252592826073
duration,A,200702,356,0.3233196120231378,0.7586301386258765,-0.7539023965338627,-0.10614178520772197,0.0014599161392678608,0.2210468438737946,0.13555199864464068,0.015641253192935967,0.8091617811034059,0.010732503070839002
duration,A,200703,353,0.4742720429470571,0.8142940204610429,-0.5616411934682689,0.2663164672005365,0.4812944953447666,0.32963432300970463,0.1242717981628453,0.016470351839489007,0.8040828042830931,0.05913471331558354
duration,A,200704,367,0.4330853556625791,0.8058985347930677,-0.6005943375522673,0.1254542300802133,0.13627376913231865,0.15926168107413705,0.11555014886878653,0.023724992130713173,0.7750890354878898,0.2950159476536029
duration,A,200705,371,0.6080023659724091,0.7971525574208863,-0.6027948216018819,0.1391455625458898,0.39833332922088477,0.07633204703153315,0.11026708346997653,0.04441970577828421,0.7891186609388207,0.3398610874650728
duration,A,200706,370,0.8023777102638058,0.7926615132049405,-0.1758996127150752,0.21165319839297336,0.6168088409229688,0.3901591554723366,0.1066997577631372,0.05855456101348042,0.827154597174001,0.25080500433461383
duration,A,200707,362,0.6649463800168579,0.7824129524510468,-0.04701375277137955,0.2728673118728166,0.30666594487583954,0.26942331940659653,0.10043176747785852,0.053917619483193,0.8134322333977249,0.33678975875531897
duration,A,200708,356,0.4797588271665758,0.6558737565439805,-0.029789044910573822,0.36674621666651464,0.1449506024913526,0.14746828932671402,0.09637328206390493,0.07005192312965022,0.7912183524158476,0.4763675481397869
duration,A,200709,364,0.7079948661464321,0.7559255333692888,0.2376022483120864,0.6501048456706949,0.5161807059689998,0.11647218432988388,0.08937541219987356,0.06401091761784844,0.7684871024575834,0.5138068652916008
duration,A,200710,386,0.7529075196074486,0.8110478319335769,0.35689158814836613,0.6286413658132767,0.42479942036515117,0.2872740355225259,0.08153321556626415,0.06140850605387849,0.7651051712142195,0.3761510269610929
duration,A,200711,379,0.5736791920120524,0.8115228350340326,0.27572867965868936,0.6431248612013412,0.33010472531372403,0.5484636956960655,0.0755918088774609,0.04397616573402095,0.6754659630362365,0.4955833416881632
duration,A,200712,395,0.5660931609047318,0.79477309427292,0.32110833971015174,0.7071013093585383,0.3514569326238028,0.35845029824376307,0.07328829245289407,0.032232801663386816,0.6687032959563389,0.5465888100127746
duration,A,200801,394,0.8258424781109664,0.8002750317279236,0.7320091251858366,0.7938816214444147,0.7650783591734751,0.6129854219947779,0.07344774880873838,0.034073876322199,0.6193302056183331,0.6278379369152864
duration,A,200802,400,0.7675991686381181,0.8916976313816196,0.676005287533047,0.8559703170262597,0.5981701760636002,0.7013378038677458,0.06950534114570761,0.022742112745486206,0.6313068820663607,0.5270205786147221
duration,A,200803,401,0.6770096616290086,0.8761618886698217,0.5565312465105894,0.812416917051862,0.4189161424796219,0.5995180886574307,0.07257987871160763,0.01894146124847009,0.6568846451294129,0.591296953070522
duration,A,200804,408,0.7461159638589836,0.9024863893756119,0.6033115997160294,0.8801898497945487,0.4492510435988072,0.3490231658271474,0.07367651796399526,0.021872960001676493,0.6699560524499821,0.6213982978339002
duration,A,200805,414,0.8186653997672486,0.9400193823276195,0.6993021036667991,0.9157427083904262,0.6552829276892812,0.6288017081330006,0.07163286220623814,0.03406936031071269,0.723333748753,0.6502849956929203
duration,A,200806,439,0.6857262810917801,0.9205657394760245,0.5459923918562792,0.8507051792576534,0.3686437817183285,0.597479410552982,0.06361411733819157,0.03618985729646481,0.7292383097213486,0.619951529699643
duration,A,200807,449,0.6479401436739396,0.9121675428873616,0.552508219323364,0.8861176862061061,0.5369983561353271,0.7464236971205487,0.05800336105767587,0.019866127559288373,0.6402240451404436,0.7322749907102719
duration,A,200808,447,0.6451219604773031,0.9449277577268611,0.5620767749119692,0.9309321141221015,0.5628196357093412,0.7442279456617389,0.056606527252391896,0.02001308001736093,0.6200912679775797,0.838987406149084
duration,A,200809,440,0.5511600291902825,0.8390054107707616,0.4729832376106375,0.802562468535145,0.3509168670574463,0.6259510514276408,0.05163851365896615,0.012832452382647247,0.612386004497941,0.7600597964998586
duration,A,200810,440,0.5649780476892357,0.8148230323724507,0.48518967744480274,0.8039140816769594,0.4012908124525436,0.3787639593045921,0.052353891631705354,0.017633233365170028,0.6041701902202317,0.7967829050071074
duration,A,200811,446,0.520948829653565,0.8802186068124087,0.4524404310424411,0.868434101062585,0.32228771579090104,0.5700743375063537,0.05125362496678482,0.00805400649852998,0.6096006859058885,0.7403342812022833
duration,A,200812,518,0.48766287575116407,0.8413004043631297,0.3932028874840337,0.8301612812956265,0.3204615074003833,0.42918260678803,0.05526138352587981,0.007214352815336138,0.569690134027533,0.8455033520888676
duration,A,200901,499,0.5940380921573246,0.8376981281071066,0.5102604244633846,0.8386033301901576,0.5133271844894608,0.38322788220952364,0.06282474409673881,-0.001164169231618884,0.7191823695236831,0.8162100845043336
duration,A,200902,506,0.48723865600292965,0.9310120178204891,0.40213665209904037,0.9103134507814934,0.27077162678177946,0.6410788099734825,0.06820195996378056,-0.010687617202698374,0.7513158110323427,0.6309307080083313
duration,A,200903,529,0.5014873210501591,0.9568603632329695,0.43482508503373785,0.9550056714842207,0.5226723939469596,0.7946645896489102,0.07389119213743893,-0.020957935005138085,0.747206666433744,0.5042626542091467
duration,A,200904,527,0.5558147838567147,0.9327163489559747,0.47395065036261713,0.9340550478837978,0.5747644809069331,0.37040022013829904,0.07940965537066408,-0.016069895135644063,0.7467907624439087,0.44640856844687454
duration,A,200905,538,0.7174998874424838,0.9058033082333493,0.616426818093005,0.9157602482065967,0.614929056085893,0.18688577490815125,0.08879032954616167,-0.00044316062935094566,0.7543193993472437,0.47233138400085817
duration,A,200906,561,0.758819681214238,0.9478844588951659,0.6538033977745092,0.9287069851278832,0.3207100989862137,0.283160695846831,0.09560736279571758,-0.009369988597839355,0.8782904371842778,0.057676174767857386
duration,A,200907,575,0.8082182219602743,0.9425631611427705,0.7238443038933495,0.937797524515357,0.776976720698884,0.7092841788033925,0.09863599259563219,-0.02587503355180106,0.66122138186345,0.22478806755067765
duration,A,200908,593,0.8624689173604623,0.9668035347408906,0.7604163070014675,0.9504631029594686,0.7964347913757696,0.7417079187249674,0.12235137147587373,-0.027944965399340056,0.726949867937359,0.2573444969924736
duration,A,200909,606,0.8884482215800669,0.9800130499014701,0.744818267958292,0.9356499398138717,0.7390422163378537,0.6471313484109659,0.14808169706137408,-0.018793811903645128,0.8045182319946115,0.1781841754083531
duration,A,200910,604,0.9037439722955355,0.9774701641712191,0.7650310104559027,0.9347624753395922,0.83477565922236,0.7586997870534448,0.1665935357047522,-0.017011204902341103,0.8470324559339523,0.05060003813287609
duration,A,200911,601,0.9015496205168115,0.9717050097722225,0.7800966274371066,0.9241660231860875,0.7357716098860705,0.7787028190498373,0.18051412992305788,-0.035930232097537304,0.8142836097745314,0.033847234989877656
duration,A,200912,622,0.9068897298177323,0.9662338426206696,0.7431213220298336,0.8911304842765885,0.6955166609731284,0.6160709972460171,0.2001715334289711,-0.03719234964245458,0.8303624412941718,0.056505244654979705
duration,A,201001,626,0.9331169613761138,0.9718738079159576,0.8037117153941447,0.9165207371407833,0.6842621993490917,0.6009581905885932,0.21600720011303018,-0.03328949596286776,0.9217477127324141,-0.04899360105714137
duration,A,201002,638,0.925965945349417,0.9847766564061818,0.7968969765738897,0.9211834242914042,0.5585826620312164,0.5806945982540642,0.2141164084833084,-0.035764878628307725,0.9328961262351881,-0.08301187809161105
duration,A,201003,637,0.9321935238441921,0.9724030486085713,0.8151443314562564,0.9283604317707695,0.45556242252031826,0.34729122155202263,0.21067864009353465,-0.03727438664483792,0.9354701039015246,-0.058666430402257386
duration,A,201004,644,0.9114823465481086,0.9720238436817824,0.7732460307101736,0.9026569685732816,-0.119602137621816,-0.12757809941516673,0.20900715958670799,-0.0352617329500731,0.9885113829486013,0.00568573392316922
duration,A,201005,641,0.8570146439902536,0.9531139886204099,0.6312309548456706,0.8259783402772537,0.30346289202035376,0.4634454361191351,0.2143360730235232,-0.03233794746580562,0.8740705963787222,0.043733593619641326
duration,A,201006,648,0.8424287344718786,0.9592487974198544,0.6005668328514319,0.8568553346342609,0.4755514964170296,0.5391071957520166,0.21951763958056061,-0.030598185781613833,0.8863397670689286,0.03770694115054548
duration,A,201007,669,0.8800133875930093,0.965781836958652,0.6775490181540404,0.9065228682577101,0.7423575444653161,0.6134473122428304,0.2194523290475237,-0.027429267727784347,0.8404841082010519,0.09243228093976635
duration,A,201008,667,0.8856376873823739,0.9857441577497271,0.6120051723612219,0.8570241039047825,0.5718692684730623,0.6643498519963328,0.22883610918216576,-0.01929904730141259,0.8350184400459006,0.0920152626371909
duration,A,201009,689,0.8984863280695099,0.980004964813185,0.6604404679746484,0.8870776952195885,0.7196189536242917,0.660775310404008,0.2282248154809928,-0.0221622978384376,0.8708776157824369,0.09472371217345919
duration,A,201010,703,0.9206368559447284,0.9815235776566382,0.7247428699811925,0.9152111533358162,0.7592543842314986,0.7004550262172147,0.23704716554039046,-0.029292254046824586,0.9022150031751934,0.10844159700106062
duration,A,201011,722,0.9100929819674012,0.9823020623305114,0.6697297196561627,0.8605385501443387,0.548770981174336,0.6128712218852629,0.2455092894845847,-0.03599877541405269,0.9079074923322044,0.10200725679894866
duration,A,201012,732,0.9175046462367555,0.9740343096479014,0.6570801166509505,0.8339636480503664,0.6642874147056697,0.5563374785921086,0.255511287026723,-0.038897314649130446,0.8705498145730686,0.1099531797607352
duration,A,201101,730,0.9453996957540599,0.9895105643901172,0.7294897979163426,0.8771842305524167,0.8118580090122554,0.7678154697300569,0.273823515377488,-0.03973807484929554,0.8953902158000957,0.09634716194130934
duration,A,201102,744,0.9399907796391048,0.9843636903727225,0.6728902534647546,0.8190795211234996,0.7298262749361364,0.6696212069072733,0.2853319914810339,-0.03811298702551888,0.8924580734687305,0.09896162040790679
duration,A,201103,729,0.950214778784535,0.992997077151871,0.6025268096805388,0.7505041626884331,0.7659498008052044,0.7888013075312895,0.3051817241636668,-0.029900181774679676,0.8773951806661633,0.09750792737290143
duration,A,201104,758,0.94738336730016,0.9894694728224888,0.5894210792125841,0.7415579668176828,0.8007078620594227,0.8023837129818991,0.3146721924380029,-0.015008874625331776,0.8394694059944311,0.08588420080838637
duration,A,201105,767,0.9418179104066555,0.9882613203090231,0.5157285067623,0.6780046555324619,0.6349350269011204,0.6883881806265371,0.32349352997655095,-0.002276567156377539,0.8895724225145907,0.06444781706840376
duration,A,201106,786,0.932037417228979,0.9894147895890538,0.4820623536344529,0.6759331609316258,0.6106759963753879,0.6995963523767722,0.3321310503393848,0.005623006699829267,0.9350015300190111,0.02324616665796855
duration,A,201107,800,0.9068460824694089,0.9830465343521158,0.37127434574116525,0.6072985946098197,0.1188630685360446,0.23097940064760503,0.3387214416419545,0.011378714803227155,0.938547230348564,-0.0013959009491036703
duration,A,201108,799,0.8082960405114751,0.9513279848679224,0.014669417599066502,0.33746486362682426,-0.32499647115285085,-0.08545242182582777,0.35060273543642356,0.01823599730318538,0.9657449315139924,0.009006225675132437
duration,A,201109,820,0.7114078139138632,0.9553261836245943,-0.15539107714028244,0.32435807513240994,-0.2511875298780025,0.032621899179786015,0.36059978832735096,0.022478454778932226,0.9710273919495817,-0.017276677257836784
duration,A,201110,834,0.787510140836324,0.9656743071739865,-0.17941388247023274,0.3766875141801894,0.2816171383040788,-0.1419892315448889,0.3711865115185729,0.023306659203231675,0.9600650131375555,-0.0262305334084701
duration,A,201111,823,0.7238913530188642,0.9629493983902379,-0.1942727489762902,0.2861775933611884,0.1997477720245166,0.4611346780394489,0.375949245314821,0.02753500558569822,0.9507122545345068,-0.03974225788449947
duration,A,201112,845,0.7100601100856335,0.9791518829562299,-0.3002548569298749,0.2931556133855495,-0.1522873777401744,-0.267547578664299,0.3715174832363403,0.02578280184080507,0.9521648220509215,-0.06637075199945416
duration,A,201201,858,0.8074353947115686,0.9627531140274634,-0.31410901480340203,0.28017063460466257,0.4597943037822125,0.015473159383928814,0.3683406988975174,0.02262808056972067,0.9557527839829766,-0.061045357522465114
duration,A,201202,871,0.8143593016855268,0.9781637413260069,-0.32220903367715964,0.16799375253841722,0.36026343394480626,0.21038634909642603,0.3612070759282353,0.016968352491635384,0.9448203319581682,-0.04512223639100894
duration,A,201203,863,0.8707958739154001,0.98479749170268,-0.17669477804394046,0.2565399704446736,0.7567811360276403,0.5952794702390704,0.3515072136752558,0.01652411368102253,0.9372310442769166,-0.02284227091379133
duration,A,201204,886,0.8541990470779915,0.987701108724531,-0.24095034925457173,0.1719326723204366,0.04336270951791227,0.1776745291082203,0.3436964001626519,0.0161376581205453,0.9574901234074173,-0.01891014427327491
duration,A,201205,877,0.8046496252954982,0.9799993572364518,-0.361570870520525,0.07664240627832634,-0.3087030206026859,-0.09019907375895887,0.34436668044691005,0.018949559763206926,0.9742917280344607,0.03079218769356662
duration,A,201206,892,0.8181342200059987,0.9722248854379292,-0.38968114635864304,0.10702553098289988,0.1006983379948997,-0.14845909090976933,0.3478867419981412,0.020977433109845633,0.9841594645170203,0.02956267158445928
duration,A,201207,896,0.8088709717578565,0.9676507026358265,-0.5019530217778335,-0.01997759531920667,-0.3098354083977717,-0.5316128621333753,0.35080210527366373,0.0235974272132435,0.98462675861043,0.039019203862993075
duration,A,201208,894,0.8391038875942636,0.9696340303015709,-0.5072185449618855,-0.04087205817326596,0.2971171312480191,0.026010316789818126,0.3580114897247709,0.027796487433055902,1.001667673584638,0.05140710771968639
duration,A,201209,930,0.8754635327322695,0.9671573266659933,-0.5828659762584993,-0.16864535752751011,0.026237014757296534,-0.26411102006186593,0.36570662740736265,0.0277999881373906,1.000262285245681,0.05241070362617618
duration,A,201210,942,0.8816599374538647,0.9697351420452525,-0.6643285981434824,-0.3259781343550687,-0.23582671855666593,-0.41526684395221003,0.37341156196358566,0.027787158926122237,0.9998325545272051,0.027961000696549772
duration,A,201211,939,0.8823944608540811,0.9662619988415391,-0.7090771609774043,-0.39437497037812025,0.026074000874561326,-0.1330416147241788,0.376333907800241,0.02556192149396731,0.9928177494099134,-0.01011784092001934
duration,A,201212,943,0.8548091592135466,0.9364834495296788,-0.7114025583717201,-0.41882360491931714,0.13242389046193312,0.005535707060323331,0.37897058337465966,0.025772663447617035,0.9912864001631361,-0.02792953234765369
duration,A,201301,954,0.9173491771043886,0.9610149440066237,-0.6009743899631399,-0.2888813904292181,0.6456902956374968,0.47013728409852934,0.38303089438795906,0.027723779331565265,1.0004938189467278,-0.033921500757412903
duration,A,201302,972,0.9046329160950094,0.9752529796865903,-0.6207372355920047,-0.3662315151851582,0.017507371295564015,-0.05078973535780312,0.37892051786563474,0.022836235764896864,0.9872693933877712,-0.0454288267949905
duration,A,201303,958,0.9099209917642812,0.9820995496658046,-0.558764018101498,-0.2758398621281952,0.30991383498730846,0.27860827200233534,0.36768990170140337,0.01118808837281426,0.9847299286516136,-0.03521188016302691
duration,A,201304,947,0.9143434353867819,0.9752686746313646,-0.6022136122965821,-0.3396863907008408,-0.49574300992074355,-0.5804082432392467,0.3479139054709866,-0.00025291221839764415,0.9882735490080705,0.013705771453366464
duration,A,201305,948,0.9316281261852619,0.9863535640170191,-0.21858327282536574,0.03499931529296209,0.785324806408425,0.7689596329900134,0.329545873595953,-0.0054650907553019995,0.9696866415312957,0.0639373277298099
duration,A,201306,958,0.9299330163107331,0.9781739883008088,0.13421916565999248,0.32528675918372296,0.5292516863679075,0.5638143993704098,0.3114727894770678,-0.013412112352613878,0.9877074324499286,0.07475925620437697
duration,A,201307,965,0.9484509909328458,0.9862680885445531,0.34872861530015464,0.5277304618194364,0.5232629248462491,0.432384808996845,0.28994038586769716,-0.02019587084272379,0.9655685988946057,0.0948382910041079
duration,A,201308,957,0.9519772921407195,0.9840311845316339,0.4573964430286017,0.5993558128221004,0.6210905238714098,0.5988163055300613,0.2752885079311064,-0.02362008028694106,0.9565274970200991,0.1382547432610048
duration,A,201309,943,0.9583528951261616,0.9838830315049806,0.5486556882769096,0.6812771677157436,0.5358576476566882,0.4888188254939523,0.26758174441822696,-0.025370824796039772,0.9586015264495439,0.15028526989679222
duration,A,201310,933,0.9621965629055409,0.990076196944691,0.5153272344172929,0.6512561105924662,0.2896591159969079,0.21502516842905814,0.2709229559996643,-0.024674730504718655,0.9582312424838644,0.13761722310838986
duration,A,201311,946,0.9576467920090239,0.9849514726062335,0.554118048702151,0.6782576067748523,0.6560684285104614,0.628290226274507,0.2723909821905166,-0.021662964729275334,0.9756850044524762,0.09126549017381731
duration,A,201312,942,0.9500751852175271,0.9751326632266443,0.5014454155517583,0.6129303845399305,0.2916291005374578,0.2631514854135803,0.27054605957764444,-0.01873331241180116,0.9567824973300154,0.13896660715528292
duration,A,201401,936,0.9533687709953618,0.9827764024753831,0.4849710713669531,0.6118378114016806,0.025607821772050537,-0.012909716468762789,0.27098295719757326,-0.013323242849707307,0.9663396234972247,0.1292113967721338
duration,A,201402,941,0.9612060994004319,0.9887534233419583,0.47199144425567063,0.5945447252970935,0.26289408190719593,0.21732410426092016,0.2646779897451424,-0.010687042147920708,0.9679468676870524,0.09587020667027167
duration,A,201403,921,0.9685167101921777,0.9940013366101688,0.4566043474267163,0.5730353062115721,0.2179336497783032,0.19986876212869417,0.2605153135826449,-0.005560978744194182,0.9741078584606591,0.10169348790979299
duration,A,201404,927,0.9572660786377692,0.986624263072929,0.45874729419035176,0.5725351434023492,0.3455540664212549,0.3380330495645777,0.2536482542688989,0.000603059612886589,0.9617537571639625,0.13155766417738252
duration,A,201405,935,0.96778147466207,0.991798259629296,0.4932002938489901,0.60185759333417,0.18821622388192485,0.1604024983379921,0.24665584109699445,0.0035979052903012086,0.9563503329967865,0.12362915630795518
duration,A,201406,943,0.9679820464643952,0.9869674420237705,0.49133741590878727,0.5885603153644505,0.5960102330747454,0.562419699002242,0.24360911555119585,0.009209135919624866,0.9539258527459773,0.11712731466737245
duration,A,201407,960,0.9586757095072788,0.9811387430934679,0.4524670572559214,0.5427059337653805,0.3841529721174589,0.38434857323497856,0.2404647320206131,0.010397332642087741,0.9566797506707798,0.0657470452721131
duration,A,201408,968,0.9708241224184042,0.9892951790946404,0.35641145123729867,0.4466684099893892,-0.30758657710030163,-0.34530112701008786,0.2454107260214713,0.016482657850605435,0.9834784977155357,0.036842437092611015
duration,A,201409,985,0.9653430360774473,0.9811626704248241,0.37281904686164385,0.4562327369480159,0.5799855667219794,0.5839596565000802,0.24889063618920323,0.017968367746403226,0.9813037607243218,0.012010085427901055
duration,A,201410,994,0.9587244962464426,0.9787629817276037,0.2870909291455696,0.39059560363428425,-0.23615355456092646,-0.2570666079716198,0.25225320233139037,0.018843376488566,0.9924475003540764,-0.030252780550703753
duration,A,201411,973,0.9698681705042519,0.9846868915711803,0.26343671974190147,0.369109638773575,0.030221785871065217,-0.008792102398245414,0.2542086329742088,0.02059381649467474,0.9839620063819895,-0.01618498107431812
duration,A,201412,967,0.9430248725683719,0.9761037643180143,0.016260613382636187,0.14054899009114857,-0.5677339100644136,-0.5616775766316315,0.25908198112028064,0.024083495662126628,1.0026566241141457,-0.016581313908059146
duration,A,201501,976,0.9568642470923523,0.9890627977885934,-0.19744263133225165,-0.03960014209806668,-0.5191605105289262,-0.5664739680340105,0.26772041099059,0.024772756767115534,1.0176052877174113,-0.031802954381222145
duration,A,201502,959,0.9450641446368404,0.9750754193607205,-0.21764087776280533,-0.07209399325876156,0.34725295147516383,0.2474998388981147,0.2740409843528164,0.025576371000083118,1.0084457655386587,-0.042095499228609085
duration,A,201503,951,0.9532992812201,0.9859179817427874,-0.26013184752566143,-0.11258869932951081,-0.02420366187318361,-0.0633186727887263,0.2806277844967012,0.027788668878803,1.012480729601677,-0.06138486089113911
duration,A,201504,928,0.9618906936560309,0.9894331521951639,-0.18959895463766022,-0.04593547542745194,0.5567414843583047,0.5033652880997307,0.28816280900829183,0.02947537406980479,1.0127186658186105,-0.04779942504060998
duration,A,201505,923,0.9614806802508681,0.9892567177247142,-0.18163845564474937,-0.04563958261470413,0.2462529679541075,0.1765105892146605,0.2977554324629647,0.031193612827716485,1.0203100810943218,-0.07096680718954088
duration,A,201506,940,0.9674963613769976,0.9892258709458835,-0.10967772928092226,0.012363435488239455,0.3850524570053235,0.3559449327823411,0.30671331738519797,0.034258213081175375,1.0150365181593803,-0.07973980817842853
duration,A,201507,927,0.957864832178722,0.9903709626485118,-0.21601461203492076,-0.09375430632718812,-0.4152380347235429,-0.438558531257314,0.31035197472425363,0.03489016147039235,0.9997869657062163,-0.03025339812576803
duration,A,201508,939,0.9648615096651427,0.991916965048385,-0.20884579576763118,-0.08936544591627635,0.1693875062138477,0.14694667775948314,0.30970890616818725,0.03586663399411943,0.9928654958836223,-0.03229529290999669
duration,A,201509,942,0.9581309928456588,0.9885540417086014,-0.23815858295836265,-0.09345788764222165,0.20536040977521383,0.2018748106596871,0.3074574952864201,0.03715292708575732,0.9874138117474743,-0.01423018028039836
duration,A,201510,956,0.9596241811253147,0.985948348159874,-0.23506124935457146,-0.0857910189690733,0.15343637901003088,0.11042654543801408,0.302348931049428,0.03345426182244411,0.982458733222169,-0.03250135173601542
duration,A,201511,940,0.9582243569868678,0.9935681904099636,-0.265465149265144,-0.09316178394229616,-0.03481894273162759,-0.07504875363281871,0.2964525246627694,0.027258410437624205,0.9816488500546031,-0.05619547475573043
duration,A,201512,849,0.9284935241830999,0.9801721070152866,-0.3469226771980877,-0.1535460062602862,-0.12412043155818231,-0.07131825485450465,0.28807816648020346,0.0244251027253464,0.968778746023771,-0.07386409510909134
duration,A,201601,844,0.907014504403854,0.9732806766727826,-0.2341387514135226,0.016711804769469523,0.3674563697913979,0.40573400193783155,0.2802160396287994,0.02012105944361091,0.9727274845850377,-0.06871833874716872
duration,A,201602,854,0.8825203737422057,0.9804006273409988,-0.3197840949884946,0.013965541381288336,-0.2442802854001415,-0.23705462814955944,0.2723527002477075,0.014604073853733053,0.9736314042239579,-0.09304583779794319
duration,A,201603,867,0.9162270499818661,0.9665908564516612,-0.33763027058749145,0.01982538476933643,0.17041552872797958,-0.08129447077548335,0.26442744435092896,0.011700555654899728,0.9699891618155017,-0.12050606352377405
duration,A,201604,875,0.9284154139438628,0.9844904231802131,-0.3758620732892386,-0.07520945322147553,0.08943347051368744,-0.07436076472012315,0.25880222844746475,0.009750968426001826,0.9780856903816436,-0.12409922869874215
duration,A,201605,890,0.9321835020847522,0.9914154891960507,-0.39447562245049644,-0.120098625610857,0.0646424048883573,-0.02376350235604819,0.2540823961032217,0.00846897212483475,0.9744122695463077,-0.12080699558466199
duration,A,201606,920,0.9062117899902157,0.9726724896559564,-0.49743955171312204,-0.22223733998353817,-0.06643940233260094,-0.0989397687429522,0.25002119115221194,0.006076389436177248,0.975635027269942,-0.12630240951045318
duration,A,201607,913,0.9201508243492842,0.9867297650778458,-0.5375687205387673,-0.255186326628546,-0.039601308293490366,-0.10311040388208458,0.24256639520450576,0.007592493930295323,0.9637231350137655,-0.09609047406745375
duration,A,201608,922,0.9343538340172038,0.9857466437000936,-0.5632711583528766,-0.2966008265861362,0.08218731246687266,-0.04432533100181757,0.2344349638816977,0.015891898414896136,0.9573818024092382,-0.06053142176453975
duration,A,201609,916,0.9309429758435038,0.9841832083909473,-0.55164695966056,-0.294032047652881,0.35864202499177755,0.30856481253340917,0.22670011861066452,0.01673696389489105,0.9637152008616299,-0.06553673924221531
duration,A,201610,933,0.9482791911664736,0.9826716691860028,-0.332094299856966,-0.07831594973154751,0.6931845195883343,0.5756337241628399,0.21957565568906268,0.022043337139967395,0.954604886359074,-0.029062910605363226
duration,A,201611,940,0.9557392955792501,0.986026110537395,-0.10364846593427995,0.08747284637910417,0.37354587646013104,0.31036077272969986,0.21532604402714633,0.021775428563053388,0.9711100453360076,-0.01731487802012024
duration,A,201612,948,0.9574027357119665,0.9895474254322101,-0.09201788994467433,0.0802823930519647,2.6493877102672e-05,-0.056697104206734766,0.21340295021850694,0.02157570861097724,0.981491386004991,-0.034168482222070286
duration,A,201701,930,0.9639411235237538,0.9922571600144884,-0.10222105777937769,0.06261498948076272,0.19928180388797884,0.08748821841110205,0.21787058375729929,0.02568018726311893,1.007720069547925,-0.09058795778871623
duration,A,201702,933,0.9609198588675703,0.9940904690512843,-0.24764612205103503,-0.08795305858763992,-0.3954076570599228,-0.4293891884231389,0.22241777297047324,0.02234188477123933,1.0108621196207535,-0.03526734803701859
duration,A,201703,935,0.9623426854816128,0.9921214923561469,-0.3186384027862803,-0.16046214092528624,-0.03701216398072954,-0.10945326179301129,0.2284576182597962,0.025021710067464245,1.0110270136930357,-0.04522021781622166
duration,A,201704,933,0.9518618100790285,0.9836896436123727,-0.452529269829532,-0.2852678039022528,-0.24330087856104718,-0.28774483534629347,0.23344413676573578,0.023649316752712233,1.0113627339227134,-0.03233245460625846
duration,A,201705,963,0.958380131129377,0.9896762520106268,-0.6163223641087204,-0.4579803940998199,-0.2826574623102178,-0.351090990049628,0.23580522119515193,0.02446097266780433,1.001911119014675,-0.07323206850724627
duration,A,201706,994,0.958746635273514,0.992500723947103,-0.6722099803931604,-0.5164314815698945,-0.436686480133426,-0.4916248204808014,0.23497754759701167,0.025580646247289708,0.9926849135159529,-0.07340749980425115
duration,A,201707,983,0.9588493970510897,0.9900742943886616,-0.6374319165720886,-0.4791504998185713,0.5048651734550771,0.4432222150963608,0.23000726457082768,0.027842483756736414,0.9801237173503669,-0.04490703700148828
duration,A,201708,973,0.9593430011071873,0.9880059608843671,-0.706027323117224,-0.5615323952046795,-0.16534826688809726,-0.19886044242468282,0.22876174251041048,0.031250515326845564,0.997295696408529,-0.07038555247126756
duration,A,201709,972,0.9589280657390321,0.9888681206729318,-0.6677110112540964,-0.5235587450404025,-0.06186799207912697,-0.144257492857333,0.2249242841143464,0.0319660416936657,0.9871329538334955,-0.04720870965557321
duration,A,201710,991,0.9539639607511986,0.9822121560793593,-0.6940496605322782,-0.5616725512026155,-0.17104671515782807,-0.22501472487693314,0.22006680764597797,0.03265440643979537,0.9739920049518602,-0.036896642515109955
duration,A,201711,1019,0.953804101070275,0.9783930639849279,-0.7885070520165395,-0.6651332481050392,-0.5865200012501408,-0.6099263085873095,0.21379317542985973,0.03583845491270664,0.9667863576071086,0.0008926621366861483
duration,A,201712,1057,0.940017812974425,0.9772881189826321,-0.8252921302870558,-0.6950627680621013,-0.4219759468935192,-0.478262088280302,0.20731852848079355,0.03671901775026245,0.965849703440746,0.005434424159401493
duration,A,201801,1065,0.9496299069892896,0.9849733841801499,-0.7654353936077634,-0.6248742782820152,-0.07193291167878346,-0.12632496287603623,0.20158336762184062,0.0391652398336497,0.9622217921099718,-0.008991936406950056
duration,A,201802,1057,0.9398044492452413,0.9858780359874815,-0.7292139921930569,-0.5736495563043132,0.4028152920314667,0.4237909936462692,0.19257993573963442,0.0426298490502967,0.9435005338504402,0.009722106168067082
duration,A,201803,1066,0.9152663291156626,0.9738767868011295,-0.732835599897062,-0.558085020768192,-0.11225955286559469,-0.06931644942179276,0.18473654821897004,0.043975043461835124,0.9431764166047168,0.01076551606404533
duration,A,201804,1083,0.9270439240977094,0.9818645268470848,-0.602321752527667,-0.3811207975012454,0.531318403363868,0.4881946063419787,0.177983757972192,0.045428340753671,0.9562098811587575,-0.0028774120728641893
duration,A,201805,1061,0.9222687412444698,0.986500147036486,-0.6340818432910446,-0.40350005044100196,0.22904212866201606,0.2335647062963807,0.17441872608993483,0.047399590342458484,0.9694721541766935,-0.03483681529442422
duration,A,201806,1094,0.9158105045151617,0.9862336380559374,-0.6432585076744048,-0.40701122916320864,-0.027594325074379332,-0.05464297074565876,0.17265373309612084,0.04476623268233492,0.9778087885606493,-0.11117067242127429
duration,A,201807,1104,0.9141919144673962,0.9794243750512139,-0.6458938466425604,-0.4196502875737788,-0.1511714782123549,-0.24406992513063558,0.17217436152407092,0.04192385861733116,0.9852462899004798,-0.11179370912521205
duration,A,201808,1112,0.9106383250565183,0.9760652879199417,-0.6637823636151743,-0.4224339884618653,0.29087310906279645,0.2426728999464192,0.17362543203290956,0.03762043428425056,0.9957173767601395,-0.10297344804372632
duration,A,201809,1132,0.9145132291687725,0.9859719250878931,-0.6608553544640545,-0.4312102775910393,-0.1699111397273397,-0.20185394745401625,0.17519785042368075,0.033139324347376695,0.9987360447986285,-0.1115668620179096
duration,A,201810,1120,0.9127845248913837,0.9822604534892154,-0.6477648687311043,-0.39417968607434284,0.4254442460922469,0.3949962723514572,0.1765258431891384,0.029896625484689816,0.9981057350950598,-0.1326238702322044
duration,A,201811,1111,0.8940128840552592,0.9665409794685448,-0.6430894610430821,-0.393747745397974,-0.03044190893323941,0.037913474069830574,0.17536975676464822,0.027691863705099518,0.9853381108956,-0.17099329161064908
duration,A,201812,1115,0.8505447817149073,0.9353747916767168,-0.6199463832917678,-0.31800939886333124,0.15138493125897745,0.18136341109018056,0.17255688945813324,0.0317709624581302,0.9760674562112364,-0.12285873895818816
duration,A,201901,1128,0.8710276732844181,0.9536573582236219,-0.6382257844515941,-0.2643421068328208,0.29717634907056184,0.16671271901786838,0.16757815550577482,0.03781810099724786,0.9699693616262023,-0.07746331240587562
duration,A,201902,1150,0.8727197420990579,0.9562718971134077,-0.6274477912813085,-0.26196789698483386,0.1786377548670457,0.023508442660460007,0.16284490526951242,0.036224914525697156,0.9698015966781406,-0.06889819130682928
duration,A,201903,1143,0.8506501701717752,0.9477060798772191,-0.6694539093153359,-0.3226240468883814,-0.06396888860675193,-0.13067795957140976,0.1589264190931144,0.037910455848215265,0.9719855106402444,-0.05504866848741239
duration,A,201904,1153,0.8619246052354983,0.955281473140052,-0.6919507627773318,-0.30869664989259066,0.28821481455623343,0.07384490131358636,0.1539702871026464,0.03823066497221771,0.9672507060478573,-0.051215092906890636
duration,A,201905,1159,0.846267631541964,0.9504914472774089,-0.661964915149226,-0.3190917259240572,0.1081951882903126,0.13885316222164582,0.14867096491735485,0.03578386985592443,0.966445421007314,-0.04144067753451458
duration,A,201906,1188,0.8434985640367759,0.9611526826987046,-0.6334448175184269,-0.24355948652552475,0.31323844466681905,0.24776901834259035,0.141659926207591,0.03241636273133316,0.9516283511138839,-0.05070819671208896
duration,A,201907,1224,0.8656167726156326,0.957155760427176,-0.6556343943955342,-0.2717928068370685,0.05107507598296882,-0.08307177136377702,0.13438818228621785,0.03483315222272801,0.9477213190572426,-0.016725861606825532
duration,A,201908,1225,0.7944869990722873,0.9385138104938708,-0.6703322655990039,-0.3047839873230596,-0.3245445774112628,-0.24210626725266884,0.12504689844234249,0.03509706616426593,0.932746614488937,-0.07318623607886025
duration,A,201909,1259,0.8587155020008678,0.9521460503333613,-0.5298717642685542,-0.050481581101760126,0.6894491563469844,0.574208122409987,0.11684753350097841,0.03329327697817148,0.930588453631205,-0.10398283739621018
duration,A,201910,1252,0.8937118973644411,0.9720642747861192,-0.25263134002715243,0.1596125826617855,0.7178654032160481,0.6826705976129429,0.10890040394001034,0.03215911129517306,0.9195195516921769,-0.12832504972192574
duration,A,201911,1260,0.8873400422532458,0.9651240237206276,-0.29613616896602074,0.07874221341987746,-0.008225469843068324,-0.11865739240574114,0.10280514904358734,0.03257206599048239,0.9302134690250394,-0.14413428993506164
duration,A,201912,1249,0.8967551993675607,0.9518237433452231,-0.019489262208981437,0.33251342173899673,0.6015738227602009,0.46733338879540975,0.09918240558285682,0.033337936981602416,0.9573349170574014,-0.0522852125455123
duration,A,202001,1235,0.8657445722957151,0.9587723029625738,-0.09892670297400645,0.24176124812662345,-0.03408070464902111,-0.05117336196343443,0.09724989942821277,0.035287067909917064,0.9745138352665353,-0.14787595103618587
duration,A,202002,1240,0.7916349326494062,0.9349891071713845,-0.013080797460410874,0.37970615162525206,0.19105265944994276,0.29957702629492794,0.096080625246287,0.036266271043779386,0.9753894053912234,-0.2219462938665257
duration,A,202003,1159,0.6274585847596357,0.8134672817476081,-0.046203816508998186,0.3161422736617162,-0.07928748344939505,0.029366337922369815,0.0951516575020859,0.038450845843673094,0.9726036594786037,-0.20299454994641306
duration,A,202004,1142,0.7931760512453616,0.8776610619949309,0.3400420352542035,0.7707107760796431,0.5402925729800719,0.10282637828123645,0.09485831457096415,0.038088436194149394,0.9815409964595914,-0.18999890649029358
duration,A,202005,1105,0.8674197355645425,0.9387144541779423,0.6378657326357156,0.8861091823086505,0.7303535541476233,0.490581354134712,0.0950388797704473,0.03756102131207443,0.9823519034842789,-0.13409632391558293
duration,A,202006,1099,0.8949819798985468,0.9689702399041167,0.6842025288762263,0.8932387251462611,0.09160529352656324,-0.10857184517986525,0.09534547148658966,0.03789344266954853,0.9819150764586886,-0.13824014812918273
duration,A,202007,1075,0.877573252278059,0.968195708458745,0.5919322596115998,0.8229928275466569,-0.7002724568496489,-0.7549322145051288,0.09565758206149323,0.039111956335386194,0.9803995715794485,-0.17289523092981904
duration,A,202008,1056,0.8991246051151978,0.9748559358219449,0.6910972152984329,0.8938778058837057,0.736459140495423,0.6785602004201705,0.09789967238025821,0.04480461665682336,0.9852073329727832,-0.13199486110636813
duration,A,202009,905,0.8913026199381233,0.9696456100118855,0.6760394611713563,0.8709347070534438,0.212544421067071,0.20188695554780167,0.0995843165439313,0.04993813888417097,0.980797815920702,-0.07212665176835417
duration,BBB,200307,442,0.8217513684425347,0.925793009965385,0.5610517170924629,0.8358988694134097,0.6583779544114919,0.5066656688715119,0.21344334247739877,0.0019691330905135585,0.8429052071430402,0.17135508675127686
duration,BBB,200308,444,0.8176467481328096,0.92488525217787,0.5503505280713792,0.8074430191767485,0.44575805165756205,0.35956641832074154,0.21344334247739877,0.0019691330905135585,0.8429052071430402,0.17135508675127686
duration,BBB,200309,451,0.8223063821055444,0.9351741507781017,0.6007826593149276,0.8434803209051578,0.4339993066865503,0.4321043209877258,0.2078262615727224,-0.013440172785564555,0.8440223644668612,0.16939281655775204
duration,BBB,200310,433,0.8047846861310057,0.9134523717579043,0.5501780289458156,0.8194105654218147,0.5467973414501761,0.42313384770950513,0.2078262615727224,-0.013440172785564555,0.8440223644668612,0.16939281655775204
duration,BBB,200311,437,0.8659810061626708,0.9563177115409807,0.6272825418316816,0.8403601540232291,0.5455451484221973,0.5121935875686348,0.2078262615727224,-0.013440172785564555,0.8440223644668612,0.16939281655775204
duration,BBB,200312,442,0.889683380664016,0.9481523074326015,0.6928117313951107,0.878041116873446,0.6644226713084955,0.551560665233487,0.2078262615727224,-0.013440172785564555,0.8440223644668612,0.16939281655775204
duration,BBB,200401,441,0.9000185528862201,0.9503984587943274,0.7058258268342302,0.8549791432184677,0.6035737371871827,0.5492030846064027,0.2078262615727224,-0.013440172785564555,0.8440223644668612,0.16939281655775204
duration,BBB,200402,445,0.8644630432756748,0.9415232716113676,0.6351145724249971,0.8126357790752037,0.5567619314785134,0.5954657904224535,0.2169260187635658,-0.019104819952295647,0.812385433226904,0.1532906228873458
duration,BBB,200403,438,0.8805623896566404,0.9313322328783918,0.6913119382223148,0.8354301913135822,0.6655527183008308,0.6390668016233662,0.2169260187635658,-0.019104819952295647,0.812385433226904,0.1532906228873458
duration,BBB,200404,440,0.9025885088852348,0.9511783808607825,0.6640664466242078,0.8010695453093488,0.5895577033878368,0.5556933287354575,0.2169260187635658,-0.019104819952295647,0.812385433226904,0.1532906228873458
duration,BBB,200405,435,0.8681782909871183,0.9601217446209117,0.5935615078352677,0.7826041287436701,0.5196392671630192,0.5546331869801241,0.22653637009817756,-0.02535363955323556,0.8298841930130919,0.15512185910405124
duration,BBB,200406,436,0.8838154750375712,0.937237300455889,0.577184464262316,0.7586463316248174,0.5351418930804999,0.43401836912368963,0.22653637009817756,-0.02535363955323556,0.8298841930130919,0.15512185910405124
duration,BBB,200407,432,0.8901363549974132,0.9407296038514794,0.6079818076490513,0.7632755876308521,0.641690139419519,0.5977204170862744,0.22653637009817756,-0.02535363955323556,0.8298841930130919,0.15512185910405124
duration,BBB,200408,431,0.8940369342246244,0.9298042653888371,0.5732279357542401,0.71480733385017,0.5998770961108413,0.5797817216576724,0.23937524379880082,-0.02970048097147205,0.8342557071759304,0.1502879219053935
duration,BBB,200409,441,0.8962687169905017,0.9413497549435107,0.4016371583598474,0.5874795901590011,0.19192586125359237,0.14564543823985635,0.25248820161872676,-0.03961639949824644,0.8901079478723474,0.12052828356240378
duration,BBB,200410,437,0.8947899889997344,0.9441508793944307,0.21351175612394882,0.4190992026177896,0.4642985221768378,0.41059711636985946,0.2661943713842606,-0.04673022062481637,0.8576654430602074,0.11044741344901182
duration,BBB,200411,434,0.8769518297820501,0.9264996809013984,-0.08662031092136907,0.15542981969985162,0.2712856287770164,0.21084377806804142,0.28309679800642684,-0.038722570952944166,0.8497377404448819,0.10405625019824549
duration,BBB,200412,423,0.869123806975029,0.9083074498741173,-0.3249435725325231,-0.06353788032294828,0.20294941727026142,0.12375273615612892,0.29096591843700864,-0.039307328913694616,0.8957099027554926,0.09159184583123042
duration,BBB,200501,425,0.8392569421482045,0.9337339794664028,-0.5128681746416345,-0.21742892335219172,-0.13387394288036766,-0.16960999691988046,0.29998413100036714,-0.03548854301577941,0.8956688927120311,0.08530635497010218
duration,BBB,200502,427,0.794496615874763,0.9167459819704328,-0.6711701186127027,-0.3351404473677674,-0.11490376301011215,-0.228598595917584,0.31079241951740555,-0.03752973147289241,0.9110499674714723,0.06452660131208808
duration,BBB,200503,411,0.7395796256991827,0.8590872608552581,-0.6356036027938764,-0.29643067444004173,0.24247179591773238,0.30221885403099835,0.3208332075162933,-0.03984404931277288,0.8937925750157701,0.033809963421912115
duration,BBB,200504,404,0.6999917286856284,0.8484358648846273,-0.6801992027159705,-0.2855100961249041,0.11172313261102786,0.10234193357646859,0.3312067946785277,-0.03490699265241094,0.8954263708632304,0.003025848546789446
duration,BBB,200505,402,0.673448052960727,0.8349806954336453,-0.7522278892229076,-0.28900014902099863,-0.037827083341607094,-0.14954986564878067,0.3348621557631348,-0.04095793966910405,0.9176845217006282,-0.02346633669676248
duration,BBB,200506,397,0.744496790967554,0.8809415177125193,-0.8080369602399535,-0.3129057587522668,0.02672731389982288,-0.12450448317513044,0.3430787963450669,-0.04520246400306349,0.9168836204801551,-0.034238656743874434
duration,BBB,200507,403,0.7352736881364417,0.8899721970033923,-0.8523723543792474,-0.4598316294072883,-0.046270015589357366,-0.20936670964035142,0.35023873959564417,-0.039748170342059096,0.918094001302783,-0.06256043297694691
duration,BBB,200508,405,0.7874857975559026,0.8663569215439927,-0.8705417996643673,-0.48163203519140496,0.1720104194327479,0.05733164390575077,0.3512174548853601,-0.036577241971663635,0.9153225246052982,-0.05708464457832417
duration,BBB,200509,404,0.784817872553037,0.8791744629345316,-0.879859433420596,-0.5293174712732862,0.26792965483479697,0.1035579717588328,0.3479228535564242,-0.0394703653678549,0.9231805188941243,-0.08847168674130504
duration,BBB,200510,414,0.7635265599803103,0.8867296645789909,-0.8248375330990242,-0.44887358055052606,0.21606966871592065,0.1480099243768354,0.34697924205098296,-0.038778452743613,0.9198617836135801,-0.05391605020590314
duration,BBB,200511,411,0.7343338430999996,0.9062152268467538,-0.8718864888315809,-0.4468410498120578,-0.06240202084181092,-0.152643823947874,0.35064744237842294,-0.028555863221096017,0.923785896462958,-0.08362579404683389
duration,BBB,200512,411,0.6549390833984238,0.8740931342345081,-0.8897085995875903,-0.46596334241619647,-0.21581347193246578,-0.3257229440581584,0.3504628512306348,-0.027282107923920093,0.9285456806817135,-0.11647333305243406
duration,BBB,200601,413,0.7017120009239859,0.8225372044551154,-0.9090571959371639,-0.4156836638573767,0.21574285966398782,-0.028814657628648516,0.34576012058991257,-0.024600343435749635,0.9155294540234504,-0.09739972569957325
duration,BBB,200602,424,0.6088940310803257,0.8576877797541526,-0.9247934131500853,-0.48823989315351685,-0.4596342912917876,-0.4912845861053313,0.33996024276084835,-0.021647593988974388,0.9131401381349846,-0.10226844980168294
duration,BBB,200603,419,0.6965645182924975,0.8084168979566649,-0.8982585559146294,-0.3301830634551112,0.5432073892694418,0.2939185810797924,0.3371310574287153,-0.011952281433642546,0.9129959694658626,-0.06852812689766509
duration,BBB,200604,424,0.7640291583801674,0.8682004462911298,-0.895243854159046,-0.420344860253809,0.4427439347432696,0.16749273372864454,0.32723568095848615,-0.007196415423578345,0.9218878718264665,-0.10833013681172181
duration,BBB,200605,416,0.7298654184411025,0.882111833410038,-0.8525993292483716,-0.4612297806173507,0.19925057173908695,0.18029121930736383,0.31503939493861294,-0.004558998483906323,0.9146685605515814,-0.07251058736483534
duration,BBB,200606,410,0.6870249356392826,0.8311301551624728,-0.8358725019620407,-0.41794109700708665,-0.05782350383245413,-0.07303590703163389,0.2978229162969588,-0.0006532822682791112,0.8941805933705677,-0.04387042465828796
duration,BBB,200607,416,0.6795701880322195,0.8267514822575258,-0.7983779612084199,-0.30106913003105007,0.2218060954387556,0.09803018674037137,0.2807096136633621,-0.003954607859855403,0.8896285960399185,-0.0577067952153578
duration,BBB,200608,417,0.6775007956070342,0.8776413725052885,-0.8056541149119719,-0.2933194507763881,0.1712071249370772,0.08745912403456023,0.2594268395738119,0.0011098914381869674,0.8727882537152565,-0.010941743136172136
duration,BBB,200609,416,0.6352450103039073,0.8696963417094943,-0.7668489675358878,-0.21753786325676538,0.21556639739226977,0.22940549894133444,0.23486014801226743,0.006766965940313831,0.8596053301264197,0.018716718299605684
duration,BBB,200610,403,0.6693389560494737,0.9005577979017714,-0.7112428179227686,-0.11398759723204226,0.2833954444664865,0.24548037466018102,0.21194310252288912,0.006091756386764389,0.8575025167917703,-0.014107524767400214
duration,BBB,200611,394,0.6030128301833131,0.8566659103178408,-0.7095681874934436,-0.14740905591493447,0.16512074611886532,0.19264664103601925,0.19272146009949523,-0.00023975283624492116,0.8561396380029376,0.003015816871840775
duration,BBB,200612,395,0.6544694529432546,0.7956572284084743,-0.6443828505449016,-0.024406237634310615,0.3138991274954778,0.09303031980241597,0.17351075944632868,-0.005201632701392902,0.8434969117732656,0.04722651019053815
duration,BBB,200701,400,0.6899489034574563,0.8015994966691785,-0.5910141938387115,-0.06582781222912137,0.23852267826673917,0.01985267898438489,0.15696859603208183,-0.008525125644886564,0.8503408489540829,0.09448495872194501
duration,BBB,200702,391,0.6155652283471934,0.8376664025295452,-0.5728781813728837,-0.04210023807434359,0.1751542757571256,0.15341769206784497,0.14216140840919886,-0.010877984681465551,0.8522736315298624,0.07362849045247838
duration,BBB,200703,380,0.6837295686096196,0.8411827734652612,-0.3494638402947015,0.23529917974404566,0.5394190953038626,0.435303411451309,0.1333558796543219,0.0010645725867824169,0.8537632881369606,0.1334662466852237
duration,BBB,200704,384,0.6510739268832061,0.8245861547197149,-0.36112724862708423,0.19671718927157292,0.24105216856966624,0.14375736687248808,0.1277979596388323,0.013547988279941909,0.8371523978123259,0.19531340834705677
duration,BBB,200705,384,0.7427597641643326,0.8520883346678455,-0.38934802143026687,0.13908155644535614,0.2697340009311108,0.02988112179227966,0.12181062982381118,0.009880883246852677,0.8373985344682322,0.18307296287367794
duration,BBB,200706,381,0.8061152539254183,0.8891953253601168,-0.1809823751364229,0.23789794534065117,0.5740506809754319,0.4336865803584205,0.11826648309146683,0.013218406723560889,0.8589770895207469,0.1273962081348354
duration,BBB,200707,390,0.6976278454093591,0.8055799943154217,-0.02678265724702585,0.2914765235363242,0.3189158680555731,0.3197141693071818,0.11136131464953004,0.010217879003753573,0.8381650831514857,0.0990558921614849
duration,BBB,200708,376,0.6527969717433335,0.8101568452763037,0.09732964614255883,0.5065276968864352,0.37541080196399346,0.25358147430839334,0.10721233299153421,0.0200633061784259,0.7833313846571316,0.19783367193440685
duration,BBB,200709,381,0.7562070263461689,0.8164072677093621,0.2796488479722619,0.5878515160715866,0.4662233148109172,0.22142968420163273,0.09869757411814523,0.026184168243377638,0.7687679300994135,0.15662349988698238
duration,BBB,200710,379,0.7450307718098961,0.8904519934133749,0.30399790152602263,0.6484880784315896,0.36477032510916685,0.3615037783928207,0.09373059726038235,0.02732999350286684,0.7779437859382179,0.22840541012034452
duration,BBB,200711,387,0.6404504960794684,0.8177633680669544,0.3292704085160759,0.6420687790763749,0.41319783901426455,0.4944146834541878,0.09025596082170728,0.023745672134371523,0.7639700419768307,0.2687782440488357
duration,BBB,200712,381,0.7234801296870111,0.8240482800998455,0.4137752965503174,0.698534104652453,0.3404176331086197,0.1887511807522768,0.08949283264858753,0.023041838635648022,0.7687678406750433,0.3031087313495228
duration,BBB,200801,384,0.7847242160515596,0.8876409703328151,0.6145631294293175,0.826788362174102,0.650482986334814,0.6083194682953132,0.09006655315664495,0.028461316001477426,0.7682146903846967,0.3141589681140709
duration,BBB,200802,384,0.7751311643261972,0.9109055123827499,0.6448562697094028,0.8536005183377176,0.514788410023397,0.5163472511415428,0.08792589998466956,0.017710678322559063,0.761942979149861,0.28467311070761425
duration,BBB,200803,377,0.6993438231601424,0.8934339153181058,0.5179510918689203,0.820188729043811,0.29981290821349516,0.3753235728558394,0.09176009627281015,0.018624705262023585,0.7719169298241851,0.32288709570399
duration,BBB,200804,387,0.7372854353162576,0.8748948888578147,0.5585523697841291,0.8123134256904189,0.2113629804278162,-0.005608060020552238,0.09075624802280083,0.016478081235690067,0.7752837260777582,0.24924021522458875
duration,BBB,200805,405,0.7697142442960909,0.8924554279462259,0.5631903912887184,0.818651635788164,0.4770505129330667,0.37786236651464333,0.08819252823312845,0.024922808924432376,0.784409517715742,0.19325349981341056
duration,BBB,200806,413,0.7411106866638949,0.9052133201967826,0.5309368283018039,0.8047623697686946,0.3731752039305109,0.4125568963794818,0.0837736529438293,0.02073969417546955,0.7759054665233897,0.23079076956529274
duration,BBB,200807,424,0.7466276304088917,0.912832749957676,0.577318211338002,0.8619275027994376,0.47730647890470346,0.44543212282702027,0.08339876544329129,0.02164977431847048,0.7868926900284982,0.2689634155838011
duration,BBB,200808,427,0.7303242157658839,0.9136881070552947,0.5629567199427606,0.8597604939251493,0.4367066501968761,0.40444570749299624,0.08527688644344533,0.03689647316681009,0.8616115573648853,0.16521487503659363
duration,BBB,200809,428,0.5555375458703681,0.7314016091337067,0.37244554128267937,0.6345404721285426,0.09625505488842398,0.08397929692125142,0.082473932275248,0.02961054053816632,0.8742946332386281,0.09118829879602623
duration,BBB,200810,424,0.34013074304247115,0.5713650484740164,0.204453050589967,0.5042315704720269,0.006737982226210436,-0.03991195118707037,0.08364583410145233,0.02589407195353157,0.8917636387172101,0.1719518017767274
duration,BBB,200811,415,0.3133459828913252,0.7601708897949363,0.20113497468133407,0.7416482463824281,0.1374894225732361,0.1472495409936642,0.08325308009193734,0.013600021255510839,0.8625649572396034,0.17608180908989593
duration,BBB,200812,422,0.3429267148060969,0.7792417883884237,0.24075431784524146,0.7672884621572859,0.14754664826532113,0.0026481913094500193,0.08409679938986662,0.014610823992127693,0.8480784736738519,0.1483296974253403
duration,BBB,200901,430,0.47200229475542177,0.798159885488558,0.36541636747755557,0.7951056692598125,0.35113649098433,-0.002848294741718557,0.08556791186743018,0.007076752431432181,0.861099217739797,0.07257738224010603
duration,BBB,200902,439,0.4912047242591812,0.9150359032941653,0.39479117319164747,0.9079068905205919,0.20787564855028268,0.2119231288983001,0.0866489104616122,-0.010024781655196388,0.8998712353280356,0.04303390907560343
duration,BBB,200903,434,0.509898941856749,0.9460813843890932,0.402622291200054,0.9336653276289212,0.33900939824997084,0.39944781139910557,0.09087401779922046,-0.019613137182911772,0.8695999479047651,0.07109682290892033
duration,BBB,200904,441,0.605754255366731,0.9050022159236678,0.5029957437520464,0.9130556251154393,0.4921756115033426,0.1434497728688281,0.09357464567053461,-0.02462559563017265,0.8178651889089796,0.09768421758645904
duration,BBB,200905,451,0.7374133627595654,0.9254564066996118,0.6420476293258507,0.9299343647706534,0.5221841989940412,0.17600142796475074,0.09632082940613027,-0.031808683450813134,0.8274008595260444,0.020597532483081705
duration,BBB,200906,457,0.7014735794718254,0.943641401878268,0.5860740532496619,0.9183811392650103,0.12247869777163331,0.056761230579889445,0.09993318500308923,-0.04622403129795758,0.8759008105033034,-0.039744162319614265
duration,BBB,200907,463,0.7085159436671009,0.9362837416246914,0.5904011736383077,0.9192732621957114,0.297363617986244,0.1351434505479854,0.10442118155262019,-0.05300561570159599,0.8640627443906926,-0.004653226068233514
duration,BBB,200908,460,0.7446228048503757,0.9420565115639998,0.6083453998405928,0.9200666885314465,0.3700001047921449,0.17755499364331076,0.1215581241403819,-0.041535870121972886,0.933531925513053,0.019845881843507843
duration,BBB,200909,477,0.7881359750538609,0.9527482650192989,0.6160761138749333,0.9146094374988917,0.10996946343075004,-0.17434776194569876,0.140909500975016,-0.019459774338608647,0.9743002178570275,-0.014086944559918876
duration,BBB,200910,488,0.8120353211613046,0.969585487737866,0.6486835330996538,0.9335822127299765,0.3605124156356531,0.1386777075663529,0.15460996372300181,-0.03278099839733172,0.9891387745603982,-0.03335710077121954
duration,BBB,200911,506,0.8339411471478189,0.9666285835863638,0.686258031514497,0.9305660257994552,0.5196331467466274,0.428703820493625,0.1671569320223999,-0.03832523330104071,0.9297100781406942,-0.0005609923505799397
duration,BBB,200912,515,0.8615210353628853,0.9664267834580644,0.6764441648737144,0.8977427482535908,0.32450676607046064,0.10452302752415188,0.18235092359859664,-0.034272571186619895,0.9209509400810945,-0.015285115220505666
duration,BBB,201001,521,0.8813412273719631,0.965334845650682,0.7251907082041438,0.9020621360368356,0.5553472968225764,0.46482935572501843,0.1937846175548075,-0.03294248216485364,0.9313063993781775,-0.049815295325022366
duration,BBB,201002,522,0.8689248477949952,0.9642405019439432,0.7288647202511279,0.9056609074369506,0.538494134854899,0.5107840397402581,0.19586754999983988,-0.022620561291857202,0.9134460262631782,-0.06668696523416158
duration,BBB,201003,521,0.9053295767554056,0.9752395033624099,0.7698693765475153,0.9230032832795843,0.5488389497854055,0.42162061645148974,0.1948825972460072,-0.019898211649773085,0.9036776146221154,-0.08624921794632062
duration,BBB,201004,523,0.8842206356352724,0.9616765754053757,0.7581246851214242,0.9109258701393762,0.5881198651619266,0.5839733576792182,0.19059383396926524,-0.0220562882893993,0.8741960642170037,-0.10472766589517604
duration,BBB,201005,534,0.8285203363976552,0.9435787088267353,0.6676455284815532,0.8589830556694034,0.41591726478739427,0.5566479575351375,0.1843931096225999,-0.032680437880133445,0.8492169102092283,-0.08186895959689486
duration,BBB,201006,531,0.7981943816136878,0.9514406875976027,0.6248495399034842,0.8813406596961755,0.4504231567570822,0.5853247683707485,0.18186226754117243,-0.033892803281709134,0.8595815071596349,-0.028438275337522537
duration,BBB,201007,529,0.8192110518946966,0.9544373512668003,0.6568793023504654,0.9166278583492615,0.6470345193202488,0.5775668631847842,0.1803798386354416,-0.0358528156120125,0.827827863792248,0.03621380855794622
duration,BBB,201008,540,0.8264921265215107,0.9727831068605802,0.6353713299580741,0.9051484308791956,0.616848251651526,0.7288927609423311,0.18908486882228473,-0.03503424899485174,0.796757898957418,0.03751384648194748
duration,BBB,201009,548,0.8575059525217796,0.9719438205555193,0.6673198026197921,0.9170107110852067,0.707507752935958,0.7042173849319453,0.20064232246246003,-0.033500308861783075,0.8304336316972051,0.04702846638281881
duration,BBB,201010,563,0.8566762273422719,0.9784078028297631,0.6455760919077711,0.9063377946952621,0.7395519707308452,0.7177964243777686,0.22846522092363802,-0.031175334384715706,0.8646889443395428,0.0747393732663836
duration,BBB,201011,565,0.8732716414351185,0.9833755729830911,0.5359585712166163,0.8157280697965057,0.6306945448908293,0.656614252918819,0.26723432892116133,-0.02464486805821156,0.8671393322952876,0.08514246024609318
duration,BBB,201012,573,0.8646828318471481,0.9707410999807105,0.3569672945648289,0.6430088624557695,0.6072868296192193,0.5545990702371797,0.3035907557335692,-0.02596339594841781,0.8568508606719424,0.08652933856024138
duration,BBB,201101,568,0.9019065471811595,0.9701840442829726,0.44803285638454826,0.6950525619363385,0.787757332251008,0.7107341386482346,0.32857687913179123,-0.01893041684275885,0.86973983640173,0.06946252865273704
duration,BBB,201102,577,0.8854370158346475,0.9730086272582049,0.34029535732202215,0.5902082383467728,0.5876068475843084,0.5438473827176112,0.3396458610411269,-0.010011581822406574,0.8928425491943047,0.05106983855248629
duration,BBB,201103,566,0.9067368887177558,0.9883691747077787,0.35158946655947776,0.5884420202777135,0.7173583444121705,0.69452166391144,0.3464105536103888,-0.0014127895805060948,0.8838848972861919,0.04748163126719408
duration,BBB,201104,548,0.9095602528376232,0.9877258494865495,0.3803726849021175,0.5904086156540135,0.7357614794459056,0.7857463362621219,0.3437699531642215,0.00226957687436637,0.8634703765593511,0.03687968189082722
duration,BBB,201105,563,0.9039037103989701,0.985674045546904,0.376143511279139,0.595049379166485,0.6434498175721175,0.7070755833258936,0.3407567092098638,0.006207207989104318,0.8940039115759463,0.009314335026311278
duration,BBB,201106,576,0.891811714235455,0.9843372004519003,0.42165077989601396,0.650207086959238,0.6743227086629996,0.7376990823471812,0.3336863528962363,0.005458967465198805,0.9251730941472966,0.00614919688395618
duration,BBB,201107,569,0.8688709723149105,0.9852322619335135,0.3531770588380901,0.6261501072331236,0.2061594510247038,0.3096295084456266,0.3349849299488337,0.0020044070753120987,0.9357791270159621,-0.009903640372998039
duration,BBB,201108,582,0.7994254646358255,0.9677243225143936,0.05453152716002989,0.42172171305868456,-0.18683073183510257,0.03649974550403231,0.3449217093909531,0.002013473522238884,0.9549025781974999,0.007503607235997806
duration,BBB,201109,583,0.7663539824955784,0.9751753699817898,-0.0344826938854805,0.4201534135313499,-0.024899151523548994,0.11928839206475289,0.3541827448165832,0.0005788346583286784,0.9606367179345008,-0.0071055473285509246
duration,BBB,201110,585,0.775441338788431,0.9726902526731713,-0.1158312264511713,0.41294076068246943,0.020135859434096848,-0.1986048564566131,0.3653246110095019,0.004549030561970813,0.9714768717751058,-0.009874364273066101
duration,BBB,201111,619,0.7425198915939596,0.9612761021814975,-0.07818379967892204,0.43045386997795126,0.25492806103011084,0.2948253040733006,0.370267232595228,0.007345828774362114,0.9636980786964995,-0.03864079230063649
duration,BBB,201112,643,0.7239719519533728,0.970190537514718,-0.1645363290527068,0.4151624271711937,-0.07192559403251488,-0.13459445889775726,0.36800139782621727,0.0052629620276687114,0.956574270023709,-0.05108362265027137
duration,BBB,201201,651,0.7607787142967848,0.9729357938326882,-0.12343688767199555,0.4647915539036111,0.36970395130300143,0.08355139648513209,0.3664631315840333,0.007050293097469123,0.9669556641966605,-0.05803840784171675
duration,BBB,201202,654,0.7958511320350747,0.9706890099829174,-0.11267751279548556,0.4181432982110037,0.3628433234983383,0.1790646245761451,0.36068570216964374,0.006559743546860639,0.9500955578005801,-0.051161373398039674
duration,BBB,201203,655,0.827732834334432,0.9793689447357339,0.013397595650443515,0.4892654379393216,0.5652625636488174,0.41805618997715666,0.352110823623722,0.008410841289826233,0.9479100806244986,-0.042514801570780775
duration,BBB,201204,659,0.7848878833486047,0.9704221709505073,0.0011923665396044566,0.4650460587796336,0.18492033908041394,0.32663916721064,0.34472555678921274,0.009261988236538284,0.945966942759464,-0.026959747624044468
duration,BBB,201205,662,0.7354028098958052,0.9620866732701511,-0.11279300804249001,0.3963238815114011,-0.07460254999445638,0.15529137778471425,0.3431849169983465,0.0059610408100937845,0.9571660253257216,0.008380030362208883
duration,BBB,201206,663,0.742182019520187,0.9770710117341561,-0.14468042914367754,0.4396336562053572,0.3034593569696483,0.2140485645881464,0.34681142617361027,0.007623316223440692,0.9640044168624567,0.010536974237105068
duration,BBB,201207,680,0.7430284900828248,0.967485992439775,-0.21179443574514142,0.3421050452205309,0.010759996809478142,0.0017686412123744028,0.34803303870301194,0.003830646137192907,0.9590996056797072,0.009929796991378565
duration,BBB,201208,652,0.7969114075365414,0.9730461995059503,-0.19521048879254654,0.36951948520030736,0.463834091511189,0.19300491096253658,0.3557628627260877,0.001887218143835201,0.9686725254609285,0.006519406033461313
duration,BBB,201209,704,0.8231845557265542,0.9780543678731235,-0.24350538311904496,0.27871516429523796,0.31348211313216917,0.12409460010287397,0.362332100928548,-0.0018930437062566676,0.9643526440702068,0.004492413511347118
duration,BBB,201210,702,0.8070070433332898,0.9778900416448539,-0.33223773421986497,0.16169136550827698,-0.07389182109506458,-0.15144672155134387,0.3674972527561048,-0.006086908259956724,0.9730636552210524,-0.0047331708851291125
duration,BBB,201211,713,0.8070130962581916,0.9724044933032755,-0.33032398113633604,0.1766474097289109,0.27326708128553306,0.25937534945496826,0.370113171108083,-0.005690092713143618,0.9686318482151351,-0.012412801809728681
duration,BBB,201212,723,0.8092051790216285,0.9568161585645306,-0.36544191623884936,0.13771645848514433,0.07860714879698151,-0.10017718258809248,0.3711809399514013,-0.005240963447778894,0.9710219239707638,-0.013635763445856623
duration,BBB,201301,738,0.8648884896383511,0.9614733492041669,-0.22585829288429687,0.24289095781847206,0.6311448228584551,0.3557062549409053,0.37555145966674697,-0.007181103792559489,0.9852100543348637,-0.01307208527721213
duration,BBB,201302,745,0.850704581412023,0.9821140272940345,-0.2070259976423294,0.19915617474067907,0.08545455970124562,0.09582142629172744,0.3707637802939526,-0.014176838375258608,0.9848896554538513,-0.04771049221254275
duration,BBB,201303,745,0.858355326284997,0.9861498865961533,-0.15651741928313795,0.27572169857540324,0.20919497483870803,0.1040808587826669,0.36175442346823455,-0.01715871947375918,0.9895431080458525,-0.037127297156569594
duration,BBB,201304,776,0.8597558164890545,0.9804635857613573,-0.170709528474743,0.24464511329006344,-0.23484459042157743,-0.29488685979883467,0.3488228604092439,-0.01974798602339569,0.9882867702329915,-0.026279078674088945
duration,BBB,201305,797,0.8783022767493937,0.9818300785713204,0.07646953079375046,0.44787799407627554,0.6512956752428457,0.5031542040222424,0.3338107046985659,-0.023047017573042748,0.975549765445018,-0.006739741244703963
duration,BBB,201306,806,0.870879083605922,0.9831595012055767,0.27562774146238606,0.5727562413022166,0.43329139395889094,0.4649059354281157,0.32171774311616713,-0.021679060891679588,0.9839523876398903,0.0021412266130542384
duration,BBB,201307,798,0.879539156931499,0.986524246097833,0.41243060273394133,0.7233281452127118,0.49672331412418447,0.38399409701420556,0.30424426205151445,-0.015555491141551797,0.963661772006342,0.008645484025707738
duration,BBB,201308,809,0.8799596050509002,0.9833308575742332,0.4626091554355271,0.7269020390915553,0.4358239923703949,0.4388480115724341,0.2924619852668409,-0.01235520945126978,0.9587595250344115,0.03698127618656733
duration,BBB,201309,863,0.8941528023245555,0.9680178194659979,0.5571093286278404,0.779666292395574,0.49481757626486267,0.386709192649365,0.2885948201509602,-0.008108327407728546,0.9563130048205075,0.0352235559152118
duration,BBB,201310,891,0.9080516931260858,0.9850447852015248,0.551913586750086,0.7749032985088614,0.18245636357189737,0.114315171240593,0.2913210117434395,-0.008901562602400407,0.9586411783239674,0.044708990782179825
duration,BBB,201311,897,0.9205279135398928,0.9900423090404894,0.5807598234171173,0.7824455152695757,0.6173439317291597,0.5341578153172951,0.2941210714796977,-0.011255155333231043,0.9674272868591136,0.027922020433508374
duration,BBB,201312,912,0.8980510226655458,0.9724028721281816,0.5269230747326618,0.7182437732155117,0.21079779704219107,0.18943722736903704,0.29166389701478457,-0.014725627678341808,0.9566926089638379,0.0366298793794425
duration,BBB,201401,911,0.916585244556203,0.9903369622478922,0.5154175176605703,0.7201948209038306,0.11173074859740754,0.12953678975699412,0.29240125185613924,-0.015665497951236035,0.96853723036495,0.053555887247718564
duration,BBB,201402,925,0.9302052183979088,0.9913005918335359,0.49416364500597765,0.7025011920559279,0.1817003730610642,0.09973239589275891,0.2886992435738145,-0.014700538418086304,0.9714623284572321,0.03956528742701425
duration,BBB,201403,925,0.9315803485972487,0.9911133218838938,0.4584996137479939,0.6524382232307897,-0.032137326924370144,-0.06282403007547858,0.2857578229468401,-0.012049499936168204,0.975697938943754,0.04261481017244765
duration,BBB,201404,938,0.9148942399339184,0.981544752266632,0.42647402006570917,0.6244997709794041,0.20623530898552658,0.2157312054613001,0.2812845328086217,-0.010451179177657987,0.9675476110178383,0.04869026789601136
duration,BBB,201405,931,0.9326763169196411,0.9923486598563929,0.44228008362711735,0.6418620630300593,0.16179625504099643,0.17067680306427216,0.27585447177019323,-0.006453417676848395,0.9631877816519663,0.05726959311079083
duration,BBB,201406,950,0.925263957484519,0.9854277922053856,0.3997474311241401,0.5921376109740589,0.2612578232336283,0.20207590170781134,0.274750124665601,-0.0002612005362530757,0.9662390755265334,0.054280471912653616
duration,BBB,201407,962,0.9359222850669215,0.9906862229197109,0.38742792667582643,0.5674947706748924,0.3279363574289027,0.34951587612826573,0.2725124604470603,0.0034585261126054145,0.9557563310617914,0.04913498680703321
duration,BBB,201408,976,0.929271635264718,0.9895351078787281,0.2457069083239864,0.45294170807687345,-0.07732503313925197,-0.07462279426536587,0.2780585067285696,0.0043118246583503436,0.9676841163969048,0.04789329332538511
duration,BBB,201409,1001,0.9264821489745702,0.9830722624194068,0.26960724305634487,0.4650509872902449,0.5205458972165559,0.5008395917772311,0.28271021244640016,0.005049624225442672,0.9718865283557774,0.03138495604609873
duration,BBB,201410,1017,0.9184531711263435,0.9834677764293417,0.2327168479774167,0.45470762952268406,0.03244846332804209,0.04358248240119728,0.28642880171620544,0.005241140324576039,0.9782787753527322,0.022805586184607846
duration,BBB,201411,1030,0.9174874268921306,0.9866940333970419,0.18536711267144138,0.4232787173381014,0.15579305944380553,0.15574453009784828,0.29066465748503273,0.0066041481894455615,0.9793512878840586,0.030813864634211076
duration,BBB,201412,1030,0.8630023179650932,0.9661380753870628,0.012757381432052907,0.2800754605156338,-0.2756027936262923,-0.17312413985214187,0.2976397096477609,0.00965992927233529,0.9858119077904458,0.021715109606775657
duration,BBB,201501,1046,0.8453211411834899,0.9776342570401343,-0.16331623839020484,0.1997988258094177,-0.2978526590346814,-0.1720251476205275,0.3106258460100137,0.009485372231259148,1.0088956465802665,-0.0028378247718987178
duration,BBB,201502,1083,0.8700127830684109,0.9787640606182396,-0.19737189284376647,0.19552863684848043,0.21529515864536164,-0.07899220836315674,0.3198726322817798,0.012466119457242096,1.0044035088079746,-0.007307847182470555
duration,BBB,201503,1077,0.8803784003101973,0.9901511957923275,-0.2231591975289063,0.12548958846295,0.1052908219024037,0.11400626314652199,0.3287977469121812,0.017018684930221538,1.0049876023871973,-0.013465636677974626
duration,BBB,201504,1097,0.9006739410400425,0.9874135667540477,-0.20361892872287127,0.14853323475335944,0.4221445198238291,0.20902636737941208,0.3396027172917301,0.01406866849027987,1.0020213271349776,-0.003605580722246267
duration,BBB,201505,1125,0.9193921030774742,0.9883595572632848,-0.21941311690254503,0.08111187673805009,0.3940773166590435,0.2343819136206065,0.3519488272441916,0.011914755339188258,1.0009854575639427,-0.01676918732642965
duration,BBB,201506,1143,0.9195752969736088,0.9904157826583666,-0.17221444546416623,0.09413506648788411,0.34972159731181757,0.31746276973316245,0.3627216493813778,0.01115255290454253,1.001732046169196,-0.024460453195425492
duration,BBB,201507,1177,0.9111418322332844,0.9897613219545895,-0.17846702978431406,0.10187961525706227,0.014412045668657374,0.06838103995244496,0.36506209914229426,0.010917022057858595,0.9863728425842639,-0.010405240068713222
duration,BBB,201508,1197,0.8880302619392572,0.9864827317356168,-0.11624443042939926,0.19389104873168914,0.22493498194036465,0.34127962331771783,0.36497180437387344,0.011370575990822413,0.9841051463423931,-0.029461329500269463
duration,BBB,201509,1190,0.8769722877198881,0.98971260190747,-0.09434507383020704,0.2641258232078933,0.3353666716828141,0.4527370572644969,0.3622015012705251,0.013662529474313775,0.9789761288470435,-0.001003585633833187
duration,BBB,201510,1198,0.8792530224514348,0.9846519565827808,-0.1024809311991635,0.2881859970265277,0.07100048461032364,-0.004928983471977032,0.35494278017561876,0.01488337439094343,0.9771824095044155,-0.018068643011062754
duration,BBB,201511,1232,0.8419820676746618,0.9783861596177905,-0.12259672134143663,0.2636507415029386,0.044742056700466874,0.18867542949665472,0.3455749418526005,0.01147269956562316,0.9778767601766981,-0.03378253273855182
duration,BBB,201512,1347,0.8154867585349993,0.9604158585776142,-0.10374675627079163,0.3099611246547082,0.15576686758490663,0.24600999625082562,0.33435781838038386,0.014638744284818638,0.9688459552872458,-0.02944062537292749
duration,BBB,201601,1352,0.7708318569235704,0.9768702322890285,0.0055999857592174025,0.48845404458178154,0.3035145550286165,0.4799636560861587,0.3237997517455588,0.018567906126602505,0.9707716145509682,-0.027295466853116873
duration,BBB,201602,1392,0.7460589735600753,0.9760754862756901,-0.04796857406982706,0.492106587603234,-0.0817551554792391,-0.04460409956127499,0.3128897059846367,0.01569270154545664,0.9706983533207838,-0.04326349860835119
duration,BBB,201603,1383,0.795016228326097,0.9701007932367657,-0.06845363986779514,0.4985959598957601,-0.019561969146719933,-0.4131754320310167,0.30099992620117605,0.011473914042269794,0.9685218892317952,-0.05256277403366333
duration,BBB,201604,1397,0.8294206606068668,0.9841285596068867,-0.08100050388381293,0.4420991936527172,0.061686519190898126,-0.268112110628977,0.29309648920661563,0.011569105003521285,0.9776503891648185,-0.05723796211459882
duration,BBB,201605,1413,0.8397908167894017,0.9906930091898698,-0.07788218510777657,0.39432730609054223,0.12254054084467177,0.0910854724625078,0.2877302055720222,0.013893587175632048,0.9789602717684173,-0.055315296342308654
duration,BBB,201606,1422,0.8376993491627648,0.9841312335224227,-0.156102894114049,0.3304373581523549,-0.11013591553364771,-0.23315241086919425,0.28324367612645207,0.013525515052348388,0.9832901908621884,-0.0683831122034692
duration,BBB,201607,1432,0.8522198712090426,0.9830314961155618,-0.1804205260776493,0.29808657403724736,-0.019131712736859856,-0.1793228251546124,0.276105599530034,0.011945283295335346,0.9810418933583805,-0.019468339801296308
duration,BBB,201608,1465,0.871100261585477,0.9780026323931265,-0.19748829489138559,0.2581061275714256,-0.08151232124860283,-0.33028344716982855,0.267365641591371,0.013958137677475698,0.9861277286134023,-0.006336950268299119
duration,BBB,201609,1486,0.8652371327166436,0.9765626379232761,-0.20202250977218864,0.228344280301955,0.1817778470978468,0.06841706589374277,0.2602811448656338,0.013716524477615774,0.9842509696770159,0.022764391214817072
duration,BBB,201610,1486,0.8897406946478965,0.9809078601764597,-0.07115558182955979,0.3404978134445276,0.4105763642274745,0.1817729806146311,0.2541316685029462,0.015385533646486255,0.9821266044604322,0.0571313582253074
duration,BBB,201611,1491,0.9008060421692305,0.983042730666834,0.037484885664323904,0.3806825597023415,0.313422975600958,0.1882850932383742,0.2511923017917965,0.01699757536208048,0.9846612589226773,0.07644044902446491
duration,BBB,201612,1498,0.9083319709196568,0.982916560920815,0.026964731591169758,0.34050876082215725,-0.09615376827004198,-0.2512646558598097,0.25114828557968855,0.019997142266366605,0.988567375205485,0.07938934000900259
duration,BBB,201701,1541,0.9235691108609584,0.9818517623788962,0.009378229746276166,0.2850329768147409,0.10996484357079453,-0.05974782584419437,0.25747404527354184,0.02284591198782503,1.0025339589840458,0.046742612078438536
duration,BBB,201702,1560,0.930254377460114,0.9885485169141949,-0.11535080980252513,0.16073106809984586,-0.14224709354967052,-0.2412247694320316,0.26650673033314637,0.025523729135809466,1.0027413166651469,0.060096547548673655
duration,BBB,201703,1539,0.9302071989848537,0.9932222300733853,-0.20731088503217904,0.05941247949053461,-0.1462972298314471,-0.1938294889781557,0.27707002784504214,0.03004076460613791,1.020944051328424,0.060261004066473715
duration,BBB,201704,1545,0.9313609693395598,0.9919809523905905,-0.37545736145421177,-0.10452147322088934,-0.36536151605746586,-0.4381681027447395,0.2867366583075876,0.0338552883481815,1.032039575071356,0.06538232999034878
duration,BBB,201705,1536,0.9284603612097868,0.9892114189463103,-0.5119657058172814,-0.25205212267476224,-0.42574159669001826,-0.4715639813290797,0.2930036817593133,0.0353582632657535,1.0240509269281346,0.05172502471058278
duration,BBB,201706,1555,0.9215954943479828,0.9855442495868296,-0.5517803610001429,-0.2872082757178559,-0.4330685139809038,-0.46965048334426845,0.29463963324373244,0.039419188791841996,1.0243047172124387,0.06256432727522913
duration,BBB,201707,1586,0.9286495412558539,0.9904571239737252,-0.5587986684560893,-0.272385800948309,-0.02318703771208981,-0.12411402053532192,0.2928209555745722,0.0416784709820137,1.0297748522554864,0.09223552533998886
duration,BBB,201708,1603,0.9081968984026092,0.975635695805183,-0.5818529862400994,-0.31338407234899746,-0.503907148362798,-0.5156489112235839,0.29229094420959634,0.04140747704242493,1.0565842556068055,0.10269413770820837
duration,BBB,201709,1632,0.9257227805111389,0.9910151044220912,-0.5671471521515369,-0.26859791154708823,-0.3116959569396335,-0.45868361511799466,0.2870252093869982,0.03908110737471071,1.0360436681935212,0.1169938431863814
duration,BBB,201710,1640,0.9253194968023741,0.9911286290836065,-0.6044949396316684,-0.33302575747908336,-0.12392591888580773,-0.18876136260563806,0.27925914032757654,0.03943768372314263,0.9790922159029315,0.11637199322403324
duration,BBB,201711,1627,0.8961161495916043,0.9810925822969984,-0.6629210428533195,-0.39480661465625994,-0.40087525345715996,-0.3597347274596541,0.2707895117745578,0.0371766224262528,0.9674452120207179,0.12536460479122677
duration,BBB,201712,1635,0.8809825732179846,0.9765881977051932,-0.6964529817509021,-0.40038022700398396,-0.3079871204332312,-0.2967071539956186,0.26367587308674645,0.03847553082936427,0.9649637079538871,0.12069142347161292
duration,BBB,201801,1652,0.8959367026134982,0.9831328502469271,-0.6672171002976579,-0.3619256044599811,-0.009327566547487273,-0.1545730167725397,0.2554631533982298,0.03949282428817325,0.946694670269986,0.12197707298991076
duration,BBB,201802,1686,0.9021827190885424,0.978751886529772,-0.660577453779832,-0.36917182692719397,0.49921009660171006,0.46224629632037273,0.24400780961024976,0.04119361107581316,0.9125481286036539,0.1409418164412111
duration,BBB,201803,1672,0.8861733747605883,0.9804225948791548,-0.6507907141150161,-0.35596978903459947,0.20399502310416942,0.2517928552806343,0.23483211027295334,0.04561453600031457,0.8981865926836183,0.13974065040314396
duration,BBB,201804,1708,0.8818252517494459,0.982265619204316,-0.5162696184443961,-0.1723063021169372,0.5127999690937729,0.4730574449404415,0.2270423666239022,0.04963214296819573,0.9402228444802103,0.10667267457183306
duration,BBB,201805,1730,0.8768863797936726,0.9708258857860546,-0.5018606182484704,-0.16896969984201965,0.3123210731558399,0.3092775699057904,0.22250103322143686,0.0498220681070081,0.9590726082280109,0.05490206497917636
duration,BBB,201806,1726,0.8688950551739546,0.9805603561380049,-0.46616339493235504,-0.09911997032655782,0.28002463915827336,0.3221681316459973,0.21925750115356574,0.046586445241100144,0.956456910285901,0.027487573912196823
duration,BBB,201807,1738,0.8602547556955822,0.9821889394179436,-0.5010899122826166,-0.12384664694268803,-0.07732600280650888,-0.13836247009080083,0.21702319577416146,0.04513385753100703,0.9608724029968079,0.009046184987501007
duration,BBB,201808,1749,0.8656118485858153,0.9799671051677068,-0.4895607136268592,-0.08018408660360236,0.4200880299900067,0.3667562828130666,0.21670305106948176,0.041504472389066065,0.9667833500266426,-0.003893264672166838
duration,BBB,201809,1792,0.8604457000109293,0.9820743527519386,-0.5170110610127195,-0.13494226075460963,-0.0200960744004996,-0.07764107329312422,0.21699003094558134,0.03928797536715661,0.9735030731994421,-0.030689582142483345
duration,BBB,201810,1818,0.8596033052406755,0.985819884296143,-0.455986271501466,-0.0372902668209594,0.5131193661643392,0.5241903162048905,0.2175467603894038,0.03769777043025891,0.9750143005317689,-0.03824856197380135
duration,BBB,201811,1849,0.7877103668203094,0.9545741054505419,-0.4624573346639328,-0.04173628051750047,-0.06750680410455273,0.10082419802599316,0.21580890936919156,0.03813656294338792,0.9734249706091768,-0.05714505929560532
duration,BBB,201812,1870,0.7595544548609467,0.9634532113716294,-0.41620590709678945,0.11517389561266955,0.15858825371579585,0.2821577696867271,0.21213669183834435,0.04165252435665776,0.9670931563269403,-0.04557633801155581
duration,BBB,201901,1841,0.7975668972948765,0.9518727688644588,-0.4216900431800141,0.15633513049391135,0.23486021286836886,0.008508518195402381,0.20725354194893433,0.0425162877900873,0.9714742925813,-0.05084746375095526
duration,BBB,201902,1847,0.834864326814114,0.9705725510929445,-0.38968022376976374,0.13978494886293127,0.3345289574796667,0.07289597602762873,0.20223334573459104,0.04530269033989548,0.9749596278824092,-0.0421003913803917
duration,BBB,201903,1828,0.8245072958063332,0.9747813410510279,-0.43354634503469996,0.059133054317365666,-0.02123474833045027,-0.06258961810120119,0.19736064488759786,0.045619740151961914,0.9786720486128807,-0.0362248508168592
duration,BBB,201904,1860,0.8272248908133102,0.9639097384950475,-0.4969582548285818,0.005561482957125322,0.044583817134898236,-0.15498692598772543,0.1924130931341945,0.046667988388518156,0.9745070896769326,-0.018190719978605142
duration,BBB,201905,1844,0.7964113523425312,0.9644543059922387,-0.43046956163187816,0.04136736981389565,0.1257644921731964,0.27628067731220446,0.18670344227260435,0.04925024388506475,0.9713678010455565,-0.00889832188544392
duration,BBB,201906,1865,0.8018449542310506,0.9698036649513762,-0.3972035705455153,0.14297439618326863,0.13915817517589105,0.054834078542234356,0.17901864882693277,0.04863071220092182,0.9655764772508243,0.0296594410327458
duration,BBB,201907,1886,0.8167056313181011,0.970022788602166,-0.38922285129697926,0.14972796699616914,0.11021693009958891,0.012955319926186223,0.17074656086991158,0.04956907038983848,0.9604771696105632,0.02756563929715045
duration,BBB,201908,1883,0.7504836400319818,0.9558191028004114,-0.3872742749807775,0.1322214649543099,-0.18116497624766628,0.035731650761861966,0.1603833650081282,0.048824087597148784,0.9450894660332736,0.0011462602517332292
duration,BBB,201909,1908,0.8016016234434369,0.9685326580222448,-0.2749705721458007,0.33517387065229143,0.5316080575835181,0.39779043249827195,0.15094344479320035,0.04873079519255037,0.9417705719849355,0.0015855768464090984
duration,BBB,201910,1911,0.821494836386734,0.9749798100811302,-0.06150849864253982,0.46496119914740913,0.6360717659111447,0.6029852766053193,0.141403992041583,0.046797043587912805,0.9349684163207556,-0.002767752543299538
duration,BBB,201911,1883,0.8195289571027256,0.9763064728401468,-0.08139488131963456,0.4234183556128335,-0.005598864564161629,-0.03692234838040662,0.13362822584297937,0.041283578120390886,0.9416351840132766,-0.04804033198202616
duration,BBB,201912,1829,0.8436677131705658,0.971963391076252,-0.004156843176339407,0.47882997809992756,0.42422363277411235,0.23526053573692476,0.12970523592420183,0.03794980494422497,0.952741876956835,-0.07070754420790772
duration,BBB,202001,1806,0.8211404199202011,0.9745269427766182,-0.06021866210693597,0.4060392165563117,0.09143530829923069,0.13723400402025743,0.12830044108676195,0.03531775962511944,0.9704355540848362,-0.0773104452616716
duration,BBB,202002,1798,0.7136249819085654,0.9406278473765128,-0.04486887154716049,0.45332461498322496,0.09660832247652752,0.3642822701285044,0.12719409136204432,0.033602007443860125,0.9750975080643659,-0.07103475020700513
duration,BBB,202003,1772,0.31175532182976784,0.6831566518715231,-0.11759588991606215,0.35937861366604906,-0.29924916830409354,-0.018537815492120784,0.12689584699525733,0.03218427885956096,0.9827340987887668,-0.07751979375764018
duration,BBB,202004,1728,0.48434084260501903,0.898311160393456,0.10667103690067149,0.8635529311244916,0.4859823451216344,-0.1918082650741437,0.12641440439340226,0.030446304842342453,0.9859031575427598,-0.0731425916029486
duration,BBB,202005,1757,0.638745683240842,0.9355269931875,0.30256058338733355,0.9057405924999758,0.498410726759849,-0.05249510785866691,0.12725473701774206,0.031375055630934255,0.9947807549428466,-0.01598059874616629
duration,BBB,202006,1739,0.7355239736080571,0.9661583262010394,0.3953996641014295,0.910565561308671,0.2170020818701595,-0.23190605382500223,0.12661432019813945,0.030768410797676973,0.9948438969654808,0.020289895632638544
duration,BBB,202007,1726,0.724206971842879,0.9739691989816207,0.3229557297725214,0.8243084440689167,-0.3477414212963587,-0.43276268323079836,0.12622593559021744,0.02971079306623439,0.9962070465619138,0.0023326426812196425
duration,BBB,202008,1719,0.7923385179001436,0.9805622049021646,0.4504752162852517,0.9004647403890259,0.6103446636782902,0.24904554490965275,0.12762748898136028,0.028656121327054505,0.9969154397742448,0.008362910524818058
duration,BBB,202009,1529,0.7951006950588211,0.9884926196697159,0.4762788867374617,0.8785415768826499,0.08244692204351703,0.08541581842683822,0.12928287672392158,0.030058480181330553,0.9889899749233064,0.03127537783742816
duration,BB,200307,137,0.5132300196376695,0.9097642422160099,0.19656224914592937,0.8500616050926877,0.2457809845613904,-0.12413426176563928,0.21044704007468515,-0.02719678229217978,0.9236215347110277,0.04881830875962598
duration,BB,200308,143,0.514739135970453,0.9287477505411079,0.2458017334777898,0.8679158946364336,0.3275714895433205,0.07674708263968898,0.21044704007468515,-0.02719678229217978,0.9236215347110277,0.04881830875962598
duration,BB,200309,148,0.45001508496707504,0.8886817911766918,0.15050881589711887,0.790235288896936,-0.054923983016025205,0.14724250007504566,0.22559225842947042,-0.022272137732279564,0.9171968251349115,0.07039819001506196
duration,BB,200310,150,0.5593596853916118,0.9010573850280684,0.2952753455709143,0.8405970764884194,0.37894484199297745,-0.04769998257704783,0.22559225842947042,-0.022272137732279564,0.9171968251349115,0.07039819001506196
duration,BB,200311,152,0.577873649140137,0.9254733043614611,0.2646341213376253,0.8102181113333272,0.13482527901366193,0.03133230646484722,0.22559225842947042,-0.022272137732279564,0.9171968251349115,0.07039819001506196
duration,BB,200312,150,0.5942804416584756,0.8884789923066415,0.2724192186319392,0.7733157443734064,0.20216542957464775,-0.02428912269726528,0.22559225842947042,-0.022272137732279564,0.9171968251349115,0.07039819001506196
duration,BB,200401,139,0.6234518044458288,0.8750312796060948,0.24239688994146294,0.7086377026639599,0.09731891505429197,-0.042535555215692696,0.22559225842947042,-0.022272137732279564,0.9171968251349115,0.07039819001506196
duration,BB,200402,143,0.6236271205598518,0.8508474576289098,0.1712383860271184,0.6384578370692707,0.3207098066252996,0.4427224030845698,0.256835337401766,-0.03363201862016728,0.8313291246950336,0.023966584500430398
duration,BB,200403,139,0.6625273555402355,0.9531644834296668,0.26448009294427804,0.7819589189426334,0.4608070065686581,0.576893215383335,0.256835337401766,-0.03363201862016728,0.8313291246950336,0.023966584500430398
duration,BB,200404,135,0.7272008935843679,0.9629020831079514,0.21372549019607848,0.7587604578645218,0.3534191786167204,0.15983621050325406,0.256835337401766,-0.03363201862016728,0.8313291246950336,0.023966584500430398
duration,BB,200405,140,0.6917372151686967,0.8839882179889353,0.20473201985524045,0.5930364142377996,0.34083663160656885,0.2896869174504673,0.2620839233509622,-0.04682891368733144,0.8336078285977823,0.040527123712221114
duration,BB,200406,146,0.7432950265472937,0.8983173065340497,0.26214801461444287,0.7007735258291988,0.4851127413648502,0.3290164730930182,0.2620839233509622,-0.04682891368733144,0.8336078285977823,0.040527123712221114
duration,BB,200407,152,0.7178084813218066,0.9465881733823361,0.16501274612319655,0.6570882551713138,0.30379854974405235,0.2776953378295719,0.2620839233509622,-0.04682891368733144,0.8336078285977823,0.040527123712221114
duration,BB,200408,153,0.6985082978484582,0.9036598227010852,0.09284910136303325,0.610379417075905,0.25970340289225735,0.2342962209078394,0.2889363289501985,-0.0386460019379607,0.8538384136580306,0.08083985831409074
duration,BB,200409,155,0.5968612033128161,0.9027485506429226,0.011030904579291676,0.5662194780071231,0.18930424414295383,0.3898195024979234,0.28828035474270536,-0.0335662779972334,0.8518481759694848,0.06018153598176733
duration,BB,200410,162,0.6692465488093274,0.8634066722715183,0.029636121660661537,0.592890379233404,0.37450692318657103,0.35514373497835755,0.3086473560272376,-0.0596901684327004,0.8313939182043989,0.10842951020012857
duration,BB,200411,167,0.6108797176045213,0.8898788799732849,-0.12822977109464376,0.5251628254828545,0.2026703907159863,0.25216225669626824,0.3233467162536835,-0.06290560336107186,0.8205661724146807,0.08908053577129665
duration,BB,200412,163,0.6525285707298397,0.9566913124249543,-0.12325358427408406,0.5509232254914448,0.27462162147183844,0.3217773701342725,0.31515522888753783,-0.06160515907585332,0.838466446137053,0.11919289741645579
duration,BB,200501,164,0.6111561523985152,0.9088339958056416,-0.17057266780890848,0.45784438754086376,0.12572342696085706,0.27717368755920335,0.31502842160373795,-0.05312408298077485,0.847095865953655,0.11204955834544464
duration,BB,200502,169,0.5486842383329763,0.9018935591641862,-0.25578290487792754,0.47304299831579605,0.1030083039132813,0.2397063293220491,0.30521948037867574,-0.06622894940475627,0.8341083736719092,0.09345157719727527
duration,BB,200503,172,0.4767163929217382,0.8090672395965155,-0.3422337939215561,0.37921690476357217,0.051452397629373876,-0.032685765495957496,0.31848847882406073,-0.06831140530481916,0.8574043457344098,0.10778964205076297
duration,BB,200504,187,0.39170295279152567,0.8486288241020855,-0.25006147713967974,0.5311793039959986,0.11278944721958166,0.28796967610265767,0.3028068205884343,-0.09082453360578505,0.8638124487969794,0.08100524596825485
duration,BB,200505,196,0.45799563706000784,0.9061651067627712,-0.2433185378798142,0.6245436343907763,0.16190741818007953,0.043434969270239904,0.30599511147457886,-0.09961850526764932,0.851384143242887,0.0960597175174932
duration,BB,200506,190,0.43668866032694703,0.890937163752154,-0.30260380445004315,0.5393101849536028,0.122731785834569,0.1824679116379762,0.3134511442188354,-0.10024917547040244,0.8813007332198265,0.05782648883493028
duration,BB,200507,190,0.466638410999642,0.9289403712522151,-0.32932155869604207,0.5640778457108551,0.21699536800115474,0.11634254281890519,0.3110038818573843,-0.0996632588308201,0.8567589328130447,0.023643443255717937
duration,BB,200508,190,0.4215386916754822,0.9125254126382604,-0.3183762197815656,0.540707625137862,0.20818276056633736,0.4324184358173613,0.30757265652362586,-0.1085358561154247,0.8320256912302573,0.02953851858637195
duration,BB,200509,197,0.4564912850734639,0.8481425280271833,-0.3260016512373293,0.4937315299983134,0.191069505790318,0.29088730174259647,0.30191362003740907,-0.1059333685339902,0.8228940220486921,0.015516081243098225
duration,BB,200510,194,0.34121890367382074,0.830834417407876,-0.3799805237228451,0.47194505211087634,0.18019336573900968,0.29983597154082287,0.3154569161645543,-0.07797007554630082,0.8344746573433274,0.03579054011799238
duration,BB,200511,197,0.3400815181672031,0.8952094010839702,-0.3666500287239954,0.5598601469949417,0.07979620089844891,0.2859350413399144,0.30984093588651684,-0.06620641951036434,0.8457155283467978,0.009466081571686236
duration,BB,200512,165,0.21686299600658715,0.8950585416140602,-0.4873854620254856,0.5126302579891504,-0.006285897470146662,0.34153756352263853,0.309517587839499,-0.06110800505894184,0.8502378365486498,0.0008400744405132252
duration,BB,200601,164,0.3945838077402311,0.8040065213282753,-0.5251479330186497,0.5044172609542484,0.21577680138206845,-0.18854144349218535,0.3182357909381236,-0.04652513790477613,0.8878585008096442,-0.03060307636861336
duration,BB,200602,171,0.3147920260412864,0.8381932148671414,-0.6071039431684547,0.3076299081168463,-0.1692898456812346,-0.04966046230889206,0.32224018997219217,-0.023235245132893198,0.915919665955932,-0.06061485896711582
duration,BB,200603,168,0.37359789431537527,0.9248339897832192,-0.5888383840940268,0.4139316905042786,0.2905532974625559,0.03260648801680112,0.3230623544614875,-0.003252415285758219,0.9124719096379155,-0.034581620402510185
duration,BB,200604,158,0.3969517324698873,0.823498315596417,-0.5526858231194827,0.4099045341581828,0.31143560824450567,0.0018574424341430277,0.3102090245041761,-0.005074021822737083,0.9010351431041912,-0.09420781487116099
duration,BB,200605,152,0.4293445713880646,0.8912581596749378,-0.4938114667268092,0.42719820118689666,0.44899500406645754,0.17159313415696983,0.3111267588273449,0.0011056010929953984,0.891026315890071,-0.02593520695234682
duration,BB,200606,142,0.4638078413415731,0.843580025839417,-0.5774564063446292,0.25268211619025766,0.12518467448044915,0.0571954269651816,0.2982872452891783,0.005211925806866541,0.863656998880153,-0.007929074769144432
duration,BB,200607,141,0.31816960754993256,0.834149406060072,-0.47471638340682387,0.36078753708767225,0.09667365897512734,0.3614853439193359,0.28446271842695575,0.00858458592742027,0.8600423972564947,-0.006301285947295245
duration,BB,200608,140,0.3170919443972166,0.8944244299519349,-0.4218757516782927,0.5514964187224963,0.13524742516017582,0.3987483285374774,0.27209037261730296,0.004455452016993396,0.8702517010032327,-0.011561067210431607
duration,BB,200609,142,0.3498229216881463,0.9226428102911005,-0.341622117768357,0.6570883715096472,0.1533956005037815,0.37221023072652404,0.2524768855551005,0.003452963568142019,0.8619309956207784,-0.006154351145426003
duration,BB,200610,143,0.3418092427933623,0.8743323463465972,-0.3975384943694803,0.5661146256344727,0.07603253553957778,0.23153713093291076,0.23875263052308715,0.004974993450433955,0.8427465406359665,0.059817915598626654
duration,BB,200611,157,0.3822623283799588,0.8907138266559879,-0.24572528978721028,0.6874019795213445,0.189727671345022,0.16454649126455745,0.21680234466624038,0.0015842782691173466,0.864559824787283,-0.05760797787114429
duration,BB,200612,147,0.4112623006111208,0.9065524982838175,-0.22230617533944344,0.6459373435725878,0.09690288555259201,0.15002975094238086,0.20964251380128693,0.0062839417928088675,0.8618480676949164,0.039927298874799164
duration,BB,200701,152,0.5712628369523823,0.8299482975449176,-0.10709818957209931,0.6422866535296422,0.24968049262228417,-0.05161851404785143,0.19455021710459963,0.009027011172656191,0.855128164937665,0.022557289372260612
duration,BB,200702,157,0.4605878868902717,0.8796180798093661,-0.1273079093767637,0.5802697403809911,0.11051606621226874,0.38915363666045,0.18538699868874992,0.025231792086445076,0.8478799384373493,0.0780899421847023
duration,BB,200703,157,0.44715832887619544,0.9199105672652623,-0.04573025136598466,0.740516780241372,0.1973747046310136,0.28911009295256895,0.18237146222673045,0.03376838916923684,0.8655283348819814,0.04084737630194002
duration,BB,200704,134,0.4591800854436118,0.8996452552168032,-0.09692140799760597,0.6752212312144193,0.1522537687502338,0.3400071572056623,0.18532141336559932,0.039342030498695835,0.860888451666728,0.10780969879765998
duration,BB,200705,131,0.47481169493921027,0.876816332849334,-0.03282442748091603,0.7324226361212356,0.1733731916938024,0.21738759081925507,0.18275579664841005,0.04325602666893229,0.8556475406406434,0.13986005978485
duration,BB,200706,136,0.5171766036121684,0.9104258653632845,0.07309288678975238,0.7605962046093889,0.33444969228567334,0.2092679593113414,0.17448368188067362,0.03946955547053171,0.8896035734503919,0.065238395361281
duration,BB,200707,128,0.32762522782485043,0.8067633472253725,0.05800791979490935,0.7055371563930759,0.12810153817982053,0.39876109613317084,0.1646338558314827,0.03467068012871204,0.9037786943611037,0.10538949349854146
duration,BB,200708,125,0.25440016712921015,0.6633189758462418,-0.1420215053763441,0.5793258965492671,0.010807987711213517,-0.31589344360654026,0.1596384869841918,0.028794463833202246,0.8617767876752905,0.15418130539206293
duration,BB,200709,125,0.2936827471879801,0.7780928520051346,-0.07949615975422425,0.7091634690155403,0.09102918586789553,0.16651664060490443,0.14815080354284835,0.014738598723057324,0.8603386618806725,0.20202363906815832
duration,BB,200710,114,0.21565510412360547,0.7963211975715475,-0.1371985176484883,0.702536426358145,0.052979891051214034,0.09706665587115787,0.13427357257495143,0.016069859206048684,0.8490224087795364,0.1743716561202096
duration,BB,200711,105,0.1774069812139831,0.8742982733624615,-0.12706821480406386,0.7988171201492353,0.033516483516483515,0.35685443113910437,0.12638846181404947,0.0072419049360040915,0.844042280438916,0.19605405193614012
duration,BB,200712,99,0.2236363636363636,0.7791252829944514,-0.07631416202844774,0.7370221029890045,0.2264069264069264,-0.003753911613294111,0.11924112883205554,0.0006951145543622307,0.8148158683016291,0.23546591874064618
duration,BB,200801,96,0.22553055840561062,0.7638413174437589,-0.08544492674986436,0.6999050461204558,0.11702387411828541,0.21128594682582744,0.12450238919623552,-0.00016352182845785432,0.7775924309592113,0.2409752879771101
duration,BB,200802,95,0.3164554747201443,0.7986016090643354,0.023866181410974244,0.7351535215292144,0.07994120940649496,0.16353697884624255,0.11355202475053809,-0.017692347248713765,0.8421806017081046,0.15093485574834062
duration,BB,200803,115,0.4361731088691285,0.7724696547970612,0.1725873905152687,0.7302507895752977,0.2102974828375286,-0.03928043730860106,0.11691132210249683,-0.02511735831733195,0.8396443722488445,0.11808416630762886
duration,BB,200804,114,0.33067980000893765,0.8022016743483252,-0.03245377776877746,0.70447075691353,-0.13977440716064884,-0.5695076436447628,0.1137789608964077,-0.0405901195171651,0.9099189138518062,0.09427071146800955
duration,BB,200805,106,0.5579492553626768,0.779643596680824,0.346368743229967,0.7570484270868537,0.35199133435776003,-0.0774873541453981,0.10856819008970249,-0.04513597282323645,0.9173756753187063,0.09468249131632704
duration,BB,200806,105,0.5474007225904071,0.8543992784499115,0.3211382956665975,0.7687993406662514,0.0409910843873108,0.015923781483634433,0.10473135949522716,-0.04045429828982507,0.9244146087736717,0.20322908710953924
duration,BB,200807,100,0.5699044098777063,0.827583206573241,0.3763096309630963,0.7868430448371593,0.35989198919891985,0.14519695528704799,0.10617748457489631,-0.03771443286056788,0.9329163620331219,0.17390117057848298
duration,BB,200808,100,0.5008055829773005,0.7929384302924705,0.3212361236123612,0.7350659170004347,0.20764476447644764,0.17203223542005142,0.11762892090622067,-0.02933304675784101,0.8856719374051364,0.2136797646481337
duration,BB,200809,99,0.24193024715714653,0.7674630022449118,0.04249845392702535,0.6860318059148626,-0.19976499690785404,0.05688329277483216,0.11878130986885614,-0.018408608240771736,0.8816721417170933,0.25412999095510397
duration,BB,200810,99,0.001910969832797167,0.6699361462277464,-0.12280766852195422,0.6376272035503691,-0.14680272108843534,0.2527342385115314,0.12027739700103143,-0.007742390143249528,0.876572534452549,0.2035549627114263
duration,BB,200811,96,0.07736811406183955,0.8050754053486252,-0.017254476397178514,0.8121759242409353,0.04028757460661964,0.31273378393286866,0.12673972388831412,-0.002616705427437567,0.8841898970174216,0.1942238896248644
duration,BB,200812,94,0.2612480809601612,0.6470088866411386,0.17357222844344905,0.6658213673984108,0.3466604053028935,-0.11699087873307218,0.13163312499510477,-0.0017482508121124069,0.8967315085478047,0.09210696039777255
duration,BB,200901,94,0.18546467313877876,0.7615849782605888,0.06446555647870535,0.7465510702924607,-0.12864935158761695,-0.5630705320163474,0.13863856415940745,-0.004110868296056384,0.9067384001713111,0.07608373060054031
duration,BB,200902,97,0.24001367561957623,0.8940596337815183,0.10393435724805386,0.8883103050434107,0.10664317273301072,-0.08062697450000995,0.1372306178931937,-0.0065851804547984154,0.9874572595500536,-0.011139016367646318
duration,BB,200903,101,0.27240270709718833,0.8784140712925671,0.14808386721025044,0.8755179834573622,0.24493884682585904,-0.15913849487107332,0.12832034390925717,-0.00692090033342578,0.887275952852053,-0.03368324158993865
duration,BB,200904,113,0.35969018038855466,0.8014185282007505,0.22184609754474685,0.8018896956969066,0.030191629516268553,-0.6171661219033908,0.1218676382534715,-0.005806069773678149,0.8838262921419816,0.003015464748287639
duration,BB,200905,110,0.550665311186167,0.796480803563378,0.393242116177896,0.7892396089688088,0.16378964452358946,-0.42062814031667756,0.10859365541093309,-0.010309739590047617,0.8783934779483763,0.057356545910677674
duration,BB,200906,113,0.5920150043574504,0.8256793173213101,0.48157728391775906,0.8052565368977176,0.3361085235211924,0.05095181161402871,0.08728015106661398,-0.026922487496542007,0.9159837051640382,0.107194879793255
duration,BB,200907,116,0.5984853726982663,0.8527022117845527,0.5044400876484835,0.8362104259624604,0.2874101410833045,0.10529370947951155,0.06720840334046217,-0.0374733985143575,0.8757301652672178,0.17810458258217143
duration,BB,200908,113,0.5402868632643003,0.912543717752409,0.48493745425510687,0.9038691862399363,0.31301982833189174,0.3792501164415464,0.048378238993114796,-0.04211259694750497,0.8220247817891106,0.22426504606105863
duration,BB,200909,121,0.542706078807065,0.8414499488548222,0.48300365804091566,0.8334434136459324,0.14342907465113125,0.022950897408671848,0.04926112991731557,-0.038214854380866366,0.901144082059293,0.2216724806427483
duration,BB,200910,120,0.5468211223768031,0.9039753036690302,0.46197652614764906,0.8906968910981232,0.1975623307174109,0.24388583889944557,0.06122167998513949,-0.037359409382834406,0.8663523065104072,0.16884504644180728
duration,BB,200911,122,0.5195163539767144,0.9037628421601331,0.4156254853430528,0.8848721168510411,0.2557753758000932,0.4286597052432366,0.06990916300691287,-0.03452306145204565,0.8166100172775136,0.18064150791980763
duration,BB,200912,116,0.5924664445988814,0.8542190050235638,0.37575827470879947,0.8130912977663445,0.29552915849767425,0.12790675324826986,0.10677590086031859,-0.023469424196065007,0.7714348709591039,0.1514085850271105
duration,BB,201001,118,0.5898907487999141,0.8585374226676111,0.3453631778656704,0.7660950593197673,0.3640324447901716,0.44865485714151815,0.13925840609953685,-0.003102582618680292,0.7911478317893959,0.07840988091763912
duration,BB,201002,121,0.5860530179743838,0.9233536219808358,0.2919523099850968,0.8180985267904408,0.4600392900690962,0.5172377002407164,0.1786450501105907,0.000392456192202784,0.8159359875074855,0.02362390621107559
duration,BB,201003,130,0.5925706420112494,0.9152609032513707,0.23043602944188774,0.8354570395029428,0.34483879337420964,0.3907501000291781,0.2061360488373636,-0.0007966437119635153,0.7864561023017234,0.08961891222362298
duration,BB,201004,127,0.532202808930913,0.9498451105718683,0.21962293775778027,0.8281615710994041,0.2968105549306337,0.5300448483242292,0.20083566043786158,-0.012995875753385646,0.7956450481748034,0.09100879042549748
duration,BB,201005,130,0.4882074924216873,0.8864978983654219,0.21136161903071188,0.7964314635349484,0.09320078111130835,0.2756725828193353,0.1874232639837732,-0.0345516620054662,0.885162381173955,-0.049548561238021094
duration,BB,201006,134,0.4904325013215844,0.9351370290898724,0.23441439419444135,0.8957027981812996,0.22382074589458725,0.06684148246838796,0.16186812006941836,-0.02920277719672803,0.9261489538942271,-0.09339014829315188
duration,BB,201007,140,0.49535707296325926,0.9614000675701367,0.22829590430998667,0.9218950904074099,0.3107563796986727,0.21414014187579605,0.15874013865354294,-0.02426006341394658,0.851239118227546,0.05891632131115816
duration,BB,201008,140,0.4600422472425848,0.9652978910211507,0.2438958255887691,0.9113038572478795,0.3589512584461307,0.6909362060877936,0.14354817901432138,-0.04464175678998317,0.7563393640865712,0.0561803600612939
duration,BB,201009,150,0.46364768536191964,0.9552129215240043,0.23939730654695768,0.9088222901423384,0.30982532557002535,0.4459751845894572,0.150609301694631,-0.06112109766447362,0.789171218407853,0.04884380655783939
duration,BB,201010,149,0.41440957736259754,0.9190630501210474,0.1136985307455106,0.833545105700602,0.16431344095773626,0.4229407064582788,0.18797158679554404,-0.056298287492051055,0.7733464581371389,0.05172593172542943
duration,BB,201011,159,0.3561833594811699,0.8993893291587061,-0.04529496059230953,0.7456293288750897,0.2555111058036781,0.5262329830427515,0.26171221846854253,-0.06420949735213412,0.7127044908296809,0.05243264931130527
duration,BB,201012,164,0.4555573995293872,0.8768648138356996,-0.05378912573286357,0.7568630811742085,0.4213866935099914,0.36418642170319454,0.29115417714509173,-0.031138269871824553,0.6791450363459136,0.06357694237882312
duration,BB,201101,164,0.5311350752111136,0.9309369624644477,0.03232353461292561,0.7602539965857216,0.44954225783194807,0.5997227693702751,0.30457934725832325,-0.04709716174416448,0.6862905004357042,0.038477676477822735
duration,BB,201102,175,0.5493307180114108,0.9499632218350701,0.021927899686520376,0.7238962961179304,0.3429646215853112,0.4556654355111982,0.33073016991930043,-0.055478152123238436,0.7375845474154297,0.024906703830597482
duration,BB,201103,186,0.5695972369623625,0.9657704994472993,0.04604711663535193,0.7235413060275427,0.4876790884381017,0.7341796584583774,0.34099643859283174,-0.0686736483233776,0.7334576189367551,0.012958594493437154
duration,BB,201104,194,0.4944773957626846,0.9197495684588849,-0.04967108101556047,0.6354714010317932,0.2646563094509251,0.6052329680787453,0.3497364009107912,-0.05991780430593027,0.7565237933067153,-0.04805566581575938
duration,BB,201105,193,0.441683960844069,0.936180086251875,-0.03805719512846535,0.7060943970322717,0.19088356658298167,0.46435249926758326,0.35577177711597036,-0.05659264541563814,0.8981343418013135,-0.11241453835595142
duration,BB,201106,199,0.4595552909329082,0.9469127112341069,-0.046818943200852746,0.7440980268363462,-0.011690269529465508,0.20910913734789863,0.35254958637255784,-0.06486943886877351,0.9490907644995693,-0.07011528107485789
duration,BB,201107,221,0.45571745981162204,0.9300483147107718,-0.030823707294295528,0.7991278185047497,0.2942466118936707,0.3977720182055746,0.3333729323768258,-0.055744304515739126,0.9152589673262095,-0.10551860950155018
duration,BB,201108,221,0.3668217766139385,0.9431930558927138,-0.12479348949937184,0.7297702642024203,-0.07449164507988038,0.15999902164430058,0.32111617437092105,-0.05026027945854599,0.910695609938834,-0.0751314719468103
duration,BB,201109,224,0.3020598997011114,0.9330967324847569,-0.14595451633568227,0.7848936498472451,-0.023442237881699766,0.20881871066558105,0.31490233033239373,-0.037368469405096916,0.9205177984310238,-0.0874652711186436
duration,BB,201110,221,0.25100191029329627,0.895039930536771,-0.16723292605645548,0.7726080609786768,0.08331906567200684,-0.0521841219653251,0.3073531553249753,-0.03915909563134353,0.9153315202371969,-0.07400560260113878
duration,BB,201111,227,0.3364041624574734,0.9337171808572983,-0.12502949510535138,0.8325074270017282,0.21130806432087393,0.1307367703450727,0.30357436326569537,-0.030644055117588484,0.9135253171541711,-0.09879771825141279
duration,BB,201112,228,0.2773002954674205,0.8943840991950068,-0.14242409208678544,0.7653141137963551,0.0280597806772862,0.10491046907624975,0.2963298841968276,-0.023909087525860916,0.9139478649019981,-0.10445133411615783
duration,BB,201201,234,0.2947466810718433,0.884693336630084,-0.10363788343881487,0.7769258848484347,0.0945727939609777,0.06307270092531216,0.3067487472946484,-0.018399055701503415,0.957600587855934,-0.11389659960979998
duration,BB,201202,239,0.2447750855778007,0.9620269660007991,-0.12467652332899685,0.8373195164028207,0.024378538026089098,0.3025637329278135,0.3065351100833561,-0.025358253650906933,0.9430022604662677,-0.11532306749027835
duration,BB,201203,232,0.23548490559951424,0.968976760199139,-0.12673917764934484,0.8798262309411669,0.2550918816273263,0.0180942967672435,0.30665810559041606,-0.022421027372971494,0.9376029296545353,-0.0832884757296092
duration,BB,201204,234,0.2256667886560501,0.960731690984199,-0.12514159812123468,0.842308253352956,0.0806674955337178,0.24006604723224148,0.3090450118080277,-0.017211464957607933,0.942510173912253,-0.09581116935849548
duration,BB,201205,232,0.2029127151279358,0.9219413621431939,-0.11737611212230123,0.8515644220139966,0.12961546371343616,0.3910809974482897,0.30461162566865946,-0.03381060047502283,0.9300655293258109,-0.09681685326737878
duration,BB,201206,242,0.20193404976263812,0.9563579340347158,-0.12491188764293254,0.8937541370592117,0.06656827718062473,0.08143696400859406,0.30570669796811795,-0.04910175674526893,0.9341019644832876,-0.11994773047686144
duration,BB,201207,242,0.19208666414357684,0.9673614134927484,-0.11899835777617748,0.889749680202578,0.06354800784575712,0.3591486760272854,0.2976011500194183,-0.061473615786101866,0.9013356835659463,-0.1068362220622882
duration,BB,201208,256,0.20632396761861294,0.9552740855025353,-0.16149505035477224,0.8869033462718391,0.19718757152666508,0.2764172398046479,0.3090053607527424,-0.08297077003278214,0.9134328042303459,-0.15588558208305223
duration,BB,201209,271,0.23001890844734718,0.9702058949084601,-0.16849540554229073,0.8494224964703575,0.11381231459373416,0.6167777497746444,0.3200316005672092,-0.09669463333318945,0.8969092509472925,-0.21917067497650145
duration,BB,201210,266,0.25510982204180116,0.9771799176772239,-0.18276271556567908,0.8304911866439817,0.16874335510176755,0.5255927096442112,0.33552939858869674,-0.11338716651639291,0.9124165007566376,-0.21732295014027472
duration,BB,201211,273,0.23648346878162557,0.9856109708552621,-0.2352823218001406,0.8268614634265109,-0.0013736263736263735,0.4458131568910462,0.3435710788805533,-0.12656101120630395,0.904430254581073,-0.21679702987544935
duration,BB,201212,271,0.23811789887820817,0.9856664245833235,-0.25895557484986614,0.8182006876915486,0.08630103948098304,0.4849206649483728,0.3585446706660565,-0.13502049915347542,0.9128654341514801,-0.215024471549398
duration,BB,201301,272,0.29714343813119465,0.9695958930066393,-0.22201940668404743,0.8190303029944899,0.2786926010824426,0.16295242573338464,0.3711438436092783,-0.13519919933559915,0.9434771100800521,-0.22467681716726315
duration,BB,201302,280,0.3103693374972262,0.9791440174964694,-0.18379115622830466,0.7942782188679371,0.15351744646888718,0.35941897154573915,0.3644088267230798,-0.12979511208344968,0.9530646649083538,-0.22328754157174147
duration,BB,201303,274,0.36576779806238896,0.9890195743287437,-0.07289148807396983,0.8450529587511497,0.2591175248109555,0.4589579523881002,0.34565770067370966,-0.12652408782395808,0.9654227425083507,-0.13732731282423205
duration,BB,201304,269,0.37933503126805357,0.9813168909356969,-0.029638055077770998,0.8249311989392658,-0.06309037217875924,0.3622650221818362,0.31779381717317984,-0.14083262550144277,0.9635606418563094,-0.08270353114567051
duration,BB,201305,273,0.38177634943100486,0.9665671341612855,-0.014950056384148269,0.8354691941648762,0.23016705278405575,0.07764061655170029,0.29950908806451376,-0.1404029164356867,0.957005430556546,-0.07243624438488333
duration,BB,201306,279,0.4061059992185234,0.9587147915781842,0.007332935494922034,0.829099851418449,0.14943087005050337,-0.15770323337824318,0.27841494856112414,-0.14277246821321538,0.9428954805518492,-0.05630001243606243
duration,BB,201307,285,0.5087137933968774,0.9653609480860357,0.23532842250410818,0.8993749570719826,0.4713390390188018,0.34767342252179523,0.2573362871604741,-0.12955912812378712,0.9476789457436458,-0.02629081996809065
duration,BB,201308,291,0.5654097522620707,0.9666206554660355,0.32979659019522867,0.917248958510286,0.5701688345207427,0.3042640502727007,0.24376945445149403,-0.12928847981572547,0.9405934540991474,-0.00980948044059935
duration,BB,201309,275,0.5226095872708679,0.9649729385389955,0.3081982631776348,0.894458909168144,0.2939447794351,0.38941627546071295,0.23662749466548647,-0.134043940994519,0.9430857653908971,-0.01997364905803395
duration,BB,201310,280,0.4988781273792692,0.9618301863740453,0.31435076613586543,0.8945552088554677,0.0705648577879091,0.325350897716708,0.24075425353582497,-0.14662246807390591,0.9387192133457689,-0.05059919561993255
duration,BB,201311,291,0.5447910839441293,0.9620987945606743,0.3494256120068761,0.9230666029222727,0.343440192063268,0.17680533443795457,0.24931155679407307,-0.14609734950306835,0.9633592981818333,-0.07242109594387845
duration,BB,201312,288,0.5712287424477013,0.9561896939537713,0.38302056834211456,0.9041741208662836,0.22487883245120144,0.2250085557141667,0.2582036424663562,-0.15111631980349055,0.9818154889982112,-0.0955031568430607
duration,BB,201401,292,0.5236616847755493,0.959883806539711,0.30301392998520776,0.8715095337025272,-0.06253141970557176,0.10833014918677596,0.26905933319152425,-0.14157448151345195,0.9697012829988498,-0.09440793444073756
duration,BB,201402,297,0.4730794877440648,0.9552256666709658,0.2255499856170997,0.8379942108771125,-0.3290276243296378,0.06693002517128213,0.2709232763169798,-0.14130150144686748,0.9716562841559793,-0.0904854474608963
duration,BB,201403,296,0.5156631774264352,0.9758502825330357,0.26694059236432116,0.8978114365563895,0.16530305343864665,0.11879163405519041,0.275532346199156,-0.13367714671004224,0.9623864006402827,-0.02601471783685173
duration,BB,201404,296,0.5791193514065661,0.9818510008024497,0.32296718906888394,0.8742688847584761,-0.04730030492742357,0.03005921567858274,0.27771544939151155,-0.13450736033126656,0.9799338917628725,-0.03107854819692081
duration,BB,201405,318,0.6214809069410014,0.947099823220866,0.32993800376489013,0.8327887100990661,-0.1017540939774633,0.04695331135809826,0.27934934987627047,-0.12753522905870743,0.9859254654141518,-0.00783299803577321
duration,BB,201406,323,0.5911976292651885,0.97087491609261,0.27962952279818615,0.8126923023855146,-0.07977388768881567,0.08665500125310328,0.2734334393428323,-0.13709376134045426,0.9792855353890064,0.03190575254834244
duration,BB,201407,320,0.5935819359337396,0.971497548096456,0.17790957431224913,0.752651487547133,-0.2638634166349281,-0.34862396576351035,0.2693898474183594,-0.14899496721884092,0.9967459976432388,0.027394881423656897
duration,BB,201408,325,0.5936565388282932,0.9696325240192997,0.16284131228916507,0.7622608003355443,0.07772708999702865,0.1663693999215768,0.2728725493355571,-0.15667284306436735,0.990079326147448,0.03789011523492789
duration,BB,201409,318,0.5767444837132497,0.9727953598732257,0.0795435187374091,0.7112880799601254,-0.18962615861609972,-0.38802973106539806,0.27333016618717515,-0.15275101101180838,0.9989401123582162,-0.015280050557014245
duration,BB,201410,319,0.54136209710883,0.9583072985381471,0.04099836985035523,0.7159085112000768,0.047692897883726056,0.18884573611951114,0.282088209522673,-0.1478068183163224,0.9955141133996903,-0.004060407422490192
duration,BB,201411,323,0.5228241677623792,0.9562953100150643,-0.005914188711335031,0.7079753621399215,0.10347836057891248,-0.026810103527868483,0.28934016588441747,-0.14800170005578764,0.9952882424661106,0.008431060409951821
duration,BB,201412,329,0.4957815293089169,0.9464473593429265,-0.0527557808045613,0.673937639013313,-0.0101321615592503,0.11385856438755161,0.3009420599166484,-0.14303329176613488,0.9910718115553604,-0.029767432403482598
duration,BB,201501,338,0.43427967207858886,0.9290649503571872,-0.12415531577116298,0.6504952547355718,-0.1255988286568851,0.0008104818171461685,0.3114758082469885,-0.13040089062297766,0.975266123636953,-0.02897863124528132
duration,BB,201502,340,0.487142600787172,0.9654375671221701,-0.1121956581142825,0.7242729463167601,0.21875031485617374,0.05748924201525125,0.33294571111853644,-0.11925077289782132,0.9883704957601351,-0.030421919046767904
duration,BB,201503,335,0.47871017988838765,0.97274806370425,-0.17862154156505752,0.6550415068384832,0.01936883163310905,-0.07705916290488878,0.3637795912453157,-0.11527558320407383,0.9932237454422932,-0.03949137217363861
duration,BB,201504,341,0.5332347644584247,0.953603812382533,-0.1642237818109185,0.614381862108478,0.20876981136643577,0.08776220104371064,0.3855957640342683,-0.1274248516886671,0.9910494868831887,-0.06429543893690659
duration,BB,201505,336,0.5636375499490887,0.9742894320780708,-0.15996501173656938,0.6134971265950794,0.21286720277375312,-0.02657021794602213,0.40667307301076616,-0.11612740283015145,0.9865674995742633,-0.10320411740636908
duration,BB,201506,338,0.6225071406577221,0.9693125405891829,-0.15837356342110379,0.5546250230068756,0.2814674543782337,-0.022822757776328702,0.43327239046956584,-0.12437022101836867,0.9885320931069533,-0.06226993155175072
duration,BB,201507,347,0.5671302542413108,0.9436245436973901,-0.23142382182998553,0.4649691315700808,-0.01808088809287615,0.1276857745872555,0.4648890123814886,-0.12391435675876587,1.005253065744056,-0.04749107852400618
duration,BB,201508,352,0.5588668541994137,0.9487373092248345,-0.2189650921945539,0.506675533581682,0.009937575801598464,0.12384162569403542,0.47117763745746766,-0.13253076278521142,0.9958827838546158,-0.09449070659156046
duration,BB,201509,367,0.47406905107961267,0.9452996974352157,-0.18599668831949578,0.5857999862233773,-0.052168162676427376,0.18681268194136053,0.46567470571801683,-0.13484937793594648,0.9862104023669355,-0.10199476841478654
duration,BB,201510,370,0.5274750045916454,0.9461196411838277,-0.14264605806253297,0.6638591890228952,0.08608670467851325,-0.17023222013256387,0.4577283191050038,-0.13993710813238808,0.9808688249229623,-0.08144570307473227
duration,BB,201511,373,0.5320415022641822,0.9773122413065819,-0.11408901063275309,0.6538749206712203,0.11321793975898597,0.11527451524255436,0.455712211496757,-0.13537358742127098,0.9770176718829828,-0.08368309106529641
duration,BB,201512,379,0.5308144426915037,0.963081910519713,-0.0642924373378477,0.6932986012187419,0.10868486078873525,0.350240459460302,0.44754352243433637,-0.1184195500441578,0.9758889991697941,-0.07096760893246844
duration,BB,201601,383,0.4926219148469823,0.9547496793157413,-0.0647600320561016,0.702487729450993,0.08136563948163439,0.1385769340215628,0.4323672767809142,-0.1082680788742709,0.9660701520718668,-0.03676493302008205
duration,BB,201602,375,0.518499188786662,0.9667259624818252,-0.02610012515644556,0.7698823448565992,0.13351780634884514,-0.14688227579259971,0.4161899551409956,-0.09509137261340835,0.9605837211280108,-0.041647912945748516
duration,BB,201603,350,0.5388726100286545,0.9632051317665009,-0.02821093583271234,0.7585496034718898,-0.01815884211299684,-0.39088607665803454,0.4051871027107725,-0.08547415397353496,0.9670072176578753,-0.060245438220833857
duration,BB,201604,343,0.5757786442601361,0.9765137503641946,-0.010712590684114176,0.7420682565369673,0.05121667481470643,-0.2206591917763632,0.39229464868115804,-0.07727477818941042,0.9592566664049811,-0.05568832810044496
duration,BB,201605,357,0.5756928569061712,0.9715367230156828,0.018214843529527812,0.7478513535154052,0.3675427486919694,0.1720589317416722,0.3774458445170808,-0.0687725445188959,0.9656498911120039,-0.06441788904008273
duration,BB,201606,352,0.5832041827658007,0.97368414898132,0.020625463614132165,0.7064930308908902,-0.03097162516425972,-0.050338215019596615,0.3634562280841747,-0.07048866026524415,0.9745765486274228,-0.10640964220045267
duration,BB,201607,351,0.5878753350995315,0.9748914538438402,0.03684232434232434,0.717143681914163,-0.014727494727494727,-0.05276949303922778,0.34702434050410225,-0.06762907344349377,0.9716127516382059,-0.1274198794112831
duration,BB,201608,348,0.5971082434058935,0.9593838062420709,0.05203407643593213,0.7004905703225572,0.03298389202465726,-0.10951403177767113,0.33524673379975634,-0.07483472638387534,0.9741753731195321,-0.12106379013290584
duration,BB,201609,347,0.6197764371540544,0.9798542690190688,0.04889226773063802,0.7098608110286699,0.22251319576839326,0.15729586626329356,0.3277413496999079,-0.07600177044276808,0.967398575412978,-0.09287068166128384
duration,BB,201610,360,0.6209496837423352,0.9778207879958091,0.051556724974729747,0.6913128377892096,0.010319009663140404,-0.09502935595906804,0.3215958287908462,-0.07803611496316482,0.9743952156520113,-0.0893888384691701
duration,BB,201611,352,0.6958235875645569,0.9541788772595541,0.08953475702767486,0.6853755936879045,0.33106203679858065,0.011810886051014225,0.3199100902420502,-0.07368515509069935,0.9618630647921151,-0.08364830976103117
duration,BB,201612,342,0.7075554520930111,0.973866675986381,0.18115775404157652,0.7094075925466977,0.182313315156945,0.06057780242372022,0.32050391923233995,-0.0772467781003718,0.9521959486945213,-0.05948766972970235
duration,BB,201701,319,0.689482441007896,0.9778628369051866,0.12150514579759862,0.6316324814297797,-0.05015858815875081,-0.028868828127504156,0.32994743190445297,-0.07479170054512926,0.9583710257694569,-0.06233038339722085
duration,BB,201702,335,0.6858852810521452,0.9654057609161286,0.08050093842166414,0.5991166535524381,0.04971943107388635,0.14014500709136657,0.33987056499268864,-0.06002122311809726,0.9719268958239593,-0.056164113028286076
duration,BB,201703,325,0.6824173034333334,0.9702648249835986,0.0052526523692167865,0.582698446532089,-0.06790449722965061,-0.14254813442169736,0.3476780967586231,-0.05299203294450299,0.9808676246939099,-0.05147840311745774
duration,BB,201704,329,0.6761155104178093,0.963125669212813,0.0023628680608441897,0.5772088061102921,0.03440446424359243,0.06300428363087242,0.35658447302973967,-0.04370445358242726,1.0163162336382425,-0.01170818471296717
duration,BB,201705,327,0.6788020257499147,0.9621831759920451,-0.04034747895179745,0.5242526473301254,0.062219008383588646,0.15489011715011203,0.37682210912413305,-0.026238338554373027,0.9738002728557086,0.04599722596784166
duration,BB,201706,314,0.6556975012784546,0.9861794816536907,-0.14947793569718232,0.4921295399048785,-0.002342142774775403,0.1091988061553286,0.402335393126273,-0.00510739511377622,0.9905220569667885,0.09395645800983009
duration,BB,201707,334,0.6139653898726476,0.9808821556748656,-0.2599440087151232,0.4676225563869356,-0.24634377875954425,-0.2883068796831757,0.427167964652165,0.01238615957058178,1.0244165619559933,0.1285201771278002
duration,BB,201708,331,0.6180102838192825,0.9776078972209855,-0.34221632478830455,0.3656632698014621,-0.24396912009477073,-0.2273401827666219,0.44870382707317935,0.015851790822822086,1.0213096617664938,0.13002802351076445
duration,BB,201709,321,0.5931529821458787,0.9894700915046618,-0.376099291809369,0.38518948506957307,-0.004034364660126546,-0.009013652720681366,0.46327331525482035,0.022971279545991586,0.9723371525285225,0.12821519422124553
duration,BB,201710,322,0.5666041312888562,0.9684062382932339,-0.5278223524487534,0.2396837921366432,0.008279356996118665,0.09262758242733254,0.4771972201345646,0.028390317149015857,0.9254231674100879,0.13418906017623397
duration,BB,201711,306,0.5414760490621203,0.9781923864181717,-0.5792364385279931,0.238896490375058,-0.03103645046420342,0.10440735421796592,0.47191850415715514,0.029681656944701568,0.9305257724143906,0.13110277730604875
duration,BB,201712,302,0.5500286131736123,0.9455550328616473,-0.5925125328092423,0.19710546193648162,0.015024558054142085,0.05131419652479066,0.4576379065932639,0.028239334220700747,0.9268848334302789,0.12006998918028812
duration,BB,201801,310,0.6055673148484032,0.9612127260405081,-0.594931033822983,0.18522547003315107,0.17693386759420476,0.03878709123106297,0.43576689499865245,0.021306843996697196,0.890880926261564,0.1127340392953396
duration,BB,201802,332,0.6508614032264383,0.9353968443963522,-0.5453806735064697,0.2409966299364854,0.46981131023645495,0.16216313706849267,0.41683201134093095,0.020404447490879114,0.8630738346132094,0.1282136621740917
duration,BB,201803,313,0.610206502946557,0.9302775440072829,-0.5294987109307127,0.11528962162324223,0.15765309556644694,0.29131817527670884,0.401867945935921,0.01775177267430611,0.888670938896635,0.11269305929362983
duration,BB,201804,318,0.6372356883651326,0.9437445709728135,-0.5140328824284419,0.20585975429131256,0.29313022306665953,0.1616881624212195,0.39122349003650725,0.02259871699039127,0.9393075251067956,0.04696117980552409
duration,BB,201805,318,0.6742521174261725,0.9493511297447674,-0.39715336394926487,0.28136031787992755,0.27387364425800154,0.10979675015197315,0.3802161149514946,0.025504892739639604,0.9495572517362209,0.02277942511865082
duration,BB,201806,315,0.6920097238568188,0.9748598909385046,-0.37252699999616073,0.2784444224751271,0.16988785355309582,0.16351128904236642,0.3675985857206435,0.023052878294490865,0.9350364597538865,0.02719401165972522
duration,BB,201807,327,0.7054541648196673,0.9489488389301322,-0.31577348798196714,0.2860159308339119,0.2235244980074048,0.16053577762402657,0.36378026036507,0.018669665087670005,0.9393040251002919,0.022260799786788247
duration,BB,201808,319,0.7198483096342192,0.955774723045124,-0.3246159135269415,0.24016099873086436,0.06816185603596145,0.07414140880188788,0.35733951212297643,0.0058583217563187105,0.9411550892398062,1.9463302121683417e-06
duration,BB,201809,321,0.738277240033919,0.9621097762453391,-0.3643629912346898,0.2513632554618692,0.185443634991583,0.022723267463125172,0.3523533216866198,0.002771782314190096,0.953184684323263,0.008897230124492143
duration,BB,201810,327,0.7380243904692544,0.9280450501035553,-0.24945399677790628,0.29661961902488804,0.21437182581332578,0.129105829395849,0.3447653561783835,-0.007495686216283914,0.9432815698314879,-0.017656259868394857
duration,BB,201811,317,0.7225533044243146,0.9641382179853147,-0.2171223985311302,0.3908616586596496,0.2543338665043295,0.23145376615908989,0.342354868245355,-0.017914007697515787,0.9563682262287401,-0.0431733785212873
duration,BB,201812,322,0.6171284068910032,0.9172754059563308,-0.3016732859229365,0.31137753929821843,-0.03809108065476453,0.00298725295565164,0.34234451800957183,-0.025833940560728817,0.9598296693545789,-0.06506075827588395
duration,BB,201901,318,0.7059093418249133,0.8881894969054795,-0.205264129113079,0.41456159238496293,0.15005133856228517,-0.20763577267354086,0.3373624568000919,-0.022009414498127985,0.9715108224814314,-0.09300883167144725
duration,BB,201902,323,0.7073838081767533,0.9496726940578835,-0.20449283196624699,0.4065710012964697,0.014219977337489788,-0.11780468787997911,0.331279025441903,-0.015326613455264338,0.9789922800738218,-0.06407894071337336
duration,BB,201903,317,0.6463868708695416,0.9615466115462614,-0.23062408129715,0.4114434267599137,-0.06468798195405788,0.09912491907784478,0.3236225912562876,-0.01273658435342915,0.9768913156608908,-0.0424315294207122
duration,BB,201904,317,0.6198567405571934,0.9575283244646206,-0.2441958322251764,0.4672660766120092,-0.1037246125343654,-0.12205623918140966,0.3165386295522819,-0.011366731985617362,0.9784677123397724,0.00045643200915613906
duration,BB,201905,321,0.5202088406368575,0.9050086460752865,-0.236363339525164,0.4564840431064483,-0.0272598972543101,0.08619329456547954,0.29939286625890127,-0.019363474684548337,0.9683690341182266,-0.0052267333798393335
duration,BB,201906,322,0.49723780040893645,0.9377179687344561,-0.15904779756595638,0.6387613048689171,0.0627557252717807,0.1336112475466133,0.27924485674444277,-0.024270123456639165,0.9688597786034968,-0.0002519292687981605
duration,BB,201907,326,0.4929407477943444,0.9691194223054239,-0.08029769971121915,0.7254874404462591,0.0658467080282806,0.27066713806841,0.25744189368742976,-0.03335715438581356,0.9543393887855002,-0.010216173924885733
duration,BB,201908,330,0.4575867934178483,0.9635008612674634,-0.03376556874347875,0.7435521474818376,0.09744960488405928,0.5216015330998657,0.23729598935670798,-0.04477808001342408,0.9381935382244603,-0.020417733959109376
duration,BB,201909,325,0.4537679204484355,0.9717073224446541,-0.02088581266495377,0.8080707623202662,0.19535525142887109,0.31600528796524197,0.22046781721630135,-0.05878198153937307,0.9243611035955908,0.004141918872437297
duration,BB,201910,316,0.4592125839322224,0.9637500696423101,0.01754011671353843,0.8100603477116899,0.05811033593647498,0.2017798743228429,0.20516593951857093,-0.05904367018643412,0.9171584749529493,-0.04481113762947468
duration,BB,201911,299,0.47226490119769055,0.9577094963289183,0.05912684339296536,0.8408296568316408,0.23995959686651255,0.2915098331238319,0.1979096933985967,-0.05721370560745042,0.9110630969508486,-0.07084556980895541
duration,BB,201912,290,0.46676296542978457,0.9790896200786562,0.04351152643989781,0.8196077032465522,0.140232509222505,0.40388016079621575,0.19789006922936098,-0.05110943161832654,0.9080269525208282,-0.10988579857208666
duration,BB,202001,289,0.43442198635743895,0.9660732431954386,-0.028003321003857936,0.7672588923027648,-0.009384321679990456,0.37758563495215064,0.20217457348856957,-0.046187734867300066,0.9189461479389068,-0.045959315119229835
duration,BB,202002,290,0.3330218360162073,0.9229394662244492,-0.13650242263735965,0.7080523270441638,-0.15977401018750068,0.1402892135777068,0.2091497176425083,-0.03297853790360556,0.9343126977098557,-0.05009679320750759
duration,BB,202003,316,0.0017978614290940444,0.5138739806319739,-0.28711378334027376,0.39203741532939673,-0.1586497890295359,-0.13682413513866054,0.21448673270095944,-0.030622015457749684,0.9424505283847725,-0.07779645537443754
duration,BB,202004,309,0.0999895164245305,0.8198716244213948,-0.2036724002586827,0.7916689460726919,0.0543620175627692,-0.2951626906032965,0.22057075433609155,-0.02257432424560058,0.940305861199235,-0.0758963468629428
duration,BB,202005,306,0.25984249412774807,0.8943439712100314,-0.1401623115204324,0.8524777394728146,0.20418144296219054,-0.38885274284934573,0.22929240911989138,-0.00953769958491688,0.9493241350552244,-0.06504062696703235
duration,BB,202006,302,0.31437561655403656,0.9056423295510322,-0.11666638710690722,0.7956258338484047,0.180342403341124,-0.2017194696011999,0.23666844178752136,0.008895175946089549,0.9594632599625499,-0.036398133098051365
duration,BB,202007,294,0.4273415641360989,0.8499465031937021,-0.030797473151347655,0.7512128112653477,0.17201530464676185,-0.0882661447367359,0.23728539943521032,0.012876741949943623,0.9584194596478197,-0.06635141797763057
duration,BB,202008,286,0.4441066846684936,0.9579760839440823,-0.06404250435059164,0.7633003239389794,-0.008290810601465286,0.10278489518820216,0.24259082757281683,0.01770349989952718,0.9376247655358233,-0.024052096342591853
duration,BB,202009,259,0.4652210565142845,0.9548942029403573,-0.04270587991518224,0.7561492496853662,0.11969733597640572,0.16554361893453767,0.24624525239941966,0.021421096643926024,0.9285001613366025,-0.02010951383792914
duration,B,200307,86,0.129506108778716,0.8513595109536019,0.1566205953110996,0.8514255524276505,0.08542855795084674,0.17884974622000943,-0.004807593642142765,0.0793568561864463,0.94150294124164,0.46446638996744727
duration,B,200308,88,0.11935225381969031,0.9126211882745096,0.1626219576626396,0.9076291782607165,0.04191469127540418,-0.2957451304991019,-0.004807593642142765,0.0793568561864463,0.94150294124164,0.46446638996744727
duration,B,200309,94,-0.004580444967862012,0.8391666997854822,-0.008546761550409999,0.8287095236247315,-0.1693241339450204,0.04550117762772816,0.01494444981191151,0.09579096393485119,0.8592688559333101,0.3757238096034865
duration,B,200310,97,0.06519566589522406,0.8535821243935653,0.06996896696823059,0.8414252887211754,0.027167052387965494,0.22624600990947094,0.01494444981191151,0.09579096393485119,0.8592688559333101,0.3757238096034865
duration,B,200311,98,0.08894598592448448,0.9657885341418363,0.08775956493187714,0.962090928217585,0.04877939929486321,0.289673507641107,0.01494444981191151,0.09579096393485119,0.8592688559333101,0.3757238096034865
duration,B,200312,96,0.07969370487601739,0.7811433881130502,0.06007867607162235,0.7756469602830828,0.10672816060770483,-0.011035034709215344,0.01494444981191151,0.09579096393485119,0.8592688559333101,0.3757238096034865
duration,B,200401,106,0.10505659160885142,0.8045726838168851,0.05984835126080056,0.8049142376382383,0.09614328538680506,-0.2626703848419671,0.01494444981191151,0.09579096393485119,0.8592688559333101,0.3757238096034865
duration,B,200402,101,0.10684364252707658,0.8958753159769414,0.05142690739662201,0.8886565695438378,0.16284216656959813,0.46079028065486416,0.012687478570796414,0.09005692942331271,0.8152944990316037,0.2883516755938355
duration,B,200403,106,0.03372060216483417,0.8998480982074919,-0.008348237902108473,0.8948809604808616,-0.051555533163715146,0.5153349505897162,0.012687478570796414,0.09005692942331271,0.8152944990316037,0.2883516755938355
duration,B,200404,107,0.2088756092209917,0.8491530903141745,0.15981896197025802,0.8515588645983961,0.3338917298536414,-0.04417232005147159,0.012687478570796414,0.09005692942331271,0.8152944990316037,0.2883516755938355
duration,B,200405,108,0.20813932165062565,0.8761161432221379,0.18000895519544238,0.8651283981177829,0.07495689121342897,0.10044633287877197,-0.0016147322342366759,0.10225357925592389,0.8390273091619745,0.34921961264452017
duration,B,200406,106,0.17166162427089895,0.8787966576312588,0.16626445323324182,0.8668896928671326,0.21249014406733938,0.3379811216930614,-0.0016147322342366759,0.10225357925592389,0.8390273091619745,0.34921961264452017
duration,B,200407,110,0.22563499148164054,0.8745404339272711,0.2072402677907265,0.8671023179580944,0.03897391970786466,0.13001913770198584,-0.0016147322342366759,0.10225357925592389,0.8390273091619745,0.34921961264452017
duration,B,200408,108,0.17848466660950582,0.9162589969284594,0.16325130755380263,0.9122529569061211,0.13353720693170235,0.5248245868979626,-0.0019991603343364607,0.08945194597835673,0.813074572992616,0.2745003804155152
duration,B,200409,111,0.18451291906512743,0.9411984082154834,0.17807125307125307,0.9393471393471393,0.041268866268866264,0.3747016497016497,-0.005987102215134936,0.08741795572577439,0.8305676835703046,0.26179678880682744
duration,B,200410,108,0.16023721911023156,0.9564311300910673,0.14155877561519334,0.9498484043783653,0.04690998123219678,0.5663888802898881,0.010025629262233366,0.08721358032971745,0.789048247399231,0.22338370300662125
duration,B,200411,109,0.1943299578164661,0.9393096929342915,0.14607543323139655,0.9365832864415337,0.045278472801408585,0.43876220065604726,0.0366383955077987,0.05568749283797405,0.7904300881103005,0.25100573777242663
duration,B,200412,116,0.16251905301043557,0.9459996617119971,0.09256141160189137,0.9404467407610748,0.16309537538922847,0.2541513136818886,0.058715505919139224,0.04341629410001562,0.8277117442933554,0.26401718033418486
duration,B,200501,115,0.19390080072001892,0.9550538745911566,0.05752386964412531,0.9337468116226084,0.15556695336542256,0.3784707221476672,0.09840910177112754,-0.011430099327064638,0.8132590417929574,0.26947704029289044
duration,B,200502,115,0.07600455301494073,0.9064223658428145,-0.06913911465319973,0.8749760809929458,-0.03947762960624951,0.46167533669177,0.13187954531189813,0.003045495953070061,0.8689220393534374,0.19264818590043603
duration,B,200503,111,0.14048850688318307,0.9222854761065113,-0.15757283257283258,0.8951269862008493,0.09436644436644437,0.018756704699673707,0.1656831310620123,-0.026967759454082647,0.8500488429070568,0.20866556064844957
duration,B,200504,100,0.08432668564900134,0.8967647473614982,-0.18529852985298528,0.8545025772885751,0.04223222322232223,0.5138164645544925,0.16038940963276657,-0.057912726489009095,0.8322397010150206,0.15982219098313757
duration,B,200505,98,-0.05375267775280113,0.8696663957072512,-0.2651148556892297,0.8398103902853343,0.014185618014778544,0.2810992773295506,0.15695827811829463,-0.044732411199320636,0.8660758049990738,0.1767400588384013
duration,B,200506,104,-0.012295989267058747,0.9555768343427329,-0.2628080657206871,0.898937901100495,-0.18183079056865464,0.20177745533977134,0.160810641959607,-0.0733734023699476,0.8838794519201706,0.15688629603210189
duration,B,200507,105,-0.05082430754813759,0.9530269180329567,-0.306199460916442,0.9050769880731933,-0.18867924528301885,0.3700351701110554,0.14419696899969037,-0.07376420570415879,0.7937060213635485,0.08448474085033751
duration,B,200508,104,-0.07054857182509845,0.9158055894889016,-0.361997226074896,0.8469829483198493,-0.13417262349301187,0.45502095119374275,0.148174503782398,-0.09099667558634354,0.7466081783682852,0.1465492124868572
duration,B,200509,101,0.024508219400084828,0.9151237354797099,-0.2739895165987187,0.8625476486572643,0.14920209668025625,0.439314034113785,0.14600201318784653,-0.11535721781376912,0.7630319736123412,0.07964505473379015
duration,B,200510,103,-0.04747313333734396,0.9220842337373953,-0.3455827439265475,0.8458304847270072,-0.011663664719061637,0.5247677806553236,0.14151187124308842,-0.15565487589551874,0.793738183604849,0.06879010554707822
duration,B,200511,101,-0.054228621017932056,0.8430208855082761,-0.36649970879440885,0.8293175848573087,0.015620267909143854,0.5058095853876432,0.15919412543045355,-0.14620944919906267,0.7255339914244486,0.020664347324642056
duration,B,200512,116,0.0680740480197072,0.9013118566873287,-0.2214123707377081,0.8278085103990372,0.04070272556029677,0.4902375359953804,0.16382786395450327,-0.14170604987473864,0.6888701797252061,0.026495981254646677
duration,B,200601,116,0.05127071568375133,0.9187340823267108,-0.2910852266174605,0.8081621198888056,0.033675469957329035,0.4048153124388552,0.18305795169788486,-0.17039581071172466,0.778847711852027,0.04731272082953696
duration,B,200602,116,0.025625648714104488,0.9673526737907749,-0.3175258524583862,0.8764822001579627,0.09070080344443164,0.475784083643498,0.18046798694683053,-0.16501287250147856,0.8077884033058135,0.049449975228610984
duration,B,200603,118,0.06749361347034918,0.8953814296711461,-0.3544567761915718,0.8198591040066614,0.16860407787626136,-0.006387431113253646,0.18906005821560423,-0.15458023810148003,0.8422464403311152,0.032419494404551726
duration,B,200604,117,0.16759985838244124,0.890496974692318,-0.3843231578474126,0.7474163171503717,0.1892505507350627,-0.03698923442069615,0.21323557136697083,-0.14532137322494104,0.8493072889490524,0.08420451888054485
duration,B,200605,120,0.14585811093734358,0.8945995874738807,-0.39929856240016665,0.6973933908500525,0.07038683241891798,-0.030891087733722043,0.20125479428903645,-0.1460537173398833,0.9313923009817466,0.0606160384978707
duration,B,200606,128,0.2357296953990219,0.8795035765379113,-0.27850325032045414,0.729034454750393,-0.00578534151254349,-0.19752104423187936,0.19489330495381763,-0.13169810967091433,0.94275804616916,0.002636998696908784
duration,B,200607,125,0.2936998270361849,0.8956764578517645,-0.1866728110599078,0.7634332622771594,0.22804301075268815,0.1425723045944246,0.18980914257890666,-0.13063595345301174,0.9311713742365922,0.02955109259917273
duration,B,200608,127,0.36103645399313133,0.883197192527044,-0.13679344769403823,0.762302453317075,0.035954490063742024,0.13431270596908595,0.19227886910658898,-0.1263904938807273,0.9514310399310776,-0.008750247226497398
duration,B,200609,130,0.30132638889865304,0.9170313906130313,-0.1374510098458261,0.7455106583457373,0.05079681546928129,0.2054950907427385,0.1738767054269138,-0.12078762162251745,0.9121590429149982,0.023338813242601997
duration,B,200610,141,0.34025752469520615,0.9286514683407654,-0.051479087289695614,0.8478445138918617,0.2806113275397063,0.182370820668693,0.15850984738057486,-0.11341439189735258,0.8801529651962164,0.026227028067576978
duration,B,200611,127,0.23106588219319685,0.9296868820908508,-0.21418025871766028,0.760279399903934,-0.09617547806524183,0.2190175306026717,0.14992049936704324,-0.09849429823687375,0.9173572685676014,0.0264926896358794
duration,B,200612,127,0.13945075064138923,0.9196173692461094,-0.19986173603299587,0.8299331086614116,-0.05364173228346456,0.23236357724658915,0.1309166949299449,-0.11122644372410576,0.9121327472436088,0.07927037466049504
duration,B,200701,123,0.281670248605267,0.890611875071886,-0.0033921915104925776,0.8805280485530569,0.1726470702041764,-0.21972572173090762,0.10572707093834667,-0.08666741530616329,0.9145777675877552,0.09659195194604592
duration,B,200702,118,0.24734128029065108,0.8552802652972179,0.07239453799772842,0.8177820792282856,-0.07775574375773778,0.167536475375326,0.06705567139769836,-0.09980631949432317,0.9077312683457781,0.12090975303885793
duration,B,200703,109,0.18502541481717855,0.9338649590792816,0.02868130849782226,0.9002488220055469,0.06425725141321471,0.24378524400340645,0.05246756942357991,-0.1068288286078894,0.9307555990192279,0.13630304963473114
duration,B,200704,118,0.23919990359162197,0.9106407222429036,0.1077244457104876,0.8948462117232397,-0.076411790270215,0.06761790678524959,0.046629702591004824,-0.11315808190713772,0.9541329236330895,0.14579655087995536
duration,B,200705,113,0.1356644112872309,0.8959947433943544,0.01759099075121432,0.8594330913289758,0.055442810566238614,0.2196272176137049,0.03594736234911129,-0.11619384121368584,0.9354515491520577,0.1678878247388464
duration,B,200706,105,0.3340572986635105,0.8419964077977268,0.19420485175202154,0.8488602641738069,0.2822828115280945,-0.19783586249668728,0.02664076649825379,-0.11504176540305563,0.9556169518747625,0.22838593241925909
duration,B,200707,101,0.2374846752621463,0.7434776657952239,0.1621432731508445,0.7249663655706273,-0.0904717530576587,0.044886691245323,0.03903226271399148,-0.08211565348677256,0.9473544723847312,0.23939425737125958
duration,B,200708,95,0.10112052856160715,0.8105138281876495,0.0008678611422172452,0.7946066440650701,-0.11507558790593506,0.2621229777555865,0.06317360331674007,-0.015512573852450005,0.9536904121141792,0.2727451039793326
duration,B,200709,91,0.040436536218413435,0.8617319047516713,-0.06177735308170091,0.8562657769484489,0.016674629718107983,0.3292588729111632,0.07145196578549125,0.0044852790996690135,0.9360699115307151,0.23697957934756325
duration,B,200710,79,0.11750243427458616,0.8992995332416609,0.024464459591041873,0.8986057607625068,-0.09839337877312561,-0.14117661378434376,0.07489072739844256,0.016522354824735807,0.8994630791794662,0.2659651951946288
duration,B,200711,77,0.0546032914453967,0.837898943162101,-0.0726641779273358,0.7961775067038225,-0.07868447342131552,0.18368473631631524,0.08250413748500993,0.03337714292174215,0.8702302551279012,0.23714612101819818
duration,B,200712,73,0.10449994601925305,0.8596485816242805,-0.050382574355177095,0.8485437492286808,0.18662840923114898,0.1297667530544243,0.10084705019340176,0.04892364934940016,0.8721499307326456,0.2397267334085591
duration,B,200801,72,0.2111389799987138,0.9278880940181606,0.03794456235127662,0.9239810275332115,0.20773040066885332,0.3348500683767495,0.11225796638477589,0.048838289191884224,0.8620295561994715,0.277019368708366
duration,B,200802,72,0.20125250219717625,0.89017694209049,0.05759212811113256,0.85114798379317,0.006785002250948615,0.40259823782879933,0.12722800384690525,0.04183841593842279,0.866680304745266,0.28603010674915075
duration,B,200803,50,-0.05671068427370948,0.8550780312124849,-0.21959183673469387,0.8618967587034815,0.19308523409363745,0.2777911164465786,0.14841021855167563,0.05435830832785378,0.8738550461579666,0.20906835289346104
duration,B,200804,52,0.059251670201966686,0.8305905959075403,-0.14121062067787926,0.8224195338512763,0.2136941859472381,-0.050200631776658414,0.16476813372384982,0.07270393456897058,0.912734385265821,0.143100183953958
duration,B,200805,55,0.16403614786485018,0.7466358815253075,-0.06565656565656568,0.7678709934689545,0.24163059163059167,-0.03780731976300043,0.1867799745976839,0.062443984916262706,0.9283900201522518,0.20556560392719767
duration,B,200806,40,0.03977485928705442,0.5446784564367224,-0.27917448405253287,0.5323889494106786,0.1711069418386492,-0.32918992484265575,0.19041244195044713,0.057440435512601834,0.9397788093486665,0.21563885996813487
duration,B,200807,37,0.23436666510259285,0.823069173397725,-0.1600284495021337,0.846135609293504,0.30701754385964913,-0.08748221906116642,0.18183383042349793,0.0404463103092425,0.9567963414268246,0.19142340657748425
duration,B,200808,38,0.35857314804683227,0.8966460592290505,0.15220483641536273,0.8851562085799107,0.44063901958638796,0.24785249257429817,0.16513601210809245,0.022881081045289915,0.913894579951033,0.21005984980533177
duration,B,200809,38,-0.04519093992778203,0.5957982273771747,-0.21851406061932377,0.5198599409125725,-0.4327606959185906,-0.06554327606959186,0.15301189106987886,0.0030517980808385495,0.9042237511377759,0.2243883273068567
duration,B,200810,35,0.14229691876750702,0.6857142857142857,-0.0969187675070028,0.7061624649859944,0.16554621848739498,0.0008403361344537815,0.1422128228296789,-0.02861688781232493,0.9086560492076983,0.22995921511960696
duration,B,200811,35,0.017789606561975806,0.6323014489823526,-0.07282913165266107,0.63109243697479,-0.10448179271708685,0.057703081232493,0.12290699485315616,-0.05453162614835246,0.9069316455418323,0.193971316820655
duration,B,200812,32,-0.01686526151161384,0.8050233785770662,-0.1224340175953079,0.8272385700585159,0.035557184750733134,0.3554211361275122,0.11753810164008668,-0.0726440499598727,0.8860739239641919,0.16240570058946385
duration,B,200901,32,0.1224340175953079,0.7844179783499524,-0.020894428152492667,0.7726856225157863,0.14479472140762462,-0.5655362148187901,0.1308563192431261,-0.06719960452147293,0.8791211682141359,0.17478432845426423
duration,B,200902,33,0.23195187165775402,0.7780748663101605,-0.029077540106951877,0.7921122994652408,0.027072192513368988,-0.33489304812834225,0.14386725851598303,-0.05065369229134593,0.9410307240296099,0.14524390558006517
duration,B,200903,33,0.12399732620320857,0.8830213903743317,-0.03877005347593583,0.850601604278075,-0.13302139037433156,-0.03208556149732621,0.140783270555581,-0.026009128409639853,0.9718242495561015,0.11714754192660126
duration,B,200904,34,0.34789915966386553,0.8224598930481282,0.15905271199388846,0.8646294881589,0.25286478227654696,-0.4863254392666157,0.1284165268579596,-0.014452475978009041,1.0200317649735935,0.16222111440843934
duration,B,200905,33,0.48562834224598933,0.8014705882352942,0.286096256684492,0.8104946524064172,0.32820855614973266,-0.4007352941176471,0.12209850106858176,-0.004533945362666129,1.0073811216484134,0.06188447068210685
duration,B,200906,34,0.5453017570664629,0.9101604278074866,0.3989304812834224,0.8918258212375858,0.00748663101604278,-0.2898395721925134,0.11697176302869393,0.008323043818305065,1.0115745214331047,0.0776123474127258
duration,B,200907,35,0.5106442577030812,0.8030812324929973,0.35630252100840343,0.7904761904761906,-0.038375350140056025,-0.311484593837535,0.10132068407261136,0.015860886680094794,1.0252115589962367,0.07168346367351368
duration,B,200908,38,0.43319838056680154,0.8474669000984789,0.24958967064230222,0.7846591530802057,-0.2806652806652806,-0.2292373345004924,0.09425240633716639,-0.013045035445025962,1.022880700028317,0.0924449863947284
duration,B,200909,39,0.3734817813765182,0.9190283400809717,0.20951417004048586,0.8898785425101214,0.18663967611336035,-0.17044534412955467,0.09727168709771819,-0.04505892592251667,1.053283727660577,0.14949592755675464
duration,B,200910,39,0.2868421052631579,0.9279352226720649,0.15323886639676113,0.9012145748987854,-0.015182186234817815,0.19251012145748989,0.09611059136098479,-0.042870317838372626,0.9420334406351516,0.14875620170118892
duration,B,200911,42,0.33344137428085246,0.9542986791994167,0.15695648650838667,0.9372822299651569,0.10623126164816465,0.3430029981362937,0.10256931147923198,-0.026352824980552678,0.9443645714374752,0.2501930220189344
duration,B,200912,50,0.389483793517407,0.9123169267707082,0.18713085234093638,0.9100120048019207,0.24581032412965184,-0.3815126050420168,0.13098124982520518,-0.0005679424020835324,0.9889791425239334,0.2600425700519051
duration,B,201001,55,0.26551226551226553,0.9244588744588748,0.10721500721500724,0.8990620490620492,-0.16031746031746033,-0.16630591630591635,0.12011951644559699,-0.048951824146442675,0.9546362423316017,0.24307668750301048
duration,B,201002,58,0.38291523759854706,0.8640949920019688,0.2600818234950321,0.865189104490419,0.3380294687624966,0.2593167940999158,0.11082331831918614,-0.0417973274864584,0.944615854645573,0.24531813200638652
duration,B,201003,59,0.41104617182933967,0.9363666916062608,0.2938047925189948,0.9259048204498085,0.28158971361776747,0.12887388770936928,0.1333078864994092,-0.041634425628465026,0.8902868325499215,0.2351877970547187
duration,B,201004,66,0.434965034965035,0.8763803360818287,0.3274188498069096,0.8541697108861288,0.10343387955328257,-0.3444525623630102,0.12980109556340774,-0.05637309181536674,0.8793307647597222,0.23094274308371365
duration,B,201005,66,0.33546259192345956,0.9236806949240347,0.22801377726750863,0.8992172007097383,0.16660056361548903,0.48744389938419797,0.12238216261605717,-0.06410246670417319,0.8409124972775056,0.25164080864479976
duration,B,201006,67,0.3177092687452819,0.9249418831337651,0.26885625349189884,0.9226686354980268,0.3972384068960013,0.678851852255155,0.06312881982859714,-0.03347656292279634,0.5840729727854951,0.13612126860923146
duration,B,201007,69,0.3192546583850932,0.8956502677831363,0.25816587504567046,0.8944810831065677,0.2048593350383632,0.48718463991761024,0.06810987019536095,0.011876946445074312,0.7671101244575516,0.18931751291052423
duration,B,201008,81,0.24540840239070827,0.9563616859255276,0.18884372177055103,0.9502478574212113,0.20510388437217703,0.6593796226665029,0.05373846345456235,-0.063908636130548,0.7127897445212591,0.14508885114821754
duration,B,201009,91,0.15015368935953272,0.9487720583550996,0.12266284440197485,0.9458424247484736,0.15618729096989967,0.6481230789654417,0.023172137471897072,-0.04119548171962771,0.6764273824212733,0.20664283970229266
duration,B,201010,104,0.10404914128155351,0.9005881333390489,-0.00547316760908994,0.8858731022919878,0.06645684412674704,0.36103020411959935,0.09402853953050558,-0.011678833589266845,0.7615960061570858,0.2655693635421204
duration,B,201011,106,0.03703078593540465,0.9137054558944683,-0.11748494848477216,0.9044131909573271,0.08585535430888984,0.29916693746961803,0.14104117571856567,-0.033113447720759845,0.7786061973269074,0.2484646887996045
duration,B,201012,109,0.008150348208539942,0.9085247755052868,-0.21984060791400242,0.8875353884600345,0.23558520989713652,0.16223316760978343,0.21645515787740802,-0.03543464877504373,0.7907056781241271,0.13544061714301125
duration,B,201101,109,0.025090469328734395,0.8970150775190205,-0.28301362246316375,0.8645809683206901,0.18278194791956262,0.46524170717628127,0.2829774692937877,0.043675492517985276,0.7250683070811366,0.09672249321810235
duration,B,201102,106,-0.020762274227271584,0.9105899956952481,-0.4378416505025569,0.8282158052670188,0.16274781469632463,0.34888366598006254,0.3511853226076193,0.143941389354611,0.7883980528898712,0.10556337923389796
duration,B,201103,107,-0.16652665764999885,0.8516385955324602,-0.4729814455612375,0.753316091616215,-0.11767471933227533,0.4006348086757186,0.34991077948537996,0.18465160431274363,0.811791721013216,-0.07516688732359414
duration,B,201104,107,-0.028174740209768866,0.8891101281881725,-0.3881345637649641,0.835166503822361,-0.022277082231234934,0.42756833673691313,0.3521699434200387,0.1957440241818161,0.7846484547597249,-0.0438674047584196
duration,B,201105,104,-0.0857891971335526,0.937988776165871,-0.3987410647604823,0.8561628307339391,-0.017507734983463138,0.4641133904452735,0.3304363963049695,0.1809700381947984,0.8201239209271641,-0.09746780288662557
duration,B,201106,107,-0.07898977728341545,0.9500055106576797,-0.373684829248222,0.9085917352241616,0.006436254628813261,0.5647361937363715,0.2877885229122237,0.09853744156531506,0.820840854021894,-0.030546449705612794
duration,B,201107,106,-0.046583099897812154,0.9599231161152588,-0.344081416731743,0.8735905523916834,-0.15283270776129176,0.20880482867330055,0.2722582678127637,0.07200445515957818,0.8707757151283765,0.0011984353727755388
duration,B,201108,110,0.036837086845182616,0.8589152598939381,-0.1918851294998084,0.836655936964691,0.04111985212902645,0.3102013398644776,0.22073538034225362,-0.009247194512156899,0.8502170981178064,0.07230583934727154
duration,B,201109,116,0.08284767499322249,0.9013118567006488,-0.179733210317918,0.872749918792061,0.08732556798523815,0.2330300869378982,0.282807700203882,-0.036886097690058926,0.9569197086534189,0.15598503353428247
duration,B,201110,119,-0.0200934346496667,0.8235799961200294,-0.33824953710297684,0.752506342665682,-0.0752955419455918,-0.3099906529699538,0.32608679136161123,-0.018608899801204656,0.902373015905303,0.03374477448789941
duration,B,201111,126,0.019167661545377714,0.8516522083476639,-0.3016992875890514,0.8065830166355373,0.1218957630296213,0.13105740417126238,0.3407433462662606,-0.0523147348839718,0.8476780716749143,0.052837686323472736
duration,B,201112,124,-0.07177059844579631,0.9222133927107619,-0.37365224232887484,0.8450852717123571,-0.13515656963021241,0.22467733966229178,0.35633258985259614,-0.06801510276639867,0.8630673778828173,0.06654322448506167
duration,B,201201,125,-0.048408750871966916,0.9228689577201704,-0.37324731182795695,0.865686223310455,0.11596313364055297,0.08254403239373022,0.378235091708042,-0.09031694642875186,0.8727007958027427,0.057384413690311796
duration,B,201202,127,-0.0948046945373488,0.9471738515921571,-0.4454736126734158,0.8556484804137773,-0.13744961567304087,0.1565199560607228,0.40474631770360014,-0.12289527329319973,0.8965754070898292,0.046134496476147445
duration,B,201203,133,-0.09754032299201192,0.9369866367758366,-0.403224819171402,0.8697713624783427,0.06653166158272207,0.26070467132660036,0.370055727065012,-0.15597666612919583,0.8789946789682467,0.02785413344104202
duration,B,201204,135,-0.1288635091591486,0.9288566805374334,-0.3837723148961077,0.8908545507755342,-0.012803628914252269,0.18499658569895622,0.29772129686185017,-0.1859374287187429,0.9348421103691619,0.09435695441991347
duration,B,201205,132,-0.09528679436272844,0.921178853894759,-0.32433617005734316,0.9072082378439665,0.05953989762748299,-0.06614323599173536,0.2534417500519406,-0.14803512192816326,0.9709817472899135,0.07724011165684115
duration,B,201206,136,-0.11203704035079716,0.959533035881229,-0.3028195219693716,0.9262392061447449,-0.07334573732169265,0.19476170030055817,0.21148662080139133,-0.14577338888379185,0.9340815120714036,0.10439257987406338
duration,B,201207,141,-0.09979889956649789,0.9580909203794387,-0.2500535125647502,0.9374425407039437,0.032595573440643864,0.09940954046523841,0.17733933383055564,-0.15016513824961564,0.9350080762964456,0.09049834796004103
duration,B,201208,136,-0.10326094086756649,0.9489002168317755,-0.2531940270025285,0.9385822940017815,-0.09280091598683268,-0.1129646879499491,0.1559344273669485,-0.15385620387135626,0.938684634037515,0.06210628998961939
duration,B,201209,155,-0.008286907797543135,0.9653779470731946,-0.12051819148593343,0.9584761008602505,0.2037027488640392,0.1254377689357107,0.13064985748974892,-0.13417017059202085,0.9307847019200187,0.045709700277196674
duration,B,201210,162,-0.02382862695375312,0.9622189887343984,-0.12576052026572165,0.9530335180570174,0.06072448243693909,0.18814395706329087,0.11220241957265216,-0.1308803605648802,0.9230067577531351,0.052611465414154464
duration,B,201211,164,-0.04284279164420321,0.9331857853334857,-0.13481152993348114,0.9187563806890985,-0.045613700978058294,0.34693662400591313,0.09709888976246907,-0.1367820772488845,0.9321119498574063,0.07971523439651071
duration,B,201212,167,-0.055729368970355506,0.975684571929169,-0.12906974347346614,0.9685660747565026,0.1774712193513146,0.023989471995861798,0.08476738480978684,-0.15178673347366337,0.9566022517737055,0.07570622973619151
duration,B,201301,166,-0.05021554961061253,0.96314174667199,-0.09944317280007348,0.96207604205151,0.2316860255392829,-0.1098032477017162,0.06725759104609257,-0.13257593153541483,0.9752311396793665,0.13093095436255522
duration,B,201302,162,-0.08767224206314249,0.9727171433271519,-0.13640462853586352,0.9676414135721503,0.11959591340759654,-0.02356610590495742,0.06798920760110665,-0.11429321672553489,0.9728489645885915,0.11898485806977119
duration,B,201303,158,-0.07571521149823626,0.9686448677394751,-0.16332171613988702,0.9622267944028124,0.0018117953812148307,-0.17493373088509587,0.09841674637400195,-0.1047929642073305,1.0039343101523144,0.10813738959687214
duration,B,201304,167,-0.1460139510593256,0.9622931864681316,-0.24457625197110086,0.9453811121926387,-0.20333773073474395,0.08259438428792694,0.14119613822095897,-0.07391344375171634,1.0133542328463059,0.08233540926067974
duration,B,201305,158,-0.0900927351398888,0.973150671594789,-0.19126078748446435,0.9603677760919158,0.08534910148031745,0.20643136563034115,0.14765316288889396,-0.09612804136721168,0.9088838455084772,0.0785529706591286
duration,B,201306,158,-0.016587650688901463,0.9551375325455507,-0.16933365177931692,0.9416389292962203,0.12930681712732311,0.0847714176193422,0.1847171527441568,-0.08255767553787692,0.863600148524507,0.08298349801480216
duration,B,201307,166,0.01911711561634886,0.9494648458962133,-0.14877976795587358,0.9422392805496173,0.20372267513166442,0.4511642915643472,0.21147923183186937,-0.09330579539310871,0.8574736646642704,0.104817957435155
duration,B,201308,166,0.11434481709325214,0.9498360662207237,-0.09423824858497683,0.9478437496534071,0.3870729515776771,0.21960416001280783,0.21290394953328845,-0.08106021619546129,0.8506875320977955,0.12402512923593208
duration,B,201309,180,0.23537914828521547,0.9355290571167492,0.07020792822823749,0.9070678325541911,0.207210099077132,0.37920320340274477,0.19087035478398104,-0.08382106262390676,0.8466260111588191,0.13225137259869302
duration,B,201310,171,0.07329558954490965,0.9553301429435426,-0.060148318813449494,0.9078525160285249,-0.15190918472652218,0.5362025972669996,0.1662180373403433,-0.09716661953807457,0.8539771738957215,0.14124231426474892
duration,B,201311,175,0.08119830362062443,0.9691774687270291,-0.04642409314823108,0.95023163957166,0.25372369010300044,0.4442911873974134,0.1647757346206756,-0.08904976141421152,0.9020166154998286,0.15374787627986278
duration,B,201312,174,0.08276554886596543,0.9543219016650811,-0.01880577465189783,0.9361413987575103,0.03294968535550557,0.2592876074521398,0.1377550012764719,-0.11274131038504988,0.9343553781996486,0.12847637294696096
duration,B,201401,178,0.05713653444401872,0.965736555024422,-0.04618327554528055,0.9418785268664206,-0.20232911209250912,0.25487590538864213,0.12743205139372113,-0.12547575988683626,0.9485217769079001,0.12323365804248605
duration,B,201402,176,-0.008178547903308157,0.9741127215381761,-0.08379824322941143,0.9527518021016202,-0.370604634167548,0.24129329278169065,0.11330981460531744,-0.1359314125675388,0.959568875059479,0.1112988815942885
duration,B,201403,170,0.019518724578000676,0.9818423524182288,-0.057483807184753835,0.9715193661047964,0.010809662135469028,0.2716102305581725,0.10323416509775458,-0.14590230373409843,0.9581294880752516,0.08614779275772987
duration,B,201404,173,0.02581112440576489,0.9872346441711592,-0.057641229123306346,0.9604657657758068,0.019269367870171653,0.3746858062657005,0.11465511798679245,-0.14501448417789156,0.9546878464351969,0.08697933838620209
duration,B,201405,169,0.004229034146781333,0.969106984694461,-0.08071950673760629,0.9509378280643328,-0.27750982049624584,0.4003450854236338,0.13511060381799667,-0.16229074156739876,0.958130279884127,0.0889419310655305
duration,B,201406,167,0.010798568436059933,0.9654328351689313,-0.1070062972162388,0.9400533743530648,-0.2585234007028972,0.14172352909729685,0.1489636390410855,-0.1684755369381933,0.982052236995247,0.13043193314091325
duration,B,201407,185,0.0015541517648179327,0.9289429094534304,-0.14627383344073386,0.9077677263344578,-0.05765892119328305,-0.21070886378276688,0.1626644867991439,-0.17750451118642824,0.9651495845202667,0.1394138748920877
duration,B,201408,188,-0.049484878667735724,0.9600887478622595,-0.23492207972808718,0.915465969306503,-0.12721890819512846,0.17414566575070026,0.17630258940548618,-0.17962219965807574,0.9590481509883276,0.114009589492113
duration,B,201409,194,0.07119955722188463,0.9639961655305217,-0.16039330574878888,0.9151028055893039,0.14511634404802504,-0.21456453495242186,0.1840449338411884,-0.18838179595503202,0.9671329935061453,0.11689219294679352
duration,B,201410,191,0.04519069060923344,0.9649049838313539,-0.1620281766792727,0.9089092907716587,-0.08174948408200507,0.5042890302203307,0.17528855639165278,-0.19899579508727364,0.9627661146318667,0.1070560805885378
duration,B,201411,187,0.07773855156681134,0.9773304509355896,-0.14558153703860033,0.9235448836086786,0.1012867991147292,0.14240681277130018,0.15480642887660073,-0.2097156476977071,0.9694689205753877,0.08916366334365093
duration,B,201412,185,0.07665099089089139,0.9777636998054113,-0.17464273530192184,0.898233713490022,-0.022796709753231493,0.47242111128902586,0.1427977046081525,-0.23161986055871953,0.9436050235240724,0.07981383653018681
duration,B,201501,174,0.06496198638913409,0.9745009388110788,-0.1866100970984367,0.9097370250937706,-0.06824681796178707,0.04503324986466869,0.14187167462801886,-0.2451230890827461,0.9538339698446334,0.05904550261097086
duration,B,201502,180,0.056079949010753125,0.9656023157106515,-0.19096885706348962,0.904569071061864,0.053985205304690476,-0.11341090774406618,0.15192835985207023,-0.25900006467946224,0.9708126548158091,0.020214655932885323
duration,B,201503,176,0.06650132044030707,0.9735064351897491,-0.28432313449262603,0.860630013553957,0.015179396874312127,-0.08356046861132051,0.17715178738217988,-0.26330952244127703,0.9617498625698708,0.051136866961176995
duration,B,201504,164,0.017105852922347828,0.9586486135381637,-0.31530205541876943,0.854526014520362,0.12885884129337666,0.05966035846840592,0.24279606714864488,-0.2505254699490492,0.9709014083362891,0.011588306275410314
duration,B,201505,157,0.10802957735021583,0.9126104153659852,-0.3108460112007641,0.8108965910786111,0.10330627205576814,0.01297611922717006,0.2752272884269083,-0.2531328556623619,0.9668736852597675,0.001120602408104755
duration,B,201506,149,0.12463506546049363,0.9672108101934979,-0.31022310901505534,0.8563460349085701,0.19459822238345728,-0.006141879966787654,0.3066794579834766,-0.24129850985979442,0.9826845832860245,0.0010238788199832362
duration,B,201507,150,0.09936468118088895,0.9580902837672549,-0.33956175830036894,0.8038828565031467,-0.04046935419351971,0.3070141206933774,0.31921538531525206,-0.25175449950219375,0.9800111872021523,0.0261249448203624
duration,B,201508,151,0.07555078036843262,0.9616807990962151,-0.38210177762286507,0.8021920568015961,-0.040833042872080866,0.21912551259272137,0.3148191132442542,-0.26089473076669395,0.9759716910082604,0.03263099501427871
duration,B,201509,157,0.06199817196423646,0.9167134400293829,-0.34939437729085393,0.7871039164719931,-0.05560069214023902,0.0064624613636154,0.2970974416502391,-0.2733933201303036,0.9816374881246509,0.04919814408584446
duration,B,201510,154,0.05403615991851287,0.8918428050072794,-0.31427257119856744,0.793223407569724,0.0019665344143522515,-0.12174307337101303,0.24839815700859794,-0.30212344158017324,0.9994811178643075,0.06376121306903101
duration,B,201511,148,0.06612027623083366,0.9633944320758054,-0.3399497292114742,0.838989105527936,0.13834461773100318,0.2850183425447088,0.24063268006333516,-0.30635695777938377,1.007236997905821,0.07454328057930701
duration,B,201512,150,0.020950301702867373,0.9409180529554307,-0.30778790168451936,0.8489192389350524,-0.03325481132494777,0.2234378833514058,0.2297744376699332,-0.31961456017925816,1.0050707237936538,0.10066496111325846
duration,B,201601,147,-0.0029599826216771897,0.9370024971949059,-0.3250647908182155,0.8356161278455393,-0.132804176835488,0.20942396509260158,0.23165694912884643,-0.31847195342282575,1.0142872804201415,0.09924420127424337
duration,B,201602,160,0.13273955796540282,0.9636534231638479,-0.11183932966131489,0.8890423781832728,-0.06286769014414624,0.20677839971075698,0.23729442568052114,-0.3156849445391219,1.002221191384541,0.10867226657553036
duration,B,201603,161,0.15234146134756196,0.9605011545428135,-0.1649959742351047,0.8602112815333403,0.09349838969404188,-0.7620067072409015,0.23620808409905864,-0.3063141845420089,1.0023802724120705,0.09137237083839612
duration,B,201604,160,0.14482053445665827,0.9477758595581705,-0.21279737489745695,0.8299893135035221,-0.13497011602015704,-0.5010074908161156,0.2481521547682951,-0.277187825126083,0.9764604669963078,0.05117436860132286
duration,B,201605,160,0.17723836868627682,0.9593569656583695,-0.2473485292394234,0.8152338316712923,0.3319787882339154,0.09953145039455587,0.25418392012326646,-0.26726343473708813,0.9833665644485257,0.03630493218934159
duration,B,201606,160,0.14565217391304347,0.9853714988866754,-0.2105150591819993,0.8523848587835463,-0.0044620883628266736,-0.006949490214461502,0.2583854358271146,-0.24063626542720132,0.9875059149811017,-0.006092406033631747
duration,B,201607,166,0.19267283134031687,0.9643177812948674,-0.15390861212951973,0.854217523332306,-0.09118192967843068,-0.1621226331564691,0.25514315434236473,-0.22515740874427678,1.018856815545901,0.01275553055706301
duration,B,201608,161,0.24510256399424574,0.9525798453441147,-0.11192489072923857,0.8679497842981484,0.0737203818725558,-0.5375492707251149,0.2478067366938551,-0.20979167196710538,1.0160686448000595,0.060884907453549644
duration,B,201609,152,0.18401932081564887,0.9649770278200047,-0.2556366568934998,0.7476111595758081,-0.06085675817904715,0.037879726316332886,0.25919817916392723,-0.18306170857963416,0.9796920220147489,0.08995663781924576
duration,B,201610,147,0.22793253034150496,0.9672700621346604,-0.21121051160190102,0.7965235820859605,-0.03377056116782144,-0.2338705183554738,0.2553546531560441,-0.17539781096333118,0.9800927636189681,0.12447593639071156
duration,B,201611,147,0.28345375381382093,0.9401162653456515,-0.03974340569252507,0.8443567969855775,0.12703156049535697,-0.06045597462068739,0.25007398042898854,-0.16209420466258997,0.9663350431687207,0.15799791435092897
duration,B,201612,149,0.2750397470708904,0.9518780694637939,-0.04183928895338291,0.8533663220879667,0.10154906584436788,-0.0044567467018878,0.2517980389538237,-0.15627818072298807,0.9522479991158149,0.1781665870608256
duration,B,201701,166,0.3293692956293481,0.9479853479855518,-0.03152205993270852,0.8527041588990651,0.08883656564199094,0.04446755999685923,0.25266456539266496,-0.14987667802062404,0.9206317800090678,0.15540993812844153
duration,B,201702,151,0.2191502933101263,0.9445910796088376,-0.15466713140467062,0.7997671660574368,-0.1672080864412687,0.02845767554695708,0.2663671434417226,-0.13183345944321037,0.9401209864593244,0.15996074963671067
duration,B,201703,153,0.28748820994129237,0.9806005868690597,-0.13279187272995321,0.8476861799064298,0.07547612346373955,-0.08907819953873186,0.27250161712128196,-0.11999060324299912,0.9891022506075656,0.07757903695009691
duration,B,201704,154,0.31608026496549874,0.9731690547549066,-0.03607613133229832,0.8784054084099835,0.2916401751316362,0.09651501398593768,0.2805876644681513,-0.10799148892816254,1.002924831814636,0.07525443657300915
duration,B,201705,159,0.3347780364336292,0.9862453212525185,0.02487162646286124,0.8972801189407522,0.1563440410795319,0.3098329798083518,0.2734539472401229,-0.08249800361402296,0.962790643258527,0.06898937135350194
duration,B,201706,161,0.3263735426354056,0.9718022911000438,0.03832815734989648,0.8928676951101147,-0.006377961812744422,0.18327765544740574,0.26611362412896666,-0.06626589490260748,1.0053051827005044,0.10505942267677619
duration,B,201707,161,0.29200310559006215,0.9806417941144742,0.03788819875776398,0.9257877930015795,-0.1793219461697723,-0.2800067287884318,0.24006900508561307,-0.07182609252831222,1.0075166769513908,0.1369455728730356
duration,B,201708,162,0.2773074968953874,0.9738949418548707,0.0907543598927968,0.942548347989799,0.12157174893904688,0.2557196910357753,0.20155022981882187,-0.05365412031899288,1.0119954970873772,0.1214723303379986
duration,B,201709,162,0.2894703973349586,0.9747331905080461,0.07645777851165955,0.9450159090401024,-0.027696980217652396,-0.17680237157257891,0.21554658629346707,-0.01734310628974981,0.9721120230185478,0.12197275851120505
duration,B,201710,163,0.3224239502108722,0.9585175178836446,0.06685010612887315,0.8891803051577022,0.0967047400535355,0.2234668606367722,0.24108677590630273,0.010537293571153204,0.905130647982382,0.07640131079008558
duration,B,201711,178,0.3468783280439267,0.9833625731305239,0.07994327231099371,0.9263369892832332,0.16557314435452042,0.4337168020137691,0.25120394921146394,0.0073280727742343205,0.894669850322749,0.07230135373554447
duration,B,201712,176,0.35469092818128206,0.9641750848422576,0.0363812458727713,0.8889192163768437,0.07218578032137354,0.18327756988773936,0.2585027061957622,-0.00517070408830488,0.8869215184841045,0.08264998788847078
duration,B,201801,166,0.37413581530698886,0.9677379579822317,-0.039090712332181206,0.8498815183751645,0.06877242229669905,0.033459499484826925,0.2716099512532806,-0.004156782271575084,0.8854640846542087,0.08796446994812292
duration,B,201802,168,0.38584791532741797,0.9426085746223205,-0.06123931342724528,0.8074736788927092,0.34117310602801165,0.47567194776879873,0.29084994102534356,-0.0424481358692417,0.8703065488426206,0.09466144073990895
duration,B,201803,163,0.36610216927198214,0.9451543963563689,-0.05279287966703799,0.7905664390068725,0.2896902588657788,0.5836052945322132,0.2841799481037364,-0.06266301522685822,0.8517309351574455,0.07659575229309948
duration,B,201804,156,0.4216117968737652,0.9454298895712676,0.01169572157860631,0.8150539979684881,0.09125823837144978,-0.018115753055534718,0.2599976702653259,-0.06417012341088066,0.9077202449140429,0.12414925656852012
duration,B,201805,159,0.43997805700261955,0.9494154130985214,0.030520062096966807,0.8178170527824219,0.30328098877477905,0.11741103415333176,0.2494813952856678,-0.06230081032061815,0.9435597685982917,0.18077750021822497
duration,B,201806,155,0.40841548263394906,0.9801962728939214,-0.021797557281428247,0.8153153915319908,0.19900744416873448,0.34335963778289996,0.25737189368868374,-0.06856983293648006,0.9265025428740141,0.16724845956823292
duration,B,201807,142,0.46648455910191466,0.9813941450858805,0.004461525887956815,0.8154232390172816,0.3797955116504712,0.46752335029089,0.2633455249672864,-0.07891969229513238,0.9089779114844588,0.15524452490695514
duration,B,201808,140,0.48946773407156907,0.955123292045219,0.07604032275699199,0.815578945987833,0.2394437033959459,0.23952268649583155,0.2643521050299901,-0.08287571084115912,0.9138989248458668,0.16782220272605813
duration,B,201809,140,0.47591068174147383,0.987460297502818,0.04658109378758392,0.8136861509414633,0.02952920338501236,0.10103890367368776,0.2598664938927722,-0.076021499869164,0.9314459686839505,0.1836816906044362
duration,B,201810,125,0.5230607113073932,0.9622270524453357,0.0675084485407066,0.7312640938023987,0.23445161290322575,0.38808226164948634,0.27024943632237935,-0.07856469244728724,0.9268245965057599,0.18949357649525925
duration,B,201811,123,0.5920982837496405,0.9522091306051658,0.19129767447859566,0.8134178802971329,0.2929537862274445,0.2852283042082105,0.28969341431229095,-0.09667496350568124,0.942264844457054,0.15744895802651493
duration,B,201812,122,0.42883082937268674,0.9315277626373067,0.06253035975692367,0.7718471546046086,-0.06284758823743229,0.3676266731039033,0.28823826904096644,-0.11437179219949035,0.9614349532471445,0.15807130730451602
duration,B,201901,123,0.563161832041377,0.8753835165679249,0.20059073144935577,0.8189576088246461,0.0482194219086559,-0.44125324266035265,0.2912076767685189,-0.10786506902487139,0.9901635825550146,0.16612304892381674
duration,B,201902,119,0.5560526779705327,0.9824365249206769,0.1715496368038741,0.8561529696624414,0.13918957413473868,0.09196695627403505,0.29392649418605615,-0.11571248625084243,0.9713170606319351,0.14881925987717817
duration,B,201903,112,0.5937916424642089,0.9806351036884454,0.2045904944135033,0.8454310547410914,0.10633136296853112,-0.0576675849408382,0.3024380142994817,-0.11955176230533593,0.9998933407256648,0.15954183231472485
duration,B,201904,108,0.5581468461516476,0.9734773786047043,0.12474396715158095,0.7884954318976439,-0.3247211028227919,-0.42536225670925143,0.3022949651387085,-0.13258395252837332,0.9973411680567176,0.16534771976219367
duration,B,201905,108,0.5679621593620475,0.9695617173208082,0.15877370983261405,0.8276696485562128,0.26150123372107426,0.27990701839625787,0.3064685013133935,-0.11701914157078613,0.9882488576732871,0.17045057195932292
duration,B,201906,110,0.505416676058878,0.9635775920463634,0.1312039312039312,0.8173334415404004,-0.03171561887158218,-0.10772539154536157,0.31309633867936076,-0.1006456993674233,0.9756189064133252,0.16790428595805656
duration,B,201907,107,0.4684626876694047,0.977835413868412,0.10053096651580164,0.8341288870518342,-0.13718920825251277,0.03970992699204436,0.31277005248681616,-0.08500144126009228,0.9516885340071972,0.1545569727030078
duration,B,201908,102,0.514201220236244,0.9572548565069173,0.21235390243764526,0.8830679019885392,0.3165885406359025,0.43743161597116875,0.3048202727020825,-0.06907578324704684,0.9452514339351908,0.17638137075118152
duration,B,201909,98,0.5191936193408947,0.9343317458192273,0.17343432218248123,0.8365944315870677,-0.06026815599716924,-0.33757945539977935,0.30351394291385264,-0.044786822413602476,0.9338170380312382,0.17479258693046973
duration,B,201910,93,0.49421269961214737,0.9751610484723942,0.14448986899823937,0.8294440631434453,0.14544477932619138,0.5138611202291784,0.3061704822792075,-0.022500296921620866,0.9398040284054073,0.15362165766131758
duration,B,201911,90,0.49432643671010396,0.9786803200421454,0.1481582088323661,0.8647522935097874,0.09919743178170144,0.21345109870164197,0.304155781397749,-0.012289518326120373,0.9264357396407837,0.17574299779931213
duration,B,201912,87,0.5556021324329663,0.9711531013592466,0.20937522781949405,0.8658547142992585,0.05330976160968141,-0.15457167461920776,0.2962909831277132,-0.009942214917409292,0.9326357833300186,0.17395640859944125
duration,B,202001,85,0.5395108414449613,0.9745258406351562,0.20058628102403753,0.8282782880594098,-0.06196990424076608,-0.11557553253859683,0.2902283677748288,-0.011233914332142313,0.953075108916468,0.1883297927326286
duration,B,202002,81,0.5280939476061427,0.9535338023846655,0.022786811201445347,0.7190912273632262,-0.06366305329719965,-0.08117752007654021,0.2985402135726238,-0.012777613587663736,0.9863225751408972,0.1706822349681004
duration,B,202003,68,0.2486925983891285,0.7088597931060808,-0.06168645264724968,0.5524678398289881,0.026606099935107073,0.30847043554605486,0.30040311538791503,-0.022440497072658036,0.981161452426025,0.21264888282091945
duration,B,202004,78,0.23312130907067616,0.761099659833837,-0.09025152063126746,0.7337346198105692,0.12560856864654332,-0.3345388788426763,0.2978828730490052,-0.031715617792288535,0.9722826535701813,0.21122739231231355
duration,B,202005,79,0.2729795520934762,0.8540165530671859,-0.06319376825705939,0.8197663096397274,0.021032132424537487,-0.3584469328140214,0.2895869269381645,-0.048159124392654476,0.9938132686199806,0.15861228322304427
duration,B,202006,78,0.3179225837453685,0.9289571188305364,-0.09933104869813729,0.8063961355100596,-0.14508276533592987,-0.30995586691789223,0.29634447887218135,-0.04820696755424739,1.0025541171447734,0.16568629606855864
duration,B,202007,76,0.2889952153110048,0.9297334244702666,-0.09807245386192755,0.8194941900205059,0.20894053315105948,-0.355187969924812,0.3058340371032029,-0.03971022346452006,1.0264260860945091,0.12248484822856034
duration,B,202008,73,0.22686042206590157,0.9648586943107492,-0.18289522399111444,0.7887202270763917,-0.057170183882512667,-0.1883870171541405,0.3163273851411219,-0.04079679138869696,0.9871781042772815,0.09801694646580793
duration,B,202009,59,0.10935445225161057,0.940822350558084,-0.28521332554061957,0.7684979544126243,-0.19117475160724726,-0.017767387492694332,0.32786360842134615,-0.037891104101166966,0.9892686615076559,0.06986583998643171
spread,AAA,200307,24,0.8034782608695652,0.9956521739130434,0.32347826086956516,0.7208695652173912,0.4391304347826086,0.748695652173913,2.5851631064552274,1.155632520691682,0.9422559328762327,0.14148240538924736
spread,AAA,200308,24,0.8617391304347826,0.9782608695652173,0.43478260869565216,0.7278260869565217,-0.3208695652173913,-0.31913043478260866,2.5851631064552274,1.155632520691682,0.9422559328762327,0.14148240538924736
spread,AAA,200309,26,0.6464957264957265,0.9897435897435896,0.14735042735042733,0.7545299145299145,-0.05367521367521367,0.3374358974358974,2.60413189959447,0.5476750517351547,0.9478371931328788,-0.02200192839990755
spread,AAA,200310,26,0.7429059829059829,0.9856410256410256,0.20136752136752134,0.777094017094017,0.11247863247863246,0.18153846153846154,2.60413189959447,0.5476750517351547,0.9478371931328788,-0.02200192839990755
spread,AAA,200311,25,0.6407692307692306,0.9415384615384615,0.04461538461538461,0.6776923076923077,-0.11846153846153845,-0.23384615384615384,2.60413189959447,0.5476750517351547,0.9478371931328788,-0.02200192839990755
spread,AAA,200312,25,0.54,0.9607692307692307,-0.17307692307692307,0.5261538461538462,-0.18692307692307694,0.1446153846153846,2.60413189959447,0.5476750517351547,0.9478371931328788,-0.02200192839990755
spread,AAA,200401,27,0.3773469743246398,0.9800030643868073,-0.10195360195360195,0.753968253968254,-0.34676434676434675,0.27167277167277165,2.60413189959447,0.5476750517351547,0.9478371931328788,-0.02200192839990755
spread,AAA,200402,28,0.645320197044335,0.9859039369731732,0.38149972632731255,0.8928424881750392,0.11001642036124794,0.4332831571983713,2.271990539391561,0.5758905673677811,0.9556210581641426,-0.11046296636786013
spread,AAA,200403,29,0.4970443349753693,0.7866995073891624,0.04137931034482758,0.6261083743842363,-0.3724137931034482,-0.32758620689655166,2.271990539391561,0.5758905673677811,0.9556210581641426,-0.11046296636786013
spread,AAA,200404,27,0.6013431013431013,0.9615384615384616,0.1514041514041514,0.7967032967032966,0.03968253968253968,0.19047619047619047,2.271990539391561,0.5758905673677811,0.9556210581641426,-0.11046296636786013
spread,AAA,200405,31,0.6571226971594356,0.972678702392488,0.11895161290322583,0.7004032258064516,0.1495967741935484,0.28830645161290325,2.2302865680599204,0.1914445404385999,0.9369463945742554,-0.07286093730365813
spread,AAA,200406,33,0.5334224598930482,0.9718392279272137,0.06350267379679145,0.7298403969661464,-0.4398395721925134,-0.0852343948826963,2.2302865680599204,0.1914445404385999,0.9369463945742554,-0.07286093730365813
spread,AAA,200407,34,0.7271199388846448,0.9871657754010694,0.35492742551566075,0.8456837280366691,0.1969442322383499,0.4096256684491979,2.2302865680599204,0.1914445404385999,0.9369463945742554,-0.07286093730365813
spread,AAA,200408,34,0.7130634071810542,0.9935828877005346,0.33139801375095496,0.8576012223071046,-0.033155080213903745,0.06646294881588999,2.219603182084654,0.21871244220035851,0.9632095296027541,-0.10659521285263066
spread,AAA,200409,33,0.713127770518559,0.9949026524248845,0.18783422459893048,0.8084893048128342,-0.3626336898395722,-0.5294117647058824,2.332334848959655,0.30213630750492015,0.9670963925524455,-0.1663046040438837
spread,AAA,200410,33,0.7256622403542496,0.9766003677085076,0.13168449197860962,0.6556363355388579,0.0023395721925133692,0.07687808165890254,2.4272159902759443,-0.10289444321842586,0.9796478218577442,-0.2814722530605886
spread,AAA,200411,34,0.6726258710133943,0.9789899944531616,-0.021848739495798315,0.6082505729564553,-0.5639419404125287,-0.5025210084033613,2.424226720439379,-0.17401767107190877,0.9805633108837327,-0.2439746150965722
spread,AAA,200412,34,0.44800978051142026,0.9860941320293399,-0.2381970970206264,0.6795018737838628,-0.3384262796027502,-0.46970738925378785,2.737198511484319,-0.13175252271029736,0.9654972315647234,-0.19346895196965816
spread,AAA,200501,36,0.4658944658944659,0.9600360403430837,-0.32689832689832693,0.5083982248766833,-0.3652509652509653,-0.5354269912625322,2.8658299215553864,0.24170724832849283,0.9939900894684927,-0.32512140452195326
spread,AAA,200502,36,0.7824967824967826,0.9619047619047619,-0.43963963963963965,0.14646074646074647,-0.38481338481338484,-0.6190476190476191,3.0506443789441584,-0.48771116433634054,1.014317002019403,-0.2629711626538349
spread,AAA,200503,35,0.6243697478991598,0.9711484593837536,-0.5058823529411764,0.18459383753501402,-0.2574229691876751,-0.036414565826330535,3.050217884059968,-0.18739243084370083,1.002463923948082,-0.21466733538708435
spread,AAA,200504,38,0.6884815414243687,0.7062493201978514,-0.763431447641974,-0.5073042629467753,-0.42072436809278907,-0.6308475142122865,3.041480373005989,-0.4770087927583737,0.9930490468430797,-0.24121433331037903
spread,AAA,200505,38,0.8336798336798338,0.9408481658917974,-0.8741656636393479,-0.6529138254868517,-0.31130320604004813,-0.3558960376270938,3.1657882803054553,-0.6197377209204283,0.9967428245831538,-0.25217561984893827
spread,AAA,200506,38,0.7599037033901643,0.8972422903363995,-0.894736842105263,-0.6927453769559033,-0.34062807747018276,-0.2931392931392931,3.142749479463938,-0.7215772908993343,0.9973439005679239,-0.15935190659193857
spread,AAA,200507,43,0.8005738903742584,0.8647485274127774,-0.8606161280579884,-0.7298950409694003,-0.1345514950166113,-0.09733444111416895,2.6392771535196426,-0.48782128540467845,0.9763404513563607,-0.1783372900548331
spread,AAA,200508,43,0.8968928159825882,0.9409854641406266,-0.7645726366656599,-0.6293136014317176,0.04364240410752039,0.017820735533703544,2.111497620894762,-0.4002769261901735,0.9513636941389498,-0.17330825390109875
spread,AAA,200509,43,0.6925168033033694,0.7649612993936721,-0.8692237994563576,-0.7486691589886648,-0.4176985804892781,-0.3875863633977627,2.0186826522134727,-0.2926580503044876,0.965242560749977,-0.13683455448877058
spread,AAA,200510,43,0.8719420114768952,0.9132371845110623,-0.5969495620658412,-0.47821490735145994,0.11401389308366051,0.14400060450327398,1.8048215112781192,-0.49118508391271376,0.9016767662081303,-0.13627737583042873
spread,AAA,200511,45,0.8927830302283922,0.9419941373403026,-0.5276679841897233,-0.40039525691699596,-0.1482213438735178,-0.14334650856389985,1.5420253935345656,-0.3983506203770153,0.8923963609590115,-0.1626452772870404
spread,AAA,200512,45,0.6939878203188887,0.6910456671980535,-0.7723320158102764,-0.69719028991345,-0.52266139657444,-0.5628643897779947,1.4661561049606708,-0.2629234182742373,0.9008993643020812,-0.18768447534897328
spread,AAA,200601,46,0.6757123486392815,0.6466397338231307,-0.7699660807893925,-0.7738473492157912,-0.04680851063829787,-0.08789514368185099,1.6962560729343958,-0.48054387758928097,0.9023353295191551,-0.10148280774512533
spread,AAA,200602,48,0.632413218645701,0.6949051351722332,-0.9088145896656535,-0.86050046264745,-0.45538428137212333,-0.4051457423327173,2.2363214436091226,-0.735706119929787,0.8909459613669861,-0.1005434290018932
spread,AAA,200603,46,0.6959203185645535,0.6497656106685542,-0.8204131976564908,-0.7996916054983848,0.21159420289855074,0.15568234572139786,2.219354388630697,-0.8713271862903603,0.8796675156217962,-0.10448165688739507
spread,AAA,200604,46,0.7254394079555968,0.7258934907395245,-0.9390687634905951,-0.9372475258087132,0.16534073388837497,0.16374232947437875,2.444845757580677,-0.5768630152987854,0.947706559575537,-0.2290412301233996
spread,AAA,200605,47,0.7350101197600004,0.7469210767038772,-0.9093432007400556,-0.8759250693802035,-0.27648011100832565,-0.2895467160037003,2.622163561114062,-0.4154989573342482,0.9413800760079744,-0.0905170592858769
spread,AAA,200606,47,0.7177218861375775,0.7119232103619753,-0.9679694727104533,-0.9592367752374455,-0.3588112858464385,-0.3797629378999121,2.673793630235658,-0.8990834345094868,0.9284460964278844,-0.004622724779842529
spread,AAA,200607,48,0.5648374323036249,0.5838671154054933,-0.9354103343465046,-0.9047386432478205,-0.3275075987841945,-0.33089073489553117,2.672454215336313,-1.1739655915248106,0.9300625031043693,0.023467886585411792
spread,AAA,200608,48,0.40011942478771595,0.5767330772300217,-0.9876248371689101,-0.8874776108172464,-0.5385366912722536,-0.4605113180534262,2.441528146370628,-0.6744072677344661,0.9117144279918041,0.20999319880997314
spread,AAA,200609,48,0.19159791576204951,0.7494843166522852,-0.8920972644376899,-0.36478124197170686,-0.2939643942683456,0.17055694379093794,2.0777263187008863,-0.5521861397247931,0.8922667287943443,0.14891992271615595
spread,AAA,200610,48,0.49686541663479467,0.6665400170718022,-0.8577941815023882,-0.4397524967433782,-0.286908380373426,-0.4414893617021276,1.808982532572609,-0.7018719613561514,0.9002899396317868,0.050199694207462085
spread,AAA,200611,49,0.18270874262941728,0.6616664115516097,-0.6879591836734692,-0.1443914386040913,-0.23530612244897955,0.2640883696872002,1.3530390572690218,-1.1269994884115386,0.7844398116640079,-0.21814597772562092
spread,AAA,200612,50,0.29027611044417767,0.6462099932233141,-0.6671308523409364,-0.0435544671066022,-0.10837935174069627,-0.06948546185584717,1.0827791099232231,-0.6572305551941957,0.7509479155034775,-0.181718133741323
spread,AAA,200701,49,0.5723397215528558,0.4584534544131595,-0.3966326530612244,-0.19397959183673466,0.1270408163265306,-0.1357142857142857,0.9855796610156382,-0.9992576902455121,0.7104327414351421,-0.010061350036003284
spread,AAA,200702,48,0.14497788156341887,0.44278580023981406,-0.4411636995223621,-0.11154837871146063,-0.06567520625271385,0.20219839936748948,0.8815786899744271,-0.2512793468735516,0.6674160408388261,0.20492600677286285
spread,AAA,200703,48,0.48602290686590977,0.7257972590541276,-0.25086843247937474,0.1465519581509663,0.1247286148501954,0.20191603123022026,0.8729878311263903,-0.11657262619224074,0.6557811090200486,0.3643499137585902
spread,AAA,200704,49,0.42415429413851796,0.7747984488213082,-0.2766326530612245,0.1903668556996043,0.0032653061224489793,0.2728710652054366,0.7843730546727337,0.3120300320078261,0.5841620267277763,0.3273671243849437
spread,AAA,200705,50,0.6516039193068336,0.5804158862795948,-0.1670588235294118,0.18579523648007512,0.26213685474189674,-0.13777372278659486,0.9080868958241723,0.11564112325504232,0.7952424826053724,0.31468650831723627
spread,AAA,200706,49,0.5764942985115291,0.5847896524596173,0.16520408163265304,0.2324098171299109,0.3603061224489796,0.3455278335024713,0.9133582542117505,0.3049036474465084,0.8014731985199602,0.30002779069618746
spread,AAA,200707,50,0.723369520523142,0.7474485561645896,-0.06256902761104441,0.0023049773110439976,-0.03606242496998799,-0.00854762419512149,0.8574606580047115,0.5831558742218407,0.7650904587855265,0.3644163790148941
spread,AAA,200708,50,0.6451055249284388,0.8164157300161832,0.07793517406962785,0.31903755974208153,0.09714285714285714,0.24253193989124067,0.8610274222356779,0.22102521663330513,0.7694257845508092,0.10893590597600183
spread,AAA,200709,53,0.6495726495726496,0.873344487850558,0.28051927108530883,0.6068901567544293,0.287050475729721,0.5372225695046019,0.7371647509957621,0.6442324863459021,0.7090997522153469,0.4908803772986215
spread,AAA,200710,54,0.47018239349864815,0.7302978903154115,0.009262435677530016,0.35223937488088425,-0.1400038117019249,0.11431294072803506,0.7812335891168396,0.3225338865140613,0.7439242977611139,0.30865071548622935
spread,AAA,200711,56,0.6327859328663625,0.7094569192385248,0.4088858509911142,0.5368171022161468,0.36637047163362957,0.4367470394868619,0.6777841627307987,0.9389443153132766,0.6702703259099537,0.7789849439086654
spread,AAA,200712,55,0.2540810621095535,0.6617121829791839,0.140981240981241,0.6453218854203739,0.003102453102453103,0.3518461733287627,0.6605214197751251,1.6798096101809157,0.6614035187330272,1.4952693366432457
spread,AAA,200801,54,0.5004955405023658,0.8341243068585786,0.3952353725938631,0.8023785474784391,0.35086716218791686,0.6898168443571169,0.7310866766018774,1.5189004551440826,0.7282963792535025,1.3381997672220367
spread,AAA,200802,55,0.7372199579096685,0.9271953243379755,0.6516594516594518,0.9125148820830513,0.5357142857142859,0.6480753278144988,0.6642496251941133,1.81802121365793,0.6852884095171471,1.7371601634796556
spread,AAA,200803,56,0.6178164357777605,0.9641984382015246,0.4831168831168831,0.9238524903717656,0.4825017088174983,0.7901842172836825,0.6462786834907801,1.6446883239461374,0.6851932284557793,1.8238190301811912
spread,AAA,200804,55,0.6694925955742005,0.9668819221472634,0.5095959595959597,0.9162502932640125,0.2590909090909092,0.4951027255986813,0.5919765462084694,1.0900654907843612,0.704185675610156,1.5896205639522285
spread,AAA,200805,55,0.5624819624819625,0.9582063170086398,0.4382395382395384,0.9287685565824869,0.31414141414141417,0.6753007811484782,0.5553539346152132,1.2364015995946702,0.6692132801147107,1.9036271887967753
spread,AAA,200806,56,0.8453322853641162,0.9723503879148296,0.7655502392344499,0.965156615940917,0.6665755297334245,0.6658350280368607,0.4675856815274176,0.517124561354404,0.6630332975945725,1.7275201950663186
spread,AAA,200807,56,0.6905107743792595,0.8450733107761714,0.6315105946684894,0.8256121944505925,0.5298017771701982,0.7151181668536739,0.35782345062517784,0.17048606773571406,0.6064763748432627,1.6934358106907244
spread,AAA,200808,57,0.7867513611615247,0.9193822820477565,0.666709878143635,0.8582910665352064,0.4246175784288307,0.4649090114204409,0.38959966472981566,0.18361303634134404,0.6429922348709073,1.5521160069304465
spread,AAA,200809,57,0.5385101522315822,0.5078835216430624,0.3537075447238787,0.349170339642209,0.03292714544983148,-0.1271065595022038,0.32617580474140223,0.21860145441960327,0.6725108751806211,1.151759462312054
spread,AAA,200810,55,0.2941558441558442,0.7482458198515192,0.10663780663780667,0.6197442234814737,7.215007215007216e-05,0.4135716734380124,0.39114423989317665,0.7476197689591018,0.6550058449053987,1.7718536947876935
spread,AAA,200811,55,0.5481240981240982,0.9219336219336222,0.15959595959595965,0.7414141414141415,-0.043578643578643585,0.05007215007215008,0.3700567820814251,0.6700938146892338,0.6615113002026202,1.474303345180758
spread,AAA,200812,55,0.2152236652236653,0.8689033189033191,-0.011544011544011547,0.7160894660894662,-0.10021645021645025,0.4134920634920636,0.43059645682452746,0.8994280554116059,0.6441334032623506,1.7001877623502484
spread,AAA,200901,58,0.6157774121342959,0.9651629574945384,0.44913716201667236,0.9123319696084162,0.34147466855332376,0.7016826109692701,0.48350951821795546,0.5988826210599911,0.7284161366332813,1.283404168102719
spread,AAA,200902,56,0.8580314422419686,0.9586288215483988,0.6799726589200273,0.9383960766249915,0.7546138072453862,0.7052410329299159,0.38851766711456875,0.6384173335441515,0.5529935575294636,1.4396484919626196
spread,AAA,200903,17,0.6348039215686275,0.9803921568627453,0.12009803921568628,0.7254901960784315,0.05147058823529412,0.4534313725490197,0.4943377569275324,0.6151003880283721,0.6005884004923479,1.0248480387389962
spread,AAA,200904,20,0.6481203007518795,0.9503759398496241,0.3533834586466165,0.8030075187969924,0.22556390977443608,0.6300751879699248,0.5802207541310324,0.293928784166344,0.7023849268356566,0.7422443866432124
spread,AAA,200905,19,0.5263157894736842,0.9122807017543859,0.4456140350877193,0.8754385964912281,0.256140350877193,0.6087719298245614,0.5081923212452741,0.5353938758477491,0.6558110091094859,1.0060405619769357
spread,AAA,200906,19,0.6438596491228071,0.9982456140350877,0.5368421052631579,0.9789473684210527,0.5578947368421052,0.7771929824561404,0.586407623491451,0.5122954345371833,0.7291232438289427,0.6135049908186598
spread,AAA,200907,22,0.365330321852061,0.9932241671372107,0.22642574816487862,0.9683794466403164,0.1902879728966686,0.8599661208356861,0.5381906984885301,0.6134834826256532,0.7368268774202162,0.724396528095606
spread,AAA,200908,22,0.48164878599661215,0.9649915302089217,0.2862789384528515,0.9277244494635801,-0.2399774138904574,-0.05590062111801244,0.7459139416356872,0.6186496891415894,1.0065308981730268,0.405497100688632
spread,AAA,200909,22,0.5844155844155845,0.9830604178430267,0.3675889328063242,0.9153020892151329,-0.7718802936194241,-0.45567476002258617,1.0846705865206876,0.6998253846675889,1.077499297607905,-0.030955574048654975
spread,AAA,200910,17,0.7598039215686275,0.9926470588235295,0.6102941176470589,0.9362745098039217,0.05147058823529412,0.40441176470588236,1.14140359839062,0.33574950639190654,1.0198518086910424,0.06439938789081003
spread,AAA,200911,18,0.8390092879256965,0.9917440660474718,0.760577915376677,0.9690402476780186,0.29411764705882354,0.2693498452012384,1.3512360332979358,0.4739371186601665,1.0108165745201456,0.04741080989578809
spread,AAA,200912,18,0.7089783281733747,0.9855521155830752,0.5252837977296182,0.9401444788441692,-0.43859649122807015,-0.5067079463364293,1.389492278945574,0.39215664043204745,1.0299006304080423,0.07214480229835984
spread,AAA,201001,17,0.465686274509804,0.9803921568627453,0.11029411764705883,0.8529411764705884,-0.3872549019607844,0.08088235294117649,1.6853655827072491,0.45288639617034593,1.0254955695006083,-0.022970259716630997
spread,AAA,201002,9,0.8499999999999999,1.0,0.7999999999999999,0.9500000000000001,-0.4666666666666666,-0.31666666666666665,1.5915314427189662,0.2906689061886878,0.9841099809548858,-0.16466197042506397
spread,AAA,201003,9,0.9,0.9833333333333333,0.7999999999999999,0.9333333333333332,0.8499999999999999,0.75,1.3745325359354053,-0.06598838454735924,0.9366043937792573,-0.3259080380244812
spread,AAA,201004,9,0.9166666666666666,0.9833333333333333,0.9,0.9666666666666667,0.7666666666666667,0.9,1.3144932057301306,-0.31366430533850775,0.8762134669658802,-0.2823702861617154
spread,AAA,201005,9,0.8499999999999999,0.9833333333333333,0.8499999999999999,0.9833333333333333,0.7666666666666667,0.75,0.8424163265818484,-0.05962805924476376,0.8671783582168989,-0.11013373268178281
spread,AAA,201006,9,0.7166666666666667,0.9666666666666667,0.5666666666666667,0.9333333333333332,0.7,0.8666666666666667,0.7193348956048945,-0.09097306213758763,0.7935703043385849,-0.02138618190838644
spread,AAA,201007,9,0.8833333333333333,0.9500000000000001,0.8666666666666667,0.9333333333333332,0.8499999999999999,0.8833333333333333,0.6066955730222281,-0.08866544759155852,0.7945745210196161,0.005192187344560521
spread,AAA,201008,9,0.8666666666666667,0.9833333333333333,0.8166666666666667,0.9666666666666667,0.75,0.7333333333333334,0.6309914857917783,-0.07844021066465542,0.8498633811684008,-0.02769475534117091
spread,AAA,201009,10,0.8545454545454544,0.9757575757575757,0.7696969696969697,0.9393939393939393,0.6,0.8303030303030302,0.7331933448172416,-0.1299491647844338,0.8966839361316172,-0.06982679206808792
spread,AAA,201010,10,0.9393939393939393,0.9757575757575757,0.8787878787878788,0.9151515151515152,0.7696969696969697,0.8424242424242423,0.6803671957750199,-0.0740412573205863,0.9137409790989296,-0.09308440250287418
spread,AAA,201011,11,0.9727272727272729,0.9,0.9,0.8454545454545455,0.690909090909091,0.6000000000000001,0.7556619156900746,-0.1397361822161824,0.9285217976487538,-0.16833776358355276
spread,AAA,201012,11,0.8363636363636365,0.881818181818182,0.8090909090909091,0.8636363636363636,-0.11818181818181818,-0.05454545454545456,0.8499390230976613,-0.12373593942423386,1.0080140992795112,-0.23646005221588115
spread,AAA,201101,11,0.8909090909090911,0.9727272727272729,0.8181818181818182,0.9,0.26363636363636367,0.4909090909090909,1.0099103180439308,-0.11878307085723613,1.0096563919835464,-0.16916613368073205
spread,AAA,201102,11,0.9181818181818183,0.9454545454545454,0.9181818181818183,0.9454545454545454,-0.7545454545454545,-0.7727272727272727,1.021986857095934,-0.10343877847770225,0.9632556974097007,-0.21390698554527887
spread,AAA,201103,12,0.9440559440559443,0.9580419580419581,0.9300699300699302,0.9510489510489512,0.6293706293706295,0.6643356643356644,0.8064229968322364,-0.03622253170966348,0.9323364822448036,-0.0993531399662265
spread,AAA,201104,12,0.9160839160839163,0.9720279720279721,0.6993006993006995,0.7692307692307694,0.5664335664335665,0.5804195804195805,1.3252825895420424,0.2645270778197769,0.9713891779156688,-0.06886043037313475
spread,AAA,201105,12,0.9230769230769231,0.9510489510489512,0.7272727272727274,0.7762237762237763,0.7902097902097903,0.8041958041958043,1.8507571345661358,0.3875899065945874,0.9921447609379378,-0.08181090104323334
spread,AAA,201106,12,0.9720279720279721,0.9580419580419581,0.7202797202797203,0.7692307692307694,0.7552447552447553,0.7552447552447553,2.326594332208757,0.21335257700408267,0.9982492424391941,-0.09354405051014394
spread,AAA,201107,12,0.9230769230769231,0.9790209790209792,0.6013986013986015,0.7552447552447553,-0.46153846153846156,-0.5664335664335665,2.429016195178747,0.4763023157688858,1.0033303404039702,-0.15612154203248568
spread,AAA,201108,12,0.7762237762237763,0.8741258741258742,0.5314685314685316,0.7552447552447553,-0.6433566433566434,-0.5174825174825175,2.5585328079024134,0.5416662858118552,1.0037598893225748,-0.19791589962372655
spread,AAA,201109,12,0.8741258741258742,0.9160839160839163,0.5874125874125874,0.6643356643356644,-0.8601398601398602,-0.8531468531468532,2.7872131135848752,0.9543731750524175,0.9929105340609169,-0.1300042359977185
spread,AAA,201110,12,0.9160839160839163,0.8951048951048951,0.22377622377622378,0.2377622377622378,0.0,-0.055944055944055944,3.2829050868551257,0.8617100886994595,1.002027849112714,-0.11614822564232305
spread,AAA,201111,12,0.8461538461538463,0.8671328671328673,0.6503496503496504,0.7202797202797203,0.5524475524475525,0.5594405594405596,3.3699520309935567,0.5942290739408675,0.9896311839186841,-0.1066543097218949
spread,AAA,201112,12,0.8056054385890983,0.7880922768806397,0.06293706293706294,0.08391608391608392,-0.32867132867132864,-0.5034965034965035,3.3808879494023545,0.49030755410411,0.9778166726585629,-0.1661814162371739
spread,AAA,201201,12,0.7342657342657343,0.7670764828304892,-0.07692307692307693,0.003502632341691731,0.08391608391608392,0.11558686727582713,3.6422918699794815,-0.5673581545523907,0.9858355238513693,-0.14532842163130877
spread,AAA,201202,12,0.8671328671328673,0.8811188811188813,-0.7552447552447553,-0.4685314685314686,0.44055944055944063,0.3216783216783217,4.373896668314797,-0.8134922765541454,0.9827312089527385,-0.07338587264178173
spread,AAA,201203,12,0.9160839160839163,0.9860139860139862,-0.2517482517482518,-0.034965034965034975,0.7412587412587414,0.8181818181818183,4.510580260440054,-0.4087483260527747,0.9860986527904098,-0.06649717388537475
spread,AAA,201204,12,0.9860139860139862,0.9370629370629372,-0.5734265734265735,-0.5174825174825175,-0.6853146853146854,-0.7832167832167832,4.357233699783475,-0.2700821154717732,1.0000307529189918,-0.03758028545863115
spread,AAA,201205,12,0.8461538461538463,0.8671328671328673,-0.8531468531468532,-0.8321678321678322,-0.8741258741258742,-0.8391608391608393,4.344197109395551,-0.15004311189977526,1.016033849878239,-0.037315790782840426
spread,AAA,201206,12,0.6293706293706295,0.8671328671328673,-0.8041958041958043,-0.4825174825174825,-0.3706293706293707,-0.2657342657342658,4.604776948358299,-0.08415943594236239,1.0157915503721977,-0.004116924012804008
spread,AAA,201207,12,0.6993006993006995,0.5454545454545455,-0.6923076923076924,-0.7552447552447553,-0.6923076923076924,-0.7342657342657343,4.933022976712453,0.034252612285157864,1.018949726326268,-0.04148151532444411
spread,AAA,201208,11,0.7727272727272727,0.7545454545454545,-0.7727272727272727,-0.5818181818181819,-0.009090909090909092,-0.10000000000000002,5.138725664542089,-0.18002831384287554,1.0260439424521557,-0.09420885741122435
spread,AAA,201209,11,0.790909090909091,0.8363636363636365,-0.9272727272727275,-0.8727272727272729,-0.5090909090909091,-0.5727272727272729,5.4257715099529324,-0.05666349066565089,1.0182755983165868,0.07424605571074007
spread,AAA,201210,11,0.4783611499571155,0.8246035061165515,-0.6363636363636364,-0.07272727272727274,-0.009090909090909092,0.3090909090909091,5.900357820149017,-1.0668995863810553,1.0065361142375764,0.01693123892754485
spread,AAA,201211,11,0.7727272727272727,0.9384990180111028,-0.7454545454545456,-0.44647040662664117,0.39090909090909093,0.6287032256579232,6.245681126873546,-0.20123110988510284,0.9994351176061745,-0.002605935735544921
spread,AAA,201212,13,0.9615384615384615,0.9945054945054945,-0.9395604395604396,-0.8791208791208791,0.03296703296703297,-0.054945054945054944,6.607679550048021,0.7871661025694162,1.0102037693553965,0.07098304964075255
spread,AAA,201301,13,0.8846153846153846,0.989010989010989,-0.8791208791208791,-0.6593406593406593,0.1758241758241758,0.35714285714285715,6.628865894452314,-0.012732974560994807,1.0146587594939005,0.1648871615328677
spread,AAA,201302,13,0.8516483516483516,0.967032967032967,-0.9065934065934067,-0.7472527472527472,0.19230769230769232,0.34615384615384615,6.415144011728333,-0.378852058649044,0.9956705917446055,-0.021667386032063276
spread,AAA,201303,13,0.9560439560439561,0.9615384615384615,-0.9120879120879121,-0.7967032967032966,0.39560439560439564,0.4175824175824176,6.074809683099273,0.39411393010658796,0.9983208099774364,-0.13069622670502282
spread,AAA,201304,13,0.9175824175824175,0.9505494505494506,-0.8571428571428571,-0.7582417582417583,-0.6923076923076923,-0.6483516483516483,5.4003388155775545,-0.12666232931993968,0.9752835427815438,-0.06282686808029521
spread,AAA,201305,12,0.9300699300699302,0.9720279720279721,-0.6503496503496504,-0.5454545454545455,0.5874125874125874,0.6153846153846154,4.834605625147451,-0.5241418428098121,0.9718497534021427,-0.1266272606121861
spread,AAA,201306,13,0.9560439560439561,0.9615384615384615,-0.6538461538461539,-0.5659340659340659,0.3131868131868132,0.21978021978021978,4.623781944621367,-0.3794118285730561,0.9696262220928157,-0.10766241524129373
spread,AAA,201307,13,0.901098901098901,0.9835164835164836,-0.35714285714285715,-0.19780219780219782,0.5659340659340659,0.6208791208791209,4.168574548747132,-0.7907041404496419,0.9508168810278009,-0.017619358599724882
spread,AAA,201308,13,0.9230769230769231,0.9340659340659341,0.2967032967032967,0.4945054945054945,0.576923076923077,0.6098901098901099,3.845850212788966,-0.21199524891537833,0.9634323943925684,0.10397508918025508
spread,AAA,201309,13,0.9285714285714285,0.9395604395604396,-0.16483516483516483,-0.15384615384615383,0.4450549450549451,0.46703296703296704,3.7422831930301594,-0.016461398484431306,0.9700414028638333,0.03971828815860985
spread,AAA,201310,13,0.945054945054945,0.9835164835164836,-0.06043956043956044,0.13186813186813187,-0.1758241758241758,-0.09890109890109891,3.827686086151023,-0.17205484299610077,1.015741146755282,-0.029209813030866935
spread,AAA,201311,13,0.9505494505494506,0.9615384615384615,-0.15384615384615383,-0.07692307692307691,0.0879120879120879,0.12087912087912088,3.8737858421552964,-0.1499456864694757,1.0043375444629892,-0.0022424501603577826
spread,AAA,201312,13,0.9615384615384615,0.945054945054945,0.049450549450549455,0.16483516483516483,-0.37912087912087916,-0.40659340659340654,3.693329916515624,0.15297654253466814,0.964627030361601,0.15892148832003397
spread,AAA,201401,18,0.7089783281733747,0.9463364293085655,0.1496388028895769,0.46955624355005166,0.3023735810113519,0.5789473684210527,3.476857218813632,0.7164023500622777,0.9761319593749382,0.05788681709777004
spread,AAA,201402,18,0.9566563467492261,0.9876160990712075,0.23426212590299278,0.37254901960784315,0.6986584107327141,0.6738906088751291,3.4933863972345365,0.6577982740361992,0.9183496771917923,-0.0370416735326041
spread,AAA,201403,18,0.9112487100103198,0.9752321981424149,0.12693498452012383,0.281733746130031,0.1496388028895769,0.17647058823529413,2.8071777945783776,-0.8218421618469279,0.9053498117226337,-0.04336645554246789
spread,AAA,201404,19,0.9,0.9964912280701754,0.41754385964912283,0.6333333333333333,0.7736842105263159,0.8578947368421052,2.680124236596319,-0.740868145190239,0.8754189199163439,-0.14666197852003401
spread,AAA,201405,18,0.9009287925696594,0.9731682146542827,0.3952528379772961,0.6346749226006192,0.7812177502579979,0.8059855521155831,2.4987770891391476,-0.40651924216980856,0.8811318742133504,-0.17786561787953623
spread,AAA,201406,18,0.8637770897832818,0.9607843137254902,0.06501547987616099,0.26109391124871,0.17234262125902994,0.3126934984520124,2.4999566229998575,-0.5307782902235895,0.9311127483508476,-0.2659348171560679
spread,AAA,201407,18,0.9236326109391124,0.9793601651186791,-0.27347781217750256,-0.06707946336429307,0.040247678018575844,0.17234262125902994,2.7084460070665997,-1.4917285431511282,0.9338085049249805,-0.31845512358238115
spread,AAA,201408,18,0.9793601651186791,0.9917440660474718,-0.32507739938080493,-0.2652218782249742,-0.6078431372549019,-0.6264189886480908,2.7928032830531455,-1.7615151120452912,1.0126387104101795,-0.24219985798034818
spread,AAA,201409,18,0.9649122807017543,0.9731682146542827,-0.6573787409700722,-0.5892672858617131,-0.15376676986584106,-0.1826625386996904,3.698151225104648,-0.17081515697213703,1.0237573348198077,-0.14726867166712582
spread,AAA,201410,18,0.9649122807017543,0.9731682146542827,-0.651186790505676,-0.5810113519091847,-0.22187822497420018,-0.2776057791537668,3.793111440331916,-0.19809174545913696,1.0320648020217278,-0.11553952025620871
spread,AAA,201411,18,0.890608875128999,0.9711042311661506,-0.7853457172342622,-0.5583075335397317,-0.44272445820433437,-0.34365325077399383,3.8225596687874774,-0.42859018258747456,1.0036180919410205,-0.11329953575541026
spread,AAA,201412,18,0.9174406604747163,0.9690402476780186,-0.9360165118679051,-0.8039215686274509,-0.5706914344685242,-0.696594427244582,3.832807106856695,-0.2694072245613191,1.0023936952101664,-0.11634627255160067
spread,AAA,201501,18,0.9071207430340558,0.9587203302373581,-0.9112487100103198,-0.8431372549019607,-0.2425180598555212,-0.17234262125902994,3.932226428635505,0.01099375842975326,1.0020650204282648,-0.17457105201024847
spread,AAA,201502,18,0.954592363261094,0.9711042311661506,-0.869969040247678,-0.7977296181630547,0.6904024767801857,0.7069143446852425,3.9762217175437633,-0.13542348894627407,1.0006986736102217,-0.17576970776439468
spread,AAA,201503,24,0.9756521739130434,0.9878260869565217,-0.9052173913043478,-0.8643478260869566,-0.29130434782608694,-0.2860869565217391,4.001302969182628,-0.02173601725457453,1.0048545114154994,-0.1575424915845783
spread,AAA,201504,28,0.9638752052545155,0.9857690202517788,-0.8960043787629994,-0.8368910782703886,0.7909140667761357,0.8275862068965517,3.908178530810375,0.3869980494683759,1.0076324507016783,-0.13318476793340192
spread,AAA,201505,28,0.9489530675974435,0.9719447196534531,-0.8938149972632732,-0.8308702791461413,0.12424740010946908,0.18719211822660098,3.9816979748209858,0.46081570976176595,1.0268296984785366,-0.11216602687181729
spread,AAA,201506,28,0.9726327312534209,0.9908307195566038,-0.9326765188834154,-0.8687559955449339,-0.30706075533661736,-0.3060079404597467,3.926710244043749,0.4716290172030006,1.0216022792563149,0.022187589895255863
spread,AAA,201507,28,0.9540229885057472,0.9835796387520527,-0.922824302134647,-0.849480021893815,-0.7361795292829775,-0.6984126984126985,3.887047937986462,0.6887341225223395,0.9968822691889583,0.18602471526412556
spread,AAA,201508,28,0.9578544061302682,0.9715380405035577,-0.9403393541324575,-0.8779419813902573,0.05911330049261084,0.03667214012041598,3.8628650523815704,0.6716611039069016,1.0035609080014032,0.18175188952426904
spread,AAA,201509,28,0.9567597153804049,0.9885057471264367,-0.9014778325123153,-0.8089764641488779,0.6141215106732347,0.6726874657909141,3.779045250568748,0.4294953077679446,0.9969267301950864,0.14618393653880157
spread,AAA,201510,28,0.9781061850027366,0.9846743295019157,-0.9627805145046523,-0.9310344827586207,0.44937055281882865,0.40777230432402845,3.76744023200347,0.27466495370552313,0.9801610879222497,0.07645825389089606
spread,AAA,201511,28,0.9846743295019157,0.9890530925013684,-0.9611384783798578,-0.9255610290093048,-0.23097974822112752,-0.23371647509578544,3.7812723838282967,0.012056905094021844,0.9793032540448298,-0.02819014715891526
spread,AAA,201512,34,0.9663865546218486,0.9871657754010694,-0.9431627196333078,-0.897937356760886,0.004430863254392665,0.03254392666157372,3.7236554363565606,-0.4387843297747858,0.9721161692590596,-0.02575033680032211
spread,AAA,201601,34,0.9679144385026738,0.9886936592818946,-0.9031321619556912,-0.8334606569900688,0.7671504965622612,0.7897631779984722,3.5801404721406,-0.5430117826907308,0.9911024108403121,-0.06382169306293967
spread,AAA,201602,34,0.9715027914364291,0.9919779996862689,-0.9398013750954927,-0.8805194805194805,-0.12482811306340717,-0.1336898395721925,3.459333579040083,-0.5841120237725835,0.9709745549646429,-0.1060630928047181
spread,AAA,201603,34,0.9706646294881588,0.9924363998709669,-0.9181054239877768,-0.8492627421836542,0.08724216959511077,0.11979524826771946,3.256743840144842,-0.7685757710875838,0.9648942269850405,-0.03769847536690658
spread,AAA,201604,33,0.9561293590664813,0.9897217382261323,-0.9167780748663102,-0.8475935828877006,-0.2877673796791444,-0.19618983957219252,3.057470292067782,-1.0081478560118724,0.982807695952017,-0.0034819417378376275
spread,AAA,201605,33,0.94384089568392,0.9794400368515987,-0.7847593582887701,-0.6972507753933509,-0.6336898395721926,-0.5605414910520851,2.869154094482508,-1.2676833444081368,0.9783899646530675,-0.05528894741466698
spread,AAA,201606,33,0.9584691267691436,0.98278312085826,-0.7215909090909091,-0.5980277536314974,0.49799465240641716,0.533845904164059,2.637787763124703,-1.4758105914599695,0.9785421569906234,0.01582414587042214
spread,AAA,201607,33,0.9742647058823529,0.9925628847222222,-0.7048796791443851,-0.6293975120161456,-0.19685828877005349,-0.19018968897354585,2.5025550115903177,-1.480114950308085,0.9675161914992431,0.13651599875376336
spread,AAA,201608,33,0.9682486631016043,0.9906417112299466,-0.6290106951871658,-0.5675133689839573,-0.3185160427807487,-0.3292112299465241,2.3386671552130354,-1.1975694976864435,0.973191332204812,-0.03773786528497968
spread,AAA,201609,39,0.9678137651821863,0.9959514170040487,-0.6111336032388665,-0.5560728744939272,0.5093117408906882,0.5651821862348179,2.243335992102728,-1.5656552453222747,0.9914114439501741,-0.08821170460930725
spread,AAA,201610,39,0.9795546558704453,0.995748987854251,-0.5338056680161943,-0.4858299595141701,0.3202429149797571,0.3615384615384616,2.1068244088104984,-1.1855419305564194,0.9870890946878075,-0.20518225487043082
spread,AAA,201611,39,0.9682186234817816,0.9923076923076924,-0.5336032388663968,-0.4757085020242915,-0.6153846153846155,-0.5862348178137652,2.1045020808352572,-1.1972231065327739,1.0146812361464645,-0.23852541989490242
spread,AAA,201612,39,0.9649797570850203,0.9888663967611337,-0.13137651821862348,-0.03987854251012146,-0.5657894736842106,-0.5568825910931174,2.1179413043596376,-1.0932019340670207,1.0278232948430666,-0.1787937696059548
spread,AAA,201701,39,0.9607287449392714,0.9781376518218624,0.3388663967611336,0.4572874493927126,0.07995951417004049,0.08178137651821864,2.1337136110664146,-0.9664560895300869,1.0383787457258047,-0.02059555424193797
spread,AAA,201702,39,0.9600688306237394,0.9881066868264571,-0.2593117408906883,-0.13805668016194333,-0.5058704453441295,-0.4111336032388664,2.1800358563500324,-0.8397103513839428,1.0207379452106826,-0.09326921096475424
spread,AAA,201703,45,0.9771731617014273,0.9901179260820869,-0.2764163372859025,-0.2133798874638254,-0.2798418972332016,-0.2863730690970204,2.2169236697752077,-0.6426780674437941,1.015625205537133,-0.05578263892602734
spread,AAA,201704,49,0.9725510204081632,0.9977295342413446,-0.3441836734693877,-0.20515829492121948,-0.005714285714285713,0.04739916836155505,2.3070583575103263,-0.5162991395664931,1.0280099095890751,-0.023400270003516934
spread,AAA,201705,49,0.975,0.9890816326530613,-0.465204081632653,-0.33081632653061216,-0.6497959183673468,-0.6605102040816325,2.2886626291460463,-0.4237634537887696,1.0122441785166982,-0.05383845860650241
spread,AAA,201706,49,0.9628571428571426,0.98734693877551,-0.5985714285714285,-0.4861224489795918,-0.8428571428571426,-0.8474489795918365,2.2489481989086335,-0.3445161045959312,0.9973707774075091,0.0913856508936336
spread,AAA,201707,49,0.969208398488805,0.9916579507806071,0.05693877551020408,0.23071428571428568,0.605204081632653,0.5856122448979592,2.1679640044250084,-0.27286637056444885,0.9900477683467923,0.058952900908387534
spread,AAA,201708,48,0.9503080308544882,0.9880855452423601,0.09607034303082936,0.24902977185060493,-0.41988710377768124,-0.389556816166476,2.146400997836781,-0.4209293539116243,1.018815759970623,0.04535675349269674
spread,AAA,201709,48,0.9487339542669408,0.9846387667589427,-0.043095961788970905,0.13357939592945484,-0.654363873208858,-0.6179064783668891,2.024678232705121,-0.21083338445638644,1.0044101709484845,0.061788867557046094
spread,AAA,201710,48,0.9653712548849327,0.992916655724306,0.12288319583152409,0.2893586995936301,-0.55601389491967,-0.5364344453355555,1.937516069874533,-0.07513508663170151,0.9932020084299773,-0.0002079083639797192
spread,AAA,201711,48,0.9585323491098567,0.9875162831089882,-0.09867564046895352,0.02377333912288319,-0.8869952236213633,-0.8719062092922274,1.8744657199357344,0.0655915617477005,0.9858423073384459,-0.08726696631695835
spread,AAA,201712,48,0.967132585645788,0.9856968413729507,-0.12082066869300913,0.024967433782023447,-0.5223621363438993,-0.5041250542770299,1.8494776140447728,-0.04176500888713251,0.9798194350920744,-0.16960977157206011
spread,AAA,201801,48,0.9281081231197678,0.963956140818759,-0.6664133738601824,-0.5497625204815929,-0.7080981328701694,-0.6357443364810837,1.8657669273701818,0.024781382743180626,0.9893312680502422,-0.03724181376159241
spread,AAA,201802,52,0.9781439426278493,0.9819850595927511,0.11295142149748143,0.19278548576798085,0.6481687014428413,0.6594663826713393,1.7963314580490375,-0.056870728057691305,0.965219550631733,-0.08483131653378231
spread,AAA,201803,52,0.9606420216853069,0.9789976948689489,-0.26526082130965595,-0.1751045846495347,-0.48723640399556045,-0.46094083496969174,1.7734267588529202,-0.1465772895677868,0.966770431546348,-0.010582070746917487
spread,AAA,201804,52,0.9560094770699165,0.9809822631420709,-0.18201997780244172,-0.07888670707760607,0.15657816101767266,0.1923503799197473,1.7720576248021767,0.02025846240019377,0.9738190742409751,0.0041855786215389944
spread,AAA,201805,52,0.9772664260413717,0.9808735039812586,-0.5836250320157089,-0.5203304092880202,0.40288568257491675,0.4030650360568944,1.7909508614538971,-0.0914200479453792,0.9876950963327025,-0.09884348940053865
spread,AAA,201806,52,0.8815845641594808,0.8659679431140267,-0.8761205498164433,-0.8535872142882,-0.6412533082899342,-0.6545990175393103,1.8059266838539718,-0.2694659271399695,0.9952670927649749,-0.056924110019087024
spread,AAA,201807,51,0.9619909502262443,0.9627149321266968,-0.8033484162895926,-0.7850678733031674,-0.18407239819004523,-0.19583710407239818,1.8174702289348854,-0.3979141308561859,0.9852310323169896,-0.1630915507535576
spread,AAA,201808,51,0.9726916901061913,0.9858141589436864,-0.8055203619909502,-0.7689592760180994,0.6330316742081448,0.6586425339366515,1.9121767009522663,-0.24851072139336874,1.0011299775027485,-0.16093015913875564
spread,AAA,201809,51,0.9659042062247283,0.9691388750622201,-0.9295927601809953,-0.9061743480678538,-0.4935746606334841,-0.5118215345548535,2.0061462313917477,-0.2869146855143567,1.0001589634339805,-0.18762533779097912
spread,AAA,201810,51,0.9660633484162896,0.9838684135643336,-0.9324886877828054,-0.8972601192368657,0.5389140271493212,0.5923210933890047,2.085238489092921,-0.6396499224453578,0.993407492160624,-0.20576831588766276
spread,AAA,201811,51,0.9184125987953982,0.9590026707859122,-0.9186425339366516,-0.8587330316742081,0.19755656108597283,0.2618099547511312,2.162531920216936,-0.6423244840313533,0.990030976211978,-0.24410597649301577
spread,AAA,201812,51,0.9148377764015849,0.9588198026970766,-0.7381900452488688,-0.6129236623316745,0.41004524886877824,0.41608217609005155,2.207875183751581,-0.5502636298728454,0.9863013642416183,-0.21661544906026942
spread,AAA,201901,51,0.9021719457013574,0.9557446048067405,-0.7123981900452487,-0.5498891358179779,0.20099547511312216,0.21964794809582494,2.159740061982562,-0.5587077726802031,0.9689815948616686,-0.285763535965221
spread,AAA,201902,51,0.9231639450150235,0.9724874438663728,-0.9041628959276017,-0.7702262443438913,0.24914027149321266,0.37656108597285065,2.1293874640638513,-0.696873797908934,0.9666108015720974,-0.34178381272484376
spread,AAA,201903,51,0.9186633184097457,0.9540466549945271,-0.8940271493212669,-0.795556360830799,0.037918552036199094,0.038237024338889994,2.1497657766226554,-0.5023431089269119,0.972285152469719,-0.27302430571595016
spread,AAA,201904,51,0.8625339366515837,0.9239123059447437,-0.8763800904977375,-0.7378447478075714,0.3677828054298642,0.4429511981042755,2.1222792424872554,-0.42766417650135513,0.9639925330280517,-0.19933463751066116
spread,AAA,201905,50,0.9181012752052122,0.9675622466713648,-0.7530852340936375,-0.6022088835534214,0.3915966386554621,0.48878751500600237,2.088347287397814,-0.3594822113435454,0.9541989065457367,-0.25455456549877264
spread,AAA,201906,50,0.915844318254815,0.9716673069535152,-0.5641776710684274,-0.38862877871414736,0.5635054021608643,0.6357415546023226,2.042155847648181,-0.4079089125327464,0.9423686141914684,-0.11337121435529006
spread,AAA,201907,50,0.9030228819621329,0.9747406838263541,-0.5430492196878751,-0.27827798994791597,0.15159663865546216,0.20595932681391055,2.0381562690771307,-0.5605447838429528,0.9531119453166488,-0.24200822549252096
spread,AAA,201908,50,0.9071263936698419,0.9647273515879222,-0.7521248499399759,-0.5684650293362259,-0.13546218487394956,-0.16528608134611336,1.9239054972725107,-0.48916034330833374,0.9274889775170296,-0.294204507099338
spread,AAA,201909,50,0.938343337334934,0.9804552450797864,-0.7766146458583434,-0.6117940844549387,0.626218487394958,0.6754706116124934,1.871277849739583,-0.9355486628127432,0.9262920068157364,-0.3457892553176213
spread,AAA,201910,50,0.9392302338897823,0.9762059115877797,-0.7127490996398559,-0.6004801920768308,0.7013205282112844,0.7447298919567827,1.8231931068722598,-1.3126859824288217,0.921840885638074,-0.29748718713747646
spread,AAA,201911,50,0.9186035354425839,0.9742598509303586,-0.5332533013205282,-0.3335974454129719,-0.2557022809123649,-0.14799875151328334,1.7595445120122708,-1.4331214844203057,0.9258141132343131,-0.38441672046840125
spread,AAA,201912,50,0.8594684148555306,0.8924532381855715,0.006482593037214886,0.11693238584362443,0.37709483793517407,0.4266711491665721,1.6803733523685507,-1.3872432653191131,0.9427158296769744,-0.5184227944158692
spread,AAA,202001,49,0.940303077911554,0.9822180272094612,0.6931632653061224,0.7882854157007811,0.6838775510204081,0.7514477412583238,1.5013726513005818,-0.6197890618783598,0.8694604048412257,-0.5881079378578398
spread,AAA,202002,49,0.9522181691406911,0.9897186012354243,0.5792857142857142,0.6972294513897327,0.7887755102040815,0.8373386408164584,1.4343409986407687,-1.2859960237477075,0.8724161981534444,-0.5892048429342716
spread,AAA,202003,49,0.9523202125601992,0.9598448900454104,0.8431632653061223,0.8847674688457763,0.8813265306122449,0.8706344552438918,1.395119098819558,-1.2272231960530808,0.869944979191104,-0.5958712033057758
spread,AAA,202004,49,0.9120130618544635,0.9659166283994081,0.6612244897959184,0.7656317765699625,0.7029591836734692,0.7299676014518495,1.3198905441315671,-1.023434951856296,0.865820322471624,-0.7720354400255363
spread,AAA,202005,49,0.8928288989869235,0.9550487269758662,0.6910204081632653,0.7967039978102068,0.6806122448979591,0.7287430804177512,1.2949918397792697,-1.0918495966075386,0.867800223439623,-0.7458520376968432
spread,AAA,202006,49,0.8619097428759415,0.9779835705903362,0.3195918367346939,0.5785861886114471,0.17183673469387753,0.43541927104145406,1.320335151926101,-0.9180467371456307,0.8863453122621447,-0.502504590083961
spread,AAA,202007,49,0.9085435855911849,0.9841573549670902,0.16673469387755102,0.40761243922547186,-0.8894897959183673,-0.8507359884397945,1.4347921432349937,-0.9082229093723174,1.0126700081536981,-0.7684866394920988
spread,AAA,202008,49,0.9483673469387754,0.9832393686711813,0.7923469387755101,0.8662976099147935,0.6026530612244897,0.6352202864384935,1.4661121692163883,-0.5241229046638165,1.0258840640820976,-0.3337962605630975
spread,AAA,202009,42,0.9447370553439753,0.9959484644680335,0.7692245360991816,0.877805688355887,-0.6168868000972368,-0.57280609350944,1.456468517752387,-0.27159527143540163,1.0106207663104998,-0.33626208272770197
spread,AA,200307,54,0.5816878863721325,0.9590988800137108,0.1931389365351629,0.7696969696969695,0.03586811511339812,0.4915189632170764,1.5166212356675826,-0.05662511719164403,0.955640267244445,-0.07690229183245101
spread,AA,200308,54,0.5924260040337244,0.867307069362938,0.17613874595006668,0.7305786389389446,-0.05538402896893462,-0.07749485406255215,1.5166212356675826,-0.05662511719164403,0.955640267244445,-0.07690229183245101
spread,AA,200309,53,0.3944525076600548,0.8338339348963734,0.04845992581841638,0.6849033403935593,-0.20278987260119336,0.11776563793793186,1.4755155657556465,-0.10603822858676075,0.9564038555274194,-0.056061825239085816
spread,AA,200310,62,0.557200775603737,0.9632847321900734,0.1131928181108509,0.7238548513006472,-0.44876734406083957,-0.09481000226637455,1.4755155657556465,-0.10603822858676075,0.9564038555274194,-0.056061825239085816
spread,AA,200311,62,0.43763692679610183,0.9674649341492283,0.1185817531666289,0.8336481075772457,-0.37966810203721896,-0.11566064818312306,1.4755155657556465,-0.10603822858676075,0.9564038555274194,-0.056061825239085816
spread,AA,200312,64,0.49542124542124544,0.9528846153846153,0.13809523809523808,0.82518315018315,-0.23099816849816845,0.20833333333333331,1.4755155657556465,-0.10603822858676075,0.9564038555274194,-0.056061825239085816
spread,AA,200401,67,0.5367600842321998,0.9450369646587814,0.1619043818341448,0.8408093223720968,-0.26737967914438504,-0.10292122276318943,1.4755155657556465,-0.10603822858676075,0.9564038555274194,-0.056061825239085816
spread,AA,200402,69,0.5135962148206107,0.9071046237600247,0.2585312385823895,0.8376766320831004,-0.03463646328096456,0.2087523634756747,1.29602554634403,0.2697867210228007,0.9486305466445485,-0.08879337993094139
spread,AA,200403,67,0.4729826801819779,0.9585258054372559,0.2002554074547051,0.8584769183614102,-0.2989863516641392,0.16902954176695034,1.29602554634403,0.2697867210228007,0.9486305466445485,-0.08879337993094139
spread,AA,200404,67,0.6632944229595475,0.8963982841253798,0.49720648096416326,0.8568920105355576,-0.06034001117407615,-0.022707319019873894,1.29602554634403,0.2697867210228007,0.9486305466445485,-0.08879337993094139
spread,AA,200405,69,0.7725865234750816,0.9855220731706296,0.6316770186335405,0.9611794152026829,0.40613810741687983,0.4314656826748957,1.2201404271699499,0.44279531563957564,0.959664294619711,-0.0826779880685579
spread,AA,200406,73,0.6771259980986785,0.9727561631468218,0.3375601629026287,0.8107245057974861,-0.4983030976181662,-0.4768486737204797,1.2201404271699499,0.44279531563957564,0.959664294619711,-0.0826779880685579
spread,AA,200407,71,0.6059457738238421,0.9701110878563547,0.3780684104627766,0.8953444505963339,-0.19107981220657275,0.19645027966340148,1.2201404271699499,0.44279531563957564,0.959664294619711,-0.0826779880685579
spread,AA,200408,69,0.7156506331233113,0.970651101611312,0.4351114358786994,0.8184658106190481,-0.38388746803069057,-0.13083907271223658,1.2213060613054403,0.48262261768475406,0.9680939460841957,-0.16523303780633883
spread,AA,200409,72,0.7035179111196863,0.9802395692238985,0.46427422985401,0.9044778520342681,-0.49993568718245557,-0.5197202348127365,1.2703395644581705,0.43610167866860927,0.9727002273533677,-0.22063485974129513
spread,AA,200410,71,0.7225915710479548,0.96605437674737,0.4731052984574111,0.8839369550637155,-0.16354795439302477,-0.15415828303152243,1.2823423321460854,0.42473064377141934,0.9763018842977021,-0.18231856991861553
spread,AA,200411,72,0.6566069892728517,0.9724736715170028,0.2717216541256673,0.8289828042489583,-0.4517975432503699,-0.4728798707454782,1.2958368112066336,0.5386871212365619,0.9676456012324065,-0.18497402017130335
spread,AA,200412,72,0.39753679929896807,0.9580995256853443,-0.034889703517911125,0.8277769292258068,-0.013312753231719085,-0.4331824649833284,1.4350552616361558,0.5213677606710829,0.9713087931997013,-0.13579114589685892
spread,AA,200501,72,0.24564675620186208,0.9300661634367873,-0.3934658177374751,0.5692212459284678,-0.6122580230239888,-0.522626235033891,1.5545295601415368,0.5681480416425433,0.9587171391711553,-0.05009030865741231
spread,AA,200502,87,0.47234917008636784,0.9247677327439061,-0.10669242545746153,0.6153825124418275,-0.48709630385652836,-0.42938898256669683,1.6120812166902425,0.6534128585159313,0.9684611251822814,-0.07171524799289851
spread,AA,200503,88,0.43189242976939274,0.9408294184299749,-0.022577577401289146,0.7841585030953724,0.011781902715649327,0.11340011008143878,1.6083484159511792,0.6389878370995054,0.9556114418291264,-0.08290161984703603
spread,AA,200504,89,0.7233609698183051,0.947730416539982,0.2775621382362956,0.7229261275436923,-0.3120701395982295,-0.292102026313619,1.084365507830272,0.4159666726542983,0.9156755415624476,-0.060922860203018056
spread,AA,200505,90,0.8417980968972428,0.924474407762508,0.42162406881508,0.6743659607607833,-0.14056879450137877,-0.2525373920973105,1.0295075071446091,0.33334743590527044,0.9102159355879442,-0.05284313516797195
spread,AA,200506,93,0.7038737714225527,0.8600353623145158,0.16137984542389064,0.48383162059839774,-0.2634060457760138,-0.1930507115401477,0.9254775416697336,0.4612632809031329,0.9067156661422234,-0.13202047621427046
spread,AA,200507,93,0.7219107516465453,0.8141891009796314,0.1787771179612664,0.3797093448744836,-0.28026618125391656,-0.23625430837741213,0.8383653505824796,0.4162396734867057,0.9097261164932757,-0.15612183029046106
spread,AA,200508,95,0.7759304300325178,0.886390201224847,0.36438969764837625,0.5707756645551885,-0.06851903695408736,-0.017868453748076617,0.7428714069112456,0.30312425135175164,0.8777980457057066,-0.16868249679947053
spread,AA,200509,100,0.8053093628069546,0.8908464650258121,0.5671887188718872,0.7107838726121288,-0.0051845184518451845,0.0798574231888747,0.5197694205093485,0.2633860646279349,0.8885615905409684,-0.12158592812093773
spread,AA,200510,94,0.8405093471975187,0.886609855447028,0.19744247372033377,0.3370107070182019,0.052212549217931586,0.08082997384868573,1.0441022527724364,0.40100240215720473,0.9086674436468598,-0.23965441085014696
spread,AA,200511,94,0.807048598618148,0.8640613260251264,-0.055969367481848074,0.09246274723805704,-0.089000469602283,-0.08278876547905109,1.0814891317187039,0.5452846761312042,0.892894062309154,-0.18498098728255752
spread,AA,200512,95,0.7145056872266766,0.7337308961657022,-0.5306410974244121,-0.44733351786485914,-0.18720604703247481,-0.17842107298062976,1.349407622526292,0.5153090785874016,0.9105252910340215,-0.186290503246718
spread,AA,200601,100,0.6435397297802821,0.6284925588207261,-0.7544914491449145,-0.7581228307493424,-0.267998799879988,-0.29231087750589274,1.2958454221942526,0.6050697913067263,0.8841707886321344,-0.07822187268774812
spread,AA,200602,103,0.5582528138948967,0.5745286101468985,-0.889538092351935,-0.853472964217114,-0.5738769436084091,-0.6034173626701386,1.443649347090898,0.5928750868483105,0.897482023670377,-0.016659791344542808
spread,AA,200603,101,0.6504481733346975,0.5542162710345033,-0.7469539895165986,-0.7401380357837132,0.21835760046592895,0.0792859431303899,1.8163726778693612,0.27941004512311846,0.9000460180901346,-0.0433645525339764
spread,AA,200604,103,0.6845267187303644,0.6987089369565755,-0.8502472495069212,-0.8348631663728593,0.09520410096492023,0.11536486722376012,1.9109096038276738,0.177745297106256,0.8943102086712843,0.0422784178048494
spread,AA,200605,101,0.7306947476380542,0.7578082910142578,-0.7766453115899824,-0.7268793282296764,-0.3064647641234712,-0.3076291374226844,1.8873686574598738,0.26118113511363295,0.9211181709900101,0.03619823668399721
spread,AA,200606,130,0.6082495767009614,0.6113433414684146,-0.7485651156858988,-0.7244933632619603,-0.31313320287511326,-0.32406183430126034,1.7649243098075187,0.43120832986823854,0.8929609330180214,0.12495435740804887
spread,AA,200607,127,0.6031573059831764,0.6846036105908111,-0.9061386857892763,-0.8201241170523159,-0.27999039182602176,-0.20027741040461838,1.8672200546186808,0.3893423998097764,0.9167780958108809,0.03813849217102971
spread,AA,200608,134,0.6267517735795701,0.7599329139421461,-0.812336812179703,-0.6369973018118772,-0.2715171012107383,-0.2041218397166398,1.626189206746076,0.11246360088780236,0.8841239837035454,0.06623285801339909
spread,AA,200609,128,0.4693085739549469,0.7615723023068108,-0.7422003753891228,-0.3558404734486197,-0.1797060977842886,0.04745684149574886,1.525372731906775,0.6139963173463717,0.8738241480911129,0.11419016698414362
spread,AA,200610,164,0.6743543057292973,0.7693964168634944,-0.7259804388339476,-0.4645401672630753,-0.007193285541332825,-0.04821386426165449,1.3550696290730664,0.13863330205094163,0.878976448451744,-0.013074254850869006
spread,AA,200611,164,0.44110301269844676,0.7747779734635207,-0.7403234802007808,-0.3680326804384837,-0.3308421639709983,-0.05149638936779884,1.1742935899159639,0.23576126747830925,0.8585567017605713,0.011806697099715392
spread,AA,200612,159,0.48142550390302685,0.7463164031059327,-0.6507254597563888,-0.13882565441863187,-0.028985550513494152,-0.03745307171358574,1.1259505124642835,0.13796447285383248,0.8514322315547092,-0.10092271654789585
spread,AA,200701,158,0.5352295443629418,0.5035214079922411,-0.5964792449787711,-0.40563049036752186,-0.001431485687424984,-0.20721244941119527,1.0862136103322766,0.13383109498123105,0.8341591042584187,-0.24643330108864558
spread,AA,200702,184,0.3102204088637901,0.5791031808695632,-0.6313690739920247,-0.3160639354159706,-0.3272235171736241,-0.10132878446560789,1.085749204138499,0.3668476733424431,0.8357436696863126,-0.2657823653964081
spread,AA,200703,185,0.617640926923292,0.7997403372786738,-0.2740420539602929,0.19169723278988368,0.29855781554806793,0.27847196788940354,1.0697701847834722,0.21853069403778988,0.8395330981607897,-0.22821533292268248
spread,AA,200704,185,0.5391509291538097,0.8128249049436006,-0.30709791137561127,0.10681857058134205,-0.1575982714832645,0.1486303677443452,1.0295943691366014,0.5316828749512964,0.8140635389117634,0.18131286823541784
spread,AA,200705,188,0.7638076921397559,0.6844437240343977,-0.26740496327480057,-0.011733822650351321,0.15193956370426956,-0.1284968263565524,1.0080167803339342,0.3841956289443055,0.8146710179975177,0.015186455926542683
spread,AA,200706,184,0.8150139833313685,0.7968213681454217,0.43626612676804133,0.4597145146629452,0.5500696143735175,0.5057356677030876,0.7796127582055046,0.8410126382520976,0.7274349864750557,0.3622106541043651
spread,AA,200707,184,0.7693919931703154,0.8023819121626689,0.44338333241851047,0.4998128985359554,0.4401894012729607,0.4696782384248456,0.7436640935402277,0.8929677366810436,0.7092613354828298,0.4680033391818097
spread,AA,200708,186,0.5610121573030094,0.6846531491466683,0.15131685074759077,0.33374703246959214,0.11996605886548961,0.259800566565093,0.6284286422380737,0.8070397755829692,0.6256922254810472,0.6168666622892226
spread,AA,200709,192,0.6598098864854532,0.8011564011106727,0.41666440604400085,0.6120693820789828,0.35060222987819767,0.5133870176082821,0.5533622312763702,0.7628868252401683,0.5734880673593774,0.760107197109449
spread,AA,200710,183,0.6856038465836638,0.8308493415998576,0.5240020031653774,0.7187217294304074,0.42548366994380865,0.5672550862602,0.45709420280511365,0.684321770849983,0.487933677097225,0.7557153553228979
spread,AA,200711,185,0.6956750412648883,0.797225057311267,0.5163526780637581,0.6661397690779678,0.46200864258367763,0.55039287514187,0.6350250731859829,0.6858803916846655,0.6440567990843845,0.731468343238695
spread,AA,200712,186,0.5852394264408478,0.8288266824958519,0.3979458154031209,0.7595871286166189,0.4283007520199171,0.6290605399609013,0.5037606892896602,0.7298016464569662,0.5172238048995433,0.7756686845839571
spread,AA,200801,178,0.47803256747807676,0.8150813075871062,0.30592417086822515,0.7184213158312354,0.27894766519598824,0.6534967795381256,0.5277602865779826,0.6864875181997357,0.539943084230566,0.7096206936586564
spread,AA,200802,179,0.6167400650662019,0.9127564594137383,0.48128596237942795,0.8756408519538351,0.5041344966836148,0.741081951113738,0.5434043150390752,0.41294258063351774,0.5880004134190607,0.43756598931951163
spread,AA,200803,178,0.61413918315072,0.9034001171383429,0.4061615292218881,0.8793931008422802,0.5807534398874808,0.5756296642699353,0.5509050693395863,0.5462027550894588,0.5942124587379011,0.6330849136241097
spread,AA,200804,177,0.5118627617019216,0.9244766799237208,0.15791797233427401,0.7551013120923485,0.17280474714772945,0.5023956527678631,0.5721776718691517,0.549601757270493,0.626986978634447,0.6087694593668136
spread,AA,200805,177,0.42627965482752794,0.9558881053062751,0.23924880109416388,0.8883818893346368,0.2919768528938211,0.8441953810651945,0.39726214577395974,0.48470449584146524,0.48714080364653395,0.8240047901565777
spread,AA,200806,178,0.673078160901132,0.9301609542470265,0.5109013553151356,0.9039405145931189,0.5510809859042545,0.6220316875338653,0.545994826376976,0.2076986124809105,0.7168978109280137,0.38973711727684834
spread,AA,200807,176,0.7414169962971875,0.9555687872107349,0.5522011886418666,0.88940042208245,0.4857010785824346,0.6650799721574046,0.4760034869259515,0.23687996797677605,0.6921060721812174,0.6401332521191961
spread,AA,200808,176,0.7805788591787725,0.9691518392949703,0.602262821923839,0.9313898996058214,0.6939247193484481,0.772561682946364,0.5380984309876912,0.5499794556824148,0.6750793097315595,1.1265085797922105
spread,AA,200809,173,0.7150004780277861,0.6288093746759883,0.6211369715061814,0.5578441620462717,0.5426804678048126,0.38393620744504126,0.4351517702911776,0.2713604830464942,0.6339620279256463,1.1029135701008703
spread,AA,200810,172,0.6624589422623263,0.8231361182588659,0.16856868613259182,0.47470268364529183,0.077785874822828,0.2820830746504154,0.44947790745253374,0.3751236355712548,0.603720908687265,1.0914799032262799
spread,AA,200811,173,0.7010845695391202,0.8583583308092912,0.2952241448841382,0.6782355057817614,0.4354450681635927,0.43630272278715976,0.45449800404403834,0.3705817641946894,0.6492340890492717,1.0221260070492213
spread,AA,200812,103,0.6042278155028035,0.8957513055798093,-0.24509071739225938,0.26232334908543803,-0.3548411896498704,-0.3006202516712,0.6737113911292613,0.7569045341666367,0.7568961483363176,1.2566192142480288
spread,AA,200901,101,0.6106150880423191,0.9206661677339654,0.08993593476994759,0.6001357022031916,0.17777518928363423,0.41352479186195096,0.6717712439316992,0.7673279351367079,0.7139907120819975,1.104276397343705
spread,AA,200902,104,0.746740638002774,0.9137624760744336,0.3015256588072122,0.727396390687778,0.5923930438493547,0.5816365178601794,0.7078217284419338,0.7244424002191518,0.7495821669774073,0.8696029010405616
spread,AA,200903,126,0.7464439338434298,0.9277628129409959,0.33640494938132737,0.753100862392201,0.533936257967754,0.5429411323584552,0.791566414141041,0.6262059642200708,0.7917002421545534,0.6501075983999061
spread,AA,200904,132,0.7478241813388379,0.9380177848695695,0.14621216469348247,0.48807543852138613,-0.18018502188851726,0.08004581202207145,0.8334934657729832,0.6141160281590028,0.8307337608892987,0.4445197779886799
spread,AA,200905,134,0.5797468291314157,0.9363977336235327,0.03226723525230989,0.5814640155885517,-0.2377239588075999,0.1724545970323231,0.8550038922778134,0.6361009886036145,0.820424235691428,0.4190999588667671
spread,AA,200906,129,0.4765498561899659,0.9291951542662916,0.10086650268336317,0.7791781618382458,-0.0378410107334526,0.30343052166521056,0.8632573019301498,0.46388636394699917,0.84607056442743,0.16370321354191708
spread,AA,200907,131,0.4172401874238854,0.9132396569150432,0.08134842256979662,0.8040938560159321,-0.057102439545187636,0.48438713603742717,0.8399521363202865,0.33123915584309394,0.8503709520157667,0.01957600649171634
spread,AA,200908,132,0.48523633859109944,0.9276543122921599,0.1839209404496668,0.8210004813399958,0.05068535321649022,0.5583066248728027,0.7922280082989106,0.23643733037867828,0.8971798131527976,0.16013610278963572
spread,AA,200909,134,0.5811668474669262,0.9493260514470256,0.2665644210027557,0.8498435142582826,-0.2243344680108231,0.11896657065549447,0.9038749489208776,0.291295734474027,0.949702723064351,0.07858436965332466
spread,AA,200910,138,0.7262359628168484,0.9844139743401502,0.44641988725744247,0.8803531595542353,0.004751260876414704,0.37884741397615,0.9944549718034021,0.20669320808643277,0.957034397857614,-0.01003714424926438
spread,AA,200911,141,0.717401844063121,0.9508280587530431,0.5183655122222698,0.8962893277642529,0.2756111134894473,0.4676018532493935,0.8361689050696945,0.038516212082373824,0.9149586829063225,-0.048549704127960634
spread,AA,200912,144,0.6205502382261509,0.8888607559343319,0.39134313961900175,0.8103259799357299,-0.11216943975564665,0.13811244318270524,0.818820697208587,-0.041784482564294345,0.9373564221699926,-0.05781495513862168
spread,AA,201001,141,0.5572152828123337,0.9611924803747124,0.31317693394409,0.8804805010519358,0.12296759279078727,0.5192527917576684,0.9208331305915191,-0.03618007118701953,0.9499522666856136,-0.0807908176405488
spread,AA,201002,156,0.6311611113192287,0.9819806008152272,0.3966493338180208,0.9200192505737409,0.13459562832893426,0.3910205094458115,1.0278041346415336,-0.09481755085906864,0.9591568032103895,-0.13484541064940408
spread,AA,201003,158,0.6937467863790014,0.9901027904167752,0.4547484707747212,0.913575251234023,-0.2777340844196246,0.13076132031571755,1.048256440696965,-0.0625632134907884,0.9626296312436039,-0.10987013823627105
spread,AA,201004,157,0.7134378159130236,0.9523362095041332,0.46795750407779757,0.8677303067666313,-0.23753248283603842,-0.18188245691581736,1.1336157369635143,-0.12254679977612298,0.964687494618234,-0.14248862308999877
spread,AA,201005,159,0.6549105190336276,0.9327247025397044,0.5131299259613089,0.9106669453069024,0.3637061141628852,0.2205367805111058,0.8490454055036417,-0.021393580837594215,0.8935412886992179,-0.04787085653243391
spread,AA,201006,156,0.6337537210996914,0.964576894415344,0.40009799118079364,0.9050195271455207,0.2711984953612239,0.49081173177620024,0.8017231382939443,-0.023500854048100893,0.8694845022479951,-0.053424585520610676
spread,AA,201007,160,0.6792497053727842,0.9664668535896153,0.4423297785069729,0.8730684350966506,0.19566682292277043,0.5463835596974684,0.7346840224499607,-0.02981656651641152,0.8369829564181885,-0.07560188237963034
spread,AA,201008,161,0.7108633984125682,0.9579600800845015,0.5328531170922476,0.913682382282395,0.48623763515067875,0.6433401843387928,0.706663593155927,-0.04114026720063151,0.8318911485770645,-0.04952204448225047
spread,AA,201009,163,0.7974819989394752,0.9725061723947784,0.6255091692021215,0.9076608249531062,0.5039070942856668,0.7165565427993627,0.704388405608961,-0.03230254495804496,0.840986998969735,-0.026606784421685823
spread,AA,201010,163,0.839461956721482,0.9816580939023155,0.6761268226179195,0.9117729781114184,0.5275547131749436,0.7470568593853072,0.6945108480507156,-0.0484552659602026,0.8615224514964888,0.010821357347343389
spread,AA,201011,165,0.8602730211310877,0.9844862717966772,0.7497475489541314,0.9471168134514533,0.5976224187214492,0.6536255801203473,0.7795155729563993,-0.050561219441734896,0.9140472212413527,-0.018268587587497435
spread,AA,201012,165,0.787727122762868,0.9701492936044954,0.6229449950578368,0.919413351855315,0.23392728341303134,0.5277161862527717,0.8105414153055366,-0.03403732232270941,0.9162867156145842,0.014620909634877997
spread,AA,201101,165,0.7635246730992227,0.9938162727066693,0.6044639756364706,0.9516375279007337,0.3762028156973794,0.7084720814155352,0.8957812659199146,-0.02188570240843119,0.9457424363546008,0.0716748070221474
spread,AA,201102,174,0.6992614241784018,0.9914610130386293,0.5135966286055981,0.9423462754329814,0.15633133061875337,0.5069498032119066,0.8952008640973417,0.008187362971159686,0.9289050445460847,0.07090274035994207
spread,AA,201103,173,0.7636583818372978,0.9958721597921479,0.6358474210938624,0.9727687017099083,0.5670140128215232,0.7845606065446467,0.8955819989960422,0.03538104792091478,0.913287640867937,0.047514875411940743
spread,AA,201104,175,0.8023000460704605,0.9645867993440871,0.6792812360053739,0.9422429616722227,0.5579668607254814,0.7186655597841971,0.8658639583397965,0.0719015455916156,0.8961641778594223,0.04354531093386736
spread,AA,201105,177,0.8028431829237073,0.995385073173371,0.6543190907359638,0.9639781621565714,0.5194594968923669,0.6749475613669604,0.9824212531585315,0.019584628126663752,0.9146904018499176,0.012758405101885723
spread,AA,201106,181,0.8607656802354644,0.9841428048146312,0.6932244551029081,0.9344266359191267,0.6468277578774816,0.715084448973261,1.165376788934884,0.05505621678698899,0.9350478813592974,-0.034238129291605995
spread,AA,201107,181,0.8766562594715835,0.9838341645948372,0.6706129965798474,0.925637371194939,0.35216845769331956,0.2099764383511389,1.1477929953695403,0.06525590722401992,0.9171370152883397,-0.052786944552991086
spread,AA,201108,182,0.8570130423396566,0.9693205066265151,0.5056209074866805,0.8151955327288716,0.11612560974031856,-0.12948460257227937,1.2850716697154834,0.09596972274544377,0.9409646546239523,-0.03357181553754384
spread,AA,201109,182,0.8624511747181033,0.9743258744316549,0.33940527365036016,0.7117199879003947,0.3232835455460218,0.07928812574184765,1.3799109678510943,0.07903922151006988,0.9496836321154256,-0.01711358733485092
spread,AA,201110,186,0.8468589939060438,0.9718213199412676,-0.19361832075304558,0.1733256002178956,-0.21223745739874772,0.028525498767314004,1.5406313430721843,0.03612364252628003,0.9562217599494366,-0.000616779723594012
spread,AA,201111,160,0.8524683341831982,0.9740717763336093,0.18792628618305401,0.5915009126385186,0.6000029298019453,0.5777747503093774,1.5873979167417795,0.1294375967744514,0.9405720044492615,-0.04670339458134882
spread,AA,201112,159,0.8191258943254504,0.9546890615375422,-0.1738237401480774,0.23149302935831034,-0.47590458562216387,-0.3963389467248884,1.5387154097677873,0.208565468582241,0.9378342855092754,-0.0285757323432095
spread,AA,201201,159,0.8169399457698311,0.9448746377360475,-0.1944381418676857,0.1804352466494228,-0.008950322426558396,0.1814159622284715,1.7309693388247096,0.20624817542075263,0.9605649728651503,-0.03642698641906335
spread,AA,201202,160,0.8594574006797141,0.9579030790808928,-0.3121030118363998,0.02565191851039684,-0.2784073596624868,-0.08644979264305631,1.8236539155876068,0.2886823633258146,0.9578763319745922,-0.04351060313662192
spread,AA,201203,161,0.8451380586743462,0.9492458514824827,0.0583592132505176,0.38634403036576953,0.30542615596963424,0.5009316770186336,1.809313091127833,0.3476364495730099,0.9493304001988597,-0.051376209596643095
spread,AA,201204,158,0.8549816081962193,0.9430119835860689,0.10723972745486104,0.44729474099762156,0.012463509284880863,-0.002797560235397476,1.7913816696646288,0.43095015191260894,0.9537742573478298,-0.03130775824208316
spread,AA,201205,169,0.8690858666190995,0.9379076212788743,-0.09258117448162698,0.2056426901233379,-0.2965342349957735,-0.4136161971265156,1.7715205159806013,0.4968702568602647,0.978333874895553,0.02747846947573829
spread,AA,201206,172,0.9271211593274055,0.9810469739784472,-0.3804038931850395,-0.1234249813247263,-0.2669407084049686,-0.20542647770671535,1.875258573709278,0.5321323829627115,0.9877741166085776,0.02276108432794875
spread,AA,201207,178,0.9015833668033748,0.9665920508635787,-0.4613933605623403,-0.21244404488671126,-0.7270325737369525,-0.6458051285878676,1.9524960838789631,0.5930701651513515,0.989949773783094,0.05482737957904346
spread,AA,201208,170,0.8814434720921579,0.954863880235348,-0.23488498482544687,0.05942214392387271,-0.06171554887915927,0.08801389834585986,2.072168537384048,0.6228998765504761,1.0016546782549303,0.05639786834079392
spread,AA,201209,177,0.8573928098038401,0.9441733613873668,-0.3653633074219629,-0.09369550880284412,-0.157420231644189,-0.048683446686809975,2.131636715429903,0.5595173737794462,1.0055895379556334,0.09098925255371841
spread,AA,201210,175,0.9205720113888566,0.9705149362179495,-0.3811285266457681,-0.13303082515774703,-0.535293327362293,-0.47181982962392943,2.259507134660714,0.6386426110319452,1.0048859994968389,0.04067299763515105
spread,AA,201211,177,0.8734031001786497,0.97856623087269,-0.23974004951437822,0.12088294965787369,-0.23564559131593982,-0.13484675521418885,2.3977051160807625,0.5837965694795263,0.9926774677177653,-0.024923263008689932
spread,AA,201212,173,0.8768516292032521,0.9418231122242454,-0.1923599297272993,0.09689757411346327,0.12484297574293915,0.2105081400808328,2.4951504272251435,0.6742077943541458,0.9940573977847953,-0.040252415271778225
spread,AA,201301,173,0.7667133876874499,0.9583148882524207,-0.24711098544020102,0.18873537310737187,0.30459924628356616,0.6229504967141455,2.6910498938727088,0.8135982920099935,1.0043212641854877,-0.044818847551545526
spread,AA,201302,180,0.8977329021127879,0.9803198354680486,-0.1714908896365114,0.1585091705600503,-0.2724405074230686,-0.20465981939764055,2.6918163097029804,0.8359538355574545,0.98664815561774,-0.07705528742834941
spread,AA,201303,182,0.9101296317769922,0.9812715854010531,-0.08291074924532038,0.2047792915612948,0.17347031195414492,0.18887154316508106,2.58468060673513,0.8756553405685311,0.9803520589626755,-0.04947498021818379
spread,AA,201304,175,0.9246209833302967,0.9774154598162412,-0.07450291088222123,0.17942678011643529,-0.4864464845499329,-0.46214509628302736,2.2771573940028795,0.7397306375341925,0.9725925169576806,0.015369365686139948
spread,AA,201305,177,0.9235853185747112,0.9879324737927768,0.6364004258929036,0.8242997004899499,0.7439556967504026,0.8502622877027753,1.8586651951561288,0.5465292421069224,0.966260324982623,0.09739004713547382
spread,AA,201306,190,0.931156304647322,0.9868597794742842,0.7365318779199477,0.8943342550705514,0.6663380380874454,0.645572299987079,1.7843533377130687,0.5556842396971474,0.9706911342643263,0.09457849715479034
spread,AA,201307,193,0.8860543124736395,0.9720988365302933,0.6212970316160499,0.8349023592776184,0.4387212383158159,0.5878816584843222,1.622270774488406,0.518663790326576,0.9482490413730261,0.08698870124344703
spread,AA,201308,194,0.8508024321566178,0.9853989015175538,0.6325738680954748,0.8932019846139508,0.47263665238132413,0.6588188887419013,1.5378905883285692,0.5255837316195384,0.9552236892592885,0.13237290534716734
spread,AA,201309,197,0.8621690016718493,0.9755653090095066,0.6818323083732802,0.9071993746646303,0.38773469701678553,0.5651250908424361,1.4807993684805394,0.5238104014094539,0.959693431812096,0.1708356164588138
spread,AA,201310,198,0.9190618988891839,0.9889232177243839,0.7620219231830587,0.9122503521888179,-0.03778390491142067,0.11689672431159652,1.4882190275721205,0.5537114654455704,0.967307835138216,0.13520486729139372
spread,AA,201311,200,0.9204571065991447,0.9880806930778468,0.7734313357833947,0.9130334182230516,0.4501237530938274,0.5870331459661202,1.6417954271182464,0.6920184711018434,0.9694860080777681,0.08986949566459417
spread,AA,201312,219,0.8926678541117188,0.9844147868872463,0.7486924034869241,0.9192834551862816,0.3024552423823506,0.44104346117298787,1.6027984262421673,0.6305759402584716,0.9421942866642523,0.06665369012087738
spread,AA,201401,216,0.863368317330761,0.9847372148498673,0.7026899582038365,0.9268762748744646,-0.08262660903321067,-0.017314468277162844,1.6671358462025276,0.77899423891563,0.9582531102773058,0.03823433127947324
spread,AA,201402,218,0.9147444673789431,0.9764731569396066,0.7520532308160973,0.8948552326540302,0.3477765570587067,0.44105145925677086,1.6663796254339376,0.8122658197370044,0.9453026539016893,-0.002176020837236168
spread,AA,201403,215,0.9222130722954298,0.9953965238172088,0.7798811852495835,0.9315196765920197,0.35766379289526434,0.41885605717125723,1.7131189947545642,0.7831593438787969,0.95502528349334,-0.0023054062649556753
spread,AA,201404,214,0.9009585505651285,0.9707294733923564,0.7452470528452174,0.8929325136704028,0.4888900453361332,0.539012081283507,1.6965447222239183,0.8215774111824745,0.9510392604050731,0.022783208032640487
spread,AA,201405,216,0.9219351527592631,0.9907044881625814,0.7660176948999153,0.9251769494231916,0.1573167101299134,0.1701018590410974,1.6818887869146262,0.8574720729196578,0.9551574474192752,-0.020994502889200236
spread,AA,201406,231,0.9212364066328053,0.9948003131886656,0.7389444887945638,0.9007475814833038,0.22812457407659809,0.3434785952596064,1.740853073109251,0.9104547608207318,0.9740526778687978,0.06416042664873543
spread,AA,201407,234,0.923895597234881,0.993179385212776,0.7135510397130342,0.8835929244620069,0.13563777105006217,0.18091387659203914,1.8180903460343378,0.9619559838528631,0.977530639704812,-0.00496381144115785
spread,AA,201408,236,0.8885808144867451,0.9931262881366647,0.5739285241501458,0.8240332337223871,-0.7242487458174895,-0.7117386420991009,1.942686591856113,0.8914490633903247,1.0089659712987793,-0.007471362181493062
spread,AA,201409,237,0.9000307847227664,0.995549283421111,0.5594680695706731,0.8002399674215857,0.36993089447750777,0.4893293600186277,2.0322812653713345,0.9616407544239959,0.9997811427568056,-0.04567939807552702
spread,AA,201410,235,0.887672488145392,0.9696824061561266,0.5317743441796812,0.7603619522906039,-0.3980397052160485,-0.3372201779343095,2.156659058905647,1.0755845588052115,0.9999286899637603,-0.09098658564671444
spread,AA,201411,234,0.9036197415764284,0.9774517301111241,0.5063914078798565,0.7460881076930359,-0.2781232951445718,-0.267273285385514,2.2431198408724016,1.0354776083799206,0.9954513258570981,-0.07174518773017209
spread,AA,201412,236,0.9009826235506874,0.9633567471027852,0.3244021235512423,0.5472147403548328,-0.6969201203284839,-0.7417600990392987,2.338865405374716,1.021493011788742,1.0167408694024054,-0.0837033778139507
spread,AA,201501,231,0.8662103516184366,0.9710935613761597,-0.22029634533382658,0.09784329058772988,-0.6261482894916178,-0.6742651531036654,2.4672210748103782,0.9517089126787411,1.028374103920706,-0.07085198216141385
spread,AA,201502,227,0.9037550641870203,0.9637365447377068,-0.07946135269169768,0.17285556623982334,0.18308714752066715,0.31447856508886296,2.5158277677066057,0.931325801949507,1.0133469196391567,-0.12111806045205037
spread,AA,201503,229,0.9073230151844583,0.9877701380522015,-0.00278396770357639,0.2914842266124155,-0.22670750352242866,-0.15215219516410458,2.5160228597210668,0.8228481853097237,1.0186879548443293,-0.08276989425966091
spread,AA,201504,246,0.9064619198045802,0.984931136654811,-0.009509031221849854,0.2508024627668783,0.3264907108296068,0.4703620795840144,2.600419405136931,0.7377547170168297,1.019421251590225,-0.040273492879049216
spread,AA,201505,241,0.9378102393797253,0.9925705358650945,0.005601659751037345,0.23980941991181332,0.28315987106066326,0.36977938190089077,2.7085464028944535,0.8736817552818936,1.0199521686862747,-0.0959344260917453
spread,AA,201506,251,0.9162802751371208,0.9742693204912025,-0.13694023904382469,0.0944638125044723,-0.05365964712578259,0.02467732829041475,2.780754671475463,0.8370791223401723,1.0102617322278704,-0.08835809201792076
spread,AA,201507,252,0.9342377042527799,0.9940908115223343,-0.2206404946747923,0.040106519291893086,-0.43338110010550684,-0.3989164352221978,2.8519974808491604,0.8180416696573383,1.000149968663951,-0.07214018680406027
spread,AA,201508,252,0.9480053390947534,0.9923876548256022,-0.5327869774431354,-0.3351287774351335,0.18186542368077102,0.20038798389759563,3.0283472976513144,0.835374675297543,0.9924519126009291,-0.0881494406854609
spread,AA,201509,254,0.9331421793502407,0.9918775244861996,-0.6760482363559472,-0.46535516996929366,0.10806679274367614,0.1709662926947525,3.198059380554413,0.7486425681533263,0.9857765389686749,-0.08450171472583824
spread,AA,201510,253,0.9597932120742307,0.9941103970803398,-0.8171473625085403,-0.6860558195530372,0.15930617368481118,0.20359647951175336,3.2733712846982033,0.6321501733599316,0.9818367793258849,-0.07547828094886232
spread,AA,201511,252,0.9482659391922765,0.9907336186730707,-0.8755266905275567,-0.7299575440867129,-0.33963974705357003,-0.345271368606744,3.4122728598418535,0.5405259707920549,0.9789659146074541,-0.11411818482488173
spread,AA,201512,258,0.8898748813649002,0.9309609258339219,-0.8869789033575116,-0.7437986152989927,-0.20887049128837204,-0.24774513761907882,3.484604440152518,0.5284745999444074,0.9699605081475923,-0.11785244572317033
spread,AA,201601,251,0.921887218995724,0.9862547460316868,-0.8405145133750711,-0.6373024113704876,0.5115393663441472,0.5257275247597812,3.5105978859925036,0.5367993016398939,0.9702028139086302,-0.09967926610862697
spread,AA,201602,226,0.9520168207036966,0.9902911813915436,-0.9496451080529674,-0.8444804953474816,-0.3002294907281068,-0.3180677224465716,3.458258626121866,0.3686040682516627,0.9747530545977023,-0.11343717822105782
spread,AA,201603,234,0.9276323938360254,0.9867972819547337,-0.9422630880214664,-0.8264033765455094,-0.19302159503054403,-0.08693107131635826,3.434279754209928,0.24162361457760975,0.9716535191527387,-0.13887165085460523
spread,AA,201604,243,0.9421798042576401,0.9826196187062182,-0.9186182072421515,-0.8013940575087085,-0.16854921127151629,-0.11503504274579435,3.390088104419264,0.1684942874368787,0.9801037809859621,-0.14212123742719937
spread,AA,201605,244,0.9291732400010605,0.9916770580393368,-0.8500245757076357,-0.6710956717566589,-0.23299753416849434,-0.17007371280391015,3.2821374790146853,0.09918273036200068,0.9788736158884022,-0.14269742196460072
spread,AA,201606,252,0.9258029955512455,0.9889311109580826,-0.8972999400853203,-0.731246099491909,-0.09440423886985468,-0.07152850538915098,3.1919271551848962,0.040356273523306924,0.9770673579151447,-0.14225440797991007
spread,AA,201607,253,0.9473143073767868,0.9921893076776803,-0.8824307040671301,-0.7415872545395326,0.059607173609227716,0.08177732493525099,3.006088347237139,0.022015250002631912,0.9590621702912097,-0.10159941931681907
spread,AA,201608,257,0.9425054143665105,0.9896786597156825,-0.8715119106868155,-0.734625440322887,-0.20531512985250203,-0.16097850567128855,2.6384687874478647,-0.053033183093164266,0.9458567157114258,-0.04846543342368403
spread,AA,201609,258,0.9063954300932238,0.9814035950757638,-0.6879955307246954,-0.4468234597012457,0.39711740127992046,0.45205055408523565,2.45500496283395,-0.055646954581579276,0.9534859966874887,-0.08102887873735787
spread,AA,201610,257,0.8847692892031196,0.9870479100437859,-0.3343970568274364,-0.03270394588724337,0.6295994140801736,0.7790238196859763,2.3208112594732992,-0.14875471556632727,0.9425148396039915,-0.060360642764486015
spread,AA,201611,258,0.8721817173072949,0.9882775425953312,-0.0784243917896981,0.21725079995225635,0.11804973012103588,0.336327937549436,2.2411422263644454,-0.1038836843854744,0.9637916729934213,-0.07490270519194686
spread,AA,201612,259,0.8504754264339704,0.9875777298440218,0.047560108025224306,0.43611564382760926,-0.3034811197601895,-0.21752270243141403,2.200659228837711,-0.06278640700835576,0.9811723141408275,-0.10430922281847713
spread,AA,201701,259,0.8248256932148664,0.9882430421697384,0.29785814436977226,0.6819519814755909,0.23197380871799475,0.44238082353434466,2.195170751896603,-0.06366510232554333,1.0025734159027084,-0.15706132852226246
spread,AA,201702,264,0.8721603508285054,0.9929637976518572,0.03491772593573296,0.4013483455320342,-0.5658636004930573,-0.5253727858440668,2.328277316702446,-0.15189712026693755,1.0116444867277112,-0.09485138095883838
spread,AA,201703,269,0.8749318770859662,0.9723147825057674,0.008008902205206928,0.34058713938035884,-0.1590788313697929,-0.09821012435984255,2.3746308185260774,-0.1066698179517863,1.0099545440169007,-0.05229016596271939
spread,AA,201704,264,0.9215532465382944,0.9951766902837126,-0.05680595321172118,0.26003497059935193,-0.22860711280970977,-0.2752705297376351,2.3714661625404343,-0.10511005207355553,1.0102811567886565,-0.04306484684341976
spread,AA,201705,245,0.9298539518248844,0.9934032065349201,-0.2732090837134534,0.024628193351233583,-0.5208316673330669,-0.5797737754227438,2.345332282727861,-0.12434491967029244,0.9998866912683012,-0.11136660457620579
spread,AA,201706,254,0.9032043926253835,0.9919580552726689,-0.2121905361690286,0.1174343045934429,-0.4231607005878507,-0.34293315543510716,2.2597575039030957,-0.08096073939581112,0.9832768174456439,-0.09158689093835409
spread,AA,201707,255,0.9192160924087901,0.9927544924380285,0.07602116141732283,0.364932146101589,0.47047895437702647,0.5300619393256507,2.167850766106239,-0.03876444086806591,0.9660040630728368,-0.03328872633647702
spread,AA,201708,256,0.8922904268334129,0.9801065608831061,0.13265263790341036,0.4269878506364042,-0.16656271457999539,-0.09582303123826609,2.1262022539239394,-0.02779103240173491,0.9803678221177115,0.010104078858546977
spread,AA,201709,258,0.933263550164158,0.9788885618287708,0.06997497387507341,0.275716690206942,-0.08863328988204563,-0.003237017646383822,2.0158213585957077,-0.0033151574357221025,0.9692013213358476,-0.004603998198091388
spread,AA,201710,261,0.9186326240696527,0.9874809264382305,0.14297014733971827,0.39048093115458876,-0.3519712258913033,-0.2682004090510929,1.9158965361578784,-0.04196194416876726,0.9614893816689148,-0.029076748068183233
spread,AA,201711,264,0.9177683861822701,0.971850361219528,0.19399656946826757,0.4208939765920345,-0.5151609472378005,-0.5392958087541294,1.8578825870442,-0.030828686501134166,0.9530063465517533,-0.07168788021638112
spread,AA,201712,239,0.9000537738828654,0.9642166248661743,-0.042498515017606556,0.2141594970109722,-0.5106937411425841,-0.482404407565277,1.8479735643646398,-0.03647898032690204,0.9588681109300867,-0.07434122478173737
spread,AA,201801,243,0.9165808221037605,0.9742483868394738,-0.24827677336370824,-0.036614874139668345,-0.31665721630947663,-0.24842515940001195,1.8612563728826865,0.03347137485441881,0.9789085169878899,-0.11778573484272707
spread,AA,201802,249,0.9139213020281619,0.9884361667937316,0.055417022930431395,0.3484078157327477,0.273724110712036,0.2869160004525926,1.7934114351241577,0.05885209748919045,0.9594161840323905,-0.1227954974679821
spread,AA,201803,247,0.8823619936981121,0.9724777491504393,0.005518623163246129,0.354461275794986,-0.19840366060706444,-0.2489189162849915,1.7697874396287743,0.07914897261644781,0.9587693563303988,-0.10610269381744884
spread,AA,201804,235,0.8996733829490913,0.9777239052329317,-0.08556039464802535,0.17209266951650654,0.2803979768278361,0.40554829818113264,1.7963563834958443,0.06939911141028351,0.9657441314023414,-0.1435024425239535
spread,AA,201805,239,0.9449048168603186,0.9897031638555109,-0.3337857318659681,-0.11246443005446186,0.1665263176400267,0.19074347423912144,1.8132006132240668,0.01737083684933121,0.980216889383455,-0.09288071747566339
spread,AA,201806,244,0.9609471483482057,0.9835087310612907,-0.5699556811188348,-0.4060595246531581,-0.1384698627477706,-0.18670709488989556,1.8171037153313996,-0.057067301778514885,0.9891640272687624,-0.12599171835597148
spread,AA,201807,261,0.9486516311756531,0.9775364281324586,-0.766080142547634,-0.6586990617489212,-0.4028712009233199,-0.3715581848418634,1.8469730587399158,-0.06477563178627682,0.9827013609080549,-0.12492832693222046
spread,AA,201808,264,0.9531861483111228,0.9819759006914129,-0.7327309250044023,-0.6081808013545805,0.17167724305252102,0.19422970941578602,1.9312170618594278,-0.009464345309188419,0.9989155945044641,-0.12242182291351375
spread,AA,201809,263,0.9684757039667499,0.9880018523391437,-0.8859981846151409,-0.817785481169424,-0.29448418530646486,-0.26627922509604085,2.0769529058122713,-0.09288886931993581,1.0032093084913036,-0.17738598739376157
spread,AA,201810,274,0.9534615035824483,0.9776997788913114,-0.8680151964823498,-0.7946214173522316,0.46905065737182533,0.5162106368506599,2.160416453012562,-0.3268086500345636,0.9936138665128643,-0.24265429797726842
spread,AA,201811,282,0.9574162418995076,0.9792896332984128,-0.883908839409489,-0.8162116244206998,-0.07346250782592208,-0.07694902964968776,2.2248176553072763,-0.3368231334092436,0.9839492813211722,-0.2183681526167474
spread,AA,201812,282,0.9098170012802059,0.9308484259947198,-0.8987184491787604,-0.8513164120728902,0.17885070584423457,0.1958767534331873,2.2583510427091875,-0.4167160683451104,0.9728873321312899,-0.1552460928343469
spread,AA,201901,281,0.9258127650594171,0.9422574797519444,-0.8089108589600751,-0.7599908165289976,0.036823545955067115,0.07767230781684167,2.2306791980605407,-0.2563856288695305,0.9755099077833983,-0.1407737415959835
spread,AA,201902,275,0.9598179271772468,0.9645978418237039,-0.9278382043218604,-0.9010465255048132,0.11134704711347049,0.12040604271999894,2.1878783247276887,-0.33515016222350813,0.9663969720553583,-0.08282046432143536
spread,AA,201903,277,0.8915949786380782,0.9055368307600706,-0.9528184703845776,-0.9331753175274309,-0.31283897697412616,-0.301189226150847,2.171832524955888,-0.2155203818372013,0.9681980650826777,-0.10167183295006142
spread,AA,201904,282,0.9566987263914448,0.950889482238937,-0.9420201116738575,-0.8872044280304666,0.4110592400618566,0.3553776023855844,2.1396821158048875,0.04835439737719508,0.9713271852809477,-0.056768423638444934
spread,AA,201905,284,0.9146391376410079,0.9423018338419091,-0.8752606793228247,-0.8178930634646594,0.08045877203356723,0.12122519447408282,2.0848394913213224,0.03564486810572466,0.9610114159741343,-0.10834674027039726
spread,AA,201906,286,0.8163027194424689,0.9191068576548198,-0.8357758846770608,-0.7187338775394075,0.05872023467164907,0.1587926433501199,2.053572301801102,0.04278489531465952,0.9519927352708466,-0.062263574870278095
spread,AA,201907,264,0.8956707189987216,0.9189720468391132,-0.8219203187134178,-0.705272357314384,-0.030266295069148286,-0.1014273322571921,2.0157736745701276,-0.1157044481352559,0.9449002379023641,-0.017788242886674178
spread,AA,201908,268,0.7966484548143455,0.8960858489825411,-0.8952474584597583,-0.805148011743726,-0.44869383503101834,-0.35441519654185405,1.9266964535642663,-0.09835055208135013,0.925488890570824,-0.018761293969969377
spread,AA,201909,279,0.8843035725450863,0.9304728576166865,-0.8926379024851037,-0.676183998132748,0.6836135723145381,0.599539664891894,1.8689697876941078,-0.28554637182382864,0.9230984087388002,-0.05517372355735903
spread,AA,201910,275,0.9372774504582044,0.9295721943657501,-0.9027888553112894,-0.8252974724484006,0.6245675613997175,0.5428959022081461,1.8182965441670758,-0.5754591126587855,0.9111646170462687,-0.05960280286473136
spread,AA,201911,272,0.9419643729101592,0.9482167279940003,-0.8054061314671344,-0.7681884170636737,0.008720903796794004,0.0026551345472255843,1.7533508074017736,-0.689983799042021,0.9198365287410097,-0.13412104496814162
spread,AA,201912,273,0.9079058769900754,0.9248493103865598,-0.21753550218687898,-0.1556870405513277,0.5193582409558705,0.5522007025701041,1.676313933107783,-0.706645611450852,0.941771582320751,-0.23898816482508314
spread,AA,202001,273,0.8822526759860995,0.9063838979298348,0.08247007393636847,0.1638470785779513,-0.1207994989124229,-0.10984398598806794,1.6360791732716984,-0.6161243373025418,0.9645273209151333,-0.21714363802171155
spread,AA,202002,256,0.7792712059103492,0.8841372500431953,-0.18848420691233692,0.002851427332015977,0.07944681277180131,0.22732631569555242,1.5458936063912647,-0.22350128931665403,0.966484307523013,-0.26725631036873687
spread,AA,202003,251,0.7274597892645516,0.7603964832917229,0.014413209794427066,0.09710756619724886,0.005159933659622325,0.02879286293150663,1.4938720650218746,-0.33897069230981947,0.970410901089253,-0.165739827038662
spread,AA,202004,246,0.5629820300093414,0.8691493692320248,-0.33514777330913864,0.17444639608418486,-0.31436678960201786,0.14755717813040178,1.4335754300858508,-0.3223519039622779,0.9784836386429927,-0.18006786399247923
spread,AA,202005,218,0.8395507174550983,0.9236054221429556,0.3165766908934882,0.4984591683982182,0.35296352484569304,0.49072170919215574,1.417333880415327,-0.1856624643329862,0.9842465604227656,0.017728234163407314
spread,AA,202006,218,0.9358249158645436,0.9625641953779284,0.27197395679195024,0.3667597266302461,-0.2786920944315326,-0.21743830373606166,1.4017262870152685,0.027147252182760304,0.9810180170628057,0.03763838597716484
spread,AA,202007,217,0.9608693073662194,0.9697828960402219,0.04418866293681328,0.11584931186715791,-0.7863825119670045,-0.8073773909086762,1.3665057845516018,0.07322496643302907,0.9795610070730368,-0.02175201526408203
spread,AA,202008,216,0.9515646192085947,0.9717422225783597,0.6559115969468556,0.7274185433847334,0.6763333690565498,0.7122748314337265,1.3574721135533223,0.07203783375957203,0.9968150521604322,-0.06681258639257254
spread,AA,202009,197,0.9453606249057435,0.9675040359031643,0.6721681750688278,0.7417041674981709,-0.037757142543219414,-0.028314369711397516,1.3380081822074623,0.06744440549867542,0.993961999567315,-0.0989764516201822
spread,A,200307,395,0.6365423821817046,0.9414699880772829,0.44075906530446146,0.8519078947083839,0.20083979290430493,0.559195402494921,0.9040535397880525,0.15763776630982193,0.9304892833678323,0.07036993375179008
spread,A,200308,401,0.6388611260796278,0.9362790499237722,0.457314363345368,0.8746369206024089,-0.28282260765995465,-0.053794024140358866,0.9040535397880525,0.15763776630982193,0.9304892833678323,0.07036993375179008
spread,A,200309,412,0.6437492988932484,0.9535823527514738,0.46485133800152767,0.8895813602249867,-0.0638983438597413,0.22719795684118474,0.9541495969086572,0.08964541810564672,0.9545279824223867,0.1046581265303018
spread,A,200310,406,0.6538953211877413,0.9494132611607028,0.48340799375282134,0.8878592669209068,-0.10831709452399108,0.16133247216388524,0.9541495969086572,0.08964541810564672,0.9545279824223867,0.1046581265303018
spread,A,200311,416,0.7101426857045644,0.9622907345502976,0.5371481444794739,0.895876827603678,-0.20717841789870142,-0.044782385750537855,0.9541495969086572,0.08964541810564672,0.9545279824223867,0.1046581265303018
spread,A,200312,421,0.606804370195838,0.9561990587327899,0.4381157157170036,0.9085231223994147,-0.017444682277904914,0.336680958532238,0.9541495969086572,0.08964541810564672,0.9545279824223867,0.1046581265303018
spread,A,200401,429,0.5897379330262326,0.9448774781912812,0.43861975885449045,0.9010975958313362,-0.1352901391153945,0.19697844439462125,0.9541495969086572,0.08964541810564672,0.9545279824223867,0.1046581265303018
spread,A,200402,426,0.6392473098460556,0.9432900137574414,0.5248989792176395,0.9096750967729836,0.2696443269064726,0.6278139595423075,0.7928793186147186,0.06692029534889211,0.8699386276911598,0.0702012345272924
spread,A,200403,428,0.737747657896095,0.9513395750704692,0.6291747168106906,0.9152012692693089,0.375387596928887,0.6198163976911663,0.7928793186147186,0.06692029534889211,0.8699386276911598,0.0702012345272924
spread,A,200404,423,0.7539238445798926,0.9475811519744144,0.6443156914780929,0.9118570955306738,0.21995559289728953,0.39122613156885516,0.7928793186147186,0.06692029534889211,0.8699386276911598,0.0702012345272924
spread,A,200405,423,0.7112856882895388,0.9483436615383903,0.621963104378096,0.9208301344468499,0.3666982482394065,0.5844436140894285,0.7692964432587864,0.11019297530184752,0.8770036848886233,0.0905137294596718
spread,A,200406,424,0.7263918938830429,0.9452127039695585,0.6019619337034467,0.9068823578170914,0.10258318988225801,0.33896144163333536,0.7692964432587864,0.11019297530184752,0.8770036848886233,0.0905137294596718
spread,A,200407,425,0.8106297509381901,0.9850301756546007,0.703016835753701,0.9528162654192033,0.3803437495114974,0.6012825434430148,0.7692964432587864,0.11019297530184752,0.8770036848886233,0.0905137294596718
spread,A,200408,428,0.8156973516201657,0.9757085599629962,0.7142313572922699,0.940536949496217,0.34311707467628805,0.5261570735347564,0.7180223929392154,0.11917049862772398,0.8586295445079831,0.09032302709345214
spread,A,200409,439,0.7805201351360956,0.9668469289849698,0.6751272988253049,0.9327532758723922,0.12850784501172993,0.35944067062908885,0.7233512154525465,0.12153732734440817,0.8601723874301164,0.0728016089226894
spread,A,200410,436,0.8626935644015625,0.9810613675556318,0.7974533737476989,0.9571170398469001,0.5969528514352191,0.7329527553817148,0.6102279692912442,0.13027855796731658,0.8006833779398826,0.06574813354647023
spread,A,200411,444,0.8362008895964014,0.9741521740054457,0.7583296944952662,0.9480788114873593,0.49636378966533423,0.6438135519155307,0.5676056303479438,0.1506102668422984,0.7880214359225635,0.06997155472505812
spread,A,200412,445,0.6866616750982315,0.9616686416897938,0.577241029007039,0.9296777284993677,0.19463095382377893,0.4173495690424865,0.6366948029947962,0.15825525947603084,0.8269613387748902,0.03684390671183693
spread,A,200501,444,0.7207913286919009,0.9615277163734803,0.5886491559152425,0.9195089476265316,-0.08527069184993957,0.03826809278643741,0.6692589636206681,0.1581160905729501,0.8311896886915405,0.011612892165553607
spread,A,200502,443,0.7842904383602474,0.943966561391416,0.5992212989919321,0.8552333629862052,-0.11642632891554584,-0.0409011923116467,0.7857706184016114,0.16028125870348703,0.879069624990991,0.02424143664959837
spread,A,200503,438,0.6764470601097414,0.9206300809162677,0.4762591070030622,0.8349357158912631,0.12045316595045248,0.32958117315200397,0.8130817811576264,0.1831421108623493,0.8768895963307195,-0.01720547685426132
spread,A,200504,436,0.7941204629265112,0.9066520486121412,0.4199227281578911,0.6547991120320537,-0.26690320702407894,-0.1934141523201523,1.1106197161273192,0.19547356258062248,0.9339558142395642,0.010492961834961354
spread,A,200505,431,0.7669509476507675,0.865638852521343,0.2551935886137041,0.4770550236841226,-0.35834532395666585,-0.3171549447926311,1.1997476994096143,0.2814704111967406,0.9385400545147856,-0.021684534266812744
spread,A,200506,438,0.7760912595701773,0.8887549751578548,0.08634879020294776,0.35542330283801776,-0.22298720436281402,-0.1508255810048338,1.2233109427885767,0.3138974232526296,0.9310907377953586,-0.03720683085771879
spread,A,200507,442,0.836667600890247,0.8924568028147289,-0.045673703701607005,0.12563466718525113,-0.3118959533624147,-0.2767488878061763,1.2537270751974616,0.2949790633224603,0.9379545132341076,-0.05140630126240415
spread,A,200508,439,0.7601059002836705,0.8479069331703181,0.07130471974772568,0.26815208466864543,-0.05403775045025316,0.014895643865705436,1.2254929447025475,0.24543274058439854,0.9153257271638456,-0.06114756499933713
spread,A,200509,449,0.7699081491130728,0.8346046084074829,-0.0008910675105437705,0.1524047329574216,-0.04245506167508902,0.03101348123333395,1.204608163475583,0.24821101260389092,0.9300403136976295,-0.03603926232113069
spread,A,200510,455,0.8250139258054008,0.854473181168765,-0.1682502916209299,-0.05823269279865582,0.18827128743609872,0.2041755561444281,1.4865607917502661,0.24600473934884048,0.9311550324926058,-0.08766844220690406
spread,A,200511,455,0.7989313128274863,0.840593625727604,-0.40286058258767227,-0.2863408478211133,-0.26897542498499455,-0.24556126809895135,1.320049147379033,0.28921208380563146,0.916424531729335,-0.1131703557578559
spread,A,200512,446,0.7310888490885601,0.7575762914583098,-0.4255464513442756,-0.35104861804786097,-0.32203628374760096,-0.3206800234838739,1.2265473321832479,0.33532593926976273,0.928630256255803,-0.10559183798901003
spread,A,200601,430,0.7244985264828604,0.7149958829463565,-0.5161065557223761,-0.51566794884511,-0.040647964613336945,-0.05594757697490485,1.2630932621065885,0.30757970847416727,0.9082033875789602,-0.09547595858027307
spread,A,200602,434,0.7374446644301784,0.7490316210810664,-0.8951754300977744,-0.874600721826874,-0.5532755597829562,-0.5715615483972825,1.4908772726375528,0.29519812378846955,0.9173560090579344,-0.12648611601687418
spread,A,200603,434,0.7413102658955052,0.7205524317847206,-0.7670154186901689,-0.7653942133812744,0.2323824604660786,0.18771626405890782,1.6392782191486117,0.2732797212740778,0.9156899471700597,-0.12837058284009514
spread,A,200604,431,0.7848669684218851,0.7941086738557749,-0.6670027288786197,-0.6468595159902033,0.25915118820716115,0.2732270114933541,1.6032491268565288,0.24633537207474987,0.9109802209913632,-0.09546493024944734
spread,A,200605,433,0.7890757535120307,0.8165115404891237,-0.82943480500756,-0.7744551779441319,-0.06690719446348291,-0.05153257476659464,1.9732578900615643,0.3257975048561626,0.9316266973880364,-0.07915390910252754
spread,A,200606,421,0.7878391044084576,0.7995814731952675,-0.928801078130704,-0.906341098046883,-0.25158977641331776,-0.2521916399138149,2.1381482910273935,0.3023337979454178,0.9184945318229436,-0.08768458438153781
spread,A,200607,423,0.7215473174979581,0.7476022392484752,-0.9432605042656361,-0.9115987269044353,-0.16278073123122688,-0.1440606850698617,2.174713565453749,0.3172251102641416,0.9287625827102025,-0.10080241884927005
spread,A,200608,414,0.7021486003089298,0.7677874901132239,-0.9306709796700389,-0.8482296499798441,-0.13513917447644855,-0.1015252862369769,2.058139421759608,0.33461202829582065,0.908412067083997,-0.041607592660629314
spread,A,200609,415,0.6445865083391289,0.7959669145996819,-0.9169259290833047,-0.7380217073705615,-0.13638343279194298,-0.03165162585509597,1.9429480430658286,0.26222454194491207,0.891678728559987,-0.014709307131170246
spread,A,200610,380,0.6986730443620881,0.7996265456676347,-0.9399844302001757,-0.764252392019618,-0.12358029728706328,-0.12275977682785552,1.879601545572597,0.11540746302356024,0.8917751030959424,-0.07233433559319002
spread,A,200611,389,0.5438814928670952,0.7432344557427795,-0.8860548393728896,-0.681652879362426,-0.23311855498029338,-0.10461964409095208,1.644110138072501,0.18394017642701188,0.8647600278843329,-0.04879890940899712
spread,A,200612,380,0.5617389777366931,0.7233329735814852,-0.7161886262619171,-0.38448380666325344,0.047836318428687005,0.05847861390691278,1.3321824694640994,0.4731219731021407,0.8314308896549283,0.016886389248402318
spread,A,200701,378,0.6865529784502415,0.7071887251213594,-0.6947565098915167,-0.533518485917466,0.04835291747487697,-0.03367551381269203,1.2461486914180866,0.4260273989270696,0.812980034954855,0.0024722252592826073
spread,A,200702,356,0.5807084692771277,0.7586301386258765,-0.44602734304586034,-0.20779328377708634,0.031537280165583714,0.2210468438737946,1.1610168749351677,0.5307245281295835,0.8091617811034059,0.010732503070839002
spread,A,200703,353,0.6929908953400864,0.8142940204610429,-0.1519030939620826,0.16735560751406997,0.31086092587861897,0.32963432300970463,1.0879902426948043,0.577823422934709,0.8040828042830931,0.05913471331558354
spread,A,200704,367,0.6572246555236811,0.8058985347930677,-0.19922823751727536,0.08671523359394927,0.01566077845915883,0.15926168107413705,0.9861239056479765,0.7346366492615689,0.7750890354878898,0.2950159476536029
spread,A,200705,371,0.7956471947671686,0.7971525574208863,-0.14198271830651624,0.11017532167579665,0.23418788897180537,0.07633204703153315,0.9884959998782265,0.7575647282796418,0.7891186609388207,0.3398610874650728
spread,A,200706,370,0.8034947706312409,0.7926615132049405,0.19806448724157058,0.22296809072983867,0.42765310638201387,0.3901591554723366,1.0340128144220022,0.7453757863234362,0.827154597174001,0.25080500433461383
spread,A,200707,362,0.755305887800918,0.7824129524510468,0.17422103823792306,0.23160024036904336,0.23668393947530952,0.26942331940659653,0.9744996962502281,0.7906616017558867,0.8134322333977249,0.33678975875531897
spread,A,200708,356,0.5572465986022586,0.6558737565439805,0.06449377028861869,0.21777651559384797,0.04697105302003694,0.14746828932671402,0.9037073801918505,0.7984813210743498,0.7912183524158476,0.4763675481397869
spread,A,200709,364,0.6136382311837296,0.7559255333692888,0.05853872155242018,0.28833622273327897,-0.05309957788164513,0.11647218432988388,0.8472479233723461,0.7061436581791816,0.7684871024575834,0.5138068652916008
spread,A,200710,386,0.6652809014813382,0.8110478319335769,0.3089216924377787,0.5564684611495477,0.15509895574963656,0.2872740355225259,0.8302502801609203,0.5444032374851127,0.7651051712142195,0.3761510269610929
spread,A,200711,379,0.7276126077533981,0.8115228350340326,0.5424186313639555,0.677572993537954,0.48154216243897874,0.5484636956960655,0.7004124244175227,0.6023259427726915,0.6754659630362365,0.4955833416881632
spread,A,200712,395,0.5349712147002021,0.79477309427292,0.2080347911421612,0.5955057377591924,0.16117306198267453,0.35845029824376307,0.6842962253199283,0.5990481977867332,0.6687032959563389,0.5465888100127746
spread,A,200801,394,0.48164878259042365,0.8002750317279236,0.30134802989866843,0.7128590062556458,0.2582881790977132,0.6129854219947779,0.624099568174074,0.6447607139999907,0.6193302056183331,0.6278379369152864
spread,A,200802,400,0.6328993317970422,0.8916976313816196,0.48780529878311735,0.8443007912754612,0.4962209138807117,0.7013378038677458,0.6271703982337259,0.6154933701990882,0.6313068820663607,0.5270205786147221
spread,A,200803,401,0.6222478236644339,0.8761618886698217,0.3910771578516396,0.8300835877507481,0.49805262961998,0.5995180886574307,0.6486593518654052,0.6720422612366406,0.6568846451294129,0.591296953070522
spread,A,200804,408,0.5702982691336869,0.9024863893756119,0.2445311111354546,0.7566549685389744,0.11953530743980909,0.3490231658271474,0.6580035630091674,0.7132916264564768,0.6699560524499821,0.6213982978339002
spread,A,200805,414,0.47112213254847435,0.9400193823276195,0.12539311895439428,0.819083637399449,0.21301629298539568,0.6288017081330006,0.7124240576214103,0.6334422989604108,0.723333748753,0.6502849956929203
spread,A,200806,439,0.733970158864976,0.9205657394760245,0.44536022376225826,0.8333658613387134,0.5914228249985106,0.597479410552982,0.6846069427981645,0.5462293705719168,0.7292383097213486,0.619951529699643
spread,A,200807,449,0.7401400546931015,0.9121675428873616,0.49158805281578105,0.8038774020824507,0.6125377823735284,0.7464236971205487,0.5806562111710606,0.573566507559872,0.6402240451404436,0.7322749907102719
spread,A,200808,447,0.7615702282524975,0.9449277577268611,0.47215770092308745,0.805857344316348,0.5898324136137133,0.7442279456617389,0.5644863918457304,0.6417976010259615,0.6200912679775797,0.838987406149084
spread,A,200809,440,0.7416480395272562,0.8390054107707616,0.5804855303065521,0.7567219631836498,0.6083961271400256,0.6259510514276408,0.546888693612171,0.5666996403434469,0.612386004497941,0.7600597964998586
spread,A,200810,440,0.6173247957660274,0.8148230323724507,0.1908149882442105,0.5499611157118774,0.2245329028277287,0.3787639593045921,0.5440480848812929,0.5869523082752438,0.6041701902202317,0.7967829050071074
spread,A,200811,446,0.5750618912953123,0.8802186068124087,0.15925014278695104,0.7100647209827462,0.3743293240267915,0.5700743375063537,0.5459594126100539,0.5629072371787246,0.6096006859058885,0.7403342812022833
spread,A,200812,518,0.6402277743810548,0.8413004043631297,0.10023721338442776,0.5189770029923974,0.2770037701780415,0.42918260678803,0.5315243752582128,0.6773893097783812,0.569690134027533,0.8455033520888676
spread,A,200901,499,0.5291241318747956,0.8376981281071066,-0.008456527512857038,0.5115314551212903,0.06109182219861409,0.38322788220952364,0.7026786565569608,0.6776099035725447,0.7191823695236831,0.8162100845043336
spread,A,200902,506,0.6892731121451736,0.9310120178204891,0.13292354806003864,0.6838504523389859,0.48684159582191544,0.6410788099734825,0.7480347622565434,0.5293288004578399,0.7513158110323427,0.6309307080083313
spread,A,200903,529,0.7262773184189213,0.9568603632329695,0.19383712107701834,0.683442581582778,0.540256138803594,0.7946645896489102,0.7562655521947376,0.4577042422068651,0.747206666433744,0.5042626542091467
spread,A,200904,527,0.7968744888551703,0.9327163489559747,0.22244116695996555,0.5137861369275002,0.17741164795478984,0.37040022013829904,0.7589723346897741,0.4717774376412555,0.7467907624439087,0.44640856844687454
spread,A,200905,538,0.6310159925055687,0.9058033082333493,0.03768991402240378,0.48196758168228715,-0.12831715349390402,0.18688577490815125,0.7674950878052559,0.6061239658758993,0.7543193993472437,0.47233138400085817
spread,A,200906,561,0.5894903656693421,0.9478844588951659,0.042935644008493076,0.6884186444748205,0.05557371767859521,0.283160695846831,0.9614373341202168,0.47195994017310544,0.8782904371842778,0.057676174767857386
spread,A,200907,575,0.5652429391583925,0.9425631611427705,0.2183435309413904,0.7813971842131907,0.2565925342213386,0.7092841788033925,0.5785955824071418,0.34269218612038016,0.66122138186345,0.22478806755067765
spread,A,200908,593,0.5493969721184189,0.9668035347408906,0.25901355517713026,0.85163405396229,0.2533660058955169,0.7417079187249674,0.5801305508786533,0.3102173356802418,0.726949867937359,0.2573444969924736
spread,A,200909,606,0.6150655349280459,0.9800130499014701,0.3373766791086777,0.8755405900867821,0.23475482489090604,0.6471313484109659,0.650262565602689,0.3157632604885347,0.8045182319946115,0.1781841754083531
spread,A,200910,604,0.6370734658478258,0.9774701641712191,0.3859778387082953,0.8846696386181783,0.31038750626468536,0.7586997870534448,0.7422628737919202,0.2577476649382213,0.8470324559339523,0.05060003813287609
spread,A,200911,601,0.7019686095818038,0.9717050097722225,0.531139297184648,0.9254579180940399,0.5120520616248667,0.7787028190498373,0.6779710527224738,0.19782884164586828,0.8142836097745314,0.033847234989877656
spread,A,200912,622,0.6169349855549954,0.9662338426206696,0.39075770832384293,0.889216497086644,0.20434905031609168,0.6160709972460171,0.6504599064146155,0.1830397166027,0.8303624412941718,0.056505244654979705
spread,A,201001,626,0.5806613879148999,0.9718738079159576,0.3247543439718568,0.8901430168464255,0.12389887946922375,0.6009581905885932,0.8841864927898767,0.14845608903829186,0.9217477127324141,-0.04899360105714137
spread,A,201002,638,0.7093226242099813,0.9847766564061818,0.468985337588135,0.9197848826081987,0.38322805766189827,0.5806945982540642,0.9547774504420681,0.11085488362355785,0.9328961262351881,-0.08301187809161105
spread,A,201003,637,0.6921422431880432,0.9724030486085713,0.42380744081645655,0.8860244655278942,0.03951820091795926,0.34729122155202263,0.9704463053048957,0.049954002670457257,0.9354701039015246,-0.058666430402257386
spread,A,201004,644,0.7341109497605893,0.9720238436817824,0.4501893186751669,0.8850627114098407,-0.11487850469809092,-0.12757809941516673,1.081590222874156,0.07017977449821318,0.9885113829486013,0.00568573392316922
spread,A,201005,641,0.7201653740084216,0.9531139886204099,0.511272453234578,0.9180997313903846,0.5603504035021215,0.4634454361191351,0.8426743123909443,0.09488369979733878,0.8740705963787222,0.043733593619641326
spread,A,201006,648,0.6924859285114833,0.9592487974198544,0.39785963792982304,0.8716557867583931,0.36397679018611956,0.5391071957520166,0.8344650699259124,0.10188645218607592,0.8863397670689286,0.03770694115054548
spread,A,201007,669,0.7228751927881113,0.965781836958652,0.4291574003455508,0.8352814008376568,0.25668808290653816,0.6134473122428304,0.7583541452411765,0.10377183505939351,0.8404841082010519,0.09243228093976635
spread,A,201008,667,0.7782074095719187,0.9857441577497271,0.5725724287880336,0.9324932974446358,0.5548171860015938,0.6643498519963328,0.7207301865636904,0.07677062434886457,0.8350184400459006,0.0920152626371909
spread,A,201009,689,0.8067641465730578,0.980004964813185,0.5778814104815655,0.8906289709092559,0.38751790731719,0.660775310404008,0.7675364147272773,0.07403613387220899,0.8708776157824369,0.09472371217345919
spread,A,201010,703,0.8320098925337068,0.9815235776566382,0.6389443130470395,0.9008376878241169,0.46340297727282204,0.7004550262172147,0.789960939547408,0.05095582946045866,0.9022150031751934,0.10844159700106062
spread,A,201011,722,0.8410614701235989,0.9823020623305114,0.6699429587119862,0.9292760176520182,0.5722899928087615,0.6128712218852629,0.8096006624137296,0.03477842179247616,0.9079074923322044,0.10200725679894866
spread,A,201012,732,0.7493370563856279,0.9740343096479014,0.5239337506944656,0.8906013428573287,0.25398682700548014,0.5563374785921086,0.7796651600127216,0.026526313301359346,0.8705498145730686,0.1099531797607352
spread,A,201101,730,0.717127561567034,0.9895105643901172,0.5293951576580215,0.9347463401073133,0.40171984890287366,0.7678154697300569,0.8101701369366098,0.02516159996271859,0.8953902158000957,0.09634716194130934
spread,A,201102,744,0.7224000800544846,0.9843636903727225,0.5214749366024878,0.9283977188485204,0.3168567013712745,0.6696212069072733,0.8253653726294752,0.023035469925936088,0.8924580734687305,0.09896162040790679
spread,A,201103,729,0.7699231337191007,0.992997077151871,0.6164531618108484,0.9582608195756976,0.5946284619039567,0.7888013075312895,0.7972909566547697,0.016465069873058673,0.8773951806661633,0.09750792737290143
spread,A,201104,758,0.7737336272597799,0.9894694728224888,0.6296864173363685,0.9560217210866878,0.5493093766884175,0.8023837129818991,0.7551135343789918,0.0010680397975671141,0.8394694059944311,0.08588420080838637
spread,A,201105,767,0.7779646502971922,0.9882613203090231,0.6208105292227355,0.9531302527768275,0.5581127440759666,0.6883881806265371,0.8353747721237705,-0.00300145345859011,0.8895724225145907,0.06444781706840376
spread,A,201106,786,0.7944954816419838,0.9894147895890538,0.604121952087308,0.941833813968536,0.6196598802557393,0.6995963523767722,0.9839415605121727,-0.05718894650309657,0.9350015300190111,0.02324616665796855
spread,A,201107,800,0.7998844318148184,0.9830465343521158,0.5369741851585806,0.9042774317250876,0.2839965720727287,0.23097940064760503,1.0436606656218708,-0.06686975613119851,0.938547230348564,-0.0013959009491036703
spread,A,201108,799,0.8427183343412242,0.9513279848679224,0.5688461140335194,0.8620699306775172,0.24145882541146355,-0.08545242182582777,1.1580516383749904,-0.06032389780896257,0.9657449315139924,0.009006225675132437
spread,A,201109,820,0.8629699756948387,0.9553261836245943,0.35253573852545955,0.7181956103323814,0.29578748593632287,0.032621899179786015,1.2836559082005337,-0.0541752807331751,0.9710273919495817,-0.017276677257836784
spread,A,201110,834,0.844248881213741,0.9656743071739865,-0.1362190409419394,0.18611473568997802,-0.33100817286898304,-0.1419892315448889,1.2576486408846683,-0.0559497456626095,0.9600650131375555,-0.0262305334084701
spread,A,201111,823,0.844310916253017,0.9629493983902379,0.28929647992970076,0.6750214448792798,0.4690785601985413,0.4611346780394489,1.3085874848271568,-0.037694643706963335,0.9507122545345068,-0.03974225788449947
spread,A,201112,845,0.8812263027471793,0.9791518829562299,-0.21109443091664762,0.14290944936940905,-0.2529658691796745,-0.267547578664299,1.3868697177231248,-0.048678304439398946,0.9521648220509215,-0.06637075199945416
spread,A,201201,858,0.8149244214070234,0.9627531140274634,-0.25814107866884295,0.1049989227354382,-0.2722894257189243,0.015473159383928814,1.3975250396537515,-0.01761473123993593,0.9557527839829766,-0.061045357522465114
spread,A,201202,871,0.8842395880668015,0.9781637413260069,-0.0478671241170828,0.2864109842394925,0.026357450693192154,0.21038634909642603,1.3450005899046678,0.020309137942372546,0.9448203319581682,-0.04512223639100894
spread,A,201203,863,0.8648143253178239,0.98479749170268,0.14087907836025879,0.4937578990229677,0.34813973285752653,0.5952794702390704,1.321805297366554,0.04580676312106781,0.9372310442769166,-0.02284227091379133
spread,A,201204,886,0.8923928795724716,0.987701108724531,0.16022919626752608,0.5274343907616378,0.19912062616171697,0.1776745291082203,1.4276030357545741,0.12037718047943534,0.9574901234074173,-0.01891014427327491
spread,A,201205,877,0.9279310783328065,0.9799993572364518,0.22582325368110456,0.5155267914551712,0.07150289417776819,-0.09019907375895887,1.4180426280823453,0.15745172695643983,0.9742917280344607,0.03079218769356662
spread,A,201206,892,0.90104274143545,0.9722248854379292,-0.1585681578048719,0.12075249982495619,-0.24009054264805277,-0.14845909090976933,1.4754175487715846,0.18044653360045004,0.9841594645170203,0.02956267158445928
spread,A,201207,896,0.9018634222070975,0.9676507026358265,-0.2586930997712513,0.0197337156689178,-0.5826652822523601,-0.5316128621333753,1.503181533608354,0.21392385968889788,0.98462675861043,0.039019203862993075
spread,A,201208,894,0.8742730498941536,0.9696340303015709,-0.1816520360583568,0.14257137033619968,-0.17782055339504202,0.026010316789818126,1.6199224400312748,0.23614926026300334,1.001667673584638,0.05140710771968639
spread,A,201209,930,0.8806030865310837,0.9671573266659933,-0.18807229738441578,0.10858776473196054,-0.42866685805703003,-0.26411102006186593,1.6552907778897494,0.23346391485707713,1.000262285245681,0.05241070362617618
spread,A,201210,942,0.8983468098654379,0.9697351420452525,-0.16677522025011193,0.12957109780373968,-0.4872313849715623,-0.41526684395221003,1.736822793959534,0.2121094944479339,0.9998325545272051,0.027961000696549772
spread,A,201211,939,0.8531333718996833,0.9662619988415391,-0.09411075598141373,0.27859744614686066,-0.28262189210277894,-0.1330416147241788,1.811694439364777,0.15705139257298126,0.9928177494099134,-0.01011784092001934
spread,A,201212,943,0.8518078764969803,0.9364834495296788,-0.04890649672236491,0.25673751461478506,-0.11106500473792086,0.005535707060323331,1.8596453695649413,0.14749210252284295,0.9912864001631361,-0.02792953234765369
spread,A,201301,954,0.7946990829671903,0.9610149440066237,0.008418806210154495,0.4216630293017819,0.17978749578704148,0.47013728409852934,1.9800124549694718,0.19311715515296865,1.0004938189467278,-0.033921500757412903
spread,A,201302,972,0.8653383144690138,0.9752529796865903,0.07748585758597934,0.4505335966774158,-0.1432352108814327,-0.05078973535780312,1.998348523467884,0.24048055695780388,0.9872693933877712,-0.0454288267949905
spread,A,201303,958,0.8938402939518721,0.9820995496658046,0.14344102604736622,0.47011817326524863,0.20985032779520307,0.27860827200233534,1.993511497389348,0.29694099506793925,0.9847299286516136,-0.03521188016302691
spread,A,201304,947,0.9033862141759954,0.9752686746313646,0.06841851853234727,0.36515248717092363,-0.6050414566071521,-0.5804082432392467,1.829262264148892,0.26300579670784185,0.9882735490080705,0.013705771453366464
spread,A,201305,948,0.9090216230532423,0.9863535640170191,0.6258866275882217,0.8338187458456169,0.6519715183922505,0.7689596329900134,1.4598908830215411,0.17091572337589786,0.9696866415312957,0.0639373277298099
spread,A,201306,958,0.8909109038037413,0.9781739883008088,0.6803402633202635,0.8911805144219273,0.5431532518303323,0.5638143993704098,1.4283692470865381,0.14167740669327042,0.9877074324499286,0.07475925620437697
spread,A,201307,965,0.8695368356683971,0.9862680885445531,0.6033161964134938,0.8667135083665789,0.22983802394359684,0.432384808996845,1.2784930931988474,0.15422622142869422,0.9655685988946057,0.0948382910041079
spread,A,201308,957,0.8444256950627353,0.9840311845316339,0.661447224933573,0.9199197983150621,0.4407005213055864,0.5988163055300613,1.1734784724329017,0.17891464250364908,0.9565274970200991,0.1382547432610048
spread,A,201309,943,0.8400867970117973,0.9838830315049806,0.6648420740035873,0.9263690463746274,0.30385435206763955,0.4888188254939523,1.1411107590223328,0.17657553393315836,0.9586015264495439,0.15028526989679222
spread,A,201310,933,0.8788523401598738,0.990076196944691,0.7125621904183189,0.9276964361897153,0.01734699073035013,0.21502516842905814,1.1183429864608163,0.1735998626341598,0.9582312424838644,0.13761722310838986
spread,A,201311,946,0.8810693507068236,0.9849514726062335,0.742203282025485,0.9319141261872639,0.48146472050664185,0.628290226274507,1.1951329529275723,0.20836252072227116,0.9756850044524762,0.09126549017381731
spread,A,201312,942,0.8784915470141859,0.9751326632266443,0.7426896196815254,0.9175610275534627,0.18702772739869994,0.2631514854135803,1.187091800975893,0.20618225015205763,0.9567824973300154,0.13896660715528292
spread,A,201401,936,0.8174461665518287,0.9827764024753831,0.6635829359917501,0.9363398994614339,-0.09585788685543849,-0.012909716468762789,1.227161065944517,0.28405079301458486,0.9663396234972247,0.1292113967721338
spread,A,201402,941,0.889503780414598,0.9887534233419583,0.7334693523093583,0.9287871378654416,0.0691920907754565,0.21732410426092016,1.2910131639786007,0.37650067761110156,0.9679468676870524,0.09587020667027167
spread,A,201403,921,0.9000164440941391,0.9940013366101688,0.7705682245397646,0.9502712857101693,0.1328088192912369,0.19986876212869417,1.297500599179504,0.40108806027276955,0.9741078584606591,0.10169348790979299
spread,A,201404,927,0.8887791236237462,0.986624263072929,0.7508074044401191,0.9384428837394505,0.2641586664362466,0.3380330495645777,1.2830209381198174,0.4246679361314379,0.9617537571639625,0.13155766417738252
spread,A,201405,935,0.8859689665713875,0.991798259629296,0.7463757156476644,0.9435252051631995,0.09045343118904021,0.1604024983379921,1.2776017695115875,0.46611301927819987,0.9563503329967865,0.12362915630795518
spread,A,201406,943,0.8917009527390308,0.9869674420237705,0.7629081176494356,0.9373104886435494,0.4263724443013326,0.562419699002242,1.272180678167994,0.5213784676443636,0.9539258527459773,0.11712731466737245
spread,A,201407,960,0.8892984025549296,0.9811387430934679,0.7506997739167182,0.9256116597437386,0.3118299924082016,0.38434857323497856,1.3441091897367834,0.610490256282893,0.9566797506707798,0.0657470452721131
spread,A,201408,968,0.8814493439822652,0.9892951790946404,0.6945878482627758,0.9107018382326497,-0.354771399289753,-0.34530112701008786,1.439665890318047,0.6675883225325486,0.9834784977155357,0.036842437092611015
spread,A,201409,985,0.8760521963380498,0.9811626704248241,0.6355629296303028,0.8600341200069022,0.46250698270123997,0.5839596565000802,1.5461344479393746,0.6995710005499579,0.9813037607243218,0.012010085427901055
spread,A,201410,994,0.8982085160096049,0.9787629817276037,0.6061316607298785,0.8248931171069267,-0.27589278196827766,-0.2570666079716198,1.6930493253529781,0.7667670604918929,0.9924475003540764,-0.030252780550703753
spread,A,201411,973,0.8863625574198816,0.9846868915711803,0.5767274710592336,0.8232117545221769,-0.07531769310929146,-0.008792102398245414,1.7192382402038582,0.7334543949675552,0.9839620063819895,-0.01618498107431812
spread,A,201412,967,0.9161963829950855,0.9761037643180143,0.4873839318240871,0.7048165478269524,-0.5103703731744746,-0.5616775766316315,1.8240371335750152,0.7773856137877142,1.0026566241141457,-0.016581313908059146
spread,A,201501,976,0.901015583145379,0.9890627977885934,0.13640272979797233,0.45529226810453016,-0.5585740717413954,-0.5664739680340105,1.9470886332747523,0.7469916258183904,1.0176052877174113,-0.031802954381222145
spread,A,201502,959,0.915800446848605,0.9750754193607205,0.10127267178371378,0.3473457462412693,0.12717346846470876,0.2474998388981147,2.0205229855541456,0.7195740447080577,1.0084457655386587,-0.042095499228609085
spread,A,201503,951,0.9015951073359953,0.9859179817427874,0.12653515864257045,0.44476429226958814,-0.11227337224114287,-0.0633186727887263,2.110055984016258,0.661798100881532,1.012480729601677,-0.06138486089113911
spread,A,201504,928,0.9147926021870932,0.9894331521951639,0.15114283558176972,0.4404212105118343,0.3887515241742426,0.5033652880997307,2.1889403999488883,0.5738229626902726,1.0127186658186105,-0.04779942504060998
spread,A,201505,923,0.9221359848497481,0.9892567177247142,0.05477569083936136,0.34619399272350343,0.07225108153891263,0.1765105892146605,2.3844729812161556,0.6626182214392269,1.0203100810943218,-0.07096680718954088
spread,A,201506,940,0.9167318675767113,0.9892258709458835,0.11448938532408788,0.404341132881521,0.2373614891688256,0.3559449327823411,2.448224830949676,0.6177763120616685,1.0150365181593803,-0.07973980817842853
spread,A,201507,927,0.9267770603127871,0.9903709626485118,-0.01567724604675383,0.2712089613551508,-0.45701431687320093,-0.438558531257314,2.4790196174699553,0.6067434834956462,0.9997869657062163,-0.03025339812576803
spread,A,201508,939,0.9323526287478296,0.991916965048385,-0.317193226009435,-0.059601333013713266,0.10845017742858598,0.14694667775948314,2.5918971924870426,0.6382861688935798,0.9928654958836223,-0.03229529290999669
spread,A,201509,942,0.9409336141633222,0.9885540417086014,-0.3945318538290837,-0.15143992681096893,0.18797925425509576,0.2018748106596871,2.652363306679394,0.6542644217383345,0.9874138117474743,-0.01423018028039836
spread,A,201510,956,0.9293589576123749,0.985948348159874,-0.6288244360584881,-0.4044841887389168,0.054597151005908104,0.11042654543801408,2.7483078475130363,0.6099023331260889,0.982458733222169,-0.03250135173601542
spread,A,201511,940,0.9360814269631669,0.9935681904099636,-0.7290202716149785,-0.5055133262277858,-0.11095720155910718,-0.07504875363281871,2.860767100908999,0.5978367581630443,0.9816488500546031,-0.05619547475573043
spread,A,201512,849,0.9412025242401051,0.9801721070152866,-0.8002167399395254,-0.6267826643175112,-0.03725050297470811,-0.07131825485450465,2.894978016144459,0.5579479430252055,0.968778746023771,-0.07386409510909134
spread,A,201601,844,0.9149729136441239,0.9732806766727826,-0.7423151260187822,-0.5187742987909566,0.3972354505704711,0.40573400193783155,2.93137105106743,0.5075432725299089,0.9727274845850377,-0.06871833874716872
spread,A,201602,854,0.9326677568081906,0.9804006273409988,-0.9291952178275683,-0.7864642920772171,-0.20636197476934692,-0.23705462814955944,2.980884172674371,0.4535032260663846,0.9736314042239579,-0.09304583779794319
spread,A,201603,867,0.8780236684018926,0.9665908564516612,-0.922584611885579,-0.7701155587824678,-0.23021972632381882,-0.08129447077548335,2.987797694740803,0.36563028795193386,0.9699891618155017,-0.12050606352377405
spread,A,201604,875,0.9152887121504476,0.9844904231802131,-0.8891890934417152,-0.7234201565342372,-0.18344809694030234,-0.07436076472012315,2.9321470182477403,0.23539206684700675,0.9780856903816436,-0.12409922869874215
spread,A,201605,890,0.9275100885992463,0.9914154891960507,-0.8086981891989413,-0.5998300084063565,-0.09418079634836249,-0.02376350235604819,2.769725993326767,0.15573795493634632,0.9744122695463077,-0.12080699558466199
spread,A,201606,920,0.9220985393102773,0.9726724896559564,-0.8352397737300578,-0.6589523088607406,-0.10559429422350987,-0.0989397687429522,2.614843050704662,0.10642124548763805,0.975635027269942,-0.12630240951045318
spread,A,201607,913,0.9361813734805712,0.9867297650778458,-0.8354078278138874,-0.6652163676176924,-0.13468447566625066,-0.10311040388208458,2.4895063855109782,0.07568269970780869,0.9637231350137655,-0.09609047406745375
spread,A,201608,922,0.934777080941135,0.9857466437000936,-0.814699537056813,-0.6517186115286379,-0.1234057534665621,-0.04432533100181757,2.2918165543184186,0.08625801073237709,0.9573818024092382,-0.06053142176453975
spread,A,201609,916,0.9339691553385093,0.9841832083909473,-0.623459967193754,-0.4130403254709185,0.2731938548864498,0.30856481253340917,2.1393164849368955,0.10145174968745564,0.9637152008616299,-0.06553673924221531
spread,A,201610,933,0.8952911491408545,0.9826716691860028,-0.287542748133098,-0.0018133609651630083,0.4073706553100424,0.5756337241628399,2.0584944724695595,0.11203219339773685,0.954604886359074,-0.029062910605363226
spread,A,201611,940,0.8922900188926465,0.986026110537395,-0.0445844572561757,0.26007029104651835,0.1423259263388086,0.31036077272969986,2.040480803200941,0.10084743255862602,0.9711100453360076,-0.01731487802012024
spread,A,201612,948,0.8494045619502275,0.9895474254322101,-0.002261155928491814,0.40800355674514416,-0.19121260067391635,-0.056697104206734766,2.0537831371622315,0.09988163325218422,0.981491386004991,-0.034168482222070286
spread,A,201701,930,0.8763665354069187,0.9922571600144884,0.12379451986423655,0.47799821919823476,-0.07359438573408493,0.08748821841110205,2.0677651706503553,0.07793388264033506,1.007720069547925,-0.09058795778871623
spread,A,201702,933,0.8924434710723874,0.9940904690512843,0.07747187256064127,0.4323998085162794,-0.43611400227135044,-0.4293891884231389,2.139711803010831,0.03986742237721832,1.0108621196207535,-0.03526734803701859
spread,A,201703,935,0.896127053021098,0.9921214923561469,-0.0027281815229862013,0.3270832667961112,-0.1857431978429141,-0.10945326179301129,2.1879092045096034,0.036065917057465174,1.0110270136930357,-0.04522021781622166
spread,A,201704,933,0.9195320008781118,0.9836896436123727,-0.09844641894728803,0.17031803228553816,-0.2908991409416137,-0.28774483534629347,2.191855143416407,0.05809914142513921,1.0113627339227134,-0.03233245460625846
spread,A,201705,963,0.9219277980578894,0.9896762520106268,-0.1685176801295353,0.09438562904446524,-0.38117671994765234,-0.351090990049628,2.1489737653138135,0.09222060582296344,1.001911119014675,-0.07323206850724627
spread,A,201706,994,0.9317774595251821,0.992500723947103,-0.21474261449516163,0.0465863349294461,-0.5381947925905736,-0.4916248204808014,2.079911199111003,0.1106034278459464,0.9926849135159529,-0.07340749980425115
spread,A,201707,983,0.9275925516784987,0.9900742943886616,0.057232168427423076,0.3108628877058037,0.3499623564955686,0.4432222150963608,2.0030172040885326,0.10617193143942852,0.9801237173503669,-0.04490703700148828
spread,A,201708,973,0.9242027159609155,0.9880059608843671,0.2104893322410268,0.45644044836526726,-0.2143479129173303,-0.19886044242468282,1.9320491451097612,0.11499175434477835,0.997295696408529,-0.07038555247126756
spread,A,201709,972,0.9462783149807265,0.9888681206729318,0.19478786836182807,0.3902456693821816,-0.20958236898675112,-0.144257492857333,1.7775815888701183,0.11489761109937889,0.9871329538334955,-0.04720870965557321
spread,A,201710,991,0.9367363619931256,0.9822121560793593,0.43209799998679466,0.6135188583260573,-0.26790157894598293,-0.22501472487693314,1.606277305961614,0.16833015594530618,0.9739920049518602,-0.036896642515109955
spread,A,201711,1019,0.9345328082185114,0.9783930639849279,0.34534648338224605,0.5300306001728731,-0.602347653347372,-0.6099263085873095,1.5338371569828848,0.22568776624128603,0.9667863576071086,0.0008926621366861483
spread,A,201712,1057,0.9310832978118028,0.9772881189826321,0.2349093860407661,0.43319059408565896,-0.5006363698852079,-0.478262088280302,1.4972825315041705,0.266683794777744,0.965849703440746,0.005434424159401493
spread,A,201801,1065,0.9404356949567659,0.9849733841801499,0.13709269213946526,0.3160468320904591,-0.19336243829823066,-0.12632496287603623,1.4629125771656122,0.3124653123242652,0.9622217921099718,-0.008991936406950056
spread,A,201802,1057,0.9361987335052476,0.9858780359874815,0.4671125634577333,0.6514215736228686,0.40565282958873045,0.4237909936462692,1.4216986320098404,0.30326686361590577,0.9435005338504402,0.009722106168067082
spread,A,201803,1066,0.9129996097178881,0.9738767868011295,0.279406940936718,0.5165363552750396,-0.03845481477351669,-0.06931644942179276,1.4296129171385694,0.29422372811150704,0.9431764166047168,0.01076551606404533
spread,A,201804,1083,0.9184424394767953,0.9818645268470848,0.1134346352866627,0.33254724983294953,0.3843490066684677,0.4881946063419787,1.5157557218709938,0.30079189010960106,0.9562098811587575,-0.0028774120728641893
spread,A,201805,1061,0.9586232306246504,0.986500147036486,-0.12169470286962157,0.03736412317939445,0.22752746739123067,0.2335647062963807,1.563351862231514,0.24069918185543526,0.9694721541766935,-0.03483681529442422
spread,A,201806,1094,0.9604737688004381,0.9862336380559374,-0.3953488522888265,-0.2489178454770696,-0.06812166008517397,-0.05464297074565876,1.594059179356077,0.18859727753536928,0.9778087885606493,-0.11117067242127429
spread,A,201807,1104,0.9559847399500931,0.9794243750512139,-0.6907884959008773,-0.5988596634524785,-0.2765170625226659,-0.24406992513063558,1.650589888442866,0.10681942574099482,0.9852462899004798,-0.11179370912521205
spread,A,201808,1112,0.9563996954680821,0.9760652879199417,-0.6509965742724613,-0.5545731849725416,0.21891408870559628,0.2426728999464192,1.7330201489984718,0.0681758947957984,0.9957173767601395,-0.10297344804372632
spread,A,201809,1132,0.9736353128100532,0.9859719250878931,-0.8733484655968473,-0.8249922867716042,-0.21112172415142608,-0.20185394745401625,1.858107697518431,-0.026216565180472294,0.9987360447986285,-0.1115668620179096
spread,A,201810,1120,0.9677400360610926,0.9822604534892154,-0.8412435589663239,-0.7799818368924089,0.36441161020380575,0.3949962723514572,1.9463858060614168,-0.12801370724460115,0.9981057350950598,-0.1326238702322044
spread,A,201811,1111,0.9499777120144959,0.9665409794685448,-0.8580715723565029,-0.7971316070215191,0.05837736182926244,0.037913474069830574,2.0009410750516357,-0.20254550436559718,0.9853381108956,-0.17099329161064908
spread,A,201812,1115,0.918777991919271,0.9353747916767168,-0.8777609180736001,-0.81613145258035,0.1812325962494525,0.18136341109018056,2.0165678646004683,-0.15667818979288933,0.9760674562112364,-0.12285873895818816
spread,A,201901,1128,0.9252687568203966,0.9536573582236219,-0.8230671940481322,-0.7373237227760921,0.09424440196713987,0.16671271901786838,1.9927947351326336,-0.06024556418491914,0.9699693616262023,-0.07746331240587562
spread,A,201902,1150,0.9387267545633002,0.9562718971134077,-0.9023825136168792,-0.8506890124350608,-0.010934749297210933,0.023508442660460007,1.976591966240698,-0.03837440001308191,0.9698015966781406,-0.06889819130682928
spread,A,201903,1143,0.9330027014197282,0.9477060798772191,-0.9005558846509752,-0.8554583593344939,-0.16455820476559668,-0.13067795957140976,1.9572511259541039,0.02194668442087768,0.9719855106402444,-0.05504866848741239
spread,A,201904,1153,0.9457492730664335,0.955281473140052,-0.8936260246145448,-0.8473526909420741,0.062448073099094295,0.07384490131358636,1.9209313876271428,0.10045305768797715,0.9672507060478573,-0.051215092906890636
spread,A,201905,1159,0.92774956786666,0.9504914472774089,-0.8006959470722246,-0.724610910663568,0.10551108584266755,0.13885316222164582,1.894952526149159,0.1404472006073855,0.966445421007314,-0.04144067753451458
spread,A,201906,1188,0.9193017052781833,0.9611526826987046,-0.7603685257723606,-0.6546885964455872,0.17930121854100933,0.24776901834259035,1.821675943236183,0.1619547327190727,0.9516283511138839,-0.05070819671208896
spread,A,201907,1224,0.9448577649335669,0.957155760427176,-0.7259035855276407,-0.6325667606579329,-0.05847682740519175,-0.08307177136377702,1.7790092324990208,0.19609397713682278,0.9477213190572426,-0.016725861606825532
spread,A,201908,1225,0.9089000868407311,0.9385138104938708,-0.7975734221673016,-0.7241250733722034,-0.25707495773786615,-0.24210626725266884,1.699325307308994,0.1869921638028319,0.932746614488937,-0.07318623607886025
spread,A,201909,1259,0.9434143202393026,0.9521460503333613,-0.7581600501682172,-0.6500018491315515,0.6063656896739326,0.574208122409987,1.6436064617732324,0.07998986865859753,0.930588453631205,-0.10398283739621018
spread,A,201910,1252,0.9663721362109832,0.9720642747861192,-0.701019659780609,-0.6336385278718762,0.6826024902299587,0.6826705976129429,1.5899676730893146,-0.08604346202272317,0.9195195516921769,-0.12832504972192574
spread,A,201911,1260,0.9516522344119427,0.9651240237206276,-0.6263279532053111,-0.5461971478232923,-0.1337772353700624,-0.11865739240574114,1.534921161994167,-0.22572416340661725,0.9302134690250394,-0.14413428993506164
spread,A,201912,1249,0.9337768126495958,0.9518237433452231,-0.2616009955903338,-0.17054212796552692,0.4142889748502751,0.46733338879540975,1.5259797264739963,-0.272503408450195,0.9573349170574014,-0.0522852125455123
spread,A,202001,1235,0.939887923988789,0.9587723029625738,0.048210376941535994,0.1560197445234791,-0.0764908535602001,-0.05117336196343443,1.486336237137616,-0.23938899844757647,0.9745138352665353,-0.14787595103618587
spread,A,202002,1240,0.8956369424248469,0.9349891071713845,-0.024814245277796902,0.09120489695152598,0.23985215755773198,0.29957702629492794,1.427185541801335,-0.1469860240661953,0.9753894053912234,-0.2219462938665257
spread,A,202003,1159,0.8144378989950778,0.8134672817476081,0.09325471853096638,0.10945759945538265,0.06227325379617533,0.029366337922369815,1.3762506517930366,-0.2597533038908601,0.9726036594786037,-0.20299454994641306
spread,A,202004,1142,0.6731267417525271,0.8776610619949309,-0.2344426133688468,0.135428007976786,-0.17719071444370416,0.10282637828123645,1.329489758525622,-0.22594410573129675,0.9815409964595914,-0.18999890649029358
spread,A,202005,1105,0.8352057371413178,0.9387144541779423,0.14160047671047696,0.39941209439963615,0.28454857388274307,0.490581354134712,1.3133614115910384,-0.14372772634959816,0.9823519034842789,-0.13409632391558293
spread,A,202006,1099,0.9290402694814236,0.9689702399041167,0.09882963648025776,0.25602486882417996,-0.2111174815925782,-0.10857184517986525,1.3005678403256473,-0.07528428726032818,0.9819150764586886,-0.13824014812918273
spread,A,202007,1075,0.9502801926441587,0.968195708458745,0.036888760309742655,0.1492507262898121,-0.7507938833891252,-0.7549322145051288,1.271238770101263,-0.07871492921805111,0.9803995715794485,-0.17289523092981904
spread,A,202008,1056,0.9470734763235568,0.9748559358219449,0.5894979149219853,0.6897243634527602,0.6107935785261466,0.6785602004201705,1.2403374340983848,0.04112814630403138,0.9852073329727832,-0.13199486110636813
spread,A,202009,905,0.9507409685074791,0.9696456100118855,0.6192825062014253,0.7038674165528518,0.18625812509838469,0.20188695554780167,1.2117678497722904,0.11748615449402741,0.980797815920702,-0.07212665176835417
spread,BBB,200307,442,0.5746794565130342,0.925793009965385,0.23309973407664852,0.759601851869487,0.12796262801005104,0.5066656688715119,0.7558207354356042,0.11748756433982165,0.8429052071430402,0.17135508675127686
spread,BBB,200308,444,0.5287282587696259,0.92488525217787,0.19238853330719308,0.7931590656363695,0.06064454390220996,0.35956641832074154,0.7558207354356042,0.11748756433982165,0.8429052071430402,0.17135508675127686
spread,BBB,200309,451,0.5555827503229436,0.9351741507781017,0.2282569707434805,0.8104587586451315,0.14680153575469782,0.4321043209877258,0.7669144073931373,0.11974123457134177,0.8440223644668612,0.16939281655775204
spread,BBB,200310,433,0.4842587141894549,0.9134523717579043,0.13229026361300117,0.7489342404334257,0.04087940301174762,0.42313384770950513,0.7669144073931373,0.11974123457134177,0.8440223644668612,0.16939281655775204
spread,BBB,200311,437,0.5504548298718218,0.9563177115409807,0.2606246849125261,0.85587087969406,0.17727666067814732,0.5121935875686348,0.7669144073931373,0.11974123457134177,0.8440223644668612,0.16939281655775204
spread,BBB,200312,442,0.5250098494067221,0.9481523074326015,0.24589985325611405,0.8263590103805502,0.08744508395474877,0.551560665233487,0.7669144073931373,0.11974123457134177,0.8440223644668612,0.16939281655775204
spread,BBB,200401,441,0.5063431002293179,0.9503984587943274,0.2675253318110461,0.8665253769667233,0.14983280025296833,0.5492030846064027,0.7669144073931373,0.11974123457134177,0.8440223644668612,0.16939281655775204
spread,BBB,200402,445,0.6098433521612193,0.9415232716113676,0.4101807343127882,0.8813967725992173,0.3558981055036608,0.5954657904224535,0.7159259242845003,0.10102868103168336,0.812385433226904,0.1532906228873458
spread,BBB,200403,438,0.577801174977662,0.9313322328783918,0.3629358310187861,0.8468122267628445,0.3070433807210648,0.6390668016233662,0.7159259242845003,0.10102868103168336,0.812385433226904,0.1532906228873458
spread,BBB,200404,440,0.6304128539852657,0.9511783808607825,0.41486145918296913,0.8699134508324721,0.28503359098868375,0.5556933287354575,0.7159259242845003,0.10102868103168336,0.812385433226904,0.1532906228873458
spread,BBB,200405,435,0.6892032757697416,0.9601217446209117,0.4895786347725811,0.8957083589359368,0.3948476317795949,0.5546331869801241,0.7230185206862969,0.09711618501940623,0.8298841930130919,0.15512185910405124
spread,BBB,200406,436,0.6298838391115391,0.937237300455889,0.41025484360668535,0.8376978549449824,0.12122688052400647,0.43401836912368963,0.7230185206862969,0.09711618501940623,0.8298841930130919,0.15512185910405124
spread,BBB,200407,432,0.6931625580369695,0.9407296038514794,0.4947417759035299,0.8602814023891778,0.3357676825590749,0.5977204170862744,0.7230185206862969,0.09711618501940623,0.8298841930130919,0.15512185910405124
spread,BBB,200408,431,0.7459913531796329,0.9298042653888371,0.5866793167742824,0.8657514936315606,0.39214674124834376,0.5797817216576724,0.7171574956969365,0.08863173783882218,0.8342557071759304,0.1502879219053935
spread,BBB,200409,441,0.7473970593316248,0.9413497549435107,0.5564574081380804,0.8663999140637387,-0.018972064350215614,0.14564543823985635,0.7720960176741023,0.08889492786949009,0.8901079478723474,0.12052828356240378
spread,BBB,200410,437,0.789315469559867,0.9441508793944307,0.6093560956502759,0.8545162507122878,0.27784151024571724,0.41059711636985946,0.7315129943800049,0.06934624456533552,0.8576654430602074,0.11044741344901182
spread,BBB,200411,434,0.7181206445340417,0.9264996809013984,0.5259044205759774,0.8494174648900492,0.052102543355388616,0.21084377806804142,0.6907928728403655,0.0727108726138528,0.8497377404448819,0.10405625019824549
spread,BBB,200412,423,0.6248058519445671,0.9083074498741173,0.38783205638243967,0.818877407841497,-0.04260313431671553,0.12375273615612892,0.7506411764691442,0.051621376325094906,0.8957099027554926,0.09159184583123042
spread,BBB,200501,425,0.7070775512473374,0.9337339794664028,0.4595458277792217,0.8341014559675033,-0.16546420117960497,-0.16960999691988046,0.756036240276229,0.03782390237296105,0.8956688927120311,0.08530635497010218
spread,BBB,200502,427,0.7813348885550555,0.9167459819704328,0.44522905781556193,0.7241185353059546,-0.29320830760570776,-0.228598595917584,0.7854395640764639,0.03599192548723989,0.9110499674714723,0.06452660131208808
spread,BBB,200503,411,0.701601685664137,0.8590872608552581,0.5246169535882301,0.7757405142902458,0.2435444862918088,0.30221885403099835,0.7545376313693807,0.07215266673046015,0.8937925750157701,0.033809963421912115
spread,BBB,200504,404,0.7749208424165683,0.8484358648846273,0.5151055386762828,0.6667289669382341,0.08375213038259988,0.10234193357646859,0.7470707004187077,0.0753561183413824,0.8954263708632304,0.003025848546789446
spread,BBB,200505,402,0.7720769644900851,0.8349806954336453,0.3744424908618421,0.5311067679043839,-0.186470695968497,-0.14954986564878067,0.8180720359395977,0.06781770982162683,0.9176845217006282,-0.02346633669676248
spread,BBB,200506,397,0.7901686457254277,0.8809415177125193,0.35221343494308444,0.5468286803339999,-0.22291032211043424,-0.12450448317513044,0.8321042616546325,0.06993444888290365,0.9168836204801551,-0.034238656743874434
spread,BBB,200507,403,0.8529771485384225,0.8899721970033923,0.3754143307955196,0.4955325390981336,-0.23891306545971946,-0.20936670964035142,0.8512514472318876,0.08345495385561523,0.918094001302783,-0.06256043297694691
spread,BBB,200508,405,0.8171920824625771,0.8663569215439927,0.3813891734000987,0.49036681646669994,0.013735839922251667,0.05733164390575077,0.8667637818871958,0.07041076745967238,0.9153225246052982,-0.05708464457832417
spread,BBB,200509,404,0.8451627899562435,0.8791744629345316,0.3231575432150328,0.42394809034831127,0.05743884562153485,0.1035579717588328,0.9417918393984841,0.04539703445448956,0.9231805188941243,-0.08847168674130504
spread,BBB,200510,414,0.8577753372538451,0.8867296645789909,0.39127695115655803,0.4678480909483715,0.1333141387531387,0.1480099243768354,0.932871810046512,0.058594025663691325,0.9198617836135801,-0.05391605020590314
spread,BBB,200511,411,0.8802949286766394,0.9062152268467538,0.10699938756476912,0.19274702022235574,-0.1760039457199059,-0.152643823947874,0.9773031883137058,0.04183245126708267,0.923785896462958,-0.08362579404683389
spread,BBB,200512,411,0.8577444975980641,0.8740931342345081,-0.1392297308275329,-0.06777995251499573,-0.32433164924094854,-0.3257229440581584,1.0232888057148015,0.0031764623530640824,0.9285456806817135,-0.11647333305243406
spread,BBB,200601,413,0.8164309638036086,0.8225372044551154,-0.16127757955104116,-0.12622319948594,-0.038326466659239555,-0.028814657628648516,1.0242516290875348,0.0014275053715981877,0.9155294540234504,-0.09739972569957325
spread,BBB,200602,424,0.8557875535812192,0.8576877797541526,-0.5584000440802576,-0.5414774671678012,-0.4622235341346494,-0.4912845861053313,1.0625951464449361,0.009005625114789348,0.9131401381349846,-0.10226844980168294
spread,BBB,200603,419,0.8137965275627133,0.8084168979566649,0.038483875125000615,0.04365858715694229,0.3032253012657485,0.2939185810797924,1.0523713452540047,0.02279549148988345,0.9129959694658626,-0.06852812689766509
spread,BBB,200604,424,0.8496119845107231,0.8682004462911298,-0.31068561766223596,-0.2608986794674331,0.13252501682626158,0.16749273372864454,1.1918367026250385,0.02967227229483504,0.9218878718264665,-0.10833013681172181
spread,BBB,200605,416,0.8646339566347697,0.882111833410038,-0.07622049110472713,0.007349866636954022,0.17153440150479082,0.18029121930736383,1.2297821189210325,0.08118688783504611,0.9146685605515814,-0.07251058736483534
spread,BBB,200606,410,0.8213898590692943,0.8311301551624728,-0.39556872626888423,-0.3560155722264625,-0.06501734822641535,-0.07303590703163389,1.191018558385052,0.08487949711878194,0.8941805933705677,-0.04387042465828796
spread,BBB,200607,416,0.819512860656377,0.8267514822575258,-0.4786784659390189,-0.44780753709378573,0.09077216447416674,0.09803018674037137,1.193067606709574,0.12030878701196802,0.8896285960399185,-0.0577067952153578
spread,BBB,200608,417,0.8480916720029241,0.8776413725052885,-0.4114876561365417,-0.31228721371336593,0.05956791004545636,0.08745912403456023,1.1590929349134533,0.16173064738160037,0.8727882537152565,-0.010941743136172136
spread,BBB,200609,416,0.8237367548472483,0.8696963417094943,-0.2530172471451296,-0.11926542117208169,0.1871902419623562,0.22940549894133444,1.1346843689532855,0.2006243536527417,0.8596053301264197,0.018716718299605684
spread,BBB,200610,403,0.8738382606899733,0.9005577979017714,-0.3737575175983581,-0.27999359391186607,0.23691091749077134,0.24548037466018102,1.122646221024791,0.23276942079962126,0.8575025167917703,-0.014107524767400214
spread,BBB,200611,394,0.806025405602158,0.8566659103178408,-0.39311484943147784,-0.28026966756953103,0.14002806029254816,0.19264664103601925,1.0948250068698093,0.28331182382621417,0.8561396380029376,0.003015816871840775
spread,BBB,200612,395,0.7622766373461196,0.7956572284084743,-0.3054123421530434,-0.1956329005513423,0.0875194553826636,0.09303031980241597,1.031746055408236,0.30127202990919927,0.8434969117732656,0.04722651019053815
spread,BBB,200701,400,0.8042611626207492,0.8015994966691785,-0.3541822136388352,-0.3040403661150885,0.04458646616541353,0.01985267898438489,1.0315913842518898,0.32374192021112835,0.8503408489540829,0.09448495872194501
spread,BBB,200702,391,0.7929440495555524,0.8376664025295452,-0.1779236109159383,-0.08407952441209326,0.10800808617761487,0.15341769206784497,1.0193479507829195,0.3255294336833623,0.8522736315298624,0.07362849045247838
spread,BBB,200703,380,0.7934618446357321,0.8411827734652612,0.16515008114304364,0.3163434687090776,0.41016319967388665,0.435303411451309,0.9925053772015,0.3435421206179564,0.8537632881369606,0.1334662466852237
spread,BBB,200704,384,0.7612744049582499,0.8245861547197149,-0.007671938861849725,0.1524669241474976,0.08614621083755611,0.14375736687248808,0.9555103258217489,0.3657837235099276,0.8371523978123259,0.19531340834705677
spread,BBB,200705,384,0.8530536722255009,0.8520883346678455,-0.033911089077551734,0.09195551258594872,0.09527378005935923,0.02988112179227966,0.9494893686225641,0.3578966147459441,0.8373985344682322,0.18307296287367794
spread,BBB,200706,381,0.8926699609691119,0.8891953253601168,0.34540718577165996,0.3740894757230412,0.4457474022691225,0.4336865803584205,0.9737941964916498,0.3812675018844439,0.8589770895207469,0.1273962081348354
spread,BBB,200707,390,0.7843257205640913,0.8055799943154217,0.3309715787338914,0.37642847577160155,0.2967746209831957,0.3197141693071818,0.9497533013998074,0.36872833259284304,0.8381650831514857,0.0990558921614849
spread,BBB,200708,376,0.7418519794000077,0.8101568452763037,0.2192545978472038,0.35256188850902753,0.1607954264233552,0.25358147430839334,0.8472418524590738,0.3671900069651923,0.7833313846571316,0.19783367193440685
spread,BBB,200709,381,0.7040438828250482,0.8164072677093621,0.20977015858688644,0.42187038249750786,0.09271789152561495,0.22142968420163273,0.8257634252348875,0.33810099850155323,0.7687679300994135,0.15662349988698238
spread,BBB,200710,379,0.7552023312528542,0.8904519934133749,0.3748513764622638,0.628415862761241,0.24342033624077783,0.3615037783928207,0.8297940203934191,0.3918725736772149,0.7779437859382179,0.22840541012034452
spread,BBB,200711,387,0.7156723059779837,0.8177633680669544,0.47198271310790146,0.6486378154750322,0.4032241701790759,0.4944146834541878,0.805330504569434,0.3746733023395331,0.7639700419768307,0.2687782440488357
spread,BBB,200712,381,0.48036846721758786,0.8240482800998455,0.025956913142814984,0.5530146915007089,-0.07897666002000507,0.1887511807522768,0.807154889418845,0.4037535139530888,0.7687678406750433,0.3031087313495228
spread,BBB,200801,384,0.5253317846953485,0.8876409703328151,0.23334025634939476,0.735789697382126,0.24653686717981757,0.6083194682953132,0.8041721196594533,0.4033236613852251,0.7682146903846967,0.3141589681140709
spread,BBB,200802,384,0.5249479647510363,0.9109055123827499,0.16425138177749143,0.7664509243386627,0.2058642891051507,0.5163472511415428,0.7920740113455862,0.3661347514250226,0.761942979149861,0.28467311070761425
spread,BBB,200803,377,0.42119590381917227,0.8934339153181058,0.001412706475068911,0.7512386106332294,0.19071201481326208,0.3753235728558394,0.79407476618244,0.3783287028227539,0.7719169298241851,0.32288709570399
spread,BBB,200804,387,0.3375080641624199,0.8748948888578147,-0.20207440220719675,0.5941165783736295,-0.2642791393324,-0.005608060020552238,0.7945986700228262,0.31356740241427733,0.7752837260777582,0.24924021522458875
spread,BBB,200805,405,0.29269408258936797,0.8924554279462259,-0.1824739288378756,0.6956440293049142,-0.0043856273968940415,0.37786236651464333,0.8023351977606844,0.29361642715361597,0.784409517715742,0.19325349981341056
spread,BBB,200806,413,0.4741427616879524,0.9052133201967826,0.04622663397373459,0.7356550387771086,0.17691369999431045,0.4125568963794818,0.7779194318084071,0.3047285639089408,0.7759054665233897,0.23079076956529274
spread,BBB,200807,424,0.5321854507211733,0.912832749957676,0.10890846690865424,0.7065728947697995,0.1278688820093074,0.44543212282702027,0.7723513908152536,0.28955826563342396,0.7868926900284982,0.2689634155838011
spread,BBB,200808,427,0.5303897923688381,0.9136881070552947,0.03808094468450044,0.666239970406496,0.10836429639581012,0.40444570749299624,0.8514717500362676,0.1806005092389972,0.8616115573648853,0.16521487503659363
spread,BBB,200809,428,0.44900632836381416,0.7314016091337067,-0.007075045377481414,0.4720621545413722,-0.013830049221500119,0.08397929692125142,0.8580835316071512,0.1292137107691724,0.8742946332386281,0.09118829879602623
spread,BBB,200810,424,0.38339204347755695,0.5713650484740164,-0.08851945434938327,0.2610002865613575,-0.04324383466754827,-0.03991195118707037,0.8739583730271709,0.16479181119643774,0.8917636387172101,0.1719518017767274
spread,BBB,200811,415,0.48801550552418865,0.7601708897949363,-0.24418821792975512,0.304473445113899,0.051265431763233234,0.1472495409936642,0.8529279251406613,0.20756816943375944,0.8625649572396034,0.17608180908989593
spread,BBB,200812,422,0.6153547862013111,0.7792417883884237,-0.17880418558756606,0.20491199608170835,-0.06821711256477059,0.0026481913094500193,0.8512724441867833,0.2665707892190169,0.8480784736738519,0.1483296974253403
spread,BBB,200901,430,0.6254415675818503,0.798159885488558,-0.1726861817834677,0.16970744248031758,-0.1697333692045827,-0.002848294741718557,0.881825524310779,0.24357322345331484,0.861099217739797,0.07257738224010603
spread,BBB,200902,439,0.7336121310297452,0.9150359032941653,0.005643132104267311,0.4390633366736038,0.09278758187548401,0.2119231288983001,0.9404822244527595,0.19467609984470932,0.8998712353280356,0.04303390907560343
spread,BBB,200903,434,0.7987182493679823,0.9460813843890932,0.12070899555171273,0.5121669648283966,0.27768534927734134,0.39944781139910557,0.9194976510588205,0.2624091311001809,0.8695999479047651,0.07109682290892033
spread,BBB,200904,441,0.7813157485759004,0.9050022159236678,0.05600785768852996,0.33612108179146094,-0.00775373086297456,0.1434497728688281,0.867320946563206,0.3234521444948661,0.8178651889089796,0.09768421758645904
spread,BBB,200905,451,0.7102572436082283,0.9254564066996118,0.04833245033978899,0.46512713510394404,-0.0804964385927045,0.17600142796475074,0.8818392490585252,0.2756590816529803,0.8274008595260444,0.020597532483081705
spread,BBB,200906,457,0.7012121263936948,0.943641401878268,0.03485717461264219,0.575181308068521,-0.029391241330371506,0.056761230579889445,0.9499151845467702,0.2436539340350511,0.8759008105033034,-0.039744162319614265
spread,BBB,200907,463,0.6410746210840526,0.9362837416246914,0.03680544338360677,0.6091111569270061,-0.07042567360397105,0.1351434505479854,0.8993835468441829,0.22489487011629125,0.8640627443906926,-0.004653226068233514
spread,BBB,200908,460,0.5976944856627443,0.9420565115639998,0.015142711490581964,0.6253846375049127,-0.1340015373624064,0.17755499364331076,0.9320060607218281,0.223667121844615,0.933531925513053,0.019845881843507843
spread,BBB,200909,477,0.625597307455447,0.9527482650192989,0.04640877429364419,0.6493108026254965,-0.3854053818574876,-0.17434776194569876,0.9705656076805811,0.15195839220614885,0.9743002178570275,-0.014086944559918876
spread,BBB,200910,488,0.6362718939594438,0.969585487737866,0.13847803114301832,0.7173034081915652,-0.19868445209563096,0.1386777075663529,0.9754507064445658,0.09598812827411365,0.9891387745603982,-0.03335710077121954
spread,BBB,200911,506,0.6433712834018511,0.9666285835863638,0.28863582524962045,0.8054987997907717,0.060030469216203856,0.428703820493625,0.8407936111787767,0.04983768179965215,0.9297100781406942,-0.0005609923505799397
spread,BBB,200912,515,0.5936079373616269,0.9664267834580644,0.23631740922272995,0.8069505490445364,-0.22345550593760788,0.10452302752415188,0.7593169989379568,0.042070918335753646,0.9209509400810945,-0.015285115220505666
spread,BBB,201001,521,0.539580551109488,0.965334845650682,0.25680474025500166,0.8628587002832999,0.03416718851559013,0.46482935572501843,0.7744561499648555,-0.008064482190825848,0.9313063993781775,-0.049815295325022366
spread,BBB,201002,522,0.6295188169785745,0.9642405019439432,0.3843667898625162,0.8855333490398225,0.22324307869387022,0.5107840397402581,0.764026494290051,-0.033462430482769895,0.9134460262631782,-0.06668696523416158
spread,BBB,201003,521,0.6309693173093903,0.9752395033624099,0.36174199796614703,0.8764832341544865,0.05207738519227741,0.42162061645148974,0.7605761178248065,-0.07276452400077546,0.9036776146221154,-0.08624921794632062
spread,BBB,201004,523,0.6362604478815473,0.9616765754053757,0.42346775031032785,0.897088950443291,0.2546923303925373,0.5839733576792182,0.7469614516898399,-0.08111111386217049,0.8741960642170037,-0.10472766589517604
spread,BBB,201005,534,0.709399726117761,0.9435787088267353,0.5330734181823842,0.9014536098628346,0.5107344537043622,0.5566479575351375,0.7086429748261953,0.014801596839131848,0.8492169102092283,-0.08186895959689486
spread,BBB,201006,531,0.7403745506809117,0.9514406875976027,0.5339236322337664,0.894767101610724,0.489887664674311,0.5853247683707485,0.6866865141106303,0.06931663495169228,0.8595815071596349,-0.028438275337522537
spread,BBB,201007,529,0.7289957648477218,0.9544373512668003,0.4502849319243727,0.8271124106933789,0.3042217751218358,0.5775668631847842,0.6772523301173655,0.09639487838335016,0.827827863792248,0.03621380855794622
spread,BBB,201008,540,0.7593006533653909,0.9727831068605802,0.5438212522448065,0.9053572413154802,0.5580195176709569,0.7288927609423311,0.6536754005560499,0.08116884267113879,0.796757898957418,0.03751384648194748
spread,BBB,201009,548,0.8006145912221604,0.9719438205555193,0.5669815092595895,0.8701264344097568,0.4904862147625059,0.7042173849319453,0.7029116715314954,0.0693461617907049,0.8304336316972051,0.04702846638281881
spread,BBB,201010,563,0.8112089290937222,0.9784078028297631,0.5741907683650727,0.8748530851913083,0.471355749366455,0.7177964243777686,0.7478834850690885,0.056175824289800516,0.8646889443395428,0.0747393732663836
spread,BBB,201011,565,0.8041895272897124,0.9833755729830911,0.5736669609644095,0.89297055915364,0.5156920798422902,0.656614252918819,0.7701663849348915,0.038411509671255985,0.8671393322952876,0.08514246024609318
spread,BBB,201012,573,0.7317169556147716,0.9707410999807105,0.4461741879333505,0.8608618860510191,0.3269649251107233,0.5545990702371797,0.7886627644640505,0.021247861918584302,0.8568508606719424,0.08652933856024138
spread,BBB,201101,568,0.6375435059932737,0.9701840442829726,0.35670797551042116,0.8670765191995375,0.2776540123380392,0.7107341386482346,0.8225626952096207,0.012583594446231097,0.86973983640173,0.06946252865273704
spread,BBB,201102,577,0.6678501999106369,0.9730086272582049,0.36820924211585343,0.8687703229806844,0.23223686118460737,0.5438473827176112,0.8724400878185774,0.003275530299623419,0.8928425491943047,0.05106983855248629
spread,BBB,201103,566,0.6734627311584729,0.9883691747077787,0.40352887673026294,0.8957377865485989,0.32473301882027106,0.69452166391144,0.8653635008480677,-0.01044434988959463,0.8838848972861919,0.04748163126719408
spread,BBB,201104,548,0.7558872005061354,0.9877258494865495,0.5492163134212548,0.9276512754992121,0.5354964478577368,0.7857463362621219,0.8408742856087458,-0.02011840424085167,0.8634703765593511,0.03687968189082722
spread,BBB,201105,563,0.7204527984315057,0.985674045546904,0.4919764412569308,0.9238510795547852,0.45797696495789614,0.7070755833258936,0.8828628348607299,-0.06163028092291757,0.8940039115759463,0.009314335026311278
spread,BBB,201106,576,0.7490725268953292,0.9843372004519003,0.5063371888579108,0.9023191805387752,0.5464657272750107,0.7376990823471812,0.946382152380373,-0.07299278457012667,0.9251730941472966,0.00614919688395618
spread,BBB,201107,569,0.7827682355945624,0.9852322619335135,0.49530173362811225,0.8741938305893754,0.24744232607767663,0.3096295084456266,0.959425302243294,-0.11433386948413787,0.9357791270159621,-0.009903640372998039
spread,BBB,201108,582,0.8063877911312138,0.9677243225143936,0.4769174739411649,0.843381489405701,0.21753239905209776,0.03649974550403231,0.9838194457065663,-0.09125954113632248,0.9549025781974999,0.007503607235997806
spread,BBB,201109,583,0.840839226031072,0.9751753699817898,0.3691591999753889,0.7278375644232415,0.2597870197419083,0.11928839206475289,1.0281667047733496,-0.06729570133956349,0.9606367179345008,-0.0071055473285509246
spread,BBB,201110,585,0.8603797247545257,0.9726902526731713,0.1213926479311893,0.42836542622032353,-0.27397818124188844,-0.1986048564566131,1.0910767687247545,-0.057250995224822514,0.9714768717751058,-0.009874364273066101
spread,BBB,201111,619,0.8104401027759252,0.9612761021814975,0.17587275679280254,0.5480525060792163,0.22401001382770372,0.2948253040733006,1.135685563908181,-0.0728638065029603,0.9636980786964995,-0.03864079230063649
spread,BBB,201112,643,0.8496025995588268,0.970190537514718,-0.09190792492634037,0.2715117128177124,-0.17033837168876914,-0.13459445889775726,1.1785779807894876,-0.054350652520585754,0.956574270023709,-0.05108362265027137
spread,BBB,201201,651,0.8436055744646584,0.9729357938326882,-0.14568201242652062,0.19074683404969578,-0.11713733327823968,0.08355139648513209,1.260743407501113,-0.017634803452108605,0.9669556641966605,-0.05803840784171675
spread,BBB,201202,654,0.8587394797743279,0.9706890099829174,-0.05459176226302626,0.2770844039811779,0.0046805367588616574,0.1790646245761451,1.2218862633158045,-0.023099162018449422,0.9500955578005801,-0.051161373398039674
spread,BBB,201203,655,0.8598002598372866,0.9793689447357339,0.08118070371123208,0.4126559875883342,0.2116987850143226,0.41805618997715666,1.2226601760201465,-0.020805897660884413,0.9479100806244986,-0.042514801570780775
spread,BBB,201204,659,0.890376145841687,0.9704221709505073,0.2811757735494779,0.5788320815303469,0.3212526150892694,0.32663916721064,1.197309371301468,-0.017570351929777815,0.945966942759464,-0.026959747624044468
spread,BBB,201205,662,0.9073667009974109,0.9620866732701511,0.2589894308316429,0.5210546881737911,0.22421833965351054,0.15529137778471425,1.1975363437670494,-0.010253673478917572,0.9571660253257216,0.008380030362208883
spread,BBB,201206,663,0.9162832112367477,0.9770710117341561,0.05331800057744888,0.3005504162063525,0.1484093473592254,0.2140485645881464,1.199520578592019,-0.009096230805730693,0.9640044168624567,0.010536974237105068
spread,BBB,201207,680,0.9041032864668322,0.967485992439775,0.0003725583062145336,0.25729056439856474,-0.012432272968227213,0.0017686412123744028,1.1817395347549806,-0.04080346935390647,0.9590996056797072,0.009929796991378565
spread,BBB,201208,652,0.8795954410595848,0.9730461995059503,0.006790371655723884,0.2963238151998301,0.015270510622838731,0.19300491096253658,1.184277430717422,-0.03763454589552531,0.9686725254609285,0.006519406033461313
spread,BBB,201209,704,0.8944772508212162,0.9780543678731235,0.05196477654484375,0.3425730943277529,-0.03221108209910002,0.12409460010287397,1.1924148115791915,-0.058392830372288214,0.9643526440702068,0.004492413511347118
spread,BBB,201210,702,0.9042828420751462,0.9778900416448539,-0.01419611668128824,0.2781893839466296,-0.20071200587755886,-0.15144672155134387,1.2444346095295398,-0.08309371056440507,0.9730636552210524,-0.0047331708851291125
spread,BBB,201211,713,0.8765309589261528,0.9724044933032755,0.07308159704885844,0.4038551131418863,0.16637262146527185,0.25937534945496826,1.278133256378123,-0.0834725594992297,0.9686318482151351,-0.012412801809728681
spread,BBB,201212,723,0.8595089915583126,0.9568161585645306,-0.07868521101241241,0.2412288903588431,-0.1926887119723898,-0.10017718258809248,1.3072748825486507,-0.10418022105756,0.9710219239707638,-0.013635763445856623
spread,BBB,201301,738,0.800732751488115,0.9614733492041669,0.00319417109341214,0.39971133758947935,0.0631404424549659,0.3557062549409053,1.3572983367162492,-0.10816706994918505,0.9852100543348637,-0.01307208527721213
spread,BBB,201302,745,0.8803638783096712,0.9821140272940345,0.05929883968014152,0.4257732877414627,0.03999853153456959,0.09582142629172744,1.4784588130348622,-0.07191360895867821,0.9848896554538513,-0.04771049221254275
spread,BBB,201303,745,0.8821788518962842,0.9861498865961533,-0.044240075264948275,0.3170244498485868,-0.02482774570261823,0.1040808587826669,1.4844222592850904,-0.020934847725150783,0.9895431080458525,-0.037127297156569594
spread,BBB,201304,776,0.891778705383694,0.9804635857613573,-0.009705230909088574,0.31622923147139875,-0.31412272265614466,-0.29488685979883467,1.412145732443098,0.011668307557118965,0.9882867702329915,-0.026279078674088945
spread,BBB,201305,797,0.889930181314475,0.9818300785713204,0.3001230338255556,0.5673606518326663,0.3400407165261449,0.5031542040222424,1.2856784790206615,0.016589801764082385,0.975549765445018,-0.006739741244703963
spread,BBB,201306,806,0.9046680484089453,0.9831595012055767,0.5400671769096709,0.7803876618318574,0.4796991145669246,0.4649059354281157,1.2511076727597963,0.016335299179587093,0.9839523876398903,0.0021412266130542384
spread,BBB,201307,798,0.8826797757004846,0.986524246097833,0.43664599758953326,0.7229959286977031,0.2101378398107884,0.38399409701420556,1.1810013889268003,0.029902748312858538,0.963661772006342,0.008645484025707738
spread,BBB,201308,809,0.8567425154358889,0.9833308575742332,0.4910949335559844,0.7995891199022022,0.3446395813870633,0.4388480115724341,1.1240464495956448,0.02480675266133597,0.9587595250344115,0.03698127618656733
spread,BBB,201309,863,0.8167580993503589,0.9680178194659979,0.439272420022004,0.7614897165586066,0.1767132055513585,0.386709192649365,1.0929219344136047,0.02236694893263819,0.9563130048205075,0.0352235559152118
spread,BBB,201310,891,0.8802055737034717,0.9850447852015248,0.5639526722864254,0.8211114744406439,-0.023522658777357215,0.114315171240593,1.0919643673166883,0.0320724130808928,0.9586411783239674,0.044708990782179825
spread,BBB,201311,897,0.8842735424309692,0.9900423090404894,0.6044391047070471,0.8461485118790939,0.3461108857970637,0.5341578153172951,1.1250331432423355,0.05890734826362521,0.9674272868591136,0.027922020433508374
spread,BBB,201312,912,0.8704624526376915,0.9724028721281816,0.6080576066101389,0.8451173296337227,0.13727473826840614,0.18943722736903704,1.1310404843043178,0.07747115397168183,0.9566926089638379,0.0366298793794425
spread,BBB,201401,911,0.8571861452669582,0.9903369622478922,0.5992053298830119,0.8860100251508609,0.0682461769555189,0.12953678975699412,1.1515337126415657,0.11197395231179753,0.96853723036495,0.053555887247718564
spread,BBB,201402,925,0.8924757714268895,0.9913005918335359,0.6086205382965643,0.8481278519213283,-0.032734292734292736,0.09973239589275891,1.1789480912468104,0.15596974416118578,0.9714623284572321,0.03956528742701425
spread,BBB,201403,925,0.8894057288536713,0.9911133218838938,0.6198462748091911,0.8645876880273343,-0.10297558919901106,-0.06282403007547858,1.1849478522064143,0.16716049719111406,0.975697938943754,0.04261481017244765
spread,BBB,201404,938,0.884141837406255,0.981544752266632,0.6329913476482566,0.8663578374872841,0.1369228853658715,0.2157312054613001,1.1739830313867032,0.16679356348386284,0.9675476110178383,0.04869026789601136
spread,BBB,201405,931,0.8976020740410964,0.9923486598563929,0.662622057209835,0.8849603239146653,0.0930302457554063,0.17067680306427216,1.161186328859048,0.17975289070057188,0.9631877816519663,0.05726959311079083
spread,BBB,201406,950,0.8986499133686182,0.9854277922053856,0.6536464382144526,0.8604037904208254,0.072638874479581,0.20207590170781134,1.1569956931725434,0.18068759338735313,0.9662390755265334,0.054280471912653616
spread,BBB,201407,962,0.8946198347279538,0.9906862229197109,0.68508100895879,0.8994860224077859,0.30038675763129474,0.34951587612826573,1.157257881713591,0.17621098881545977,0.9557563310617914,0.04913498680703321
spread,BBB,201408,976,0.8961881197980115,0.9895351078787281,0.6554157604732299,0.8746667910750259,-0.07283275745681572,-0.07462279426536587,1.1735551682609384,0.16724912391398508,0.9676841163969048,0.04789329332538511
spread,BBB,201409,1001,0.8816766419338852,0.9830722624194068,0.5915229441217466,0.8227339836556765,0.3918550551245162,0.5008395917772311,1.2229081062051057,0.20488170361647542,0.9718865283557774,0.03138495604609873
spread,BBB,201410,1017,0.8954638469358068,0.9834677764293417,0.5969904652461672,0.8274355080797609,0.03409094247298734,0.04358248240119728,1.2579721919015519,0.21278909344126545,0.9782787753527322,0.022805586184607846
spread,BBB,201411,1030,0.8935071752855344,0.9866940333970419,0.551841752237297,0.8009173464370366,0.11824895312042416,0.15574453009784828,1.276679421878848,0.21175002211167612,0.9793512878840586,0.030813864634211076
spread,BBB,201412,1030,0.9143914964204014,0.9661380753870628,0.5563707523122198,0.7566159024783992,-0.09264454655543695,-0.17312413985214187,1.2940163504676963,0.2206310116563931,0.9858119077904458,0.021715109606775657
spread,BBB,201501,1046,0.9177095731494607,0.9776342570401343,0.35834228250204025,0.596376334956855,-0.11686566792219918,-0.1720251476205275,1.369509349412858,0.23390926736984655,1.0088956465802665,-0.0028378247718987178
spread,BBB,201502,1083,0.9047915046310449,0.9787640606182396,0.04453494645566341,0.28730806976472617,-0.23732522799683456,-0.07899220836315674,1.4059462711997142,0.24877857298964057,1.0044035088079746,-0.007307847182470555
spread,BBB,201503,1077,0.9267483503528291,0.9901511957923275,0.3183792658420505,0.556503371332242,0.08156264161907717,0.11400626314652199,1.4212082244632087,0.22101712114612457,1.0049876023871973,-0.013465636677974626
spread,BBB,201504,1097,0.9180369188670393,0.9874135667540477,0.24725243900588606,0.48169135613393926,0.0617558714421414,0.20902636737941208,1.4401557682174988,0.17213925787079606,1.0020213271349776,-0.003605580722246267
spread,BBB,201505,1125,0.9159741431050852,0.9883595572632848,0.331854980971094,0.5640449137162147,0.10505475143807588,0.2343819136206065,1.473466301846104,0.1472490715401655,1.0009854575639427,-0.01676918732642965
spread,BBB,201506,1143,0.9232211692139802,0.9904157826583666,0.37002011058873047,0.6057882566742047,0.23235437966573094,0.31746276973316245,1.5217258711051618,0.1333601851646807,1.001732046169196,-0.024460453195425492
spread,BBB,201507,1177,0.9309780487740621,0.9897613219545895,0.3968395427864053,0.6311770781995366,0.07339639097359006,0.06838103995244496,1.5315562342188955,0.1341267038086519,0.9863728425842639,-0.010405240068713222
spread,BBB,201508,1197,0.9425013976230974,0.9864827317356168,0.27545297026944954,0.48694358922709374,0.3653518086949126,0.34127962331771783,1.5779860340829035,0.10672010866953582,0.9841051463423931,-0.029461329500269463
spread,BBB,201509,1190,0.9497123913176432,0.98971260190747,0.17281105916127817,0.39720902584379636,0.4652685352952196,0.4527370572644969,1.609211380835675,0.12553794298440393,0.9789761288470435,-0.001003585633833187
spread,BBB,201510,1198,0.9342751036125447,0.9846519565827808,-0.2825645930406972,-0.06051195609921132,-0.0438902376720843,-0.004928983471977032,1.6695644498105193,0.17427227418017838,0.9771824095044155,-0.018068643011062754
spread,BBB,201511,1232,0.9482734751808642,0.9783861596177905,-0.2650493111387014,-0.05359738489035545,0.24674478278758155,0.18867542949665472,1.728744856294624,0.16571762856503988,0.9778767601766981,-0.03378253273855182
spread,BBB,201512,1347,0.9049177360838923,0.9604158585776142,-0.38464727457700065,-0.1605926855444986,0.2267885444068548,0.24600999625082562,1.740967044628562,0.16059441739010097,0.9688459552872458,-0.02944062537292749
spread,BBB,201601,1352,0.9483195599007049,0.9768702322890285,-0.31940539381466426,-0.14269135864184707,0.4875478824496276,0.4799636560861587,1.7554931634112638,0.16608445655235163,0.9707716145509682,-0.027295466853116873
spread,BBB,201602,1392,0.948356415084636,0.9760754862756901,-0.7448046745522398,-0.6127270082636926,-0.019066389331451456,-0.04460409956127499,1.7668565404122871,0.18581865013902144,0.9706983533207838,-0.04326349860835119
spread,BBB,201603,1383,0.9229623422370639,0.9701007932367657,-0.8548791978213885,-0.7350011283823107,-0.4819333658953528,-0.4131754320310167,1.7839947801989775,0.18022746505539963,0.9685218892317952,-0.05256277403366333
spread,BBB,201604,1397,0.9267741629227201,0.9841285596068867,-0.7649207018582872,-0.5888779872070627,-0.37431193047390365,-0.268112110628977,1.7922250568962623,0.1570767903150873,0.9776503891648185,-0.05723796211459882
spread,BBB,201605,1413,0.9438883753896745,0.9906930091898698,-0.6206363762500761,-0.4140021720419099,0.05413602089892851,0.0910854724625078,1.7788928916820783,0.15739365289885562,0.9789602717684173,-0.055315296342308654
spread,BBB,201606,1422,0.9450361743198358,0.9841312335224227,-0.7182840340042971,-0.5481488236712462,-0.2512230985407311,-0.23315241086919425,1.779117741073467,0.13660390079845736,0.9832901908621884,-0.0683831122034692
spread,BBB,201607,1432,0.9395813096959604,0.9830314961155618,-0.7409434849892348,-0.5732883635296012,-0.23428409236216974,-0.1793228251546124,1.7572973219300383,0.11164113497450001,0.9810418933583805,-0.019468339801296308
spread,BBB,201608,1465,0.93576514144792,0.9780026323931265,-0.715123498578172,-0.5615373334896309,-0.403257986547733,-0.33028344716982855,1.6825589641627066,0.07573318631666173,0.9861277286134023,-0.006336950268299119
spread,BBB,201609,1486,0.9411064062578306,0.9765626379232761,-0.36126322981061354,-0.17809289903011838,0.010987253127154817,0.06841706589374277,1.5173594591954327,0.08632790771333874,0.9842509696770159,0.022764391214817072
spread,BBB,201610,1486,0.9261889688659042,0.9809078601764597,-0.11830953145163173,0.10061406037997897,0.04984468796676783,0.1817729806146311,1.46604616261079,0.078333738693796,0.9821266044604322,0.0571313582253074
spread,BBB,201611,1491,0.9211243311001291,0.983042730666834,0.20047248730096487,0.4327781157168651,0.09167906184197734,0.1882850932383742,1.4067831356961176,0.07124347653596645,0.9846612589226773,0.07644044902446491
spread,BBB,201612,1498,0.8875294758110526,0.982916560920815,0.15820392741581338,0.45383995022975016,-0.36196359572515974,-0.2512646558598097,1.3920110484659174,0.06742371663759966,0.988567375205485,0.07938934000900259
spread,BBB,201701,1541,0.8833150215476206,0.9818517623788962,0.27512650103711944,0.5550282088116639,-0.21823615665869442,-0.05974782584419437,1.4007620251612085,0.050216387183471885,1.0025339589840458,0.046742612078438536
spread,BBB,201702,1560,0.9080338193026621,0.9885485169141949,0.34793468288009777,0.6102306645604397,-0.32458205375556337,-0.2412247694320316,1.4270249615898691,0.05129300401416992,1.0027413166651469,0.060096547548673655
spread,BBB,201703,1539,0.9394953878608926,0.9932222300733853,0.33713124931262134,0.55569869337057,-0.21498117142023712,-0.1938294889781557,1.517968291280447,0.07226976726474765,1.020944051328424,0.060261004066473715
spread,BBB,201704,1545,0.9429662958693188,0.9919809523905905,0.2292669987226643,0.4464165154745333,-0.4679088866648416,-0.4381681027447395,1.5510048102189602,0.06265812176250372,1.032039575071356,0.06538232999034878
spread,BBB,201705,1536,0.9505287149321906,0.9892114189463103,0.20588857948656464,0.4070167960125725,-0.47619994458156445,-0.4715639813290797,1.5217046205349922,0.07751170526112333,1.0240509269281346,0.05172502471058278
spread,BBB,201706,1555,0.9437019133012952,0.9855442495868296,0.13296885661728627,0.335073350946935,-0.4684529825831773,-0.46965048334426845,1.5077984766686459,0.06749327748645012,1.0243047172124387,0.06256432727522913
spread,BBB,201707,1586,0.9431458545201643,0.9904571239737252,0.26235013200047097,0.4649504860369644,-0.18631571546919243,-0.12411402053532192,1.4729387018626023,0.08351882504705664,1.0297748522554864,0.09223552533998886
spread,BBB,201708,1603,0.9369626640256701,0.975635695805183,0.3692560180780046,0.5605937392766399,-0.48503124584510693,-0.5156489112235839,1.4397928898085408,0.10468405931133581,1.0565842556068055,0.10269413770820837
spread,BBB,201709,1632,0.9482287650879601,0.9910151044220912,0.32193961763763224,0.5071038493946897,-0.5153874722851705,-0.45868361511799466,1.3219914754894249,0.11605847266634654,1.0360436681935212,0.1169938431863814
spread,BBB,201710,1640,0.9559796954992202,0.9911286290836065,0.5886535325588985,0.7345904181096038,-0.2235995489265899,-0.18876136260563806,1.174106760863176,0.1500306018047684,0.9790922159029315,0.11637199322403324
spread,BBB,201711,1627,0.9569387522380413,0.9810925822969984,0.6377746961916076,0.762813287160762,-0.31730872053796216,-0.3597347274596541,1.1392127561962748,0.1492140702648165,0.9674452120207179,0.12536460479122677
spread,BBB,201712,1635,0.9480445811353744,0.9765881977051932,0.47149371934274276,0.6016156587760431,-0.28492281431195604,-0.2967071539956186,1.1257868673353773,0.1427317174756106,0.9649637079538871,0.12069142347161292
spread,BBB,201801,1652,0.9498858413285253,0.9831328502469271,0.3222328157082212,0.4512658721037519,-0.20706302438350405,-0.1545730167725397,1.095474064793931,0.13082795337379052,0.946694670269986,0.12197707298991076
spread,BBB,201802,1686,0.9424604287030176,0.978751886529772,0.6173840640563913,0.7297720678746485,0.4207026680247219,0.46224629632037273,1.050831104967301,0.12453104238945589,0.9125481286036539,0.1409418164412111
spread,BBB,201803,1672,0.9487497866096083,0.9804225948791548,0.6054146337570234,0.7285017492493328,0.25134583177877007,0.2517928552806343,1.0424927082241209,0.11901469385336905,0.8981865926836183,0.13974065040314396
spread,BBB,201804,1708,0.9509735528404665,0.982265619204316,0.44534797640977997,0.5683418977633369,0.41649880662327865,0.4730574449404415,1.1427355780459707,0.09565742445375355,0.9402228444802103,0.10667267457183306
spread,BBB,201805,1730,0.9514265120131635,0.9708258857860546,0.373323400627963,0.46615872038846445,0.28944214393232115,0.3092775699057904,1.1915364023857065,0.10714090429322005,0.9590726082280109,0.05490206497917636
spread,BBB,201806,1726,0.9640919920132041,0.9805603561380049,0.302562121206918,0.3937098233047603,0.3173854889225042,0.3221681316459973,1.19749529716251,0.10648060655263657,0.956456910285901,0.027487573912196823
spread,BBB,201807,1738,0.9698917072052418,0.9821889394179436,-0.3109201214615081,-0.2453842254290147,-0.15667355036441996,-0.13836247009080083,1.23724120044062,0.09038395631115213,0.9608724029968079,0.009046184987501007
spread,BBB,201808,1749,0.965684109152094,0.9799671051677068,-0.06209797040378331,0.016785427167809272,0.33935885000259425,0.3667562828130666,1.2821992640238662,0.07016807336368547,0.9667833500266426,-0.003893264672166838
spread,BBB,201809,1792,0.9722967414763846,0.9820743527519386,-0.6259839359088951,-0.5755278905203925,-0.0883479525283262,-0.07764107329312422,1.354076317960056,0.0008830167831113563,0.9735030731994421,-0.030689582142483345
spread,BBB,201810,1818,0.9770520688211219,0.985819884296143,-0.3593164107899498,-0.29610504952019917,0.5068168049734009,0.5241903162048905,1.413516126782527,-0.0186072422849147,0.9750143005317689,-0.03824856197380135
spread,BBB,201811,1849,0.953229775037515,0.9545741054505419,-0.5980713579491502,-0.5504286046968446,0.13685753733917871,0.10082419802599316,1.48123702806999,-0.03752531394315493,0.9734249706091768,-0.05714505929560532
spread,BBB,201812,1870,0.9546547070012551,0.9634532113716294,-0.72750175082855,-0.6707117222896415,0.29158921569180674,0.2821577696867271,1.522800932571575,-0.010011037748025935,0.9670931563269403,-0.04557633801155581
spread,BBB,201901,1841,0.9270239973726057,0.9518727688644588,-0.7691247043557369,-0.7006955561549639,-0.042074544208471454,0.008508518195402381,1.5433356084787637,0.02665643155656313,0.9714742925813,-0.05084746375095526
spread,BBB,201902,1847,0.9505278846865473,0.9705725510929445,-0.7971766507125887,-0.7288562989573498,0.018592680325266578,0.07289597602762873,1.5445866394177372,0.05876063967229867,0.9749596278824092,-0.0421003913803917
spread,BBB,201903,1828,0.9626197801334029,0.9747813410510279,-0.8368663594316146,-0.7826830624694625,-0.08911132215379189,-0.06258961810120119,1.546926072414085,0.0807885858087625,0.9786720486128807,-0.0362248508168592
spread,BBB,201904,1860,0.9491647337887824,0.9639097384950475,-0.8571381422840589,-0.8026606373585333,-0.18814840983343817,-0.15498692598772543,1.5064360959179517,0.12717734070325684,0.9745070896769326,-0.018190719978605142
spread,BBB,201905,1844,0.9540456696722296,0.9644543059922387,-0.603218700587825,-0.5251808797177928,0.2824392673658199,0.27628067731220446,1.4816758186831707,0.13111091556534063,0.9713678010455565,-0.00889832188544392
spread,BBB,201906,1865,0.9462451955583572,0.9698036649513762,-0.7247854028333967,-0.6300599111303481,0.007580737663923355,0.054834078542234356,1.4554044213742552,0.13040037488006334,0.9655764772508243,0.0296594410327458
spread,BBB,201907,1886,0.9545748902945911,0.970022788602166,-0.6352304212296255,-0.5262662963350138,0.01840905350555168,0.012955319926186223,1.4188634419746728,0.12695864153588687,0.9604771696105632,0.02756563929715045
spread,BBB,201908,1883,0.9415099878683216,0.9558191028004114,-0.6445446508424949,-0.5655427828796443,0.052950504996664705,0.035731650761861966,1.3598857096248007,0.09580845338408064,0.9450894660332736,0.0011462602517332292
spread,BBB,201909,1908,0.9605200574208904,0.9685326580222448,-0.6659623315630225,-0.5774506933688018,0.4002141402937029,0.39779043249827195,1.3250864356399097,0.06655834417046327,0.9417705719849355,0.0015855768464090984
spread,BBB,201910,1911,0.9661478181547273,0.9749798100811302,-0.5345010157580252,-0.45826059255851703,0.5841639313439334,0.6029852766053193,1.3087957724260662,0.0076660073222490546,0.9349684163207556,-0.002767752543299538
spread,BBB,201911,1883,0.9655751853149519,0.9763064728401468,-0.5626228652556473,-0.4790501349957266,-0.03010495176984722,-0.03692234838040662,1.2858387150977049,-0.06921872540458764,0.9416351840132766,-0.04804033198202616
spread,BBB,201912,1829,0.955394135692046,0.971963391076252,-0.32568358993756463,-0.23097120547995087,0.1809071837414598,0.23526053573692476,1.2675112560175041,-0.11533082377777268,0.952741876956835,-0.07070754420790772
spread,BBB,202001,1806,0.9551518498169136,0.9745269427766182,0.010353542105918644,0.138604115248384,0.11846802835834137,0.13723400402025743,1.269201515474862,-0.12580134275704474,0.9704355540848362,-0.0773104452616716
spread,BBB,202002,1798,0.913217626858731,0.9406278473765128,0.039418632347827054,0.14619519223975763,0.3368216462541751,0.3642822701285044,1.255935898530275,-0.15044440032934583,0.9750975080643659,-0.07103475020700513
spread,BBB,202003,1772,0.7239866388022007,0.6831566518715231,0.04578520487563505,-0.0034229847947438944,0.059964226312557135,-0.018537815492120784,1.2397021618076596,-0.1353034085486049,0.9827340987887668,-0.07751979375764018
spread,BBB,202004,1728,0.8051874834431604,0.898311160393456,-0.44057648573291375,-0.2654948533040556,-0.3171055175392185,-0.1918082650741437,1.2065559734060418,-0.0880114827971383,0.9859031575427598,-0.0731425916029486
spread,BBB,202005,1757,0.865076511611021,0.9355269931875,-0.3260281519202377,-0.15635862133244768,-0.18255677571764012,-0.05249510785866691,1.2039971041448518,-0.017763335981239838,0.9947807549428466,-0.01598059874616629
spread,BBB,202006,1739,0.9134562562457267,0.9661583262010394,-0.24771357221105827,-0.06774190104484508,-0.34937725548543547,-0.23190605382500223,1.1932125218220255,0.05502348846343445,0.9948438969654808,0.020289895632638544
spread,BBB,202007,1726,0.9528754657096086,0.9739691989816207,-0.17863216911305138,-0.038789257250162336,-0.42620913456889564,-0.43276268323079836,1.1731004514136691,0.03330290486419795,0.9962070465619138,0.0023326426812196425
spread,BBB,202008,1719,0.9425545230247466,0.9805622049021646,0.12593280748860203,0.2820665087028354,0.12180544704863662,0.24904554490965275,1.1454728926432616,0.04072555239879826,0.9969154397742448,0.008362910524818058
spread,BBB,202009,1529,0.9672685064172297,0.9884926196697159,0.4034232367165036,0.5416438559701214,0.07545639385123758,0.08541581842683822,1.1171792391979805,0.07681646295064014,0.9889899749233064,0.03127537783742816
spread,BB,200307,137,0.6921077256763605,0.9097642422160099,-0.18390986988257693,0.2675527843635073,-0.21877741893329847,-0.12413426176563928,0.9061046169307337,0.13199814525675257,0.9236215347110277,0.04881830875962598
spread,BB,200308,143,0.5631794509857785,0.9287477505411079,-0.21819084671197347,0.42427171119178897,-0.19461407137463474,0.07674708263968898,0.9061046169307337,0.13199814525675257,0.9236215347110277,0.04881830875962598
spread,BB,200309,148,0.6882816650112759,0.8886817911766918,0.10311064385848664,0.5509743240479603,0.11861018668305341,0.14724250007504566,0.9057495775108508,0.09646357089564742,0.9171968251349115,0.07039819001506196
spread,BB,200310,150,0.6069192593094855,0.9010573850280684,-0.16879861327170098,0.3687441552859826,-0.30088981732521447,-0.04769998257704783,0.9057495775108508,0.09646357089564742,0.9171968251349115,0.07039819001506196
spread,BB,200311,152,0.7079560890190163,0.9254733043614611,0.01766346134131589,0.48571909420440085,0.018227297890226146,0.03133230646484722,0.9057495775108508,0.09646357089564742,0.9171968251349115,0.07039819001506196
spread,BB,200312,150,0.5798602067495798,0.8884789923066415,-0.12353082359215967,0.42498497708405686,-0.2300742255211343,-0.02428912269726528,0.9057495775108508,0.09646357089564742,0.9171968251349115,0.07039819001506196
spread,BB,200401,139,0.5418458255917314,0.8750312796060948,-0.09479869520532641,0.49980282788663044,-0.1784172661870503,-0.042535555215692696,0.9057495775108508,0.09646357089564742,0.9171968251349115,0.07039819001506196
spread,BB,200402,143,0.5453803023566772,0.8508474576289098,0.06922420302701993,0.6467025689463073,0.3046102958074789,0.4427224030845698,0.7981399916294265,0.06467793835589408,0.8313291246950336,0.023966584500430398
spread,BB,200403,139,0.6327135910272508,0.9531644834296668,0.15705795611957638,0.7447609748946206,0.3207650029045086,0.576893215383335,0.7981399916294265,0.06467793835589408,0.8313291246950336,0.023966584500430398
spread,BB,200404,135,0.6460620723034237,0.9629020831079514,0.048907423665983815,0.6217684436990817,-0.13703053360647743,0.15983621050325406,0.7981399916294265,0.06467793835589408,0.8313291246950336,0.023966584500430398
spread,BB,200405,140,0.5299496292995114,0.8839882179889353,0.0231265443572194,0.6290931156919555,0.06097832979816756,0.2896869174504673,0.805815460254006,0.09162452740451321,0.8336078285977823,0.040527123712221114
spread,BB,200406,146,0.578496462545089,0.8983173065340497,0.07053300299808163,0.6141567565911497,0.08833640210926128,0.3290164730930182,0.805815460254006,0.09162452740451321,0.8336078285977823,0.040527123712221114
spread,BB,200407,152,0.7354907825326641,0.9465881733823361,0.22368933631312404,0.6434160381175614,0.13855001742767514,0.2776953378295719,0.805815460254006,0.09162452740451321,0.8336078285977823,0.040527123712221114
spread,BB,200408,153,0.6468448757118711,0.9036598227010852,0.13268800343103745,0.6053166136867258,0.09303338560304503,0.2342962209078394,0.8143751193938071,0.11268561417239749,0.8538384136580306,0.08083985831409074
spread,BB,200409,155,0.7627404853211305,0.9027485506429226,0.31103090457929167,0.7016167755402858,0.4170378009087686,0.3898195024979234,0.8354959621816631,0.10236530056699343,0.8518481759694848,0.06018153598176733
spread,BB,200410,162,0.6873833460719831,0.8634066722715183,0.25383135679214636,0.5909992223675872,0.18677714409909663,0.35514373497835755,0.7860911404505079,0.09801402678059111,0.8313939182043989,0.10842951020012857
spread,BB,200411,167,0.7597109048401403,0.8898788799732849,0.30564945839817786,0.600560798594809,0.15671153390293424,0.25216225669626824,0.768861554926083,0.0866989565103706,0.8205661724146807,0.08908053577129665
spread,BB,200412,163,0.7972910719170418,0.9566913124249543,0.32743944003857217,0.6844573634288182,0.23205923265776626,0.3217773701342725,0.7960032266529229,0.10830793723926639,0.838466446137053,0.11919289741645579
spread,BB,200501,164,0.8188138664294611,0.9088339958056416,0.439896644060774,0.6852607200831324,0.3069622427069682,0.27717368755920335,0.7944517679352586,0.06146475104556768,0.847095865953655,0.11204955834544464
spread,BB,200502,169,0.8429887163607482,0.9018935591641862,0.38867535179752377,0.5635409046195429,0.21606583461787085,0.2397063293220491,0.7755830509602495,0.011369455598302304,0.8341083736719092,0.09345157719727527
spread,BB,200503,172,0.7471213134286404,0.8090672395965155,0.2340344745450129,0.37056170368343483,-0.040735997811439474,-0.032685765495957496,0.7577319981381954,-0.012639021588632643,0.8574043457344098,0.10778964205076297
spread,BB,200504,187,0.7994202784207792,0.8486288241020855,0.36470257910364495,0.4591673865790661,0.2764324173545378,0.28796967610265767,0.7991026059023874,-0.026198693048761604,0.8638124487969794,0.08100524596825485
spread,BB,200505,196,0.8596698907289624,0.9061651067627712,0.28315629258341374,0.385728601170193,-0.0035556901401716493,0.043434969270239904,0.7433654162676238,-0.016654523419512547,0.851384143242887,0.0960597175174932
spread,BB,200506,190,0.8550723560062702,0.890937163752154,0.36453349779334904,0.4580195209227733,0.14571069908628465,0.1824679116379762,0.7806610244411558,-0.07307507292300429,0.8813007332198265,0.05782648883493028
spread,BB,200507,190,0.9087407551269333,0.9289403712522151,0.3659419053742559,0.4296569165624225,0.09344565602487896,0.11634254281890519,0.7601779416237726,-0.07790347505178041,0.8567589328130447,0.023643443255717937
spread,BB,200508,190,0.9041087502036199,0.9125254126382604,0.5867084815004353,0.6255673549945091,0.43484190406207496,0.4324184358173613,0.7323338032507852,-0.11117204001648098,0.8320256912302573,0.02953851858637195
spread,BB,200509,197,0.8317107377005974,0.8481425280271833,0.43034038719317913,0.47404536748543374,0.269890974386986,0.29088730174259647,0.7280601138904385,-0.08854971760711289,0.8228940220486921,0.015516081243098225
spread,BB,200510,194,0.8231881294872214,0.830834417407876,0.4551145772127557,0.4852349732359087,0.28660451241509943,0.29983597154082287,0.7059563507406603,-0.08699165111137563,0.8344746573433274,0.03579054011799238
spread,BB,200511,197,0.8899646011662943,0.8952094010839702,0.4452093712427288,0.4662936206782973,0.2848572747049905,0.2859350413399144,0.7682861658934877,-0.16680239932064464,0.8457155283467978,0.009466081571686236
spread,BB,200512,165,0.8927132184770408,0.8950585416140602,0.5462506344669142,0.5578444644665603,0.3533967355007614,0.34153756352263853,0.7457523588542169,-0.1334771674658732,0.8502378365486498,0.0008400744405132252
spread,BB,200601,164,0.8033093511486369,0.8040065213282753,0.06569994422755157,0.07323219441567796,-0.19149810237645037,-0.18854144349218535,0.7895717694944534,-0.10331265108164005,0.8878585008096442,-0.03060307636861336
spread,BB,200602,171,0.8397618011947731,0.8381932148671414,0.07941056471548229,0.08489582270846671,-0.03934768521851825,-0.04966046230889206,0.8854636137948187,-0.13945123283863534,0.915919665955932,-0.06061485896711582
spread,BB,200603,168,0.9226273031096127,0.9248339897832192,0.0058994437161180606,0.012048215640468951,0.030289378976619884,0.03260648801680112,0.9166209755981254,-0.11910568726770367,0.9124719096379155,-0.034581620402510185
spread,BB,200604,158,0.8213025798804893,0.823498315596417,-0.10570327629195006,-0.09984247488753087,0.0011333228874937438,0.0018574424341430277,0.9546516596767655,-0.11430188551658783,0.9010351431041912,-0.09420781487116099
spread,BB,200605,152,0.8613101396263437,0.8912581596749378,0.15606653954715383,0.22539357634333698,0.1376410445670077,0.17159313415696983,0.9085893804351973,-0.020713779254153752,0.891026315890071,-0.02593520695234682
spread,BB,200606,142,0.8347677754589874,0.843580025839417,0.017257240811331315,0.046252162406057354,0.056285638245482425,0.0571954269651816,0.9181318390351301,-0.03015980772099894,0.863656998880153,-0.007929074769144432
spread,BB,200607,141,0.8299782631306849,0.834149406060072,0.24355922770666552,0.25299564620141163,0.3595701870799264,0.3614853439193359,0.92666199742225,0.01722851423541291,0.8600423972564947,-0.006301285947295245
spread,BB,200608,140,0.9013577253038658,0.8944244299519349,0.28227241914674955,0.28564087481580314,0.4151013535676019,0.3987483285374774,0.9365233420564898,0.02462373506937441,0.8702517010032327,-0.011561067210431607
spread,BB,200609,142,0.9273538841991068,0.9226428102911005,0.1634041714952713,0.1694545149734436,0.38730613108797113,0.37221023072652404,0.9425763567132804,0.05193635561532891,0.8619309956207784,-0.006154351145426003
spread,BB,200610,143,0.8626385577346919,0.8743323463465972,0.038814471913063454,0.060887301141213615,0.22199924488656883,0.23153713093291076,0.8957056050930465,0.06058487972870436,0.8427465406359665,0.059817915598626654
spread,BB,200611,157,0.8901783845395261,0.8907138266559879,-0.08792537785523354,-0.07328113843709567,0.16884562667840908,0.16454649126455745,0.9634139400675844,0.040638574548134326,0.864559824787283,-0.05760797787114429
spread,BB,200612,147,0.8943972784037247,0.9065524982838175,-0.16323508300024936,-0.14081545915645785,0.14245290859772267,0.15002975094238086,0.9284792766097192,0.10265292628067128,0.8618480676949164,0.039927298874799164
spread,BB,200701,152,0.8300768785951049,0.8299482975449176,-0.3097376280592404,-0.30125864017752196,-0.04571860113860811,-0.05161851404785143,0.9237048578846138,0.07034268557348718,0.855128164937665,0.022557289372260612
spread,BB,200702,157,0.8752825782966136,0.8796180798093661,0.21109657092886958,0.2306119743533718,0.3827609945484653,0.38915363666045,0.9055474172574696,0.1096925154931983,0.8478799384373493,0.0780899421847023
spread,BB,200703,157,0.9132451101250599,0.9199105672652623,0.08808973015213441,0.12227984898185887,0.29264942104577674,0.28911009295256895,0.917448847286912,0.09265059059200495,0.8655283348819814,0.04084737630194002
spread,BB,200704,134,0.8948236004231072,0.8996452552168032,0.1465629247247472,0.18552124779780726,0.3389842766119278,0.3400071572056623,0.9065192340531396,0.12352092385217636,0.860888451666728,0.10780969879765998
spread,BB,200705,131,0.8862322438189788,0.876816332849334,0.08824534244381572,0.1027657223402372,0.23659317781455189,0.21738759081925507,0.898483295410719,0.14631679605040557,0.8556475406406434,0.13986005978485
spread,BB,200706,136,0.9088363228303115,0.9104258653632845,0.13331902103907253,0.14260821027789253,0.20950336338915126,0.2092679593113414,0.9352094471065185,0.0963627269183664,0.8896035734503919,0.065238395361281
spread,BB,200707,128,0.807486631019348,0.8067633472253725,0.39218435268265883,0.39377114613276726,0.4021413202710126,0.39876109613317084,0.941035186572676,0.13369490949758048,0.9037786943611037,0.10538949349854146
spread,BB,200708,125,0.6390004270396578,0.6633189758462418,-0.35812596006144387,-0.31731587501186614,-0.33777572964669733,-0.31589344360654026,0.8876568148327582,0.18000131914468942,0.8617767876752905,0.15418130539206293
spread,BB,200709,125,0.7323466386286562,0.7780928520051346,0.11693394777265743,0.21504213530711408,0.13002764976958522,0.16651664060490443,0.8795536873973199,0.20876121795149136,0.8603386618806725,0.20202363906815832
spread,BB,200710,114,0.7797864347955905,0.7963211975715475,0.0897065673032138,0.1873330565805168,0.12892002997104152,0.09706665587115787,0.8647952765460087,0.20451098772462617,0.8490224087795364,0.1743716561202096
spread,BB,200711,105,0.8215874102391559,0.8742982733624615,0.2527265187642546,0.3794960579361471,0.3225793074849678,0.35685443113910437,0.8548491390731419,0.2152863354016916,0.844042280438916,0.19605405193614012
spread,BB,200712,99,0.683351886209029,0.7791252829944514,-0.1700556586270872,0.07445979542678928,-0.06440321583178726,-0.003753911613294111,0.8217896555403698,0.23627470100882492,0.8148158683016291,0.23546591874064618
spread,BB,200801,96,0.6775683503163871,0.7638413174437589,0.06645415084102008,0.3206185567010309,0.2143516006511123,0.21128594682582744,0.7831496186907512,0.24524593458141597,0.7775924309592113,0.2409752879771101
spread,BB,200802,95,0.6033755717267199,0.7986016090643354,-0.15145576707726766,0.3308183847952301,0.11546752519596865,0.16353697884624255,0.8480658769304609,0.1462194816837236,0.8421806017081046,0.15093485574834062
spread,BB,200803,115,0.4492293610205282,0.7724696547970612,-0.35730757773993954,0.18742639356620064,-0.1987063021906774,-0.03928043730860106,0.8455655928239719,0.13294695483724667,0.8396443722488445,0.11808416630762886
spread,BB,200804,114,0.609667339680393,0.8022016743483252,-0.4399303375792309,-0.01985383012464354,-0.523711548976327,-0.5695076436447628,0.9164763140582981,0.08775185953515077,0.9099189138518062,0.09427071146800955
spread,BB,200805,106,0.3722012857506782,0.779643596680824,-0.3905937476383606,0.2435511174735169,-0.348575459102703,-0.0774873541453981,0.9165786615577213,0.09499908101487552,0.9173756753187063,0.09468249131632704
spread,BB,200806,105,0.6051192469459635,0.8543992784499115,-0.08739373833713455,0.4349493829074756,-0.03616006634874559,0.015923781483634433,0.9132203892009136,0.1489294540404581,0.9244146087736717,0.20322908710953924
spread,BB,200807,100,0.5750949600761208,0.827583206573241,-0.04832883288328833,0.37391651340256327,-0.07095109510951093,0.14519695528704799,0.9114487666521117,0.12239781170152221,0.9329163620331219,0.17390117057848298
spread,BB,200808,100,0.5985916549431529,0.7929384302924705,0.07986798679867985,0.4590546598022029,0.019945994599459945,0.17203223542005142,0.8662501888320094,0.16522544455797786,0.8856719374051364,0.2136797646481337
spread,BB,200809,99,0.7483263708334191,0.7674630022449118,0.17987631416202846,0.315059724985195,0.1649103277674706,0.05688329277483216,0.8568635786709466,0.18831376704887354,0.8816721417170933,0.25412999095510397
spread,BB,200810,99,0.6363405855846748,0.6699361462277464,0.17215831787260358,0.33191197251850857,0.2998886827458256,0.2527342385115314,0.8481658651975589,0.16821840958029832,0.876572534452549,0.2035549627114263
spread,BB,200811,96,0.6939594949023561,0.8050754053486252,0.04976939772110689,0.329805308671185,0.296703743895822,0.31273378393286866,0.859161693913036,0.1554219850890667,0.8841898970174216,0.1942238896248644
spread,BB,200812,94,0.5602167435213457,0.6470088866411386,-0.21967994798251636,-0.08114874019205007,-0.18924972004479285,-0.11699087873307218,0.8735705632313135,0.08769478645650013,0.8967315085478047,0.09210696039777255
spread,BB,200901,94,0.7499069822935982,0.7615849782605888,-0.49414442076364556,-0.4385153075762706,-0.544139002275765,-0.5630705320163474,0.8915225587489768,0.04814560897718033,0.9067384001713111,0.07608373060054031
spread,BB,200902,97,0.7681226597804096,0.8940596337815183,-0.20569903219019564,0.08458501402125321,-0.13416526404376183,-0.08062697450000995,0.9768952489634779,0.0649251904742566,0.9874572595500536,-0.011139016367646318
spread,BB,200903,101,0.7637246794307221,0.8784140712925671,-0.24139778683750726,0.032679186602312706,-0.2426790914385556,-0.15913849487107332,0.8789187800037642,-0.012704363315413343,0.887275952852053,-0.03368324158993865
spread,BB,200904,113,0.724703436100808,0.8014185282007505,-0.5606244593785349,-0.3803719506747996,-0.6715516667775634,-0.6171661219033908,0.8784505297956045,0.0149581702699019,0.8838262921419816,0.003015464748287639
spread,BB,200905,110,0.5344895599353098,0.796480803563378,-0.42893852985596104,0.0017807752909946048,-0.5282825778238622,-0.42062814031667756,0.8745203288162052,0.045934939516073,0.8783934779483763,0.057356545910677674
spread,BB,200906,113,0.32635722261453254,0.8256793173213101,-0.4026382327500167,0.36916774965629634,-0.2629083771375341,0.05095181161402871,0.9106983093941288,0.10126033432399069,0.9159837051640382,0.107194879793255
spread,BB,200907,116,0.46994964056433325,0.8527022117845527,-0.17076077345942411,0.4522247572851881,-0.10331757198323915,0.10529370947951155,0.851406562584028,0.17920628289351703,0.8757301652672178,0.17810458258217143
spread,BB,200908,113,0.6043424560171695,0.912543717752409,-0.017432962938319252,0.5864661654135339,0.25509015902588333,0.3792501164415464,0.7862232986554685,0.23347290396096054,0.8220247817891106,0.22426504606105863
spread,BB,200909,121,0.526299032312436,0.8414499488548222,-0.1499525809510906,0.42369063707951027,-0.017287630402384496,0.022950897408671848,0.8367423680432221,0.219741811222857,0.901144082059293,0.2216724806427483
spread,BB,200910,120,0.6709933710484618,0.9039753036690302,0.11633446767136606,0.6047211775895115,0.25934439891659145,0.24388583889944557,0.7433194266598859,0.1916498928054342,0.8663523065104072,0.16884504644180728
spread,BB,200911,122,0.6063684249086864,0.9037628421601331,0.09016228219456018,0.651070649663194,0.29558755010392535,0.4286597052432366,0.6857440916577336,0.19778858223326826,0.8166100172775136,0.18064150791980763
spread,BB,200912,116,0.4212709438960305,0.8542190050235638,-0.09189251528082114,0.5544138056010754,-0.11786414485065161,0.12790675324826986,0.5998636706377797,0.20521388847099667,0.7714348709591039,0.1514085850271105
spread,BB,201001,118,0.3917339405488629,0.8585374226676111,-0.04531825768116895,0.7316233198280393,0.2045110090972504,0.44865485714151815,0.6056126305471671,0.15006299141224877,0.7911478317893959,0.07840988091763912
spread,BB,201002,121,0.5305286047436899,0.9233536219808358,0.02937271372442758,0.7019792405836521,0.22585692995529053,0.5172377002407164,0.6136435886084974,0.17492211106046732,0.8159359875074855,0.02362390621107559
spread,BB,201003,130,0.618194580265574,0.9152609032513707,0.1517677422878914,0.6886707297262014,0.21653989539663246,0.3907501000291781,0.6082270446014624,0.17750156000046577,0.7864561023017234,0.08961891222362298
spread,BB,201004,127,0.6668551199492764,0.9498451105718683,0.09009420697412822,0.7095669546488841,0.45712059430071234,0.5300448483242292,0.6938418860199896,0.1969377595422083,0.7956450481748034,0.09100879042549748
spread,BB,201005,130,0.6434908717537718,0.8864978983654219,0.017667863824441136,0.5632530326146981,0.1976402791243906,0.2756725828193353,0.8278353331007392,0.15166180481480326,0.885162381173955,-0.049548561238021094
spread,BB,201006,134,0.7064961233825122,0.9351370290898724,-0.04217758326163668,0.45000729438572584,-0.034456788738014194,0.06684148246838796,0.8129005287263523,0.1340146683568288,0.9261489538942271,-0.09339014829315188
spread,BB,201007,140,0.7403689194533262,0.9614000675701367,0.12788261791782382,0.5749101262224022,0.08651024469178459,0.21414014187579605,0.7127381029777314,0.13191968339042112,0.851239118227546,0.05891632131115816
spread,BB,201008,140,0.7434333097239746,0.9652978910211507,0.23655725875226877,0.7212286673039628,0.522687017559205,0.6909362060877936,0.6653191476936721,0.1289042410138249,0.7563393640865712,0.0561803600612939
spread,BB,201009,150,0.799088669797791,0.9552129215240043,0.21231699186630518,0.574749365750967,0.33307969243077473,0.4459751845894572,0.6873334315724995,0.10126170139531723,0.789171218407853,0.04884380655783939
spread,BB,201010,149,0.7592962089606384,0.9190630501210474,0.2863849083983312,0.6252010023592289,0.3493488118991475,0.4229407064582788,0.6696114071710343,0.09578716360447521,0.7733464581371389,0.05172593172542943
spread,BB,201011,159,0.7221440203973003,0.8993893291587061,0.22181454502030096,0.6232953188440412,0.4329711010269883,0.5262329830427515,0.6260550179564897,0.08056453059437577,0.7127044908296809,0.05243264931130527
spread,BB,201012,164,0.637761042977189,0.8768648138356996,-0.006371662154992993,0.45246752610808133,0.13873464557289186,0.36418642170319454,0.6004380069483879,0.07219561740588801,0.6791450363459136,0.06357694237882312
spread,BB,201101,164,0.5740011086545396,0.9309369624644477,0.08209160284575516,0.6820172813467252,0.27974916001251476,0.5997227693702751,0.5975440714928794,0.048551363855954925,0.6862905004357042,0.038477676477822735
spread,BB,201102,175,0.5833949099696205,0.9499632218350701,0.0093640841916704,0.664186064220263,0.1884661889834304,0.4556654355111982,0.614070700174544,0.023831949983359507,0.7375845474154297,0.024906703830597482
spread,BB,201103,186,0.6383897684002293,0.9657704994472993,0.20534479623663685,0.7767312032763898,0.4564886777410497,0.7341796584583774,0.5942176210319107,-0.01273942110099027,0.7334576189367551,0.012958594493437154
spread,BB,201104,194,0.7045512537380428,0.9197495684588849,0.326592514370945,0.7718796379563617,0.5180319920451323,0.6052329680787453,0.5961438457135205,-0.07026463408647435,0.7565237933067153,-0.04805566581575938
spread,BB,201105,193,0.7156286893187708,0.936180086251875,0.1649801693285615,0.6866317542642425,0.4320081726403504,0.46435249926758326,0.7147744473997277,-0.12200543413170895,0.8981343418013135,-0.11241453835595142
spread,BB,201106,199,0.7314949466963662,0.9469127112341069,0.13067458504644436,0.6195254970835335,0.1889980204050556,0.20910913734789863,0.8053227490523278,-0.12712397021269312,0.9490907644995693,-0.07011528107485789
spread,BB,201107,221,0.6867288848924213,0.9300483147107718,0.056911292205409844,0.5640268213881693,0.25910147086617674,0.3977720182055746,0.812169844041298,-0.09869178745199277,0.9152589673262095,-0.10551860950155018
spread,BB,201108,221,0.7739667659660584,0.9431930558927138,0.16029995441760145,0.6099083013529731,0.21597273950215123,0.15999902164430058,0.7527264140337361,-0.08670490456515405,0.910695609938834,-0.0751314719468103
spread,BB,201109,224,0.8016664549080535,0.9330967324847569,0.24646380525304298,0.5861000352873115,0.19143711296177665,0.20881871066558105,0.749204505501484,-0.10879976415161907,0.9205177984310238,-0.0874652711186436
spread,BB,201110,221,0.8305331171691079,0.895039930536771,0.16928191045838104,0.3665357005079705,-0.0748985513691396,-0.0521841219653251,0.7574467940674334,-0.12327864416290597,0.9153315202371969,-0.07400560260113878
spread,BB,201111,227,0.7956440546646443,0.9337171808572983,0.12192301931390796,0.45566176936413527,0.01920618668811517,0.1307367703450727,0.7519444878669844,-0.1549621466384217,0.9135253171541711,-0.09879771825141279
spread,BB,201112,228,0.8095235805127899,0.8943840991950068,0.20662119296085663,0.4681284490711101,0.09756225972661103,0.10491046907624975,0.7736600278400815,-0.15689730392189602,0.9139478649019981,-0.10445133411615783
spread,BB,201201,234,0.8188029589229401,0.884693336630084,0.2265986714712859,0.4146409136672111,0.07347274221532282,0.06307270092531216,0.8214444980248449,-0.13333030054165068,0.957600587855934,-0.11389659960979998
spread,BB,201202,239,0.9082039040101036,0.9620269660007991,0.2032110333673218,0.4274584709729734,0.3066101754509335,0.3025637329278135,0.8768425665184977,-0.19205724500687585,0.9430022604662677,-0.11532306749027835
spread,BB,201203,232,0.9082270520793997,0.968976760199139,-0.003790201215093918,0.20331710354810031,-0.03334685146139933,0.0180942967672435,0.8924065969522963,-0.2059744321164573,0.9376029296545353,-0.0832884757296092
spread,BB,201204,234,0.9175956904462339,0.960731690984199,0.09070287457649345,0.30741699081940754,0.25751213447314264,0.24006604723224148,0.9081249132515113,-0.22388131314013066,0.942510173912253,-0.09581116935849548
spread,BB,201205,232,0.8823771076703707,0.9219413621431939,0.14654067258773487,0.3223656897724141,0.38038666971625373,0.3910809974482897,0.9049271568858858,-0.2259709102361632,0.9300655293258109,-0.09681685326737878
spread,BB,201206,242,0.9284615809612029,0.9563579340347158,0.05068032265316309,0.17366335095349417,0.05854809463510583,0.08143696400859406,0.9026205166449152,-0.26186552850738404,0.9341019644832876,-0.11994773047686144
spread,BB,201207,242,0.9467447179096203,0.9673614134927484,0.31648942588210793,0.4199161021298152,0.35890867262676646,0.3591486760272854,0.8680911683577948,-0.2795578629836032,0.9013356835659463,-0.1068362220622882
spread,BB,201208,256,0.9112048827041862,0.9552740855025353,0.14370207713435568,0.2929059419769603,0.23977311741817342,0.2764172398046479,0.8625676584970571,-0.30324829852715096,0.9134328042303459,-0.15588558208305223
spread,BB,201209,271,0.9300004582411053,0.9702058949084601,0.480688203940863,0.6331122122284856,0.6024160094542123,0.6167777497746444,0.8338434364079018,-0.266279372464269,0.8969092509472925,-0.21917067497650145
spread,BB,201210,266,0.9488112415132869,0.9771799176772239,0.45085652439345125,0.5825309634674485,0.5060432510149658,0.5255927096442112,0.8336198464532979,-0.2870701186813523,0.9124165007566376,-0.21732295014027472
spread,BB,201211,273,0.9493791476231395,0.9856109708552621,0.34154461897055277,0.5139693157358257,0.43073891544265097,0.4458131568910462,0.8426067536898989,-0.2834046245065738,0.904430254581073,-0.21679702987544935
spread,BB,201212,271,0.9512286189109699,0.9856664245833235,0.4028428960760196,0.5591935218136597,0.4657688782770181,0.4849206649483728,0.8483678469238078,-0.2939049681381989,0.9128654341514801,-0.215024471549398
spread,BB,201301,272,0.910028110625557,0.9695958930066393,0.015066656807485977,0.21513685737746813,0.07630707690399462,0.16295242573338464,0.9060661350590351,-0.30793009678113686,0.9434771100800521,-0.22467681716726315
spread,BB,201302,280,0.9160277301391991,0.9791440174964694,0.07491403862658598,0.3158579637766551,0.3166007948352111,0.35941897154573915,0.9032797149539021,-0.3113128201617451,0.9530646649083538,-0.22328754157174147
spread,BB,201303,274,0.9256319454355694,0.9890195743287437,0.16695917221464668,0.4027370601586312,0.37328131722292307,0.4589579523881002,0.9321597806904869,-0.2771876283971552,0.9654227425083507,-0.13732731282423205
spread,BB,201304,269,0.9523874989888428,0.9813168909356969,0.4479011386684915,0.5968014287938211,0.39885516654644987,0.3622650221818362,0.9290341365041894,-0.2385706140090672,0.9635606418563094,-0.08270353114567051
spread,BB,201305,273,0.9278732087072606,0.9665671341612855,0.1859482837556292,0.34631128112880416,0.030843785069611326,0.07764061655170029,0.9024264164947049,-0.20148784344630316,0.957005430556546,-0.07243624438488333
spread,BB,201306,279,0.8941190284449573,0.9587147915781842,0.035665108466222416,0.24580708473248275,-0.1830758434726873,-0.15770323337824318,0.8852853517069544,-0.1654754165601196,0.9428954805518492,-0.05630001243606243
spread,BB,201307,285,0.8515671816653859,0.9653609480860357,0.1914803506352802,0.49955846542477605,0.18161704862965056,0.34767342252179523,0.8938223195427657,-0.17354409855829359,0.9476789457436458,-0.02629081996809065
spread,BB,201308,291,0.8249355273733758,0.9666206554660355,0.1656813522344886,0.48879303029716276,0.12949856098641827,0.3042640502727007,0.904976459370121,-0.13434343237294108,0.9405934540991474,-0.00980948044059935
spread,BB,201309,275,0.8479837257831166,0.9649729385389955,0.22697440927843973,0.5514983646589111,0.3179140821095756,0.38941627546071295,0.9116438018429676,-0.1486871591526644,0.9430857653908971,-0.01997364905803395
spread,BB,201310,280,0.891990001681797,0.9618301863740453,0.33742504004242035,0.6130206066997302,0.3433600647238576,0.325350897716708,0.9108212946918228,-0.15928821587087086,0.9387192133457689,-0.05059919561993255
spread,BB,201311,291,0.8577116111699978,0.9620987945606743,0.14358920666767308,0.4127057521300704,0.06895431679725736,0.17680533443795457,0.940512593563843,-0.17246865667996084,0.9633592981818333,-0.07242109594387845
spread,BB,201312,288,0.8352357663521113,0.9561896939537713,0.2094797029285172,0.5122715624404396,0.18193317499166095,0.2250085557141667,0.9750296554979037,-0.1514482740562792,0.9818154889982112,-0.0955031568430607
spread,BB,201401,292,0.8737020454346021,0.959883806539711,0.25056284350805624,0.527308891860453,0.15226248389551814,0.10833014918677596,0.9683807649947823,-0.1231627276142299,0.9697012829988498,-0.09440793444073756
spread,BB,201402,297,0.9173310656575655,0.9552256666709658,0.28270185988306795,0.5147361324824955,0.20266285199171108,0.06693002517128213,0.9821986093931101,-0.1443430042408609,0.9716562841559793,-0.0904854474608963
spread,BB,201403,296,0.8997849541978126,0.9758502825330357,0.20386596149308012,0.444929624811999,0.08133881184728642,0.11879163405519041,0.9672615552998827,-0.1341681904293825,0.9623864006402827,-0.02601471783685173
spread,BB,201404,296,0.9127900022605712,0.9818510008024497,0.31802819768921464,0.5609433327129022,0.069907966518136,0.03005921567858274,0.9896389881096557,-0.16133101473172012,0.9799338917628725,-0.03107854819692081
spread,BB,201405,318,0.8399104545511543,0.947099823220866,0.24291564224326848,0.5338844528018643,0.06187252997890297,0.04695331135809826,0.9971577108868913,-0.1556252223987533,0.9859254654141518,-0.00783299803577321
spread,BB,201406,323,0.9078129767089421,0.97087491609261,0.331703797715374,0.5585512215080612,0.08942183534995489,0.08665500125310328,0.9886411563019122,-0.1547461122695545,0.9792855353890064,0.03190575254834244
spread,BB,201407,320,0.916241140115887,0.971497548096456,0.28274360589458886,0.4899622322559928,-0.26637564819968945,-0.34862396576351035,1.0032456180207905,-0.16152260938316138,0.9967459976432388,0.027394881423656897
spread,BB,201408,325,0.8460353280287556,0.9696325240192997,0.27484452834146084,0.6022838370880287,0.07061576914337653,0.1663693999215768,0.9867438787234597,-0.1950933715098062,0.990079326147448,0.03789011523492789
spread,BB,201409,318,0.9066284069895938,0.9727953598732257,0.1869505453754339,0.4213883652097293,-0.3620162555632325,-0.38802973106539806,0.9981541030309713,-0.18932660611965463,0.9989401123582162,-0.015280050557014245
spread,BB,201410,319,0.855728711030095,0.9583072985381471,0.29721808064134814,0.6031014173875026,0.13340518474274626,0.18884573611951114,0.9964542675933118,-0.1833205212177491,0.9955141133996903,-0.004060407422490192
spread,BB,201411,323,0.8448841869941324,0.9562953100150643,0.13864050578278606,0.4396074259009893,-0.09034770786015907,-0.026810103527868483,1.0036994859416677,-0.2072810708214033,0.9952882424661106,0.008431060409951821
spread,BB,201412,329,0.8728519598135961,0.9464473593429265,0.2275439920743502,0.47070934818393784,0.10240701177390332,0.11385856438755161,1.005633717109034,-0.21664103339700214,0.9910718115553604,-0.029767432403482598
spread,BB,201501,338,0.8851518409873658,0.9290649503571872,0.22389226701290263,0.3829523478339967,0.024743116082831227,0.0008104818171461685,0.9972320159200905,-0.21234726755781208,0.975266123636953,-0.02897863124528132
spread,BB,201502,340,0.9160087567479702,0.9654375671221701,0.12423026252516942,0.29594421090809936,-0.007832552998881021,0.05748924201525125,1.0291182095505687,-0.1760105690324238,0.9883704957601351,-0.030421919046767904
spread,BB,201503,335,0.9228896068922723,0.97274806370425,0.13100557945941807,0.32134280586715763,-0.10654660827598535,-0.07705916290488878,1.0499972584463897,-0.15283570567251253,0.9932237454422932,-0.03949137217363861
spread,BB,201504,341,0.892784785590091,0.953603812382533,0.09851768458579604,0.30466905568445324,0.022429326723743977,0.08776220104371064,1.065973172344094,-0.14433525382564194,0.9910494868831887,-0.06429543893690659
spread,BB,201505,336,0.9021900511900119,0.9742894320780708,0.0322483597274332,0.26811671914914864,-0.1454717721270713,-0.02657021794602213,1.0797339571009335,-0.15230919823889041,0.9865674995742633,-0.10320411740636908
spread,BB,201506,338,0.8910595644724821,0.9693125405891829,0.10193702647843923,0.3411155446399096,-0.13427109358454084,-0.022822757776328702,1.1003827685628162,-0.17301265644987282,0.9885320931069533,-0.06226993155175072
spread,BB,201507,347,0.8968773142704367,0.9436245436973901,0.25746726260397645,0.46872581616381415,0.16561156046387526,0.1276857745872555,1.1440996168354725,-0.1627937701036112,1.005253065744056,-0.04749107852400618
spread,BB,201508,352,0.9207141179272813,0.9487373092248345,0.20787522203952796,0.37943438887741965,0.16166953914829266,0.12384162569403542,1.158010903256782,-0.1225124296733291,0.9958827838546158,-0.09449070659156046
spread,BB,201509,367,0.9286095123836577,0.9452996974352157,0.16559701316351455,0.30311246439331013,0.23008829792573623,0.18681268194136053,1.1740124648438854,-0.10693537474029075,0.9862104023669355,-0.10199476841478654
spread,BB,201510,370,0.9026337698776603,0.9461196411838277,-0.2938166488097459,-0.15621402145622226,-0.20735953888277864,-0.17023222013256387,1.1658197477090266,-0.10482984875947232,0.9808688249229623,-0.08144570307473227
spread,BB,201511,373,0.9504485341484988,0.9773122413065819,-0.00033436912223711897,0.15615671376474594,0.11403906337797907,0.11527451524255436,1.1660706567134398,-0.10141556221524638,0.9770176718829828,-0.08368309106529641
spread,BB,201512,379,0.9364088637005655,0.963081910519713,0.14462453407044437,0.25124654823438186,0.34377941335308365,0.350240459460302,1.1881800797698008,-0.09597241455117606,0.9758889991697941,-0.07096760893246844
spread,BB,201601,383,0.9343233185152213,0.9547496793157413,-0.18296049888589672,-0.09459748748837349,0.13399783672576657,0.1385769340215628,1.2010906235616443,-0.10450165281975486,0.9660701520718668,-0.03676493302008205
spread,BB,201602,375,0.9371867210963637,0.9667259624818252,-0.4428182955967687,-0.34661020815718174,-0.19208487882580502,-0.14688227579259971,1.2055159848665227,-0.10757316485301173,0.9605837211280108,-0.041647912945748516
spread,BB,201603,350,0.9430859835200887,0.9632051317665009,-0.6495103750118076,-0.5802043726569726,-0.4198759406782329,-0.39088607665803454,1.216876970118292,-0.12832563456871418,0.9670072176578753,-0.060245438220833857
spread,BB,201604,343,0.9548004798434716,0.9765137503641946,-0.5316378868385961,-0.43529016782161384,-0.24748481312441042,-0.2206591917763632,1.2278075127688501,-0.12316981773781345,0.9592566664049811,-0.05568832810044496
spread,BB,201605,357,0.9342707802348619,0.9715367230156828,-0.27344287787301225,-0.13799325504228852,0.10539042055840604,0.1720589317416722,1.2354474376241884,-0.14266700927105358,0.9656498911120039,-0.06441788904008273
spread,BB,201606,352,0.9522646982818243,0.97368414898132,-0.42826885107338364,-0.32263826081020297,-0.0620511059604544,-0.050338215019596615,1.2207621493251333,-0.1448146550931496,0.9745765486274228,-0.10640964220045267
spread,BB,201607,351,0.9605022371404881,0.9748914538438402,-0.3239302364302364,-0.2412704416400177,-0.04998667998667998,-0.05276949303922778,1.1971539399899829,-0.1518484153336106,0.9716127516382059,-0.1274198794112831
spread,BB,201608,348,0.9403707250297457,0.9593838062420709,-0.4095396708473009,-0.32159260418004026,-0.12940793915239435,-0.10951403177767113,1.170057668353945,-0.1550857659580631,0.9741753731195321,-0.12106379013290584
spread,BB,201609,347,0.9621255702880966,0.9798542690190688,-0.042723615787015785,0.05214077421699527,0.12715039758193897,0.15729586626329356,1.1265969803748774,-0.13603320078492906,0.967398575412978,-0.09287068166128384
spread,BB,201610,360,0.9614832220842596,0.9778207879958091,-0.1452850716440713,-0.05047792329514587,-0.11022641635609326,-0.09502935595906804,1.1093942420364196,-0.1352895902713159,0.9743952156520113,-0.0893888384691701
spread,BB,201611,352,0.8970405144288983,0.9541788772595541,-0.006464184226223885,0.14567190518826598,-0.08570670751973866,0.011810886051014225,1.0806965208767816,-0.13206216349584823,0.9618630647921151,-0.08364830976103117
spread,BB,201612,342,0.9135673788097989,0.973866675986381,0.1510456673132949,0.35304244968563975,-0.0015021994509884745,0.06057780242372022,1.0753890047926398,-0.13732635693167103,0.9521959486945213,-0.05948766972970235
spread,BB,201701,319,0.94608652288366,0.9778628369051866,0.23339925770390962,0.4005053389603957,-0.022069630922103272,-0.028868828127504156,1.0753003904418295,-0.12942225799662824,0.9583710257694569,-0.06233038339722085
spread,BB,201702,335,0.9256364075980054,0.9654057609161286,0.3117682545357048,0.4958291648926178,0.15360877392336864,0.14014500709136657,1.1010204076477401,-0.1145645003582326,0.9719268958239593,-0.056164113028286076
spread,BB,201703,325,0.928492725070487,0.9702648249835986,0.08526384608951199,0.27527139613755086,-0.16874488042445668,-0.14254813442169736,1.1358189354415513,-0.05253017258927895,0.9808676246939099,-0.05147840311745774
spread,BB,201704,329,0.9287470769504736,0.963125669212813,0.1339994204031568,0.30251457755448063,0.06723828843704299,0.06300428363087242,1.188362161951104,0.027722813083988787,1.0163162336382425,-0.01170818471296717
spread,BB,201705,327,0.9312653591010727,0.9621831759920451,0.2839098108716214,0.442908107496155,0.16946394178299862,0.15489011715011203,1.09322246113164,0.035006984921918935,0.9738002728557086,0.04599722596784166
spread,BB,201706,314,0.9575107315279919,0.9861794816536907,0.20833442349081022,0.3709479049577306,0.1298818463100834,0.1091988061553286,1.106950942495296,0.08271959119515931,0.9905220569667885,0.09395645800983009
spread,BB,201707,334,0.9574946406040911,0.9808821556748656,-0.006851484606422492,0.15769160998367965,-0.26037525594233074,-0.2883068796831757,1.1429946834164582,0.1117699513882091,1.0244165619559933,0.1285201771278002
spread,BB,201708,331,0.9483709454807208,0.9776078972209855,0.08708086948177221,0.25888342300157136,-0.1992885576913532,-0.2273401827666219,1.115966942572924,0.1308802371357425,1.0213096617664938,0.13002802351076445
spread,BB,201709,321,0.9664740092015376,0.9894700915046618,0.1819219103732513,0.32541265410616693,-0.005586434086027749,-0.009013652720681366,1.0395652533333068,0.12784765054092342,0.9723371525285225,0.12821519422124553
spread,BB,201710,322,0.9453231138094035,0.9684062382932339,0.27864696147535106,0.4054220874829305,0.1050985470732684,0.09262758242733254,0.978634822622325,0.13711830047355397,0.9254231674100879,0.13418906017623397
spread,BB,201711,306,0.9479510149633585,0.9781923864181717,0.211215011983327,0.3839225846226253,0.11601849903201523,0.10440735421796592,0.9880142935418045,0.13655883836429702,0.9305257724143906,0.13110277730604875
spread,BB,201712,302,0.9133642795648286,0.9455550328616473,0.14024089918617613,0.2836717011120652,0.03385584867698889,0.05131419652479066,0.9814399453336408,0.12499323703817543,0.9268848334302789,0.12006998918028812
spread,BB,201801,310,0.9349380259791874,0.9612127260405081,0.13241002474262933,0.23671178789698452,0.003013223258675781,0.03878709123106297,0.9401257104751564,0.10665463417732976,0.890880926261564,0.1127340392953396
spread,BB,201802,332,0.8807906605049737,0.9353968443963522,0.16977815729317206,0.303317563520079,0.07997139205962416,0.16216313706849267,0.9130191867840954,0.10680581454657423,0.8630738346132094,0.1282136621740917
spread,BB,201803,313,0.9086689207182215,0.9302775440072829,0.3963418452083721,0.49616981917910646,0.28620155815369586,0.29131817527670884,0.9546244177822683,0.07243406035470279,0.888670938896635,0.11269305929362983
spread,BB,201804,318,0.9171807915711746,0.9437445709728135,0.1273351209315612,0.229061884039092,0.11478250193720743,0.1616881624212195,1.0245475971859543,0.04202224758182968,0.9393075251067956,0.04696117980552409
spread,BB,201805,318,0.9140110465242491,0.9493511297447674,0.1099322635046418,0.21883559547977513,0.06274780094517847,0.10979675015197315,1.0415751654571592,0.040977357303945146,0.9495572517362209,0.02277942511865082
spread,BB,201806,315,0.957180692310399,0.9748598909385046,0.1823441333317976,0.26859752498210293,0.14023028222818595,0.16351128904236642,1.0281506309209243,0.04514906345930335,0.9350364597538865,0.02719401165972522
spread,BB,201807,327,0.9380640112997005,0.9489488389301322,0.09264160604683662,0.14383326695360166,0.147693311936215,0.16053577762402657,1.0415110304056738,0.05523839553429757,0.9393040251002919,0.022260799786788247
spread,BB,201808,319,0.9469036583751219,0.955774723045124,0.051628763234163356,0.08979952604612562,0.06599892056544628,0.07414140880188788,1.060062284099552,0.022090811598767086,0.9411550892398062,1.9463302121683417e-06
spread,BB,201809,321,0.9502841746539866,0.9621097762453391,-0.19266703430661175,-0.1433565802468276,-0.0014660852150693681,0.022723267463125172,1.0959811775560548,0.02932257111446854,0.953184684323263,0.008897230124492143
spread,BB,201810,327,0.9192169248795713,0.9280450501035553,-0.020430623335553604,0.008103895141171153,0.11629158644105127,0.129105829395849,1.1050734096888346,0.023299824546000537,0.9432815698314879,-0.017656259868394857
spread,BB,201811,317,0.9542873002427972,0.9641382179853147,-0.029689688452842238,0.015282806221469382,0.21612072518287412,0.23145376615908989,1.144558436259253,-0.0024262414176021946,0.9563682262287401,-0.0431733785212873
spread,BB,201812,322,0.915285303916578,0.9172754059563308,-0.32223716065266544,-0.31185468745110356,0.004407545862289397,0.00298725295565164,1.171191291687265,-0.03400533285098032,0.9598296693545789,-0.06506075827588395
spread,BB,201901,318,0.879312548456222,0.8881894969054795,-0.49241848871312066,-0.47125035684298777,-0.223482949074624,-0.20763577267354086,1.187281295108586,-0.028549288548032303,0.9715108224814314,-0.09300883167144725
spread,BB,201902,323,0.9459850549729377,0.9496726940578835,-0.5559034699565054,-0.5377043622757123,-0.12534034717370293,-0.11780468787997911,1.1801028865453749,-0.035575836097253594,0.9789922800738218,-0.06407894071337336
spread,BB,201903,317,0.9624234570395533,0.9615466115462614,-0.36520241787898394,-0.3586771339600779,0.10749058788694764,0.09912491907784478,1.1618423456419449,-0.006208699196371976,0.9768913156608908,-0.0424315294207122
spread,BB,201904,317,0.9561847383439317,0.9575283244646206,-0.5416604195500719,-0.5329460116670791,-0.12089206564708699,-0.12205623918140966,1.1413677961363276,0.02213477297117684,0.9784677123397724,0.00045643200915613906
spread,BB,201905,321,0.9042533189082087,0.9050086460752865,-0.22074904220119582,-0.20671319857514892,0.08978057700121904,0.08619329456547954,1.120025103146053,0.04705016712666465,0.9683690341182266,-0.0052267333798393335
spread,BB,201906,322,0.9380248961466249,0.9377179687344561,-0.21230355081092198,-0.1992677614667037,0.1367902873315804,0.1336112475466133,1.105822570899146,0.04988464554287264,0.9688597786034968,-0.0002519292687981605
spread,BB,201907,326,0.9680674565402407,0.9691194223054239,-0.15332401037359666,-0.13917985643038733,0.27696793103896156,0.27066713806841,1.077010962510161,0.05216281309184171,0.9543393887855002,-0.010216173924885733
spread,BB,201908,330,0.964073420918642,0.9635008612674634,0.23215925951062819,0.23403221939454438,0.5312410858803367,0.5216015330998657,1.050672185523398,0.0447513328309527,0.9381935382244603,-0.020417733959109376
spread,BB,201909,325,0.9744216843353632,0.9717073224446541,-0.17304933722219643,-0.16607031259637586,0.3251121816916103,0.31600528796524197,1.0223588454965453,0.029279160978541635,0.9243611035955908,0.004141918872437297
spread,BB,201910,316,0.963360501873218,0.9637500696423101,-0.2009381958269871,-0.19415298240774087,0.201505600842741,0.2017798743228429,1.019789058604155,0.008146706324816698,0.9171584749529493,-0.04481113762947468
spread,BB,201911,299,0.955244500959616,0.9577094963289183,-0.07584386433525622,-0.0633793443237861,0.29436196718367713,0.2915098331238319,1.0034473962354058,-0.01551530999171267,0.9110630969508486,-0.07084556980895541
spread,BB,201912,290,0.9783610701740074,0.9790896200786562,0.12524819885922625,0.13669522089766736,0.41112555768632286,0.40388016079621575,0.998078938891555,-0.03946469541642694,0.9080269525208282,-0.10988579857208666
spread,BB,202001,289,0.9623111721181263,0.9660732431954386,0.1835729626536213,0.2150136140182666,0.3890093664240545,0.37758563495215064,1.013959637799541,-0.06951096540266048,0.9189461479389068,-0.045959315119229835
spread,BB,202002,290,0.9190652718729984,0.9229394662244492,-0.11878438835018333,-0.09940558920575429,0.1464886826732533,0.1402892135777068,1.0317514309670557,-0.05952923377880416,0.9343126977098557,-0.05009679320750759
spread,BB,202003,316,0.5192366419182545,0.5138739806319739,-0.1944179820233009,-0.1947640064570003,-0.12759577336505024,-0.13682413513866054,1.0473083458859036,-0.0916295448889427,0.9424505283847725,-0.07779645537443754
spread,BB,202004,309,0.8097426277131167,0.8198716244213948,-0.3801294227225952,-0.3583661245782579,-0.3054534879464412,-0.2951626906032965,1.0325200805215242,-0.06881466139101744,0.940305861199235,-0.0758963468629428
spread,BB,202005,306,0.8763190843371101,0.8943439712100314,-0.46778997586477333,-0.4222061025079899,-0.4120625260646575,-0.38885274284934573,1.041456680444184,-0.10805045758396939,0.9493241350552244,-0.06504062696703235
spread,BB,202006,302,0.8877775939479592,0.9056423295510322,-0.3025625899810284,-0.24243839536679815,-0.21671712175727928,-0.2017194696011999,1.0533953423850537,-0.08823566294615179,0.9594632599625499,-0.036398133098051365
spread,BB,202007,294,0.8204714648992452,0.8499465031937021,-0.21693097207645715,-0.1541006083510656,-0.11679296581246024,-0.0882661447367359,1.04077475273647,-0.04864091357196772,0.9584194596478197,-0.06635141797763057
spread,BB,202008,286,0.9464181105814402,0.9579760839440823,-0.033289175522808384,0.028658413035528543,0.10346854685750705,0.10278489518820216,1.0020345436860814,-0.00010564800109094971,0.9376247655358233,-0.024052096342591853
spread,BB,202009,259,0.9390133432706945,0.9548942029403573,0.08993583412188064,0.18036740004513532,0.16401392447904076,0.16554361893453767,0.978166681397022,0.005884834410943146,0.9285001613366025,-0.02010951383792914
spread,B,200307,86,0.6485871975093165,0.8513595109536019,0.05067220151893957,0.3822857897786982,0.032652483607717345,0.17884974622000943,0.7831185281967894,0.40588401201988167,0.94150294124164,0.46446638996744727
spread,B,200308,88,0.709157031807211,0.9126211882745096,-0.340424782501497,0.08888380120460711,-0.30432179211722027,-0.2957451304991019,0.7831185281967894,0.40588401201988167,0.94150294124164,0.46446638996744727
spread,B,200309,94,0.7561707769105324,0.8391666997854822,-0.034902286601885636,0.29939168004018024,0.17306650290792183,0.04550117762772816,0.7406290763957101,0.31655326295379493,0.8592688559333101,0.3757238096034865
spread,B,200310,97,0.6193719755943614,0.8535821243935653,-0.15427098674521356,0.29264508154574276,0.11808331580054701,0.22624600990947094,0.7406290763957101,0.31655326295379493,0.8592688559333101,0.3757238096034865
spread,B,200311,98,0.7905806896008889,0.9657885341418363,-0.05209468979719347,0.3954950302520257,0.24129576854171844,0.289673507641107,0.7406290763957101,0.31655326295379493,0.8592688559333101,0.3757238096034865
spread,B,200312,96,0.5973026224350082,0.7811433881130502,-0.24606619641888225,0.13020934010296015,-0.11584373304395008,-0.011035034709215344,0.7406290763957101,0.31655326295379493,0.8592688559333101,0.3757238096034865
spread,B,200401,106,0.6273821249804442,0.8045726838168851,-0.4039448824848225,-0.030979749048512657,-0.31604907171826585,-0.2626703848419671,0.7406290763957101,0.31655326295379493,0.8592688559333101,0.3757238096034865
spread,B,200402,101,0.7220405417635208,0.8958753159769414,0.024356435643564357,0.4036086512266824,0.34754804892253927,0.46079028065486416,0.7023549589690983,0.22593640016109165,0.8152944990316037,0.2883516755938355
spread,B,200403,106,0.7914844521573217,0.8998480982074919,0.19522382043983172,0.5017520259784316,0.48161322014258,0.5153349505897162,0.7023549589690983,0.22593640016109165,0.8152944990316037,0.2883516755938355
spread,B,200404,107,0.6668413705352951,0.8491530903141745,-0.26253453241638747,0.12142244863117424,-0.2368091067614961,-0.04417232005147159,0.7023549589690983,0.22593640016109165,0.8152944990316037,0.2883516755938355
spread,B,200405,108,0.7262607089017654,0.8761161432221379,-0.028218392447150055,0.3268947711926118,0.03389636742976364,0.10044633287877197,0.7229476136321215,0.27581461371745497,0.8390273091619745,0.34921961264452017
spread,B,200406,106,0.7151727977592776,0.8787966576312588,-0.00025694636874323,0.372124424423559,0.2014565369090628,0.3379811216930614,0.7229476136321215,0.27581461371745497,0.8390273091619745,0.34921961264452017
spread,B,200407,110,0.784914387738237,0.8745404339272711,0.18305795370015554,0.4135546303633344,0.10110677817099836,0.13001913770198584,0.7229476136321215,0.27581461371745497,0.8390273091619745,0.34921961264452017
spread,B,200408,108,0.8574409100002857,0.9162589969284594,0.3639334266960092,0.5863680317120059,0.5265940724227615,0.5248245868979626,0.6915392349339415,0.26125392856370017,0.813074572992616,0.2745003804155152
spread,B,200409,111,0.852890719956963,0.9411984082154834,0.29226921726921723,0.5251667251667251,0.32316602316602316,0.3747016497016497,0.7134864394878028,0.2561454400986209,0.8305676835703046,0.26179678880682744
spread,B,200410,108,0.8763197694720735,0.9564311300910673,0.5049015404841521,0.708138529583995,0.5321005649394572,0.5663888802898881,0.6626401554468517,0.22974900416702493,0.789048247399231,0.22338370300662125
spread,B,200411,109,0.8336403042572602,0.9393096929342915,0.3534519506996571,0.5888698142331154,0.372365860439255,0.43876220065604726,0.6424422411948024,0.20600579780202324,0.7904300881103005,0.25100573777242663
spread,B,200412,116,0.850726272877197,0.9459996617119971,0.19889286126167685,0.4675996670953866,0.1932572175450736,0.2541513136818886,0.669769515313188,0.21849581337250193,0.8277117442933554,0.26401718033418486
spread,B,200501,115,0.8965416565583146,0.9550538745911566,0.4147715615876273,0.6035402105673594,0.35237118282963786,0.3784707221476672,0.6445473246953543,0.22889456887890383,0.8132590417929574,0.26947704029289044
spread,B,200502,115,0.8772244766062044,0.9064223658428145,0.5786317367631973,0.6767353364160102,0.47435492779925825,0.46167533669177,0.6966828489889473,0.1803171470358456,0.8689220393534374,0.19264818590043603
spread,B,200503,111,0.8925934213556489,0.9222854761065113,0.3924622674622674,0.4972084319721928,0.007107757107757107,0.018756704699673707,0.6737690871839189,0.17526996123410304,0.8500488429070568,0.20866556064844957
spread,B,200504,100,0.8572002916338961,0.8967647473614982,0.5973117311731172,0.6724372783636117,0.47788778877887783,0.5138164645544925,0.6880364589320054,0.16665885408789027,0.8322397010150206,0.15982219098313757
spread,B,200505,98,0.8665332041387989,0.8696663957072512,0.480238955938514,0.5136485207088964,0.27072534730855785,0.2810992773295506,0.6989007555717112,0.21870385961079764,0.8660758049990738,0.1767400588384013
spread,B,200506,104,0.9468125115058524,0.9555768343427329,0.5766563533553826,0.6153078806653253,0.20083217753120666,0.20177745533977134,0.7112668706840318,0.17479482944232616,0.8838794519201706,0.15688629603210189
spread,B,200507,105,0.9452699182851525,0.9530269180329567,0.6599212108646071,0.6820513219267202,0.37808417997097243,0.3700351701110554,0.6493507467388215,0.1888047296916661,0.7937060213635485,0.08448474085033751
spread,B,200508,104,0.9075933735052382,0.9158055894889016,0.6559906113304171,0.6760873682072706,0.45074149151819054,0.45502095119374275,0.5757988312136862,0.24950675543423423,0.7466081783682852,0.1465492124868572
spread,B,200509,101,0.9012944277954198,0.9151237354797099,0.6196272568433314,0.6539972451898585,0.42300524170064063,0.439314034113785,0.5895616799629032,0.2107963453414864,0.7630319736123412,0.07964505473379015
spread,B,200510,103,0.9172995502683571,0.9220842337373953,0.7167662434652726,0.7337336595941903,0.5137284189254492,0.5247677806553236,0.6161342604598947,0.16022205935688397,0.793738183604849,0.06879010554707822
spread,B,200511,101,0.8289040705095185,0.8430208855082761,0.6428188701223063,0.6671558949204294,0.48937682003494465,0.5058095853876432,0.5510674040522238,0.13176971530604054,0.7255339914244486,0.020664347324642056
spread,B,200512,116,0.8962801077308955,0.9013118566873287,0.6822973128820206,0.6934136524621738,0.48630300234498147,0.4902375359953804,0.519990460437527,0.11437436719064302,0.6888701797252061,0.026495981254646677
spread,B,200601,116,0.9151997662765748,0.9187340823267108,0.6607773036558645,0.6661707579249526,0.4015376926921155,0.4048153124388552,0.5772933438541394,0.16100953692159223,0.778847711852027,0.04731272082953696
spread,B,200602,116,0.9670395571445047,0.9673526737907749,0.7263598969745897,0.731757573672876,0.47714604236343366,0.475784083643498,0.6529075443448366,0.18156794700778325,0.8077884033058135,0.049449975228610984
spread,B,200603,118,0.8992964317619536,0.8953814296711461,0.39233581307359977,0.38899053754487456,-0.0026550385473615786,-0.006387431113253646,0.6952911870975642,0.180899822765404,0.8422464403311152,0.032419494404551726
spread,B,200604,117,0.8886482800752155,0.890496974692318,0.34260965996792997,0.3497811105018772,-0.043092208784786215,-0.03698923442069615,0.7105240733038494,0.1649217083776875,0.8493072889490524,0.08420451888054485
spread,B,200605,120,0.8924416232582861,0.8945995874738807,0.14008611709146465,0.16738691469383293,-0.03049517327592194,-0.030891087733722043,0.8606943423583239,0.05224355152886574,0.9313923009817466,0.0606160384978707
spread,B,200606,128,0.8714170448380455,0.8795035765379113,-0.05820248123054385,-0.035919680002419296,-0.20538248489287672,-0.19752104423187936,0.8848474676456589,-0.02196292049315469,0.94275804616916,0.002636998696908784
spread,B,200607,125,0.90122550300119,0.8956764578517645,0.3250506912442396,0.3188468131968833,0.15513978494623654,0.1425723045944246,0.8869892129890512,-0.03837184557989506,0.9311713742365922,0.02955109259917273
spread,B,200608,127,0.8939628063534945,0.883197192527044,0.2648633764529434,0.25475503478688577,0.15328552680914884,0.13431270596908595,0.9114988538358567,-0.10034282800467587,0.9514310399310776,-0.008750247226497398
spread,B,200609,130,0.9131203664135655,0.9170313906130313,0.18757869150200057,0.20741782627101282,0.20323915388712122,0.2054950907427385,0.8889449822691345,-0.08559755543884703,0.9121590429149982,0.023338813242601997
spread,B,200610,141,0.9243597468681155,0.9286514683407654,0.17441671304422277,0.1888479815060576,0.17463076330322358,0.182370820668693,0.8510264922043214,-0.05035115869528318,0.8801529651962164,0.026227028067576978
spread,B,200611,127,0.9238006939681915,0.9296868820908508,0.24096597300337455,0.26260895292666975,0.21133295838020247,0.2190175306026717,0.8958520324448735,-0.057421091248953796,0.9173572685676014,0.0264926896358794
spread,B,200612,127,0.8973357744454464,0.9196173692461094,0.197594441319835,0.24846612737863785,0.21387560929883764,0.23236357724658915,0.8909172904606725,-0.007501365997414488,0.9121327472436088,0.07927037466049504
spread,B,200701,123,0.9059126826393159,0.890611875071886,-0.19690833344081723,-0.21713320198872732,-0.19470276405566808,-0.21972572173090762,0.9107994683767711,0.04771546034634915,0.9145777675877552,0.09659195194604592
spread,B,200702,118,0.8479782043924973,0.8552802652972179,0.1307396491843152,0.14624472729497218,0.15896997651733447,0.167536475375326,0.9058937690625537,0.09176000481094894,0.9077312683457781,0.12090975303885793
spread,B,200703,109,0.9410570895156598,0.9338649590792816,0.23898619219720138,0.2493872123382309,0.2624409229913818,0.24378524400340645,0.9213372034432019,0.1352939939312178,0.9307555990192279,0.13630304963473114
spread,B,200704,118,0.8980377405586923,0.9106407222429036,0.01358196472852505,0.05190308891341978,0.048276416172727245,0.06761790678524959,0.9503744869829159,0.15366346613096366,0.9541329236330895,0.14579655087995536
spread,B,200705,113,0.8745160338531643,0.8959947433943544,0.10517998536163418,0.1526727715866533,0.1974183245724932,0.2196272176137049,0.9320359300119626,0.12904126023028029,0.9354515491520577,0.1678878247388464
spread,B,200706,105,0.8515905639268664,0.8419964077977268,-0.18604602944225584,-0.1953581194197755,-0.18346464855898817,-0.19783586249668728,0.9540706179189004,0.20681976692081652,0.9556169518747625,0.22838593241925909
spread,B,200707,101,0.7339974781553491,0.7434776657952239,0.050040768782760627,0.06291242232152315,0.03565521258008154,0.044886691245323,0.947395216786849,0.22541206837519792,0.9473544723847312,0.23939425737125958
spread,B,200708,95,0.8088382477679049,0.8105138281876495,0.24494680851063833,0.2550190895140528,0.2655095184770437,0.2621229777555865,0.9553282059256459,0.25330358987937446,0.9536904121141792,0.2727451039793326
spread,B,200709,91,0.8553705023578803,0.8617319047516713,0.3134257047300526,0.33338376640463285,0.325035833731486,0.3292588729111632,0.9383465482763474,0.24324622196955772,0.9360699115307151,0.23697957934756325
spread,B,200710,79,0.8840555014605648,0.8992995332416609,-0.1277750730282376,-0.05632945672850616,-0.14140701071080822,-0.14117661378434376,0.9017824928775251,0.23587932762563124,0.8994630791794662,0.2659651951946288
spread,B,200711,77,0.8390031021609968,0.837898943162101,0.1925442978074557,0.20923813029076185,0.20032598979967398,0.18368473631631524,0.8723255657328529,0.22884594225997998,0.8702302551279012,0.23714612101819818
spread,B,200712,73,0.7916325996344833,0.8596485816242805,0.0015117857583611008,0.14985190670122178,0.09357645316549427,0.1297667530544243,0.8760404530005731,0.21847450380004318,0.8721499307326456,0.2397267334085591
spread,B,200801,72,0.8700559521512637,0.9278880940181606,0.19753681908804424,0.3387571348616986,0.2641648980641842,0.3348500683767495,0.86649493203063,0.2913630172192026,0.8620295561994715,0.277019368708366
spread,B,200802,72,0.8179852240378159,0.89017694209049,0.29127275065920644,0.4727956781786611,0.4205736703324973,0.40259823782879933,0.8729890634639156,0.2658436946307254,0.866680304745266,0.28603010674915075
spread,B,200803,50,0.7378151260504201,0.8550780312124849,-0.14228091236494594,0.14016806722689074,0.1343097238895558,0.2777911164465786,0.8814506753536258,0.19901032427231374,0.8738550461579666,0.20906835289346104
spread,B,200804,52,0.7491408936414361,0.8305905959075403,-0.33057286775377787,-0.1378809869375907,-0.09818150772645777,-0.050200631776658414,0.9178069294960093,0.20210282542564015,0.912734385265821,0.143100183953958
spread,B,200805,55,0.6034380130493401,0.7466358815253075,-0.272943722943723,-0.02496437526335525,-0.0764790764790765,-0.03780731976300043,0.9287434806951993,0.2576408493633347,0.9283900201522518,0.20556560392719767
spread,B,200806,40,0.5377110694183865,0.5446784564367224,-0.5508442776735462,-0.30676861049743065,-0.23696060037523456,-0.32918992484265575,0.9350051701464982,0.27256551157500813,0.9397788093486665,0.21563885996813487
spread,B,200807,37,0.6751229933026132,0.823069173397725,-0.35064011379800847,-0.05239449976292081,-0.24395448079658605,-0.08748221906116642,0.94474634383343,0.20873541897318404,0.9567963414268246,0.19142340657748425
spread,B,200808,38,0.6579494474231316,0.8966460592290505,-0.12069154174417333,0.2645948463773302,-0.014771856877120034,0.24785249257429817,0.9000154618870272,0.19286661049805065,0.913894579951033,0.21005984980533177
spread,B,200809,38,0.6297187876135244,0.5957982273771747,0.15614399824926142,0.18918918918918917,0.08020571178465914,-0.06554327606959186,0.8858165022677108,0.20856309155798708,0.9042237511377759,0.2243883273068567
spread,B,200810,35,0.5467787114845939,0.6857142857142857,-0.28459383753501405,-0.010084033613445379,-0.04341736694677871,0.0008403361344537815,0.8895769957971398,0.20133421693693387,0.9086560492076983,0.22995921511960696
spread,B,200811,35,0.5925199665917925,0.6323014489823526,-0.1173669467787115,0.15294117647058825,0.126890756302521,0.057703081232493,0.8870296568172645,0.15563515694196592,0.9069316455418323,0.193971316820655
spread,B,200812,32,0.7739688489351482,0.8050233785770662,0.1096041055718475,0.23902483832402055,0.3379765395894428,0.3554211361275122,0.8678216934494585,0.13851258276124934,0.8860739239641919,0.16240570058946385
spread,B,200901,32,0.7379032258064516,0.7844179783499524,-0.5725806451612903,-0.466911098587831,-0.6063049853372433,-0.5655362148187901,0.865541927600792,0.16839373822471349,0.8791211682141359,0.17478432845426423
spread,B,200902,33,0.6854946524064172,0.7780748663101605,-0.3940508021390375,-0.16009358288770054,-0.27038770053475936,-0.33489304812834225,0.9292947106513841,0.10159485409314607,0.9410307240296099,0.14524390558006517
spread,B,200903,33,0.7730614973262033,0.8830213903743317,-0.26437165775401067,0.1524064171122995,0.007018716577540108,-0.03208556149732621,0.9663677261012368,0.10650581378958153,0.9718242495561015,0.11714754192660126
spread,B,200904,34,0.6877005347593582,0.8224598930481282,-0.5324675324675324,-0.28220015278838806,-0.5456073338426279,-0.4863254392666157,1.019766422052265,0.14265472430052398,1.0200317649735935,0.16222111440843934
spread,B,200905,33,0.49766042780748665,0.8014705882352942,-0.5170454545454546,-0.03977272727272728,-0.5370989304812834,-0.4007352941176471,1.010219289594517,0.09134266945122892,1.0073811216484134,0.06188447068210685
spread,B,200906,34,0.5639419404125287,0.9101604278074866,-0.42704354469060346,0.173414820473644,-0.3023682200152788,-0.2898395721925134,1.0168046898446765,0.0964653342266304,1.0115745214331047,0.0776123474127258
spread,B,200907,35,0.4106442577030813,0.8030812324929973,-0.5187675070028012,0.16554621848739498,-0.33109243697478996,-0.311484593837535,1.0198628203613325,0.09774526976437224,1.0252115589962367,0.07168346367351368
spread,B,200908,38,0.549184812342707,0.8474669000984789,-0.4303534303534303,0.23733450049239524,-0.08983477404530035,-0.2292373345004924,1.0136560169330087,0.11796183969414661,1.022880700028317,0.0924449863947284
spread,B,200909,39,0.6263157894736843,0.9190283400809717,-0.5439271255060729,0.09615384615384617,-0.31356275303643727,-0.17044534412955467,1.0369414042580083,0.20707797284892213,1.053283727660577,0.14949592755675464
spread,B,200910,39,0.7985829959514171,0.9279352226720649,0.024291497975708502,0.4502024291497976,0.22246963562753036,0.19251012145748989,0.9029854074122949,0.1985372498070097,0.9420334406351516,0.14875620170118892
spread,B,200911,42,0.761769710720363,0.9542986791994167,-0.0639332306944332,0.4426707722226724,0.2705615428247306,0.3430029981362937,0.8821508376155263,0.23194660616972954,0.9443645714374752,0.2501930220189344
spread,B,200912,50,0.6727971188475389,0.9123169267707082,-0.38660264105642256,0.10290516206482593,-0.4570948379351741,-0.3815126050420168,0.8998461338339926,0.27487965135817627,0.9889791425239334,0.2600425700519051
spread,B,201001,55,0.6893939393939396,0.9244588744588748,-0.27077922077922084,0.2898268398268399,-0.15663780663780666,-0.16630591630591635,0.861519413155112,0.2350469481929717,0.9546362423316017,0.24307668750301048
spread,B,201002,58,0.5246935417511583,0.8640949920019688,-0.2499307883970593,0.381561745434799,0.006736596019563814,0.2593167940999158,0.8371214958790507,0.28280930229845114,0.944615854645573,0.24531813200638652
spread,B,201003,59,0.7091174751607248,0.9363666916062608,-0.15149035651665696,0.3582460293490154,-0.04617182933956751,0.12887388770936928,0.7663940825549257,0.28885991091768604,0.8902868325499215,0.2351877970547187
spread,B,201004,66,0.6683853459972864,0.8763803360818287,-0.1929861183592527,0.2903037261246217,-0.47867654733326376,-0.3444525623630102,0.7682362213283899,0.33252415534286495,0.8793307647597222,0.23094274308371365
spread,B,201005,66,0.6900676354208962,0.9236806949240347,0.11787913578958358,0.6060536478446927,0.3595658073270014,0.48744389938419797,0.7049336758206397,0.32919351347009035,0.8409124972775056,0.25164080864479976
spread,B,201006,67,0.7786091989976699,0.9249418831337651,0.33590071035198343,0.6462671229781594,0.5209913001835742,0.678851852255155,0.47254500894191065,0.18617662939930077,0.5840729727854951,0.13612126860923146
spread,B,201007,69,0.7797953964194375,0.8956502677831363,0.3197296309828279,0.6033540986410272,0.4256850566313482,0.48718463991761024,0.6524106838132294,0.24214544869657167,0.7671101244575516,0.18931751291052423
spread,B,201008,81,0.8782330325282903,0.9563616859255276,0.3740063233965673,0.6335324473354136,0.631323396567299,0.6593796226665029,0.625586838170611,0.1875416944460697,0.7127897445212591,0.14508885114821754
spread,B,201009,91,0.8862539617935848,0.9487720583550996,0.3148112756808409,0.5774339455095353,0.6340977862716994,0.6481230789654417,0.5918216416447487,0.1740715395388789,0.6764273824212733,0.20664283970229266
spread,B,201010,104,0.8593642893562238,0.9005881333390489,0.1940894057398912,0.4181630018695463,0.4077883281766777,0.36103020411959935,0.6433588119047551,0.19604029192709338,0.7615960061570858,0.2655693635421204
spread,B,201011,106,0.8413797620697384,0.9137054558944683,0.0016676323147844928,0.26200030732961516,0.25476484369095903,0.29916693746961803,0.6768351854862802,0.17037260718372016,0.7786061973269074,0.2484646887996045
spread,B,201012,109,0.8385313619372838,0.9085247755052868,-0.13372254656658328,0.1258044935816191,0.1377444166434992,0.16223316760978343,0.6871552336534974,0.14472435263851446,0.7907056781241271,0.13544061714301125
spread,B,201101,109,0.7519588173503821,0.8970150775190205,-0.067537762950607,0.3029575709307423,0.36348809192845893,0.46524170717628127,0.6282925770414278,0.07492314231921136,0.7250683070811366,0.09672249321810235
spread,B,201102,106,0.7259339496687407,0.9105899956952481,-0.25890621457540874,0.20007607647008205,0.2164143386150087,0.34888366598006254,0.6646716769524657,0.11870385025358818,0.7883980528898712,0.10556337923389796
spread,B,201103,107,0.7376263449379558,0.8516385955324602,-0.37176472893277696,0.09276239738239386,0.40705147044417017,0.4006348086757186,0.749603791569167,0.05773385034848103,0.811791721013216,-0.07516688732359414
spread,B,201104,107,0.7422760703491246,0.8891101281881725,-0.1031466133740865,0.2868072954628992,0.36573992437155906,0.42756833673691313,0.6984978433421033,0.002177703381768209,0.7846484547597249,-0.0438674047584196
spread,B,201105,104,0.7768558008557476,0.937988776165871,-0.2700202709911448,0.2048293355661613,0.39036594473487685,0.4641133904452735,0.7414879062924042,0.008000390248720417,0.8201239209271641,-0.09746780288662557
spread,B,201106,107,0.8014822217536187,0.9500055106576797,-0.21577617116322811,0.21539953613854093,0.46028527204686615,0.5647361937363715,0.7594678053343317,0.013426864569194891,0.820840854021894,-0.030546449705612794
spread,B,201107,106,0.8517109691569373,0.9599231161152588,-0.1250018893115349,0.2818139680494418,0.2758949038970199,0.20880482867330055,0.7562417195017345,-0.02478534051676072,0.8707757151283765,0.0011984353727755388
spread,B,201108,110,0.7170225571385282,0.8589152598939381,0.030345107409327592,0.3572227181368409,0.22354214097333364,0.3102013398644776,0.7361356763930116,-0.028364311590872708,0.8502170981178064,0.07230583934727154
spread,B,201109,116,0.8042002399056739,0.9013118567006488,0.32288471149040865,0.5412688680071276,0.1604351670318687,0.2330300869378982,0.6957465983996846,-0.07115134020084198,0.9569197086534189,0.15598503353428247
spread,B,201110,119,0.80294689467137,0.8235799961200294,-0.007463324312775958,0.07795611341386906,-0.2773750178037317,-0.3099906529699538,0.7130912905897997,-0.038850783639583934,0.902373015905303,0.03374477448789941
spread,B,201111,126,0.7858981204328435,0.8516522083476639,0.1934008248968879,0.36789722023741317,0.09971053618297714,0.13105740417126238,0.6693730737006444,-0.14854024806186153,0.8476780716749143,0.052837686323472736
spread,B,201112,124,0.9012945773251205,0.9222133927107619,0.4375892997639653,0.5366594387420399,0.26276632572777336,0.22467733966229178,0.6661893763862023,-0.19061595075565468,0.8630673778828173,0.06654322448506167
spread,B,201201,125,0.8995542229050837,0.9228689577201704,0.28610752688172036,0.3656785427929478,0.08538863287250383,0.08254403239373022,0.6961438940276409,-0.1519495761834045,0.8727007958027427,0.057384413690311796
spread,B,201202,127,0.9351051847608937,0.9471738515921571,0.37458989501312334,0.4656199194454251,0.20267388451443566,0.1565199560607228,0.7426250137648244,-0.09559869387557572,0.8965754070898292,0.046134496476147445
spread,B,201203,133,0.9270003366625519,0.9369866367758366,0.22222278899419512,0.3092453520744907,0.26510645677966965,0.26070467132660036,0.799644749422934,-0.11862389907850804,0.8789946789682467,0.02785413344104202
spread,B,201204,135,0.9032029919202172,0.9288566805374334,0.13413325529216663,0.27010047800214615,0.20333138230416548,0.18499658569895622,0.8436797979253602,-0.1460033750399835,0.9348421103691619,0.09435695441991347
spread,B,201205,132,0.9039409766609444,0.921178853894759,0.004168992919495128,0.08405849657451636,-0.05799543967482898,-0.06614323599173536,0.8808234134845034,-0.17337429624841597,0.9709817472899135,0.07724011165684115
spread,B,201206,136,0.9498054117424418,0.959533035881229,0.3288154191116836,0.3860502838605028,0.19998091694098563,0.19476170030055817,0.8425238794471837,-0.1284424842693789,0.9340815120714036,0.10439257987406338
spread,B,201207,141,0.9523705556435049,0.9580909203794387,0.19723018964852945,0.2599177830328791,0.09457168543173937,0.09940954046523841,0.8235986051113968,-0.1615673328811686,0.9350080762964456,0.09049834796004103
spread,B,201208,136,0.9381028315721948,0.9489002168317755,0.3963885310815323,0.45515296879113615,-0.08996708172320023,-0.1129646879499491,0.7989015622362425,-0.18858908994075058,0.938684634037515,0.06210628998961939
spread,B,201209,155,0.9400089427138829,0.9653779470731946,0.36380393799748634,0.45721808164086114,0.09797621733105605,0.1254377689357107,0.7586537801760507,-0.1963548636260062,0.9307847019200187,0.045709700277196674
spread,B,201210,162,0.9471455819892385,0.9622189887343984,0.5047370656866522,0.573348566141721,0.2059512166207285,0.18814395706329087,0.7215051817415159,-0.19990123666544649,0.9230067577531351,0.052611465414154464
spread,B,201211,164,0.916656180986011,0.9331857853334857,0.5346918232149415,0.6235263630793176,0.35571667596207474,0.34693662400591313,0.6966513871214417,-0.23456767891307448,0.9321119498574063,0.07971523439651071
spread,B,201212,167,0.9516068669076476,0.975684571929169,0.5538561431354159,0.6391704365605981,0.01159471075061581,0.023989471995861798,0.6824734502778107,-0.19101446179774953,0.9566022517737055,0.07570622973619151
spread,B,201301,166,0.9373997758275961,0.96314174667199,0.41169665051058896,0.5075683294321516,-0.1321234857776233,-0.1098032477017162,0.6749175136577206,-0.1356803668706074,0.9752311396793665,0.13093095436255522
spread,B,201302,162,0.936398425257846,0.9727171433271519,0.48862836086095623,0.6455473072152753,-0.018094419534803636,-0.02356610590495742,0.6884564519780825,-0.12914880614638896,0.9728489645885915,0.11898485806977119
spread,B,201303,158,0.9382878127302225,0.9686448677394751,0.3213784248789474,0.46413253062571636,-0.1558311364110022,-0.17493373088509587,0.7435139482508388,-0.13346666574095198,1.0039343101523144,0.10813738959687214
spread,B,201304,167,0.9504756101302368,0.9622931864681316,0.39448555556700715,0.47621986176549896,0.13600595710472344,0.08259438428792694,0.8131284279032364,-0.11443046496362855,1.0133542328463059,0.08233540926067974
spread,B,201305,158,0.9506614376479532,0.973150671594789,0.2378198214369926,0.3444188959896758,0.18885723021971249,0.20643136563034115,0.7863556454465892,-0.10268212518993336,0.9088838455084772,0.0785529706591286
spread,B,201306,158,0.9154317330160299,0.9551375325455507,0.10624787977345712,0.2621927844300423,0.03812984989937005,0.0847714176193422,0.766463384775447,-0.016344642508805136,0.863600148524507,0.08298349801480216
spread,B,201307,166,0.8920520467228347,0.9494648458962133,0.128692013563235,0.3222159842197594,0.39377586557443717,0.4511642915643472,0.7921605221342911,-0.006319629984870885,0.8574736646642704,0.104817957435155
spread,B,201308,166,0.8476150124942328,0.9498360662207237,-0.03787605511867831,0.2077592612879807,0.09429334102878582,0.21960416001280783,0.8002321728614213,0.01686363368608991,0.8506875320977955,0.12402512923593208
spread,B,201309,180,0.8341262263795889,0.9355290571167492,0.023480148564256096,0.31682865776458136,0.3152072594833174,0.37920320340274477,0.8127615649918966,0.03742579542667046,0.8466260111588191,0.13225137259869302
spread,B,201310,171,0.9190556532909885,0.9553301429435426,0.30082079343365253,0.5205174851035825,0.6046967624259005,0.5362025972669996,0.8234432638551505,0.011587379811696592,0.8539771738957215,0.14124231426474892
spread,B,201311,175,0.9052089351140259,0.9691774687270291,0.04396327810120914,0.2732966262806365,0.39275862068965517,0.4442911873974134,0.8639275527532339,-0.002322508737328054,0.9020166154998286,0.15374787627986278
spread,B,201312,174,0.882479435610283,0.9543219016650811,-0.04948546370910333,0.18709160097737254,0.279687918220906,0.2592876074521398,0.906213446248074,-0.04681787750836555,0.9343553781996486,0.12847637294696096
spread,B,201401,178,0.8966044063263879,0.965736555024422,-0.0690658549741523,0.2051933765140619,0.32253819171448056,0.25487590538864213,0.9214258992878337,-0.053848187514830476,0.9485217769079001,0.12323365804248605
spread,B,201402,176,0.9435057255924332,0.9741127215381761,-0.000463350719074091,0.22103235158163342,0.3587974452976505,0.24129329278169065,0.9388110241814251,-0.03956399526568692,0.959568875059479,0.1112988815942885
spread,B,201403,170,0.9283668181683904,0.9818423524182288,-0.034561363548936616,0.18151030407961577,0.28263034704870715,0.2716102305581725,0.9373883056942701,-0.023519124454208902,0.9581294880752516,0.08614779275772987
spread,B,201404,173,0.9457859773053005,0.9872346441711592,-0.004276158734720556,0.2093002504280466,0.40397995651992535,0.3746858062657005,0.9350977371693934,-0.029475157690136547,0.9546878464351969,0.08697933838620209
spread,B,201405,169,0.9502125083450588,0.969106984694461,0.03695738650489782,0.2136434295478135,0.5106036497439214,0.4003450854236338,0.940867357601617,2.8124477574022602e-05,0.958130279884127,0.0889419310655305
spread,B,201406,167,0.9458796156761373,0.9654328351689313,-0.09065775505787049,0.05579378407157417,0.22109567439990935,0.14172352909729685,0.969950810266282,0.01958550280224629,0.982052236995247,0.13043193314091325
spread,B,201407,185,0.9040633487438032,0.9289429094534304,-0.19489973844812555,-0.07416620705484504,-0.18301808119479931,-0.21070886378276688,0.9495609883608355,0.017835124865546045,0.9651495845202667,0.1394138748920877
spread,B,201408,188,0.9254521139077305,0.9600887478622595,-0.06536670116144458,0.10834540351756679,0.20117860167922744,0.17414566575070026,0.9365417818313618,0.00236247934039972,0.9590481509883276,0.114009589492113
spread,B,201409,194,0.9096014624545015,0.9639961655305217,-0.17036318737082587,0.006590733527330754,-0.2845894984242294,-0.21456453495242186,0.939115813975474,-0.04028327906284537,0.9671329935061453,0.11689219294679352
spread,B,201410,191,0.9257034700532775,0.9649049838313539,0.20127626467187415,0.3874417505237069,0.5263711277087529,0.5042890302203307,0.9322416913969984,-0.04423965875452063,0.9627661146318667,0.1070560805885378
spread,B,201411,187,0.938310244927797,0.9773304509355896,0.032937065760352935,0.20440332508899134,0.09671546911645422,0.14240681277130018,0.9348004535722986,-0.06554289211159213,0.9694689205753877,0.08916366334365093
spread,B,201412,185,0.9495881258984943,0.9777636998054113,0.3288124028656988,0.4710337445707517,0.487441719419279,0.47242111128902586,0.9049397018737924,-0.11514386165171436,0.9436050235240724,0.07981383653018681
spread,B,201501,174,0.9570557248213216,0.9745009388110788,0.10677866681853128,0.20247535945021056,0.045888550357356415,0.04503324986466869,0.9106585104494425,-0.11483441984034137,0.9538339698446334,0.05904550261097086
spread,B,201502,180,0.9515216269647581,0.9656023157106515,-0.004707964237579349,0.06338673004310832,-0.10967416689815528,-0.11341090774406618,0.9221031455031822,-0.16784585416011888,0.9708126548158091,0.020214655932885323
spread,B,201503,176,0.9447671331189406,0.9735064351897491,0.015571208452564383,0.13615900074787488,-0.11681267884657714,-0.08356046861132051,0.9103549160651568,-0.15082813860464825,0.9617498625698708,0.051136866961176995
spread,B,201504,164,0.9536944901489457,0.9586486135381637,0.014479071728809868,0.09444885788632314,0.07257763932909825,0.05966035846840592,0.9214795973650436,-0.16655250336986108,0.9709014083362891,0.011588306275410314
spread,B,201505,157,0.8798207001225496,0.9126104153659852,0.019064866440501368,0.14628175032708318,-0.023310117279318275,0.01297611922717006,0.929384925470433,-0.18821097247814672,0.9668736852597675,0.001120602408104755
spread,B,201506,149,0.9254857858148207,0.9672108101934979,0.012058770179575547,0.16798386350981628,-0.04990023580627608,-0.006141879966787654,0.9440791101936289,-0.19233466559760115,0.9826845832860245,0.0010238788199832362
spread,B,201507,150,0.9304811693383973,0.9580902837672549,0.15166718520823147,0.306039850840175,0.34237432774789994,0.3070141206933774,0.9504206203990619,-0.22574853390428534,0.9800111872021523,0.0261249448203624
spread,B,201508,151,0.9231499853175212,0.9616807990962151,0.0769850121993726,0.23223637545586934,0.198915998605786,0.21912551259272137,0.9527304339310653,-0.20583742322851045,0.9759716910082604,0.03263099501427871
spread,B,201509,157,0.9038637609344172,0.9167134400293829,-0.04232536793207599,0.06288805971886773,-0.002654444644285812,0.0064624613636154,0.9686646798650915,-0.1915503838319981,0.9816374881246509,0.04919814408584446
spread,B,201510,154,0.866298660226554,0.8918428050072794,-0.12963519718737937,-0.03722295741558429,-0.12643814123890026,-0.12174307337101303,0.9828782557054863,-0.14128952643819714,0.9994811178643075,0.06376121306903101
spread,B,201511,148,0.941735011745676,0.9633944320758054,0.22835450160474133,0.33264972958165673,0.26251124429456163,0.2850183425447088,0.9784496078251768,-0.13753827955594536,1.007236997905821,0.07454328057930701
spread,B,201512,150,0.9329977918994111,0.9409180529554307,0.11572603226810081,0.1751547627093087,0.23242099648873285,0.2234378833514058,0.9834113707637219,-0.13822223739380446,1.0050707237936538,0.10066496111325846
spread,B,201601,147,0.9376212468967133,0.9370024971949059,0.0802688346719658,0.11020693433089487,0.2366923815064715,0.20942396509260158,0.9976593835894819,-0.1231211602865849,1.0142872804201415,0.09924420127424337
spread,B,201602,160,0.952514328621502,0.9636534231638479,-0.0883423180592992,-0.05018465103815744,0.20212703621235203,0.20677839971075698,0.9895618767992954,-0.14014247820544143,1.002221191384541,0.10867226657553036
spread,B,201603,161,0.9476453829755949,0.9605011545428135,-0.5684034966643664,-0.5241075889569347,-0.7763687600644124,-0.7620067072409015,0.9869484101921628,-0.14184319430124412,1.0023802724120705,0.09137237083839612
spread,B,201604,160,0.9347706983829477,0.9477758595581705,-0.372254775577171,-0.3256462260704224,-0.49228290167584665,-0.5010074908161156,0.9638147658950234,-0.1666108421833706,0.9764604669963078,0.05117436860132286
spread,B,201605,160,0.9171334817766319,0.9593569656583695,0.007134067737020978,0.1400902527475829,0.013843314191960623,0.09953145039455587,0.976811144218176,-0.1635475876403221,0.9833665644485257,0.03630493218934159
spread,B,201606,160,0.975225594749795,0.9853714988866754,0.02008965193952889,0.08974276338919489,0.0020479315598265556,-0.006949490214461502,0.9799510129284021,-0.14715153510582557,0.9875059149811017,-0.006092406033631747
spread,B,201607,166,0.9557640179210023,0.9643177812948674,0.0025381875897711697,0.054432646208131395,-0.15499209685776313,-0.1621226331564691,1.0142841028641947,-0.09955404516048547,1.018856815545901,0.01275553055706301
spread,B,201608,161,0.9387045895442864,0.9525798453441147,-0.42952610996089263,-0.36912983748128747,-0.5462617897400506,-0.5375492707251149,1.0151145840443578,-0.05776094685125697,1.0160686448000595,0.060884907453549644
spread,B,201609,152,0.9657093112563335,0.9649770278200047,0.12033980549347656,0.1520912872371841,0.062346653544652436,0.037879726316332886,0.9794075032372633,-0.0292353558020664,0.9796920220147489,0.08995663781924576
spread,B,201610,147,0.9532058856136821,0.9672700621346604,-0.04733318725490937,0.03538942057499234,-0.2196918752691747,-0.2338705183554738,0.9856913277953563,-0.024700603004346434,0.9800927636189681,0.12447593639071156
spread,B,201611,147,0.915063421454423,0.9401162653456515,-0.07298506222185283,0.024979528460677088,-0.10034832148335085,-0.06045597462068739,0.9724625771558093,-0.012008586396352798,0.9663350431687207,0.15799791435092897
spread,B,201612,149,0.9312142151700038,0.9518780694637939,-0.035098857246508255,0.0833268335333015,-0.02113912570288409,-0.0044567467018878,0.960414277506447,0.004020879364641748,0.9522479991158149,0.1781665870608256
spread,B,201701,166,0.917893786876703,0.9479853479855518,0.12023663516340813,0.24793222566744413,0.01956175272674804,0.04446755999685923,0.9255607207657338,0.0042355658631790215,0.9206317800090678,0.15540993812844153
spread,B,201702,151,0.9346181060290514,0.9445910796088376,0.14980132450331124,0.27901557948388034,0.06616242593238061,0.02845767554695708,0.9450246217806886,-0.03277213163431316,0.9401209864593244,0.15996074963671067
spread,B,201703,153,0.9475675195838903,0.9806005868690597,0.02058957554313591,0.16253408219986737,-0.12720638494632303,-0.08907819953873186,1.0029785324109763,-0.0763011270516663,0.9891022506075656,0.07757903695009691
spread,B,201704,154,0.9457452471245784,0.9731690547549066,0.04349211825492661,0.17597023078682802,0.04942293632995721,0.09651501398593768,1.0227433073305399,-0.044195828066680536,1.002924831814636,0.07525443657300915
spread,B,201705,159,0.9708897425606704,0.9862453212525185,0.2835771435395271,0.3864795594695604,0.3054752806305231,0.3098329798083518,0.9794849840166053,0.007234005317913238,0.962790643258527,0.06898937135350194
spread,B,201706,161,0.9628522010192276,0.9718022911000438,0.19473199907982516,0.26942489667842884,0.19491315850011504,0.18327765544740574,1.0217144283102997,0.018356850370466474,1.0053051827005044,0.10505942267677619
spread,B,201707,161,0.9719030365769498,0.9806417941144742,-0.05625143777317691,0.02748163601572316,-0.2658672647803083,-0.2800067287884318,1.0189271965283186,0.09992288435041473,1.0075166769513908,0.1369455728730356
spread,B,201708,162,0.9592116405112862,0.9738949418548707,0.25442693007376926,0.34326331818996525,0.24719254940647314,0.2557196910357753,1.0200949516560927,0.11860988392318803,1.0119954970873772,0.1214723303379986
spread,B,201709,162,0.9625783014715467,0.9747331905080461,-0.05916357236709331,0.010772560384861263,-0.18189400771422642,-0.17680237157257891,0.9808473261163325,0.13315914840912702,0.9721120230185478,0.12197275851120505
spread,B,201710,163,0.9511308405517592,0.9585175178836446,0.2565603161144086,0.30847820439615636,0.22266280945018038,0.2234668606367722,0.9083938904060058,0.08202727515295566,0.905130647982382,0.07640131079008558
spread,B,201711,178,0.9695955758360474,0.9833625731305239,0.4422600004893986,0.5167783949638749,0.4204221808242963,0.4337168020137691,0.9004534025111597,0.0802152727109089,0.894669850322749,0.07230135373554447
spread,B,201712,176,0.9565446602162246,0.9641750848422576,0.2306207351970064,0.2853158705701078,0.17878934624697337,0.18327756988773936,0.8924091330667061,0.08919634845514458,0.8869215184841045,0.08264998788847078
spread,B,201801,166,0.9572552818584223,0.9677379579822317,0.10905024562047866,0.15557460472788645,0.021930727810534463,0.033459499484826925,0.8930617350215883,0.07260656233232231,0.8854640846542087,0.08796446994812292
spread,B,201802,168,0.9304113666158808,0.9426085746223205,0.4430251922191122,0.4977310690486927,0.4568082769372499,0.47567194776879873,0.8790730097277165,0.08246234346117821,0.8703065488426206,0.09466144073990895
spread,B,201803,163,0.9372037635631769,0.9451543963563689,0.5291452607777611,0.5783085456664131,0.5773105890568109,0.5836052945322132,0.8589658143135296,0.06369174365367647,0.8517309351574455,0.07659575229309948
spread,B,201804,156,0.9334797932702185,0.9454298895712676,0.0454710688941221,0.08909467069390574,-0.030901993014177107,-0.018115753055534718,0.924464511643315,0.10892363863433613,0.9077202449140429,0.12414925656852012
spread,B,201805,159,0.9359495758871293,0.9494154130985214,0.14682051588249345,0.19882672557917364,0.09073620730833533,0.11741103415333176,0.9616018124147734,0.14781636968228357,0.9435597685982917,0.18077750021822497
spread,B,201806,155,0.9772774879284027,0.9801962728939214,0.3596435822242274,0.39996938533317866,0.3366601140794689,0.34335963778289996,0.9503205885557379,0.13645173642523142,0.9265025428740141,0.16724845956823292
spread,B,201807,142,0.9736363150570999,0.9813941450858805,0.4347462546443667,0.4685334322500387,0.4490675641409835,0.46752335029089,0.9362878393036799,0.1339059636391658,0.9089779114844588,0.15524452490695514
spread,B,201808,140,0.951765655171975,0.955123292045219,0.2367584351971311,0.2505808429522424,0.234361811462684,0.23952268649583155,0.9459688448215026,0.11814616897879568,0.9138989248458668,0.16782220272605813
spread,B,201809,140,0.985048386379049,0.987460297502818,0.06080339375915682,0.07941020185495327,0.09722945048216748,0.10103890367368776,0.9715411771694054,0.1599808519828228,0.9314459686839505,0.1836816906044362
spread,B,201810,125,0.9620137665353384,0.9622270524453357,0.4071889400921658,0.4107214176508723,0.39005222734254985,0.38808226164948634,0.9628853547538863,0.1422479807615719,0.9268245965057599,0.18949357649525925
spread,B,201811,123,0.9485928947543022,0.9522091306051658,0.28110691207388017,0.2990840745706809,0.2770053269014975,0.2852283042082105,0.9796594134589404,0.09880668127350632,0.942264844457054,0.15744895802651493
spread,B,201812,122,0.9326169244991177,0.9315277626373067,0.35302573185601793,0.35089939677153814,0.37455761497054074,0.3676266731039033,1.0026711140527278,0.10271715655693851,0.9614349532471445,0.15807130730451602
spread,B,201901,123,0.8715932981646053,0.8753835165679249,-0.4766158052907869,-0.4684843296305789,-0.4465955553262566,-0.44125324266035265,1.0342516814038454,0.10728745632221937,0.9901635825550146,0.16612304892381674
spread,B,201902,119,0.979007507887707,0.9824365249206769,-0.0024426719840478566,0.014727246830935766,0.08049423159094148,0.09196695627403505,1.0101877517351374,0.12677459852242487,0.9713170606319351,0.14881925987717817
spread,B,201903,112,0.9782861243038234,0.9806351036884454,-0.11458297741483582,-0.09886603882465729,-0.06755902552362729,-0.0576675849408382,1.0384933344575886,0.12592653754326064,0.9998933407256648,0.15954183231472485
spread,B,201904,108,0.9721531528956718,0.9734773786047043,-0.4951079863195099,-0.48899177836843954,-0.4284584678994351,-0.42536225670925143,1.0353197582187952,0.14400376843587595,0.9973411680567176,0.16534771976219367
spread,B,201905,108,0.9682613024265175,0.9695617173208082,0.22096468413882459,0.23083445273276362,0.27541989387140714,0.27990701839625787,1.0303064456843607,0.16901973275163829,0.9882488576732871,0.17045057195932292
spread,B,201906,110,0.96136419989631,0.9635775920463634,-0.20852061402520117,-0.20129477851016503,-0.11041182967788472,-0.10772539154536157,1.0149250184039569,0.17734301491793827,0.9756189064133252,0.16790428595805656
spread,B,201907,107,0.9776346403585234,0.977835413868412,-0.04559258606163914,-0.04100795717002534,0.04488724308861851,0.03970992699204436,0.9887089371295468,0.1356515320974762,0.9516885340071972,0.1545569727030078
spread,B,201908,102,0.9538933904812527,0.9572548565069173,0.3158760764711537,0.32533693713181444,0.43259580098501,0.43743161597116875,0.9827287019444462,0.11821035658270404,0.9452514339351908,0.17638137075118152
spread,B,201909,98,0.9359511377184424,0.9343317458192273,-0.44883295398759315,-0.4489732162780763,-0.33259376852896727,-0.33757945539977935,0.9704360144783164,0.1381869071755354,0.9338170380312382,0.17479258693046973
spread,B,201910,93,0.9754743795925177,0.9751610484723942,0.30463131509056723,0.304198621348214,0.5184118647608248,0.5138611202291784,0.9791789678533083,0.12604575611070112,0.9398040284054073,0.15362165766131758
spread,B,201911,90,0.9756141730097571,0.9786803200421454,0.08897394740091369,0.10507513304255371,0.20227188541795282,0.21345109870164197,0.9611892282981327,0.15387834595356487,0.9264357396407837,0.17574299779931213
spread,B,201912,87,0.9716589967141502,0.9711531013592466,-0.23735146168987384,-0.2366690815667636,-0.1486476634832689,-0.15457167461920776,0.9668001040039397,0.16185845943468763,0.9326357833300186,0.17395640859944125
spread,B,202001,85,0.9744672119598683,0.9745258406351562,-0.14551495016611296,-0.13437561070940002,-0.1077779949188978,-0.11557553253859683,0.9870563556067146,0.1916061987073981,0.953075108916468,0.1883297927326286
spread,B,202002,81,0.9516711833785003,0.9535338023846655,-0.16537940379403793,-0.15532018203544448,-0.08238482384823848,-0.08117752007654021,1.0210257732850758,0.1760185008509568,0.9863225751408972,0.1706822349681004
spread,B,202003,68,0.7133259533534373,0.7088597931060808,0.2833148833835935,0.2777798984616559,0.31728823911134857,0.30847043554605486,1.015328153421535,0.19472968178797642,0.981161452426025,0.21264888282091945
spread,B,202004,78,0.7592534048230251,0.761099659833837,-0.3789501637602903,-0.3693142300737237,-0.3386613386613387,-0.3345388788426763,1.0025828834840933,0.19231947977390307,0.9722826535701813,0.21122739231231355
spread,B,202005,79,0.8371470301850049,0.8540165530671859,-0.38030671859785786,-0.3484420642648491,-0.38050146056475176,-0.3584469328140214,1.0250665011859412,0.15454433352324162,0.9938132686199806,0.15861228322304427
spread,B,202006,78,0.9203581228897685,0.9289571188305364,-0.310739893018374,-0.2834760176532328,-0.3135977946104528,-0.30995586691789223,1.036003803066847,0.16502281384493012,1.0025541171447734,0.16568629606855864
spread,B,202007,76,0.920246069719754,0.9297334244702666,-0.34725905673274093,-0.324565960355434,-0.36120300751879697,-0.355187969924812,1.0593101578590016,0.16009007857685578,1.0264260860945091,0.12248484822856034
spread,B,202008,73,0.9609712452178206,0.9648586943107492,-0.18135258546217453,-0.15417129458225348,-0.18949771689497721,-0.1883870171541405,1.0122381883740954,0.1137125900659236,0.9871781042772815,0.09801694646580793
spread,B,202009,59,0.9374031974545464,0.940822350558084,-0.04926943308007014,-0.020923436586791352,0.0017533606078316778,-0.017767387492694332,1.0104042216331086,0.10931421019459929,0.9892686615076559,0.06986583998643171
