y_cov,rtg,date,n,rho_level_y,rho_level_self,rho_resy_y,rho_resy_self,rho_resself_y,rho_resself_self,slope_y,log_slope_y,slope_self,log_slope_self
coupon,AAA,200307,24,0.05790166018017518,0.9017391304347826,-0.3382675936841813,0.7399999999999999,-0.3369615411989142,0.21391304347826084,0.10751917905576652,0.10503675593875296,0.819011314160513,0.5009897608627669
coupon,AAA,200308,24,0.14453647503622677,0.7556521739130433,-0.3526341710221195,0.6356521739130434,-0.008707016568447395,-0.2026086956521739,0.10751917905576652,0.10503675593875296,0.819011314160513,0.5009897608627669
coupon,AAA,200309,26,0.17799088590197185,0.8119658119658119,-0.06332368056127845,0.7094017094017094,0.14273499888677357,0.3374358974358974,0.05889125749708128,0.27942599790619704,0.7176881768770093,-0.7103484564728783
coupon,AAA,200310,26,0.2971078633902145,0.8543589743589743,0.03285985585882557,0.84,0.3734385702289448,0.28957264957264955,0.05889125749708128,0.27942599790619704,0.7176881768770093,-0.7103484564728783
coupon,AAA,200311,25,0.3909111966640969,0.6900000000000001,0.2149048746192769,0.5346153846153846,0.16252662560812697,0.10999999999999999,0.05889125749708128,0.27942599790619704,0.7176881768770093,-0.7103484564728783
coupon,AAA,200312,25,0.2876952353774191,0.763076923076923,0.046986370436472726,0.5930769230769232,-0.09820921689590612,-0.014615384615384615,0.05889125749708128,0.27942599790619704,0.7176881768770093,-0.7103484564728783
coupon,AAA,200401,27,0.12964396867808015,0.6776556776556776,-0.30117761591487957,0.5024420024420024,-0.3672226565622034,-0.12271062271062269,0.05889125749708128,0.27942599790619704,0.7176881768770093,-0.7103484564728783
coupon,AAA,200402,28,0.29409379722573004,0.7706622879036672,-0.04001649058243857,0.675424192665572,0.2705224397593621,0.5429666119321293,0.06290501077121115,0.15640150489587074,0.6137620230519347,-0.6117887865797779
coupon,AAA,200403,29,0.3924038633205242,0.569950738916256,0.15834272800237367,0.5472906403940886,0.0776915254217254,0.09802955665024629,0.06290501077121115,0.15640150489587074,0.6137620230519347,-0.6117887865797779
coupon,AAA,200404,27,0.31458306394610674,0.8888888888888888,0.05380623834257997,0.818070818070818,0.24701954875457166,0.7026862026862026,0.06290501077121115,0.15640150489587074,0.6137620230519347,-0.6117887865797779
coupon,AAA,200405,31,0.11666169263147178,0.8911290322580647,-0.26238789000158014,0.747983870967742,-0.07528514074660722,0.4274193548387098,0.0776156558969366,0.17242164068300053,0.5619145090323258,-0.6765181396134833
coupon,AAA,200406,33,0.4364338096554366,0.6925133689839572,-0.11124127382938492,0.6801470588235294,0.5712615791388715,0.2446524064171123,0.0776156558969366,0.17242164068300053,0.5619145090323258,-0.6765181396134833
coupon,AAA,200407,34,0.3072336512810368,0.841405653170359,-0.24652097852913452,0.573109243697479,0.13518892370952537,0.5669977081741787,0.0776156558969366,0.17242164068300053,0.5619145090323258,-0.6765181396134833
coupon,AAA,200408,34,0.2511088379310415,0.8178762414056532,-0.218535036177502,0.654087089381207,0.16944494057709744,0.5712757830404889,0.07137272258224313,0.16895691031988316,0.5641940416628832,-0.45711221100839444
coupon,AAA,200409,33,0.28604898984698984,0.8422459893048129,0.04817667197422987,0.7690508021390374,0.28169970696042745,0.5899064171122995,0.050727197257669644,0.2230642599287526,0.5797255300498585,-0.2550977269719753
coupon,AAA,200410,33,0.34560070937069065,0.7523395721925135,-0.039478106201105034,0.644385026737968,0.31799949105212144,0.31183155080213903,0.054587513483405535,0.2128209946159434,0.580290501084173,-0.2102151278962144
coupon,AAA,200411,34,0.357935225984674,0.7448433919022154,-0.13277255391226367,0.5578304048892284,0.12726585812788407,-0.07135217723453018,0.06294828394771709,0.20853474848342538,0.6234914280824578,0.24058764577376637
coupon,AAA,200412,34,0.4068836329569371,0.8389610389610389,-0.05659659556167922,0.6681436210847975,0.1468452209167893,0.18288770053475933,0.057424482519710406,0.26998181813529326,0.7382848439394061,-0.1424551005078593
coupon,AAA,200501,36,0.36856699972792173,0.7091377091377092,0.00837359489070776,0.5454311454311455,-0.024991960135343168,-0.003861003861003861,0.042568083480862016,0.2268729911558481,0.8271114463872219,0.08889263520385134
coupon,AAA,200502,36,0.30351060865396134,0.8872586872586873,-0.03903383464437618,0.7485199485199486,0.006183577765445733,0.007464607464607464,0.03447571124222881,0.16995474980594988,0.8695210439923015,0.3556901782534832
coupon,AAA,200503,35,0.19122398104651667,0.8089635854341737,-0.010794902155851748,0.7523809523809525,0.1093509569034333,0.2081232492997199,0.034860829677333276,0.1590705024518678,0.8118249823858896,-0.2560700771348807
coupon,AAA,200504,38,0.3482311214021512,0.7155049786628734,0.31208256208704893,0.7100339205602364,0.30846770615553876,0.11281321807637597,0.024504503349415077,0.09935120555530909,0.8090041355461448,-0.19726541221053778
coupon,AAA,200505,38,0.2956513987620025,0.8400262610788926,0.20374642523057604,0.8196739249370829,0.17340354362365692,0.26534631797789693,0.028139560385072454,0.11664722448452808,0.8206929435088689,-0.3985751030716782
coupon,AAA,200506,38,0.30145707647018566,0.823394244446876,0.18260499508568293,0.7699967173651384,0.07317344734087354,0.16533537586169164,0.043206286708828,0.20182931850460153,0.7941751470712268,-0.49300923719106066
coupon,AAA,200507,43,0.2968173616556569,0.8415886439142253,0.05987757270282229,0.7952280277861673,0.17169440354559268,0.2355783751132588,0.04755355558886275,0.19253020673896787,0.6911001402333603,-0.264338319030751
coupon,AAA,200508,43,0.38073668703461244,0.9080338266384779,0.24518051549905642,0.8840229537903957,0.39963743599383666,0.7222893385684083,0.0442076547659954,0.1951988575235049,0.5680388898611862,0.1695123145798309
coupon,AAA,200509,43,0.4806838475309901,0.7192691029900332,0.19906268803854937,0.6182422228933857,0.1737356844331889,0.0025672002416188464,0.047222860812947326,0.1713776587270309,0.5891177266642864,0.13603231226719395
coupon,AAA,200510,43,0.33575290451165885,0.8686197523406824,-0.10365170729238554,0.653881002718212,0.13699262845645704,0.6303231652068861,0.05810541948051709,0.13800701135609358,0.38825574728835055,0.09376023036724626
coupon,AAA,200511,45,0.28986004466788307,0.9227931488801053,-0.09417978243133947,0.7772068511198944,0.2475187139109363,0.7953886693017127,0.060806953474222075,0.10863761385795143,0.34863673022819186,0.17172359588126854
coupon,AAA,200512,45,0.2301732777908787,0.7550724637681159,-0.051112977159865604,0.669828722002635,0.1840726700041096,0.4376811594202898,0.0438460051951851,0.07119632350461189,0.3427822796148389,0.26903454030869356
coupon,AAA,200601,46,0.4507706844169254,0.7350601295097132,0.1758005669226009,0.7434474252235584,0.4733092186377717,0.5732346592661116,0.0441174992903634,0.07829507783389335,0.3374455113601742,0.42173178177337417
coupon,AAA,200602,48,0.46248379882509416,0.708315240990013,0.19941862238679878,0.6544724272687799,0.4099251158466166,0.46537125488493264,0.04743813189765638,0.06489428249677943,0.4456368175347275,0.4265454785051669
coupon,AAA,200603,46,0.5491220252465127,0.6980573543015726,0.2510889800480398,0.6214616096207215,0.4934686006405387,0.43225408572309587,0.04380567172104363,0.0025272446669520935,0.4427977605729418,0.29317675101453256
coupon,AAA,200604,46,0.5320739173760922,0.7350601295097132,0.3728347069052812,0.6907801418439716,0.22607273480340115,0.13919210607462226,0.03736176190769655,0.09778990047148937,0.7206234600222032,-0.03302253009986089
coupon,AAA,200605,47,0.5153301700199531,0.7284921369102684,0.3829076870047134,0.6917206290471786,0.2513537379838895,0.2767113783533765,0.03465637435046881,0.14094984815860878,0.7420442294462977,0.8557483611738537
coupon,AAA,200606,47,0.5990163615579478,0.8149861239592969,0.43015950741564646,0.7871184088806662,0.4552246489458544,0.46080018501387604,0.04019539756727954,0.11099604416154961,0.7299879845640093,0.7165821513062403
coupon,AAA,200607,48,0.537086694301818,0.7308944854537559,0.3314679112951325,0.6626139817629179,0.15008432311428785,-0.005536257056013895,0.038039794843273585,0.11590970063692292,0.7895753738981076,0.5515033687294507
coupon,AAA,200608,48,0.5593113460591473,0.8024316109422492,0.3112538026063146,0.7153712548849327,0.10308108651260105,-0.16739036039947894,0.037135821357450985,0.11280345217104402,0.7865648908133376,0.658638192560942
coupon,AAA,200609,48,0.5132318724889388,0.6385149804602692,0.3222302809803501,0.5930308293530178,0.20920515712889512,-0.004559270516717325,0.03648520235397239,0.1269465769112849,0.741800905923079,0.6829423614267897
coupon,AAA,200610,48,0.5970769523460517,0.6794398610508033,0.4243332654596212,0.6254884932696482,0.3278271981710712,-0.02735562310030395,0.03260244169048916,0.1140863270021031,0.7320747996534357,0.6409258764133324
coupon,AAA,200611,49,0.5963177485281169,0.7686734693877552,0.1373956953782128,0.5702040816326529,0.4124424684680552,0.4803061224489795,0.07271886652474717,0.09393238290621589,0.4982532440340512,-0.6655853532044242
coupon,AAA,200612,50,0.38464701965509057,0.5868427370948379,-0.01869878663407026,0.3801680672268907,0.10435749558500394,0.10770708283313324,0.07576960725086257,0.15229745160165445,0.539697888327365,-0.3744655238849445
coupon,AAA,200701,49,0.5117861961671719,0.7308163265306121,0.10971225043583685,0.6120408163265306,0.4679625877528572,0.36193877551020404,0.0762007914828335,0.12576663108088432,0.5548464328772951,0.17001769808349912
coupon,AAA,200702,48,0.5281001714163066,0.5412505427702996,0.2411518013493452,0.40338688666956146,0.3912537223063717,0.28788536691272254,0.07939520697376211,0.17177495401370596,0.5361019027409496,0.7040431690130079
coupon,AAA,200703,48,0.5919167816108876,0.7269865392965696,0.045686675232631827,0.5480894485453756,0.3274121184626303,0.09693877551020409,0.08822818527419966,0.15982445162039643,0.6084153578140695,0.8037298627950054
coupon,AAA,200704,49,0.6262836229250645,0.7442857142857142,-0.0846826167680441,0.418469387755102,0.36917126296708247,0.2186734693877551,0.09650380072405557,0.17002210670968898,0.5549150167879258,1.1738763133911883
coupon,AAA,200705,50,0.6487816983130728,0.7813205282112845,0.387567012753941,0.6987274909963985,0.3824225306345176,0.27433373349339735,0.04950250384702453,0.18031636258569247,0.7114720933447375,0.9249403258262477
coupon,AAA,200706,49,0.3516014076183448,0.6223469387755102,0.3147251414503546,0.6111224489795918,0.1821850989213591,0.34091836734693876,0.04352364021377536,0.1345488936539419,0.7354301357877507,0.9266037929063157
coupon,AAA,200707,50,0.4827755920056967,0.7210084033613444,0.33564947791970606,0.6907563025210084,0.17039704193488586,-0.026842737094837935,0.04202312770202869,0.13220025684491657,0.7009495899365803,1.0984188182686923
coupon,AAA,200708,50,0.2320193983591165,0.7092917166866746,-0.04225964590917186,0.5454501800720287,-0.2138943852672419,-0.019735894357743092,0.04565140701219388,0.11910435860799568,0.7350853026260384,0.4241363691559673
coupon,AAA,200709,53,0.15109576276453895,0.7441541686824706,0.0391057142411427,0.7327044025157232,0.11178826465218294,0.2511691662635059,0.05165846538171259,0.16684558314049938,0.6631315222192686,0.7000148252489047
coupon,AAA,200710,54,0.4838231884239377,0.48130360205831896,0.2524991610274915,0.4752811130169621,0.3196872877378893,-0.20678482942633883,0.05540230158805559,0.2320169966334147,0.7389526806355429,0.24093708582903842
coupon,AAA,200711,56,0.3161388675911738,0.3267259056732741,0.13799006620458726,0.22679425837320574,0.11384009428082952,-0.07682843472317157,0.06238914460317192,0.2566825280459823,0.6487072399823178,0.9696030116311553
coupon,AAA,200712,55,0.3556664382970123,0.43975468975468984,0.1418693843724834,0.3708513708513709,0.2050227448376077,-0.0357864357864358,0.07172797659321069,0.33663666510201823,0.6308577533834119,1.6052673458469071
coupon,AAA,200801,54,0.6088965635894732,0.6028206594244329,0.4280320433227171,0.5429769392033541,0.5663222533980156,0.24246235944349148,0.08191312220502871,0.3464231209077547,0.7227036429526267,1.369089446158759
coupon,AAA,200802,55,0.47027831558210165,0.7285714285714288,0.3947868402341687,0.671933621933622,0.2494720682229635,0.3618326118326119,0.08626974472809162,0.30292736457207864,0.6815279697929081,1.2761918775079077
coupon,AAA,200803,56,0.5165793075385395,0.8594668489405332,0.4019017109961188,0.8427887901572112,0.2663270039593887,0.09876965140123035,0.08105640302834266,0.28609368154591963,0.6903822271898081,1.296000704413338
coupon,AAA,200804,55,0.5885880069810382,0.8134199134199136,0.3610304894688328,0.6987734487734489,0.19683382285840767,0.1262626262626263,0.07751254808257256,0.2899212431025772,0.68803815342354,1.1701150615693945
coupon,AAA,200805,55,0.6622021237837331,0.7911255411255413,0.6008991466719253,0.766883116883117,0.5671788989555364,0.2424242424242425,0.08018564270699725,0.2554037558666491,0.7094225991583847,1.2169471523039792
coupon,AAA,200806,56,0.6974487233297114,0.9165413533834588,0.6180999082000072,0.9259056732740943,0.5713798730848451,0.5962406015037595,0.08072185047496884,0.24172721224522753,0.7007252313892065,1.17616937427154
coupon,AAA,200807,56,0.5184350602310595,0.7887218045112783,0.49384376795594853,0.7859876965140123,0.47575087002335653,0.6125768967874231,0.07071759957775027,0.1492244429838354,0.5959935150381109,0.9896446743702366
coupon,AAA,200808,57,0.46034358016936233,0.8317993259009594,0.403554682827066,0.7886310604096449,0.13355607039153403,0.2978999222193415,0.06902068825490039,0.15595815508809885,0.6418688535121733,1.0846456840180025
coupon,AAA,200809,57,-0.04975109567280554,0.17260824474980554,-0.1102048390457583,0.1381254861291159,-0.12687502364538153,-0.0049261083743842365,0.07662130364857958,0.1874300974635942,0.5971809839081496,0.7987873094513732
coupon,AAA,200810,55,0.24919224757997158,0.6635642135642137,0.19922382239152173,0.6556998556998558,0.20196775325447128,0.32308802308802315,0.08052437939873212,0.1768836912387922,0.5968511537653678,1.1839413514300394
coupon,AAA,200811,55,0.20713067579923164,0.8448773448773451,0.08704759619172868,0.8215728715728717,0.009712071080703034,0.2480519480519481,0.07877268487944936,0.10138106603998494,0.563696750163806,0.9782735834795333
coupon,AAA,200812,55,0.3174655799725717,0.671861471861472,0.23355906253185107,0.6737373737373739,0.2755123212522114,0.16450216450216454,0.0775723528272794,0.10440227487507157,0.5732865620919322,0.8501870504137008
coupon,AAA,200901,58,0.4171197404943757,0.8632993940139655,0.3828498452282474,0.8626226583407672,0.40437244791560023,0.5637515764865114,0.05878769677290824,0.0960892383847196,0.5864268973229688,0.5440487843093734
coupon,AAA,200902,56,0.44400753190143827,0.9420369104579631,0.39584029213587657,0.9251537935748462,0.4224554288813361,0.7824333561175667,0.05890735145620114,0.1234994803889307,0.3995632479546463,0.5292319952898498
coupon,AAA,200903,17,0.40000030110312895,0.8995098039215688,0.38159537927323034,0.9068627450980394,0.3938653271598294,0.27941176470588236,0.044706983645423644,0.07141687819772259,0.4384642257325618,0.6954219533043093
coupon,AAA,200904,20,0.535741310427452,0.9142857142857143,0.4890896794632637,0.9067669172932331,0.4627540813383187,0.6240601503759398,0.025482787725734594,-0.07950159824526092,0.4743686930384293,0.21953952986550768
coupon,AAA,200905,19,0.5116279562300791,0.719298245614035,0.49407639683968185,0.7385964912280703,0.26678370273403784,0.1736842105263158,0.025745509383755315,-0.10799141593006108,0.39092100303847255,0.5728576171496255
coupon,AAA,200906,19,0.2860904180634748,0.8578947368421052,0.24835456537412073,0.843859649122807,0.16761739217829352,0.7087719298245614,0.035011645427271795,-0.0693593368378637,0.3827567553167596,0.4010466236659702
coupon,AAA,200907,22,0.5587571513226078,0.8870694522868439,0.46553679746190985,0.8802936194240545,0.5192091224120087,0.7752682100508189,0.05354861980201491,0.0029466563551140937,0.39885549382979585,0.8376672486234423
coupon,AAA,200908,22,0.5418079960752082,0.8204404291360814,0.38531079595755163,0.7594579333709771,0.39265542989809143,0.5381140598531904,0.06917734046507398,0.03119203196574335,0.5072570958426638,0.7571159050232951
coupon,AAA,200909,22,0.7050848582918245,0.6905702992659515,0.4316384869671106,0.627329192546584,0.37118649991805197,0.04912478825522304,0.09585398340495722,0.037662406895596294,0.6060116396840488,0.7479853230693614
coupon,AAA,200910,17,0.554601644474277,0.7720588235294118,0.06625771858763486,0.5931372549019609,0.33742356688147385,0.4534313725490197,0.13221549043178824,0.10241081579678535,0.6314936758595924,0.48623045588847463
coupon,AAA,200911,18,0.5030994420097971,0.8802889576883385,0.10640501545587083,0.6635706914344685,0.10330584024841828,0.28792569659442724,0.14809943625214206,0.1414894226156787,0.729264630729958,0.40137211333192585
coupon,AAA,200912,18,0.5485540117191011,0.7853457172342622,0.03719010248943058,0.587203302373581,0.1508265267626907,-0.16202270381836945,0.17080372656941684,0.22403508466839342,0.7784199943742249,0.10401937504651149
coupon,AAA,201001,17,0.5570556340515967,0.7745098039215688,-0.14846636942784847,0.42892156862745107,0.01595093225257876,-0.3651960784313726,0.22659600152357162,0.19955028821567694,0.9051746360360697,-0.07366401969407281
coupon,AAA,201002,9,0.8284591346681659,0.9833333333333333,0.07531446678801507,0.5666666666666667,0.5020964452534339,0.6,0.2312673660244948,0.21702469451402806,0.8340407711736534,-0.35027424350010966
coupon,AAA,201003,9,0.836827408755723,0.9500000000000001,-0.02510482226267169,0.5,0.619252282479235,0.6333333333333333,0.24190226043144028,0.19815093635340392,0.7425494385004843,-0.2198707349205108
coupon,AAA,201004,9,0.8284591346681659,0.9500000000000001,0.1338923854009157,0.5499999999999999,0.652725378829464,0.6666666666666667,0.2175780652668553,0.05619727960807057,0.6654376857089912,-0.42070969230996835
coupon,AAA,201005,9,0.870300505105952,0.9166666666666666,0.4267819784654187,0.75,0.8284591346681659,0.6166666666666666,0.24255456719730523,0.026430439253012705,0.6769017331103262,-0.08489961927879251
coupon,AAA,201006,9,0.836827408755723,0.8166666666666667,0.07531446678801507,0.48333333333333334,0.1338923854009157,0.049999999999999996,0.23469524916122386,-0.10131543233417217,0.6744052516924526,-0.18271265818560162
coupon,AAA,201007,9,0.7949860383179369,0.9500000000000001,0.4100454302903043,0.6833333333333333,0.803354312405494,0.7666666666666667,0.20648843596715782,-0.16072269155687735,0.6492810631618635,-0.09269104450245479
coupon,AAA,201008,9,0.8786687791935092,0.8833333333333333,0.5188329934285483,0.7666666666666667,0.8117225864930513,0.8499999999999999,0.2363242070652709,-0.14119547179792416,0.6990886535702565,-0.10605958561838592
coupon,AAA,201009,10,0.7234075969792768,0.9272727272727272,-0.07294866524160776,0.406060606060606,0.3161108827136336,0.6121212121212121,0.2853214027353039,-0.13945527355799403,0.7963546577114422,-0.08065842775692873
coupon,AAA,201010,10,0.6261427099904665,0.9393939393939393,-0.46808726863364974,0.19999999999999998,0.32218993815043423,0.6606060606060605,0.3549770627739088,-0.05910448453305019,0.77190376221114,-0.10723237931296374
coupon,AAA,201011,11,0.6986374204151513,0.9545454545454546,-0.5799147215210734,0.21818181818181823,0.5707822062215289,0.4090909090909091,0.362850752274286,-0.026662177343917834,0.7940270677549257,-0.1424092621908288
coupon,AAA,201012,11,0.28310797428587836,0.790909090909091,-0.6758061321662903,0.02727272727272728,-0.3926981578804119,0.05454545454545456,0.396334034089741,0.025402390857612398,0.821362945901369,-0.17051448724398616
coupon,AAA,201101,11,0.4429269920279065,0.8636363636363636,-0.7625650275119626,0.3545454545454546,0.30593926253473946,-0.26363636363636367,0.44128630850083966,0.04875463703688577,0.8771133799659734,-0.3548674266457411
coupon,AAA,201102,11,0.4109631884795008,0.9090909090909091,-0.8082276040096849,0.018181818181818184,-0.45662576497722307,-0.10909090909090911,0.43099258520753614,0.026986118132626483,0.8435570986660237,-0.30215603001060204
coupon,AAA,201103,12,0.5052662681922029,0.9370629370629372,-0.554389377599778,0.43356643356643365,0.45263436525551504,0.7342657342657343,0.3118384803819567,-0.2414313632766357,0.5904046371815473,-0.13012441067332423
coupon,AAA,201104,12,0.6456180093567035,0.9230769230769231,-0.40351125584793973,0.44755244755244755,0.6000036934782408,0.43356643356643365,0.26099540670319693,-0.4208061899714607,0.6781804492220531,0.11156439774998081
coupon,AAA,201105,12,0.5614069646580031,0.9090909090909092,-0.10877259940248811,0.6013986013986015,0.4982486811339778,0.6643356643356644,0.23424900679960448,-0.20573518550941702,0.6921917937484401,0.13540188727787333
coupon,AAA,201106,12,0.6561443899440411,0.9300699300699302,0.04210552234935023,0.7902097902097903,0.7052674993516165,0.5944055944055945,0.21991930797405893,-0.22123042610430024,0.8130062949162394,-0.22709419765611782
coupon,AAA,201107,12,0.7263202605262915,0.9790209790209792,0.056140696465800305,0.7062937062937064,0.7929873375794294,0.7832167832167832,0.21793349677077806,-0.23058513463447222,0.7741262403482916,0.07344733081896569
coupon,AAA,201108,12,0.6421092158275911,0.8251748251748254,0.11228139293160061,0.49650349650349657,0.46316074584285255,0.4895104895104896,0.21354309737212415,-0.3390202937706789,0.7443344612958696,-0.06820324791960111
coupon,AAA,201109,12,0.46316074584285255,0.9300699300699302,-0.003508793529112519,0.6643356643356644,0.08421104469870046,0.49650349650349657,0.20832835890269688,-0.38154293160137837,0.7101407371513316,0.06383708503238571
coupon,AAA,201110,12,0.6771971511187163,0.9090909090909092,0.18947485057207605,0.8391608391608393,0.6000036934782408,-0.11188811188811189,0.19978961935844414,-0.44645747002229896,0.7870615783156386,-0.4132083399974517
coupon,AAA,201111,12,0.48070471348841515,0.8881118881118882,0.12631656704805072,0.7482517482517484,0.4736871264301902,0.7902097902097903,0.20406784282957713,-0.31818660936114057,0.7828614671382341,-0.380710248482868
coupon,AAA,201112,12,0.7403554346427417,0.8461538461538463,0.547371790541553,0.8111888111888113,0.6701795640604912,0.3076923076923077,0.21594301857308668,-0.3124364143773553,0.7605076120921631,0.10217669814884275
coupon,AAA,201201,12,0.5578981711288905,0.8951048951048951,0.0736846641113629,0.6433566433566434,-0.2350891664505388,0.2517482517482518,0.21010530694909346,-0.15750675435201753,0.8154524735030978,0.22742033271350248
coupon,AAA,201202,12,0.6877235317060538,0.9370629370629372,0.1473693282227258,0.8111888111888113,0.36842332055681454,0.18881118881118883,0.2142596226298962,-0.09763273827794912,0.8864283538591617,-0.6392613547271162
coupon,AAA,201203,12,0.6035124870073533,0.965034965034965,0.08421104469870046,0.7202797202797203,0.25263313409610144,0.43356643356643365,0.22638531860789052,-0.13125003049427664,0.9577234070280043,-0.49836518137250496
coupon,AAA,201204,12,0.7052674993516165,0.9580419580419581,0.14386053469361332,0.8251748251748254,0.39298487526060216,-0.034965034965034975,0.23479009684348703,-0.1472451255366005,0.9576395158422789,-0.34108392693634304
coupon,AAA,201205,12,0.5578981711288905,0.6153846153846154,0.17894846998473848,0.46153846153846156,0.22105399233408873,0.06993006993006995,0.23062297888528469,-0.07675357711213034,0.9265154062202315,-0.453546019220085
coupon,AAA,201206,12,0.701758705822504,0.7832167832167832,0.25263313409610144,0.6573426573426573,0.0736846641113629,-0.20979020979020982,0.21601342852161795,0.08409262399809356,0.9217084020877218,-0.6552812029076331
coupon,AAA,201207,12,0.6175476611238034,0.7692307692307694,0.33333538526568934,0.6293706293706295,-0.36842332055681454,-0.6223776223776225,0.19802883318125786,0.34125004920982,0.933411721807703,-0.6246664096424219
coupon,AAA,201208,11,0.6378148666094873,0.8272727272727273,0.14123043474924363,0.6181818181818182,0.2779050490227052,0.39090909090909093,0.18136682203504234,0.05769287190244512,0.9213718341065279,-0.4216743384087814
coupon,AAA,201209,11,0.3143516128289616,0.5,0.08200476856407694,0.4272727272727273,0.03189074333047437,-0.5454545454545455,0.14996465371421497,0.08257035556975717,0.8736312052666201,-0.13395413830063518
coupon,AAA,201210,11,0.5649217389969745,0.8090909090909091,0.29157251045005134,0.8272727272727273,0.3416865356836539,0.18181818181818182,0.1326336413776036,0.17739161714694612,0.8692974713513063,0.19987019489925045
coupon,AAA,201211,11,0.610479943754795,0.8000000000000002,0.4692495090055514,0.7545454545454545,0.610479943754795,0.5454545454545455,0.12577366050730138,0.3094507529333174,0.8651122230524668,0.7625754631370643
coupon,AAA,201212,13,0.6299868408234353,0.967032967032967,0.19807446523706262,0.8571428571428571,0.16231102012481516,-0.07142857142857142,0.12923475838004236,0.1962766309782517,0.9134194302652416,0.5549606527204556
coupon,AAA,201301,13,0.5584599505989404,0.967032967032967,-0.05502068478807295,0.6813186813186813,-0.47867995765623467,-0.3681318681318681,0.15450722103798914,-0.0006704804917184249,0.9484885273339931,0.22164267162372936
coupon,AAA,201302,13,0.48143099189563826,0.9395604395604396,-0.10178826685793495,0.7032967032967032,-0.1458048146883933,0.03846153846153846,0.17336264849658492,-0.11906006967512466,0.9699733567557839,0.48513476118301413
coupon,AAA,201303,13,0.429161341346969,0.967032967032967,-0.2448420473069246,0.6758241758241759,-0.47867995765623467,0.06593406593406594,0.20328140791195162,-0.14345022931480614,1.0195290662235312,-0.3658730366967135
coupon,AAA,201304,13,0.12379654077316414,0.7417582417582418,-0.46767582069862007,0.4230769230769231,-0.5749661560353623,-0.6703296703296703,0.21542255411544378,-0.15513741279206394,1.0232812418469603,-0.6810896865168248
coupon,AAA,201305,12,0.42031588100300776,0.9230769230769231,-0.30472901372718064,0.7902097902097903,0.8196159679558652,0.1188811188811189,0.23287542709219125,-0.1487162130761625,0.9540038951236007,0.06668482689720187
coupon,AAA,201306,13,0.48418202613504197,0.967032967032967,-0.4621737522198128,0.5,-0.11279240381554954,0.016483516483516484,0.2448817852069954,-0.051269668162387746,0.9830253066091726,-0.08385108018413012
coupon,AAA,201307,13,0.475928923416831,0.9725274725274725,-0.4924351288532529,0.4505494505494505,-0.374140656558896,-0.2967032967032967,0.26147086703794803,0.00395146400224958,0.9604845705667634,0.28919092488164483
coupon,AAA,201308,13,0.43191237558637263,0.945054945054945,-0.4621737522198128,0.47802197802197804,0.093535164139724,0.6373626373626374,0.25818653675186454,0.11048390720273317,0.9399426090871341,-0.010319937963470586
coupon,AAA,201309,13,0.08253102718210942,0.8571428571428571,-0.5749661560353623,0.40659340659340654,-0.6464930462598572,-0.07692307692307691,0.2542360901905697,0.09607434774250113,0.9204037599330566,-0.285355302837099
coupon,AAA,201310,13,0.25309515002513555,0.945054945054945,-0.44566754678339093,0.7142857142857143,0.5144434027684821,0.47802197802197804,0.25827545371119653,0.18970824768875713,0.925270325161518,-0.1430228286763661
coupon,AAA,201311,13,0.429161341346969,0.9230769230769231,-0.38239375927710695,0.6483516483516483,0.19532343099765895,-0.3021978021978022,0.25964490004789775,0.36351675222597063,0.9689709696802288,0.21666888408146848
coupon,AAA,201312,13,0.4044020331923362,0.7307692307692307,-0.6905095940903155,0.1758241758241758,0.24759308154632828,-0.48901098901098894,0.2708937054330874,0.19188004481630194,0.9130202024567874,0.1894153801307361
coupon,AAA,201401,18,0.42295850546623426,0.7812177502579979,-0.4291632757175727,0.1496388028895769,0.017580182378792136,0.3787409700722394,0.26152060462477733,0.31290998946340215,0.8783911424251909,0.1093259786136516
coupon,AAA,201402,18,0.45605061347337245,0.9793601651186791,-0.5305078564894332,0.43653250773993807,0.32368218144481986,0.41589267285861714,0.30391033468858025,0.09061797127076457,0.8817887293223833,-0.390262510195003
coupon,AAA,201403,18,0.47259666747694146,0.9463364293085655,-0.729060504532262,0.16408668730650156,0.22440585742340546,0.2714138286893705,0.30397268551725526,0.12010335702025966,0.7155032539844038,-0.8222237847512927
coupon,AAA,201404,19,0.48857720444646163,0.9508771929824561,-0.6924439516255608,0.16140350877192983,0.49736456423866415,0.8508771929824561,0.28959295023272463,0.13510815259262468,0.6575922245097028,-0.5063666289360943
coupon,AAA,201405,18,0.46432364047515695,0.9669762641898865,-0.5263713429885409,0.2961816305469556,0.449845843222034,0.8617131062951496,0.27781871437815064,-0.020463359877209132,0.6336132479654725,-0.6655583361086254
coupon,AAA,201406,18,0.46432364047515695,0.890608875128999,-0.4891427214805106,0.31888544891640863,0.2719757626836665,0.5748194014447885,0.2717718310315167,-0.011157869873020828,0.6541526428482576,-0.0763671312272704
coupon,AAA,201407,18,0.36297905970329647,0.9463364293085655,-0.3009313571899124,0.5521155830753354,-0.03826274988325347,0.5810113519091847,0.2472843617979469,-0.2600335679833283,0.6845737643495133,-0.6941205361358711
coupon,AAA,201408,18,0.4022759379617729,0.9711042311661506,-0.1271977901524372,0.8059855521155831,0.5904873022523711,0.8018575851393188,0.19455228883206863,-0.09811325968070286,0.6964234375754589,-1.315512581547513
coupon,AAA,201409,18,0.41468547846444975,0.9649122807017543,-0.08583265514351454,0.7874097007223942,-0.042399263384145736,0.22187822497420018,0.1777825435101686,-0.05046593400580253,0.9162515677482409,-0.31247376672406824
coupon,AAA,201410,18,0.5656682212470175,0.9215686274509803,0.0341262363823612,0.8224974200206397,0.6132381265072786,0.24045407636738902,0.1692609970322319,-0.04658241266608107,0.98142548178929,-0.6384057465532981
coupon,AAA,201411,18,0.4829379512291721,0.9484004127966976,0.1747676954126983,0.8637770897832818,-0.09410568214529906,-0.013415892672858616,0.14796707983054994,-0.0697073618431414,0.9530384961574212,-0.9153340831367507
coupon,AAA,201412,18,0.4208902487157882,0.9504643962848297,0.24095191142697453,0.8926728586171312,0.4126172217140036,0.5335397316821465,0.1321864587586982,-0.0798315196636343,0.9378526364380386,-0.858023615448263
coupon,AAA,201501,18,0.3795251137068655,0.9649122807017543,0.18717723591537508,0.9009287925696594,0.12926604690288332,0.23426212590299278,0.11858140226010017,-0.08027077778887935,0.9540344277536935,-0.8019037811366168
coupon,AAA,201502,18,0.3319552084466045,0.9711042311661506,0.19751851966760575,0.9195046439628484,0.03826274988325347,0.4179566563467492,0.10763005065862886,-0.02874700634612736,0.9561612807507777,-0.7833851841826778
coupon,AAA,201503,24,0.3818026765264183,0.9782608695652173,0.24379646391652707,0.9452173913043478,-0.2063562926722033,-0.45652173913043476,0.09963014210213388,0.00245379015436624,0.9807621899053769,-0.6309506560278552
coupon,AAA,201504,28,0.42755423910637524,0.9573070607553366,0.32675990214856226,0.9272030651340997,0.03615449043051988,0.5774493705528188,0.08498047776592221,0.03183143021170627,0.9500431323669067,-0.1969845160346049
coupon,AAA,201505,28,0.41605053760575533,0.9835796387520527,0.3160778936122723,0.9578544061302682,-0.13667492973355622,-0.06403940886699507,0.08515686744701746,0.04226460715702583,0.9859357245083241,-0.25891924887010703
coupon,AAA,201506,28,0.44508368901208184,0.9792008757525997,0.3166256889218256,0.9627805145046523,-0.2500685588110958,-0.45867542419266555,0.07957923335326378,0.0508556046194028,0.9575673629265602,-0.17740946211726324
coupon,AAA,201507,28,0.415502742296202,0.9759168035030105,0.31032604286196236,0.9458128078817735,0.11695429858963628,0.6655719759168035,0.07255263815866594,0.12895484384716913,0.8681429488834151,-0.1934026659332913
coupon,AAA,201508,28,0.4585046740961385,0.9540229885057472,0.35497136059055884,0.9315818281335522,0.3281293904224456,0.41105637657361793,0.07555076491754384,0.15856194367285195,0.8750503101480446,-0.15787498010396525
coupon,AAA,201509,28,0.4672693990489918,0.9759168035030105,0.40509463141468866,0.9611384783798578,0.5299919619928483,0.8078817733990148,0.07878216394249297,0.1389874715766729,0.8507039878040683,0.03300260867668025
coupon,AAA,201510,28,0.45001384679806183,0.986863711001642,0.3771570706274688,0.960591133004926,0.30156131790910906,0.7848932676518883,0.08829862612466965,0.16831665599980303,0.8342092471346205,-0.3067809149265552
coupon,AAA,201511,28,0.47576022634706844,0.975369458128079,0.3944126228783987,0.9545703338806788,0.6192825974500413,0.6973180076628351,0.09549478198054753,0.18368410008939035,0.8346935374304422,-0.28706628365090336
coupon,AAA,201512,34,0.5471222979877448,0.9728036669213138,0.4647252824483778,0.9474407944996178,0.34793248120148285,0.469213139801375,0.0999650713990781,0.1733429389100047,0.8692282767577184,-0.4305286882577855
coupon,AAA,201601,34,0.5050830043452106,0.9813598166539342,0.43094097737565035,0.9446906035141328,0.1999541675797626,0.7014514896867837,0.10761691679696689,0.20165628718315057,0.9516442064766657,-0.30857357194899504
coupon,AAA,201602,34,0.5073760567257125,0.9853323147440795,0.423144599281944,0.9260504201680673,0.24841400788770193,0.009931245225362872,0.10659664719103108,0.2846766794263119,0.950424134328973,0.06377204237086175
coupon,AAA,201603,34,0.5602691316359555,0.977387318563789,0.45570594308507056,0.9162719633307866,0.23450282344599063,-0.19847211611917495,0.11067434421042008,0.30786998364765517,0.964615271011435,0.0493973167708876
coupon,AAA,201604,33,0.5064794780899605,0.9852941176470589,0.4215367330025719,0.911096256684492,-0.5160104553930729,-0.5671791443850268,0.11601718287097704,0.311511927615392,0.9929913591223523,0.19313366433844587
coupon,AAA,201605,33,0.5387510328180432,0.9679144385026738,0.4349135432525544,0.9234625668449199,-0.022907787553094944,-0.48696524064171126,0.12805720690031594,0.315176959589496,0.9994292389824158,-0.09242326029802723
coupon,AAA,201606,33,0.4676867283650114,0.9639037433155081,0.3503052184214154,0.9054144385026738,0.02207173691247104,0.5163770053475936,0.13441139757240125,0.22318183484450976,0.9787968883610093,-0.2567093271164302
coupon,AAA,201607,33,0.5041385362962135,0.9826203208556151,0.34378402342454895,0.9344919786096257,0.14129255826543963,-0.09391711229946524,0.14336971304333498,0.25808088211222097,1.010344808098118,-0.3942452815047495
coupon,AAA,201608,33,0.5109941515493295,0.9802807486631017,0.2217206298934591,0.8850267379679144,-0.4116713354432099,-0.5434491978609626,0.1557561446319871,0.14629685445234278,1.020064825388335,-0.6981788372187343
coupon,AAA,201609,39,0.49810141366875044,0.9783400809716599,0.23411475267374487,0.8767206477732794,-0.19968611257466473,-0.39797570850202435,0.161998281557157,0.17039979521987836,1.0236962233135947,-0.6871845021569994
coupon,AAA,201610,39,0.49526611389588504,0.9933198380566802,0.23421601337991865,0.912753036437247,-0.3546149930205253,-0.599595141700405,0.16489117851496923,0.1718337725994605,0.9990346333046508,-0.8717053399353085
coupon,AAA,201611,39,0.49364594259710476,0.9831983805668016,0.1783201035720003,0.8730769230769231,-0.3971444896135067,-0.8139676113360325,0.16120097647247786,0.12003867498171084,1.0123140421420045,-0.4342269143361402
coupon,AAA,201612,39,0.48716525740198385,0.9734817813765182,0.09265354614899504,0.8342105263157896,-0.10369096312193543,-0.38502024291497977,0.16050580364438466,0.11211096512452233,1.013620234067953,-0.16365120533337355
coupon,AAA,201701,39,0.4852413039846823,0.9684210526315791,0.16140956564098155,0.8753036437246965,0.13589186768519274,0.36032388663967607,0.15514816361509123,0.12149819173460744,0.9793914646616031,0.1445459083436026
coupon,AAA,201702,39,0.4967850244884915,0.9605263157894738,0.3168447496177109,0.9376518218623483,0.394410450546815,0.039271255060728746,0.14702706580501884,0.1504386565404555,0.9763305647816564,0.2408174501286883
coupon,AAA,201703,45,0.5828500678432238,0.9836627140974966,0.38933567236796596,0.9425559947299077,0.090429751564051,-0.06824769433465086,0.14319177609078604,0.19423892671714071,0.9731256451261147,0.2226583831314181
coupon,AAA,201704,49,0.6120668299377778,0.9895918367346938,0.45362671317296566,0.9425510204081632,0.15772550283610487,-0.030612244897959183,0.1474941655610661,0.25781754262226625,1.004762444526287,0.4514214548839947
coupon,AAA,201705,49,0.6475423071128888,0.9797959183673469,0.46077285246003846,0.935204081632653,0.0664080515177257,-0.34632653061224483,0.1504259739268524,0.29436506757503045,1.002741646477788,0.5275062100910655
coupon,AAA,201706,49,0.681282293318282,0.9543877551020408,0.3830330657870974,0.8333673469387753,-0.3839518551240067,-0.5135714285714286,0.15728047616236016,0.2978685948119874,1.002071041537193,0.5615761903900595
coupon,AAA,201707,49,0.7143076655949682,0.9619387755102039,0.33714464279368045,0.844081632653061,-0.16288093189320732,-0.23295918367346938,0.17338598618451417,0.19151634870672984,1.0098707115048278,0.2657485031993246
coupon,AAA,201708,48,0.7378225154867646,0.9584237950499348,0.36882980239832963,0.7976552323056882,0.10621776994863555,-0.007598784194528876,0.1921373725361046,0.21813636496641262,1.043713982205804,0.06644540570244481
coupon,AAA,201709,48,0.7415151577958172,0.958966565349544,0.3117567572981169,0.7316543638732089,-0.2579962295633781,-0.5601389491966999,0.20804110885469007,0.22161139125098334,1.0221300953544439,0.10808731458247525
coupon,AAA,201710,48,0.719250696814764,0.9843682153712549,0.11257128686274105,0.6136561007381676,-0.516481191197072,-0.3851498046026921,0.22019062462812963,0.27734442356731315,0.9979062598536187,-0.030459705467101982
coupon,AAA,201711,48,0.7477057640198175,0.9663482414242293,-0.056530009466528426,0.4533217542336083,-0.17154495668084851,-0.5043421623968737,0.22497793155912946,0.3244701673618354,0.9729174362796117,-0.1846174760456331
coupon,AAA,201712,48,0.8003802204871879,0.9527789839339992,0.060222651775581205,0.5159574468085106,0.3128428285654854,0.20028224055579677,0.22735804532228115,0.34506253091204353,0.96312285249541,-0.0669939758356299
coupon,AAA,201801,48,0.7583492624400283,0.9304168475900999,-0.20705948712379724,0.24196699956578377,-0.35726314340085547,-0.4945722970039079,0.2234861692568641,0.370947658759012,0.9837629747002956,0.08077051402795002
coupon,AAA,201802,52,0.758685562388379,0.97677793904209,-0.23958491443843546,0.2679928284811747,0.10356388903978717,0.20472978741569195,0.2215984875621827,0.38274559007750436,0.9590142492836121,0.14027911221545014
coupon,AAA,201803,52,0.7627854111916035,0.9708016733543926,-0.23411844936746937,0.22803722359771192,-0.007858043539513748,-0.09775463160590796,0.2158747111361177,0.3789816693337661,0.9569980382877603,0.3157008640876424
coupon,AAA,201804,52,0.7312678235168147,0.9663621617006743,0.03869232308043183,0.4871510287714505,0.379919322432143,0.43199863399641425,0.20558641013748893,0.4206466471202329,0.9621224943587745,0.1937152297133804
coupon,AAA,201805,52,0.7655186437270866,0.9702040467856228,0.21379003238481425,0.6706223853837616,0.5638146239601114,0.45376931614445487,0.19926517955376705,0.39814926738042805,0.9710555511762778,0.05538217144276703
coupon,AAA,201806,52,0.823727955381202,0.8890122086570478,0.46776712439290263,0.6709638862802015,0.2135337918346127,0.17467770852898487,0.18792649416508808,0.38145544522017255,0.9612764601160556,0.11468321834061979
coupon,AAA,201807,51,0.8500872415137486,0.9636199095022624,0.40553208592396206,0.7260633484162896,0.3215555264922865,0.1758371040723982,0.17765132150369592,0.30680567536811265,0.9332683713321268,-0.2903057962856861
coupon,AAA,201808,51,0.8387243755205679,0.9819909502262444,0.5067566610664023,0.7585520361990951,0.6130062486600102,0.6887782805429864,0.16549373665178407,0.28205947727555075,0.9377129495171042,-0.19073618043245905
coupon,AAA,201809,51,0.8465108813007555,0.9659728506787331,0.46003762638527607,0.7396380090497737,-0.0924873913309505,-0.23348416289592758,0.16216779791553357,0.24623421193159473,0.9394882627840112,-0.38447480885211355
coupon,AAA,201810,51,0.8143689097662599,0.9735746606334841,0.3924036750155061,0.6871493212669683,-0.21249917518721567,-0.17565610859728506,0.16246722673314398,0.23156296996559156,0.9398083899411347,-0.5336290501831409
coupon,AAA,201811,51,0.8482311558335877,0.9306787330316743,0.2973811422677503,0.619366515837104,0.30408115886930714,0.2836199095022624,0.16658647489698877,0.23445957681311358,0.9519958431817319,-0.3322703953174228
coupon,AAA,201812,51,0.8265919130258567,0.9240723981900452,0.30865346749604533,0.5554751131221719,0.4840761994624835,0.35728506787330316,0.1764064444307759,0.21797116028904043,0.9718115327577213,-0.4171575790500239
coupon,AAA,201901,51,0.891102208007063,0.9583710407239819,0.4553295066112091,0.7176470588235293,0.4690917028738664,0.1283257918552036,0.18391081252256267,0.2989422373667339,0.9589250737486753,-0.5201958192629055
coupon,AAA,201902,51,0.8676521499016139,0.9648868778280543,0.400054369648365,0.6372850678733031,0.21467215354447738,0.20271493212669683,0.1926230368986509,0.29762893567438986,0.9435971428361655,-0.747510301392237
coupon,AAA,201903,51,0.904230618915519,0.955656108597285,0.4916816237128993,0.6796380090497738,0.2866520616287707,0.13819004524886874,0.20005184045464586,0.32363242366766226,0.9574939052361396,-0.5626098277078452
coupon,AAA,201904,51,0.9115191504888343,0.9156561085972851,0.4670092652814906,0.6053393665158371,-0.22322825582619527,-0.4283257918552036,0.20426037401137184,0.34935030609641904,0.9480894617086292,-0.5489121071036648
coupon,AAA,201905,50,0.9290897060667493,0.9668667466986793,0.4907038759897502,0.6441776710684274,0.5434543024472345,0.5015606242496999,0.20246501445944337,0.35723130217498544,0.9385104784979776,-0.473924193211187
coupon,AAA,201906,50,0.893586459115856,0.9713805522208883,0.4347346165881388,0.6217046818727492,-0.08272881089233891,-0.055078031212484994,0.1977880333417619,0.3158086212502918,0.93057316144526,-0.14102317564134897
coupon,AAA,201907,50,0.8986308988044132,0.9569747899159663,0.536584256014247,0.7014165666266506,0.5927937268295993,0.487250900360144,0.2007361620576309,0.3004815945521537,0.9573146451161688,-0.3213723901643444
coupon,AAA,201908,50,0.8850829750694309,0.9598559423769507,0.5573865644442022,0.7356062424969987,0.5980783779318973,0.5543817527010804,0.1963176016887321,0.291930023675097,0.9323344055682211,-0.36866371776124834
coupon,AAA,201909,50,0.8885420194272987,0.9592797118847539,0.5472976850670876,0.7552941176470589,0.46898876418757984,0.45680672268907563,0.18751532652855643,0.28219070733163387,0.9234086276509786,-0.6937278415893532
coupon,AAA,201910,50,0.9008888860935769,0.9513085234093637,0.5381696513449364,0.7472268907563024,-0.2519817730141218,-0.4217527010804321,0.17867744777531885,0.21281372338430657,0.9381118962677136,-0.7697715305177916
coupon,AAA,201911,50,0.8921932329161592,0.9434333733493396,0.5592602134713806,0.7454021608643457,-0.16084556264085406,-0.29267707082833133,0.17503255327850661,0.20363908861784613,0.9542595874679152,-0.884619628766916
coupon,AAA,201912,50,0.7837137584708043,0.8696758703481393,0.3360077255406611,0.584249699879952,-0.6613020220284814,-0.7573109243697479,0.17955616272609065,0.16478582991051124,0.9557356678752579,-1.2229324358194775
coupon,AAA,202001,49,0.8604391115935857,0.9562244897959182,0.4482389557963501,0.6780612244897959,0.7044921795860867,0.6866326530612246,0.2102149833475769,0.21182182607974823,0.8493438183107355,-1.0028888649275638
coupon,AAA,202002,49,0.8892293144257394,0.9636734693877551,0.42598269970624547,0.6987755102040816,0.6865238260454518,0.6420408163265304,0.21811159322572693,0.19188300103519967,0.8501371972531314,-1.2009268802107633
coupon,AAA,202003,49,0.8859623410547149,0.9226530612244898,0.46334870763733854,0.6770408163265306,0.658499320097132,0.6385714285714286,0.23069759383224836,0.1695922154491713,0.8794189162654332,-1.1331785505929841
coupon,AAA,202004,49,0.8889230356722059,0.9427551020408163,0.5752425455949287,0.7637755102040816,0.7104135688210687,0.623469387755102,0.24182641123101842,0.1289852604244602,0.8622296464325254,-0.9867457395478737
coupon,AAA,202005,49,0.8823380424712345,0.933877551020408,0.5264931773241721,0.7116326530612245,0.6058193744893615,0.5946938775510203,0.24939806037079779,0.09994141635123262,0.8467357781813826,-1.1746092150749936
coupon,AAA,202006,49,0.8680960804319245,0.9557142857142857,0.4695253291669318,0.7083673469387755,0.2641143784637644,0.22408163265306122,0.2511317724096502,0.09419759540057626,0.8722041897930545,-0.8087092583851215
coupon,AAA,202007,49,0.8564064413387273,0.928469387755102,0.51107714672965,0.7389795918367347,-0.4901991450304464,-0.6885714285714285,0.22792137396494427,0.07941261935313283,0.9822729092457724,-0.8714966889248383
coupon,AAA,202008,49,0.8352221608859902,0.9437755102040816,0.4199592175534189,0.7246938775510203,-0.012149057223497474,-0.05510204081632653,0.23869381435076412,-0.0030019072652328707,0.9985855775975337,-0.8526434982615597
coupon,AAA,202009,42,0.8310636220908048,0.9542986791994167,0.465142710062138,0.7149339599708291,0.25097278326113265,0.17024552305323717,0.24340256228363139,-0.03863151341127503,0.974720420033747,-0.5661568662155984
coupon,AA,200307,54,0.14280003178425982,0.6305698494377739,-0.20219507307169854,0.5588336192109776,-0.05011933753882201,-0.0858776443682104,0.1243243609714051,0.015252392151654675,0.8065758607636899,0.036065867921355584
coupon,AA,200308,54,0.3275262513677813,0.7229655040975794,-0.0431638534487253,0.6497808271393176,0.24089322985707706,0.214103297122165,0.1243243609714051,0.015252392151654675,0.8065758607636899,0.036065867921355584
coupon,AA,200309,53,0.10152805298690706,0.594581519109821,-0.52758255446755,0.3407514916948879,-0.2951781802943397,-0.056039348492178676,0.1638752600366318,0.06759515151647162,0.7971630142385605,0.09567079396696498
coupon,AA,200310,62,0.23638388596805407,0.5808214348669134,-0.5758502000850944,0.3147994258517791,0.010157021648909883,-0.3033164614338596,0.1638752600366318,0.06759515151647162,0.7971630142385605,0.09567079396696498
coupon,AA,200311,62,0.30671134235804,0.4721361839288862,-0.5714036341152537,0.1778096749011609,0.15436392674232716,-0.24257762332854876,0.1638752600366318,0.06759515151647162,0.7971630142385605,0.09567079396696498
coupon,AA,200312,64,0.14465594575265464,0.4353479853479853,-0.5708559443269262,0.13878205128205126,-0.03276698913769937,-0.23315018315018315,0.1638752600366318,0.06759515151647162,0.7971630142385605,0.09567079396696498
coupon,AA,200401,67,0.25595870955658295,0.6631016042780749,-0.6353335714935734,0.377364514326762,0.140550627905066,-0.14159150770213108,0.1638752600366318,0.06759515151647162,0.7971630142385605,0.09567079396696498
coupon,AA,200402,69,0.29333587037499453,0.6861527219583486,-0.5025689606624191,0.3427475337961272,0.22289065044512335,0.15312385823894775,0.17274012465883729,0.18550693440877025,0.7740220114031544,0.22289527453271152
coupon,AA,200403,67,0.2514257268308693,0.5159230585042701,-0.6326988202114273,0.20472503791204408,0.024147895117454795,-0.13835900710351987,0.17274012465883729,0.18550693440877025,0.7740220114031544,0.22289527453271152
coupon,AA,200404,67,0.33159582061963516,0.7961130177987071,-0.5063617181272732,0.5120520392688962,0.21189616076097514,0.28517838614414565,0.17274012465883729,0.18550693440877025,0.7740220114031544,0.22289527453271152
coupon,AA,200405,69,0.25128918894663616,0.8499451954694923,-0.4889561377881101,0.49846547314578005,0.11195835726699072,0.5322981366459628,0.17112330556699185,0.2050257970891696,0.7431322025746279,0.25815903153049224
coupon,AA,200406,73,0.24462738692894018,0.7154448969517464,-0.5856390450221197,0.3622115265950883,0.023837468312924177,0.016753054424287303,0.17112330556699185,0.2050257970891696,0.7431322025746279,0.25815903153049224
coupon,AA,200407,71,0.13552955714898074,0.732394366197183,-0.6415334213337339,0.3616364855801475,-0.04786160190550929,0.10405767940979208,0.17112330556699185,0.2050257970891696,0.7431322025746279,0.25815903153049224
coupon,AA,200408,69,0.143225389305835,0.6900255754475705,-0.6478138284901316,0.4415783704786263,0.06032466939492732,0.04113993423456339,0.16046353680507894,0.1842411814873618,0.7249920544594031,0.34676064639910303
coupon,AA,200409,72,0.169136502315294,0.7709820567239052,-0.6449294541765536,0.45514180976268576,0.12295863305683759,0.2514631165991383,0.17796657934790336,0.2301051770977398,0.7351146327249486,0.3897052764311016
coupon,AA,200410,71,0.2781777787759412,0.7189805499664653,-0.5409851361887045,0.4703890006706907,0.16585288728564376,0.12719651240778,0.1604787189081837,0.2022344664719706,0.7330923544023763,0.5384430929587724
coupon,AA,200411,72,0.3405656278397146,0.6979548524020839,-0.5477496213055815,0.28378030741526794,0.04778570013152324,-0.23554569425686545,0.13914368823803283,0.19378180019946462,0.7179471392673805,0.5819266508958234
coupon,AA,200412,72,0.28641541835184064,0.8012412373786096,-0.40149002494991737,0.46321306836452514,0.0922591994174178,0.21769888738825652,0.12684955246101792,0.17645501619683882,0.7385681136212423,0.5531673260486848
coupon,AA,200501,72,0.3518206582597241,0.5880120908096984,-0.5302249141265409,0.23380924818316293,-0.042316305278655174,-0.4348189594186122,0.11450420599364225,0.14498340423656927,0.7429100729609989,0.5566233451565719
coupon,AA,200502,87,0.320199140862235,0.4626376029744113,-0.5709376230424653,0.09998541955238024,0.05856612040598479,-0.27363855070350657,0.10247399126814602,0.10586603212311539,0.7427068785492055,0.546632398446117
coupon,AA,200503,88,0.2140352763177458,0.6532175689479061,-0.4218590979035108,0.3941213764925505,0.04734802514846112,0.19677010320171887,0.10788400473906283,0.09469921582621058,0.7410407930995851,0.5260626484983727
coupon,AA,200504,89,0.21711213336889532,0.8083248212461698,-0.33836685809716155,0.658988764044944,0.15747698674058036,0.4824991487912837,0.09326608966395301,0.08941408863071701,0.5044197312096472,0.5136992300764449
coupon,AA,200505,90,0.12020410554413125,0.8126188418323249,-0.32635888223992765,0.6471169280158043,0.03331453284864754,0.6102564102564102,0.08138328858054118,0.07218539046475987,0.4455584635961722,0.3887152153085451
coupon,AA,200506,93,0.2199605474111328,0.7930679478380233,-0.15157183642359381,0.7398615380024469,0.20646493624921725,0.594804690996986,0.0699764885679261,0.09882284461336739,0.3586735674590612,0.3345820072422707
coupon,AA,200507,93,0.25030418798237875,0.7381009220852852,-0.1753734069131943,0.6460565187550356,0.23050974317756975,0.4804541792247321,0.05941919807117279,0.0795784361763363,0.3079338433518594,0.2876236913548438
coupon,AA,200508,95,0.1651214485542259,0.7952547592385218,-0.15536681845091646,0.6843225083986562,0.14993279622538297,0.6072228443449049,0.05817933034703882,0.04818376253304921,0.3089150498063014,0.3209172733753052
coupon,AA,200509,100,0.23147242934312903,0.8318751875187518,-0.03786125955017176,0.8104530453045303,0.2469927839161062,0.7458865886588658,0.04431663517836925,0.07234059482205948,0.22704917337211175,0.36481113790513703
coupon,AA,200510,94,0.08766959920320815,0.8425026189358089,-0.17415379035387063,0.783000397355778,0.03316251307975257,0.7107827908824911,0.045964849525480626,0.0379054893950116,0.3571268684242379,0.24512514760877277
coupon,AA,200511,94,0.13871442644148463,0.8316511938734964,-0.266962567150737,0.7280352562944769,0.10662889994605707,0.6480005779720406,0.07791426754570074,0.0008149027459681148,0.42330228201614806,0.28368866830534756
coupon,AA,200512,95,0.2172126214000323,0.7389137737961926,-0.12692734560840677,0.66241601343785,0.20172394216542122,0.44116741321388575,0.08185520577219646,-0.030987515517575413,0.5330968784101979,0.20957434374660613
coupon,AA,200601,100,0.030447195502999406,0.6562515939171268,-0.4255030829085258,0.47348334833483346,-0.16980023423648544,0.1831383138313831,0.0846895859921453,-0.039944518037345576,0.5031923236129756,0.4840285706281556
coupon,AA,200602,103,0.18710962135988585,0.6865271672453921,-0.3243859717677318,0.5741185644449124,0.24712270171266756,0.2021817263267251,0.08172568796637356,-0.029300339909360665,0.4989605018197519,0.4132262845864899
coupon,AA,200603,101,0.24638667538791714,0.6549058092800316,-0.18683030280119234,0.5691438555620267,0.2510998337361085,0.372405358182877,0.07247557629441363,-0.0790188380925362,0.5716999850842427,0.023303699370363994
coupon,AA,200604,103,0.3635225275229995,0.6663188791014856,-0.05026246946211156,0.5587097447351836,0.33248274695015767,0.1497609875708199,0.07216954194053776,-0.08377260071131178,0.6272648187168993,0.06017607800651716
coupon,AA,200605,101,0.36311173021259213,0.7265717139568195,0.08883373825833404,0.6985556202679092,0.25748149636860695,0.3392894583576005,0.04151512632647307,-0.1133545853734621,0.588889438947913,0.29882479091211206
coupon,AA,200606,130,0.32330545468500943,0.6708061981000097,0.11893324529464516,0.6337224784209959,0.2553115994496069,0.35934992878528205,0.03738250115976364,-0.10327587409293919,0.543514036918606,0.5609533638582465
coupon,AA,200607,127,0.3217882223109965,0.7281003937007873,0.007757993901771587,0.645575553055868,0.16866822480281568,0.1370395106861642,0.03618301960203398,-0.11521508519858732,0.6506599946514832,0.45484826546436424
coupon,AA,200608,134,0.42410706030237094,0.7632838314692203,0.1779572595273151,0.7482811506377886,0.37625028182162734,0.3555031858252597,0.03951705927699083,-0.14093695388006047,0.6062367207561666,0.4907029855989795
coupon,AA,200609,128,0.3973240660090662,0.7375423457242264,0.130037702706311,0.6588422450100714,0.1899868413070146,0.2910410181285479,0.041312607569761045,-0.12856481833409356,0.6368243621188524,0.7871329017602874
coupon,AA,200610,164,0.44047607439723163,0.8276332077319656,0.19219455571154756,0.7594711139526341,0.29562364502231114,0.4459075265599281,0.04181073185876645,-0.09684234394709065,0.6237711604228012,0.8661347627888344
coupon,AA,200611,164,0.45553553909596334,0.8314066899732019,0.21415008280484527,0.7656468923863805,0.2622859142935254,0.4029518588548963,0.039582744990586956,-0.062306515339189454,0.6202369616060762,0.748611570575833
coupon,AA,200612,159,0.21625914286589654,0.7329860281824696,0.028231024139995644,0.6668020062096968,-0.06938284921414503,0.17457606878433246,0.03619804326280135,0.014537501250747533,0.6811686647006756,0.5700537048089314
coupon,AA,200701,158,0.38908348439134527,0.6593581285112092,0.23078061114479184,0.6564403925404535,0.29820855830878235,0.17959288607899185,0.03704786032519697,0.04474308499405808,0.66325025558365,0.3786709923603416
coupon,AA,200702,184,0.35975209491159904,0.6169591305114904,0.21879494655509515,0.5890293001483308,0.1594980379033125,0.06585887384176764,0.03538731200406901,0.06687174104039645,0.6672126414719087,0.5364163774740066
coupon,AA,200703,185,0.3517765448883431,0.7656034483167953,0.21609585708906318,0.7382475731813369,0.23974938523754355,0.29051793455422625,0.035818762300602956,0.09999495692153004,0.7137263408026077,0.6189225658299349
coupon,AA,200704,185,0.3678438932630787,0.7577404192411206,0.24062172838662352,0.7358079678556537,0.1775785681802641,0.21675827299950726,0.03483520045771111,0.09636983264378443,0.7127256231991138,0.6234586430206769
coupon,AA,200705,188,0.4317312845652014,0.754385782727125,0.3481670715772026,0.7478594274589269,0.3118844605668545,0.23157012643871214,0.026819179832976953,0.08200465509851257,0.7356516732629366,0.3970533317277505
coupon,AA,200706,184,0.46940117720520164,0.8215139683988476,0.38736454853878516,0.8082857237800845,0.3759734858666034,0.5415107306307242,0.028575192274281045,0.07726644646036537,0.6060534335170298,0.914019390883747
coupon,AA,200707,184,0.4106482919719254,0.7865893419407455,0.3428642512299615,0.7694253331911385,0.27953786106903256,0.48997273215018794,0.035665895130702584,0.10511962855068621,0.6075726231665776,0.8231006684785062
coupon,AA,200708,186,0.24480309771558337,0.5739044892745082,0.1459150494561325,0.5234049298565427,0.03992705463419765,0.08807817650322393,0.032528467951811184,0.11209315314385136,0.5396558042516618,0.7589028039271354
coupon,AA,200709,192,0.30486914330312204,0.6597420939281232,0.2219642362590982,0.6358357295933592,0.2318095814626006,0.22285557333912054,0.03326095358582243,0.1381196611546605,0.5065583230818428,0.7340873867293052
coupon,AA,200710,183,0.42013614974578756,0.6671186679636804,0.32641560239477346,0.6472005862637092,0.3356332943363365,0.3520489610416099,0.04019425356566635,0.16105336543285673,0.43268181908028547,0.5883984730036215
coupon,AA,200711,185,0.2058646216292243,0.5440146317425419,0.10666185915211789,0.5060043212918388,0.07342489037616129,0.12161024980099314,0.05505031524616662,0.17923169044945086,0.6247771311156938,0.6011561708308497
coupon,AA,200712,186,0.35950884371154623,0.723653893672869,0.2398759167156067,0.7099655460186769,0.29942606078295836,0.4533948127876022,0.060022004470681435,0.1623672641221078,0.4952379808432898,0.6348360885183855
coupon,AA,200801,178,0.4485087612457419,0.7018562040324323,0.33044160027310604,0.6534716983942404,0.31565500066800717,0.2874014952193198,0.06363557222283701,0.18079551245812925,0.5243963936146827,0.5982183796869242
coupon,AA,200802,179,0.2629034315262036,0.739436737597556,0.1468849493890295,0.6956583600108802,0.1371037130639408,0.4611240139769422,0.08102086980086584,0.2033950609342021,0.5469194118917473,0.34389581585045914
coupon,AA,200803,178,0.2547751807265392,0.838321830691467,0.18521586354588548,0.8235653969608343,0.2028020527972873,0.6350149851744121,0.0848675000341995,0.21420607642701767,0.5519929833007198,0.49964787176973313
coupon,AA,200804,177,0.30322476856930025,0.8470313013971367,0.19721825283095895,0.826431329097488,0.18719919582592404,0.24750047609979053,0.08435667285189127,0.19260585069199207,0.5898395339392571,0.5123626663606261
coupon,AA,200805,177,0.43374892838035906,0.8632251865445544,0.3048351036959958,0.8389462613181905,0.3653951147445246,0.5821791520229913,0.08424306421199776,0.2041291442570646,0.45719050662875405,0.5818085636713215
coupon,AA,200806,178,0.37434472924221696,0.8658260357963208,0.27751842654442976,0.8334767838847402,0.25053418668978067,0.5991548297796961,0.08463479863370216,0.21152917792314466,0.7074031293324614,0.2505019924346705
coupon,AA,200807,176,0.35794432430526185,0.9113757429011666,0.2835482515977862,0.8817213295179398,0.17925678061368386,0.59656834690733,0.0711283968285552,0.1770188717703141,0.6560191436440064,0.5230929114609442
coupon,AA,200808,176,0.3043046714954835,0.9403984151441779,0.26528142736193117,0.9291987673343606,0.16624131018295807,0.7051265683469073,0.06530215411300148,0.12166402600713135,0.7143468639433421,0.7989430860195849
coupon,AA,200809,173,0.23182165893263632,0.672128715854467,0.2166343787529136,0.6651292581965504,0.16808493355549006,0.5230495385456889,0.06081539906516805,0.09490486557246863,0.6213694013889126,0.7389385995043298
coupon,AA,200810,172,0.15882887312214622,0.8511660924053647,0.14446034385732492,0.8533405027557468,-0.016595769269089126,0.4162085547246257,0.05944436231172734,0.10696109148209174,0.5795939667947304,0.8139500986198507
coupon,AA,200811,173,0.15818421807954863,0.874051480779304,0.13885927355162514,0.8656127306692132,0.06719965712499602,0.5922027895851779,0.060049810468538536,0.09406625366335106,0.5643980483392198,0.5889122534121767
coupon,AA,200812,103,0.26785090095673814,0.87194130826341,0.2511043819906423,0.8678008171154945,0.05028351101630874,-0.3174889074375083,0.06448049574132421,0.11488772387958518,0.7103279716224913,0.8344955045053468
coupon,AA,200901,101,0.22216851228856213,0.8669539895165985,0.17778958424309074,0.8427839254513685,0.02223608054379189,0.5314967967384974,0.07678441283084515,0.15007090385201732,0.6669331303872237,0.7867470848263268
coupon,AA,200902,104,0.21452972143317084,0.9252000426757709,0.2018274441665038,0.9241331484049932,0.1602728513941218,0.7603328710124828,0.0800452274642186,0.11369711321016017,0.6773680954246188,0.5744564664611629
coupon,AA,200903,126,0.32267878435165104,0.8990986126734158,0.3098771184644828,0.900214473190851,0.34093773410307027,0.6044994375703038,0.08099350558442103,0.1185545337684207,0.7106559525381023,0.42925785439793335
coupon,AA,200904,132,0.3311080142589006,0.9388999911298023,0.2917643396131828,0.9319499303428591,0.06455755462928528,0.17615690857956826,0.08052219901840336,0.06637737231516058,0.7171878744537468,0.23830305078137373
coupon,AA,200905,134,0.391648546895417,0.9028217309442761,0.3291396545532535,0.8981184304043692,0.09514294489356202,-0.17499719447873419,0.0827137337334584,0.05646265959743136,0.700198918233152,0.289168896631456
coupon,AA,200906,129,0.41315240962257405,0.8171791144901611,0.32790912381894116,0.7970538908765654,0.26593612256370364,0.3496142665474061,0.0717097001004709,0.009872154662836202,0.6105098027379158,-0.10331859381069546
coupon,AA,200907,131,0.3583887497440874,0.8011477072545775,0.24788833321840992,0.777536966849944,0.16004604245416532,0.41972988843217857,0.0721727817291142,0.008707492443278578,0.600484296239904,-0.1801047277397946
coupon,AA,200908,132,0.4129746547892754,0.8081480592529205,0.3122226498172086,0.7971437963402607,0.32074348326884305,0.5106885882297694,0.084011558451993,0.03129459157876797,0.5737615946782152,0.011954605050978702
coupon,AA,200909,134,0.4872682616575709,0.8253743812266987,0.3622768304879984,0.8151947031758502,0.41865456413598445,0.5002032444294817,0.09157583068486602,-0.005653395982741832,0.6226699904733669,0.12637513880440193
coupon,AA,200910,138,0.5048315773599585,0.9331398733758153,0.39324338314155455,0.9125503151905641,0.22428178736027543,0.32659039382267585,0.09997811234739824,0.000963895353043011,0.7693270028849298,0.13953424665292707
coupon,AA,200911,141,0.4900879733533181,0.8947985787062801,0.3387173438452516,0.854505757951967,0.33537496386559124,0.5333361873367866,0.11780885728612685,-0.009071008812255657,0.710804558616926,0.18089655006580171
coupon,AA,200912,144,0.420181751705813,0.7998874688529861,0.18491245384967733,0.728466361224982,0.24388254536402623,0.27147737320151116,0.15292813241593953,0.017524212575509165,0.7328256479089931,0.20055686303356435
coupon,AA,201001,141,0.42839143828739945,0.8724859797080353,0.14265939781668063,0.7938182285200565,0.24108875104634445,0.34519457168543166,0.17396132724481747,0.0003044310501994617,0.7944214586257394,0.08921922129538827
coupon,AA,201002,156,0.4299523572988726,0.8692039006811967,0.08709330659952197,0.7925969243413252,0.12545540164125293,0.17092190735091906,0.19235324900171172,0.003716549534158422,0.869883689613148,-0.003823626016007829
coupon,AA,201003,158,0.4705421572566372,0.9254471301069889,-0.05666439923008378,0.7144726093352338,-0.06407955625914544,-0.3359944870306788,0.22210536269835307,0.06482255532912713,0.9138054473656139,0.0312784328804982
coupon,AA,201004,157,0.44063292855260083,0.785008589733253,-0.17186647710582637,0.5164724415308951,-0.10983796188779958,-0.32208398712470304,0.2808468004251053,0.08488491599562772,0.9871604824811001,-0.028714732365938918
coupon,AA,201005,159,0.35567223412299936,0.7757165034631001,-0.1714290476729848,0.5462562694053021,0.16916693857869444,0.34693396226415096,0.30698305635197043,0.08498804121417841,0.8529229199153946,0.04186359690574557
coupon,AA,201006,156,0.343663629762549,0.8491662847117952,-0.2131866711088652,0.6197468034328523,0.04246785488131896,0.21986059964280633,0.3266704582780692,0.11209095199522982,0.8633890922525366,0.05588441616594745
coupon,AA,201007,160,0.42581510806398964,0.8631255127153405,-0.2747132324774989,0.6333557951482479,0.29340168594171634,0.03818996835813899,0.3651145857427208,0.1443676901983061,0.8201419556156769,-0.006812401068172261
coupon,AA,201008,161,0.43493838338860064,0.8920979986197378,-0.2735926626229821,0.5908155049459398,0.30815020680536226,0.5354842420059812,0.37725625160261356,0.14794128740596454,0.815896166284367,0.027932682767563135
coupon,AA,201009,163,0.43763080563771634,0.9270398634456692,-0.3144819628571578,0.5793306399321662,0.28839177577635977,0.4543119357573944,0.3919873497759541,0.1424221110753723,0.8384557674241283,0.07477848236991712
coupon,AA,201010,163,0.37728246396018544,0.9495957127260434,-0.3998159738410004,0.5455827666661125,0.16768063315184376,0.40917252730809517,0.3845402705283236,0.12577713610410532,0.831605920144061,0.09906841325117931
coupon,AA,201011,165,0.3766504100697348,0.9210001870007749,-0.44083141549446525,0.520220126626239,0.12161378007029568,0.31136697566318494,0.38168981373442307,0.10258879142613395,0.8703561276742745,0.09270763964497741
coupon,AA,201012,165,0.34711817914238513,0.9367082520770444,-0.5626623825008457,0.4412977853765395,-0.1460657906874423,-0.043814281516309145,0.36475490426265156,0.11979080018095162,0.8300242822820033,0.15065125098115706
coupon,AA,201101,165,0.32532591321516996,0.9326075922314537,-0.563681012921864,0.443458980044346,0.11063972193922017,0.18803996473699677,0.3451316601209807,0.17882339291638163,0.8651425797739577,0.2291456867219612
coupon,AA,201102,174,0.38125748004560256,0.912562430593126,-0.5924364480033801,0.40349554372277113,0.27532338472737516,0.245623166946667,0.33090259574495445,0.23628275897258857,0.8259186193379104,0.24020874327767514
coupon,AA,201103,173,0.4378116577014652,0.943927854596697,-0.5192199468100223,0.4379111022523421,0.4195583974055791,0.624539356884268,0.3352178655510186,0.2795006247342333,0.7580754194449957,0.24478974186641209
coupon,AA,201104,175,0.44122332855662866,0.9391289744738021,-0.4812914794161256,0.42488580385132113,0.38064967273544403,0.6960815047021943,0.3051741110660697,0.3076854773987406,0.6703384684972773,0.16796232666569091
coupon,AA,201105,177,0.4029818271472879,0.9588866189989786,-0.508228639265883,0.45658186319488925,0.3597512834849271,0.8423352261906824,0.2901122098000557,0.32114332686696156,0.6516626517838054,0.2119186221694404
coupon,AA,201106,181,0.41757263738735906,0.9351304312630279,-0.5031009653715574,0.42582923522150035,0.3432721226615911,0.7672009390241433,0.3047866689965118,0.37360275702947005,0.691983145894599,0.17063897689784477
coupon,AA,201107,181,0.4206985255921712,0.9426001254730535,-0.4185782733570439,0.5311638637605488,0.3998451617235325,0.7611094246453362,0.30963678847404513,0.3215848438641397,0.6221881812746963,0.1054776909363685
coupon,AA,201108,182,0.46655030408878406,0.9265893059933454,-0.24459054834329494,0.6543393206738918,0.47696779527097977,0.7303457343308806,0.2987563471593936,0.261744031364551,0.6606239717192547,0.18496338286139472
coupon,AA,201109,182,0.42086559511255067,0.9365402281804781,-0.08027248051876822,0.750818875898126,0.34089772754349285,0.8069552945017124,0.272933289905382,0.1939202550159361,0.6726428747279098,0.18079135934251722
coupon,AA,201110,186,0.41411572620944376,0.9426282932924298,-0.1624746878838138,0.7485316263304876,0.22875957814269973,0.3156758621654257,0.25050263214336677,0.12433548415405395,0.6963798429953025,0.12548801656545056
coupon,AA,201111,160,0.43919031344005144,0.9466043595452948,-0.06222721098617186,0.8024903316535802,0.4139357825545587,0.8273438415563108,0.2340154168436758,0.09550230868601389,0.6703158262591529,0.10850614416811517
coupon,AA,201112,159,0.43742195211327006,0.8997104131836637,-0.07863060893779251,0.7459577262956771,0.30027522869767737,0.5154197516121328,0.2040679392848082,0.04816121035861811,0.6515555984122559,0.15280808938560145
coupon,AA,201201,159,0.4130510616237788,0.8845623358012897,0.014820499258097258,0.7777943635060902,0.2976655548079671,0.47116670647241465,0.17438353827195777,0.06601338725438033,0.7850754949707601,0.2620509363449661
coupon,AA,201202,160,0.44157560855035227,0.9338743700925817,-0.02386950617794701,0.8403140747685456,0.3669035534698572,0.0865580686745576,0.17435961869065406,0.08220381915844649,0.8171060761444183,0.27562387012277184
coupon,AA,201203,161,0.391152707715544,0.8826432022084197,-0.12428721410972111,0.7051558546123764,0.1502570758139691,0.2965234644582472,0.1793105575108691,0.09342599138330485,0.8376985174728034,0.3258088689171695
coupon,AA,201204,158,0.4696769875569708,0.9071648825071231,-0.028680624582730675,0.7789214112836365,0.42287451694989625,0.46305747696464183,0.1883898044130952,0.09121693986081858,0.8636449686569325,0.2692398403207229
coupon,AA,201205,169,0.47629248318291856,0.9171473323057033,0.01891454586995031,0.8000198896126498,0.41430613228704294,0.5395529809556959,0.18877952610171603,0.11423769402029121,0.8842702359224166,0.2653081012597792
coupon,AA,201206,172,0.45782453643964627,0.9626694778349286,-0.10207659345789559,0.7809411281935178,0.061762966779621384,0.04409666456772392,0.19021955819338784,0.1434775106423062,0.9092823000480234,0.17776444995601784
coupon,AA,201207,178,0.4831562024486259,0.9447064618710563,-0.16567738931180123,0.7272091828212557,0.02682729221824469,-0.3670011245530248,0.18013655297692802,0.16437437463035065,0.8886990734704255,0.29209976830570666
coupon,AA,201208,170,0.5349732997052168,0.9204328258865053,-0.023884917705655616,0.7719115051813313,0.425808660485428,0.27652127185349384,0.16361220108961824,0.1722312329441856,0.9093893262181899,0.19074077561808028
coupon,AA,201209,177,0.5254679612509786,0.9071150949602674,0.02900900084075568,0.7370046398088677,0.1044830473076675,0.1739149252956147,0.14636897329872955,0.18239959237242614,0.8849821935208998,0.16939800257317442
coupon,AA,201210,175,0.5537457124139834,0.9202283922973579,0.05043060304137215,0.7889946260635916,0.08464481123709172,-0.310423197492163,0.13477105708903497,0.1794795768494514,0.8877620568791399,0.2034328214747841
coupon,AA,201211,177,0.5530616799083147,0.9402170149408772,0.06623416709152516,0.7944655563442461,0.34717693886988515,0.3399698758678001,0.13062335142141648,0.19879181525603493,0.8856362293296183,0.12756551612704506
coupon,AA,201212,173,0.5756263347452499,0.8682456392451712,0.1289287371771732,0.7407396248105279,0.3073092275712353,0.14758889542995676,0.12601399805380295,0.20419661168573833,0.8968898036754333,0.19687891635292545
coupon,AA,201301,173,0.537062493852804,0.872987655923349,0.030213017620341755,0.6705503613296189,0.0018960641692001654,-0.04258775975636325,0.13112147757267678,0.1804718865421207,0.9613246807688749,0.10188294887599723
coupon,AA,201302,180,0.5790430881217903,0.937037151352408,0.0060295230787981635,0.7784581828657262,0.20357974714653404,-0.012739076308939576,0.14219183945906524,0.15028524361549794,0.994241110729616,0.27291622258854753
coupon,AA,201303,182,0.5598330565785716,0.9490550206970821,-0.047274787020482024,0.7235777536474937,-0.04675718712890307,-0.15123948599177292,0.15966689451031404,0.1271592725826263,1.0627889285595955,0.409672636894754
coupon,AA,201304,175,0.5422474604113597,0.9444043887147336,-0.18257834826516853,0.6524899238692342,-0.39222176278897275,-0.6751321092700404,0.1777889907251238,0.14880560770328913,1.109486594272235,0.21634126560723255
coupon,AA,201305,177,0.5609811557213967,0.9655893280011543,-0.13105617897102503,0.6991092605737436,0.17661948185771967,0.12564706289711053,0.18515539948999188,0.17897481065929688,0.9980479496165765,0.33424383885053416
coupon,AA,201306,190,0.5148860455121744,0.9520362442198376,-0.14611412413409222,0.6664657570916396,0.03010977538125583,0.20680243663367925,0.19789015977143717,0.19011852735303908,1.016179787984851,0.3174122153216377
coupon,AA,201307,193,0.5905494657266178,0.9118924402628691,-0.21545362811094662,0.5849866898247672,-0.04853856380886011,-0.507355754965956,0.20441499993818815,0.2005887979291446,0.9776961513213245,0.3567750254394402
coupon,AA,201308,194,0.5994824725259935,0.9447432541818525,-0.270444085813274,0.5240474497992793,0.060284884636508426,-0.010973279698240971,0.20793243806680797,0.1985974191486913,0.9641270142650956,0.33661333222605266
coupon,AA,201309,197,0.5103279524018588,0.932911420221065,-0.20862089777259157,0.5662927838417324,0.10530686430754699,0.4472059243632849,0.20446261290630074,0.1760020986985838,0.9233753802924655,0.35655997469382666
coupon,AA,201310,198,0.5229908787099541,0.9504877100469273,-0.19349976038617267,0.6484143529522709,0.20412773308263937,0.2438024610052261,0.1893748031105247,0.12437941172214477,0.8663174946144456,0.2857279135185462
coupon,AA,201311,200,0.5785887478404581,0.9408100202505064,-0.21988751712981652,0.6113012825320633,0.1827286592493198,0.035901897547438694,0.19113595323157767,0.1247456928221901,0.9195242844439623,0.2534133056008701
coupon,AA,201312,219,0.5668802199643369,0.8995772732985252,-0.4030506218137271,0.3760085459343975,-0.14912265716649675,-0.41975733202326143,0.18926237375545932,0.13530925325837193,0.88602987530447,0.22729096867384044
coupon,AA,201401,216,0.5880445791661528,0.8987461151002035,-0.21362457891589018,0.5581288179187653,0.40389993490799536,0.4095428619059527,0.18421200106348173,0.15939514227719562,0.9099174841040867,0.2338197221174545
coupon,AA,201402,218,0.5892702389365113,0.940206258408531,-0.17294214120349102,0.6128198282357532,0.1688083361041913,0.18369762820783833,0.17559025306184592,0.17135098651474706,0.8893383398490489,0.1703747859118495
coupon,AA,201403,215,0.5889013164998393,0.9644425124972833,-0.22836367305214483,0.5916721002680576,0.16300969288876924,0.0333019391919631,0.17123239663256928,0.19340547804947386,0.9095607690511552,0.1607827552187019
coupon,AA,201404,214,0.596004442306428,0.9342984225719455,-0.12372676196869035,0.6332064982811452,0.3580715643951629,0.333174968087158,0.17084003303397655,0.22378892825548077,0.9155962856759734,0.22419023639615515
coupon,AA,201405,216,0.583313214978625,0.9567582371783422,-0.08852647549579291,0.6720942140296978,0.3546584742004545,0.45686183450624557,0.16230566934869775,0.24834231127573228,0.8974628686728979,0.15798822372768903
coupon,AA,201406,231,0.55399354016057,0.9542962285091221,-0.10634457276616732,0.647318873031017,0.10948256305255058,0.2438949356490586,0.15311490771462996,0.2630183505194221,0.8975023761058097,0.15322478921401037
coupon,AA,201407,234,0.6081354345747425,0.935158245705228,-0.013111724613054042,0.7043529568778406,0.4436218573316941,0.3471608962066455,0.15085517041026922,0.27494394749581924,0.8872723744424622,0.08753009681878014
coupon,AA,201408,236,0.5864787714749286,0.9259705934714035,-0.0443129467847953,0.6658136551831174,0.2639616697302128,0.31387018583355775,0.14901816568054432,0.28542757287958176,0.9106468722592435,0.1317599488607593
coupon,AA,201409,237,0.5464821282990873,0.9480239210037158,-0.02614528760062429,0.7047185748360705,0.1818387127701086,0.3706394379249232,0.14570051130612974,0.2814886492034869,0.9095983436457742,0.08994080327453624
coupon,AA,201410,235,0.5449979328736823,0.9227662348470136,0.019386384566625482,0.7398189501326897,0.23345409066083453,0.14691577205100462,0.1440626391908627,0.2633166656096062,0.9288724255491644,0.043088047739720886
coupon,AA,201411,234,0.5547172551967485,0.94337854639197,0.09196129042098487,0.782827466874586,0.26121170828030504,0.41834886873696125,0.1440192917697789,0.24881979016303188,0.9528290215993457,0.05855742364569868
coupon,AA,201412,236,0.5514156265372725,0.8651252813066321,0.1250733861355838,0.7222183167706684,0.19051560411681515,0.11134127915204023,0.1468917533071317,0.2280965514730674,0.960803584853392,-0.07887568108766319
coupon,AA,201501,231,0.5567692510474637,0.9010806285169104,0.1702825561293265,0.7652563328725248,0.13093239615059085,0.1642496933351506,0.14691320661305324,0.21281101976727237,0.9891931102087116,-0.18862976548456992
coupon,AA,201502,227,0.5665817413200863,0.9313774573269947,0.11728738527552396,0.7924519204134856,-0.07305696463488012,-0.2768908157884479,0.1502145120331663,0.19509634031303655,0.9581811760731652,-0.055252072631276655
coupon,AA,201503,229,0.577845369717399,0.945693643640143,0.17485289538156415,0.8334445854526198,0.2936598841198822,0.36532231471026155,0.15113892279174024,0.17651092372505744,0.9343541117104062,0.12012869409791425
coupon,AA,201504,246,0.567119529633952,0.9349824574838328,0.16354965535946359,0.8181293491031248,0.24626989521315656,0.27963274576148217,0.1531096719496373,0.16891739045047133,0.933996795515472,0.10315505079779541
coupon,AA,201505,241,0.5922586423117827,0.9406621857960975,0.21450144025195314,0.8493638764102741,0.3643296416801595,0.3523241658379343,0.15194417823526374,0.1699720958339263,0.9284832222919437,0.14850433272594418
coupon,AA,201506,251,0.5734426274125197,0.9205221020679187,0.1956431004353087,0.8112183646366913,0.09947678984296142,0.04846063365585278,0.14797689374967127,0.16345231212125208,0.9045863755692105,0.2227287335054546
coupon,AA,201507,252,0.5664225723089036,0.9662715597238375,0.2495768993306012,0.8597651554519735,0.3549631448508257,0.6581158895380272,0.14142890295113839,0.17203272520207055,0.8547261375743678,0.11206921826594808
coupon,AA,201508,252,0.5835239267414227,0.9555559054952785,0.29041790128431766,0.879375027651487,0.35562319201875836,0.5231361397999196,0.13854222564103458,0.18864651843623872,0.892248279573469,0.23822416112706016
coupon,AA,201509,254,0.5353063057143354,0.9539663912622406,0.2848562255218466,0.867134359890668,0.13822218486338173,0.40560316498452104,0.1360753545307617,0.18904820073320378,0.9050088930522059,0.1190194196655807
coupon,AA,201510,253,0.5634537030717924,0.9720704378355869,0.35357458354242294,0.9449070842429282,0.4454444516963073,0.41373558542336364,0.1302593438281829,0.18353641949796468,0.8858081640188245,0.16524415659279737
coupon,AA,201511,252,0.5340471250738557,0.9520397611511418,0.3015401460185023,0.8860826222683142,0.2225583196787712,0.3239427008697752,0.1318448518690872,0.18661274200775568,0.8945078254769503,-0.1350762257271467
coupon,AA,201512,258,0.560169913496624,0.8963660585233294,0.3435024656725891,0.8352587110165608,0.08014222440906052,0.019444072742416784,0.13213117827043333,0.20405209886713677,0.9253706988586958,-0.09607486006916219
coupon,AA,201601,251,0.4965172520245203,0.9440295959021058,0.32897300363758086,0.8800546385885031,0.17514459661397525,0.5045463858850312,0.13362762012872198,0.23538866771582118,0.9728607761608327,0.069724236586287
coupon,AA,201602,226,0.526825540221562,0.9702779618728316,0.3532915531230859,0.9258809922939976,0.09345349404517796,0.05483502917365145,0.13320976333681786,0.24675790923856877,0.9567975722875728,-0.1104700059663774
coupon,AA,201603,234,0.5089514942313904,0.9499055232047653,0.31703234179006706,0.8876833634207392,-0.2546394275325315,-0.4350666957004279,0.13305790515204913,0.27156886106834194,0.97063994232013,-0.020047367087298467
coupon,AA,201604,243,0.5153482698282318,0.9549075788519406,0.28425210875608004,0.8850301324220847,-0.18881571060296254,-0.5026870794381971,0.134138371443374,0.2778412400780275,0.9863178360928205,-0.14187437973467698
coupon,AA,201605,244,0.5081976033437916,0.9645358082516552,0.3019082653739106,0.9088798846800407,0.17574273333140658,0.1704703253493261,0.13135606007919756,0.28809373343210326,0.9698997821881573,-0.15757245023442534
coupon,AA,201606,252,0.5225234767324872,0.9540396666674166,0.31865215275579556,0.9129332472481617,0.2569577057011615,0.139562210409257,0.13291462605422688,0.2706268670687624,0.9673981465879964,-0.2022725942821061
coupon,AA,201607,253,0.5129047870309497,0.9741119316607163,0.30400121617915543,0.9177096440020097,0.19805877099424035,0.3494059290019578,0.13783909688419535,0.2714074608859962,0.9538129001950031,-0.20852187235945274
coupon,AA,201608,257,0.5168686577380607,0.9482442199800921,0.18391498234631884,0.8650574608632702,-0.09112517591713916,-0.3096997726450095,0.1431735098328113,0.2741843535500277,0.9241731878930097,0.15390584911399982
coupon,AA,201609,258,0.48581653758575366,0.9265993503619059,0.09665890720324487,0.8020773465529596,0.07329842217476173,0.0683601372226836,0.15032288254823306,0.2764003006452486,0.9058943022049715,0.06089840721538864
coupon,AA,201610,257,0.5001708307920204,0.9320324518143153,0.08395933982875978,0.8249486754592343,0.21306183093727482,0.12863654872862182,0.15654108132731506,0.29139366805604,0.9080783437829839,-0.006795132227894592
coupon,AA,201611,258,0.5081282130718737,0.9263617716246436,-0.017818105832899684,0.7222222416322498,-0.12001181740429231,-0.34534270558159796,0.16407125314512705,0.3148970899364786,0.9251195476905633,0.05102779397064678
coupon,AA,201612,259,0.5310713660856823,0.8634337378523425,-0.09488312976913345,0.5914539891284077,-0.05391342027046054,-0.15475511289464777,0.16946955089278917,0.3361140340938864,0.9253240236466989,0.06709230274878424
coupon,AA,201701,259,0.523164629879206,0.8924230389346669,0.00041065513803625,0.6680296447738308,0.33039053630448184,0.3014580642487619,0.1704863313779355,0.3371910196418313,0.9108517251328743,0.1647905609711798
coupon,AA,201702,264,0.5352623560591767,0.9456443334268141,-0.013298992569695101,0.7292182170365684,0.2005480513443477,0.08859250370119155,0.17179103128991843,0.3305147515753058,0.9468851341557741,0.045125646186104665
coupon,AA,201703,269,0.5759908603367568,0.9227018562700745,0.09372220728494786,0.7310233220514528,0.2030312315863791,0.17914578285770652,0.1728442007060075,0.3152840374519386,0.9690659774379587,0.01421292580143626
coupon,AA,201704,264,0.5745628633275389,0.9694415276953479,0.1250591727302265,0.8010265507503472,0.17959647135978812,0.17682108407411512,0.17431980123437243,0.306330148152454,0.9751783740304304,0.09303840403615632
coupon,AA,201705,245,0.5727827470271447,0.9683995789439328,0.08190940544613057,0.766153130584501,-0.05148216967257244,-0.1816636610661858,0.17802972608325535,0.308650553547538,0.9816655737052217,0.0832101461483169
coupon,AA,201706,254,0.5911921455345166,0.9647077130936406,0.06699224106585153,0.7677932434683747,-0.00021165427875866882,-0.0464242888030068,0.17870811285271387,0.3093195275436496,0.9704171439617244,0.06718755056327957
coupon,AA,201707,255,0.5821403961138967,0.9543256426586384,-0.01459339973510537,0.6918661706808709,-0.054780709354057544,-0.09928714103751737,0.18545993096926067,0.31332917893742046,0.9597137025442003,-0.008821936780942466
coupon,AA,201708,256,0.6102314562838654,0.9154311627374684,0.09551523836016887,0.7206633382925153,0.3442288371537449,0.3004627775234607,0.1888480745130981,0.3085662344074417,0.9808977125948222,-0.006915095584026002
coupon,AA,201709,258,0.5553398502040381,0.9463833703269049,0.02009343521740372,0.6833739255239571,-0.212260473539778,-0.227492471723763,0.19263066394859632,0.3282369495949801,0.9743986564334735,-0.021863335722363687
coupon,AA,201710,261,0.5677264533936193,0.9412254236944945,-0.08499972978621613,0.6175383535478297,-0.08425585305219709,-0.24676129345779252,0.19420022820167093,0.34043550261583727,0.9484993175155841,-0.03989023430456824
coupon,AA,201711,264,0.6291045601342383,0.9003718964403291,-0.03796200372144809,0.6209151562978953,0.2238596846226731,0.10671953772606615,0.18998951129021074,0.3520748048667061,0.9289518969103238,-0.12572856603072746
coupon,AA,201712,239,0.5718037904792553,0.9218761914745203,-0.09668171325636155,0.584304917264025,0.10650364904397892,0.10953950932182444,0.188332241915927,0.3550927494844365,0.938549332899515,0.018854039848013367
coupon,AA,201801,243,0.5693016687834481,0.9156225276443855,-0.17434436233451125,0.5113136665546004,-0.43526451786529213,-0.42512222740737393,0.18486875553837354,0.36984292626088733,0.9766310926273385,-0.05079505185678327
coupon,AA,201802,249,0.5590201729524202,0.9360404197434902,-0.1652515306605921,0.5897085114652157,0.01672977100459916,-0.11931519626894674,0.18253446395531533,0.39131635163923395,0.9511441710285635,-0.03970763304826688
coupon,AA,201803,247,0.5938490678648682,0.9108738377445155,-0.02270243778942257,0.6769829615496101,0.3188994009626426,0.31540324969659517,0.17548286132311958,0.41761099295551113,0.9330429703723238,0.00870213160171354
coupon,AA,201804,235,0.6120731449619964,0.9425199034647286,0.0870995475128821,0.7323383912637428,0.33271332613788934,0.3796379002653795,0.16965204858283145,0.42183377262458516,0.9464350845056709,0.0504072537292862
coupon,AA,201805,239,0.6443256497850973,0.9688143876797579,0.22431182418909634,0.8260363559649802,0.3098841404064926,0.28039713793467175,0.1657074292015686,0.4300155211525511,0.957878489374102,-0.024532343080115274
coupon,AA,201806,244,0.6337045937232524,0.963134786397862,0.326780330814823,0.8434531553969493,0.38407772345587304,0.4452168238272844,0.15812065107118212,0.4113291165015859,0.9327923247282761,0.024081969842045896
coupon,AA,201807,261,0.6426308909265939,0.9571243444631179,0.3211546173775511,0.8439575866793556,0.005032754641252429,-0.12516046732945918,0.14858020048239878,0.39790532329911676,0.9055205457761051,-0.005242690601618017
coupon,AA,201808,264,0.6630091992783573,0.9643446445225624,0.43055188858709603,0.8898714528888859,0.5060604723780356,0.5606643231221751,0.13987066877546694,0.3860803496952567,0.8912978635396576,-0.02614948187055901
coupon,AA,201809,263,0.6717328143426939,0.9757515508611202,0.44622560144722595,0.8999361448930425,0.1579401572916672,0.1430822754582659,0.13467654300165446,0.3767758000084354,0.9103747637539032,-0.0028907557923300137
coupon,AA,201810,274,0.6766334774397507,0.9584272540386313,0.45710683835947313,0.8782356329801585,0.35091120478079035,0.368353690105515,0.13537267093264735,0.36960333279396046,0.9058732156441571,-0.19564933750943483
coupon,AA,201811,282,0.6847217268934875,0.9622956565478542,0.4431913278273074,0.8488928665072357,0.34426944425113853,0.4399673050476669,0.13543072073333592,0.3592699561495635,0.9153514418033769,-0.11643213984234765
coupon,AA,201812,282,0.7071854417898623,0.9104870235588205,0.4528564278453624,0.8092124291085598,0.3635733861090354,0.345897787900784,0.14031974165852487,0.3474381813327639,0.9422529015871796,-0.05436845710086942
coupon,AA,201901,281,0.7087801635572011,0.9380269121353394,0.5150070133966816,0.8650461335438998,0.17319385731193118,-0.014008804854568463,0.14618197719777307,0.3365848551452386,0.9647587987243312,-0.08310891071930161
coupon,AA,201902,275,0.7490851868409188,0.9630287643172443,0.550509743153282,0.9060713770520181,0.14280011406743154,-0.02781454660858025,0.14933491069853844,0.3387076857916763,0.948971912445693,-0.11944725214595259
coupon,AA,201903,277,0.7341080181834584,0.9324729259483157,0.48537730982894817,0.8362628998982575,0.05895129224380386,-0.06001847399807354,0.15573680527615816,0.3395186294792637,0.9567821539367725,-0.17727084442172197
coupon,AA,201904,282,0.7533543388052278,0.9630409248765244,0.5059428763372682,0.8846204115202414,-0.1392951955065825,-0.2969557444983486,0.1541995674265023,0.3399187227813555,0.9661716616189044,-0.13047452747566524
coupon,AA,201905,284,0.7463921353548713,0.9591054122292949,0.5314067654758601,0.8789440783179447,0.45952752007941244,0.5490375738392278,0.15340614359067462,0.33528327347755676,0.9453132405697202,-0.07364437411770584
coupon,AA,201906,286,0.6821647775160836,0.905373934249046,0.4303792489988618,0.8017505987915358,-0.2616276187296113,-0.43236691836622243,0.15207762265829758,0.3402785397868565,0.9445435565489172,-0.061546165306054564
coupon,AA,201907,264,0.7292224962127674,0.9062634769455795,0.4857672780299236,0.8432616861881566,0.46767928426583716,0.366339434539367,0.1487667258944278,0.34304843577447425,0.9389119005495603,-0.2041814047804156
coupon,AA,201908,268,0.7242381070880424,0.9554896077686132,0.512571318082754,0.8976968879340816,0.4541353807214789,0.5115841368737948,0.1452080596455647,0.3347392083391165,0.9256461415228117,-0.10009379131934609
coupon,AA,201909,279,0.6873108855092562,0.9550695264257332,0.48373190072323713,0.9013773637372258,0.4163406283889531,0.5107138037100972,0.13603711523689907,0.30710339727099817,0.9039222291952037,-0.20035020941641166
coupon,AA,201910,275,0.6810532700638926,0.9544208056376922,0.4378247706425506,0.8845265405681609,-0.12847821115151853,-0.2753919787934564,0.13494985349429398,0.28584356872278893,0.908487883209873,-0.19694857665587595
coupon,AA,201911,272,0.6674409697689531,0.9414522517848654,0.390395229130161,0.8548787521853414,-0.11666073127518191,-0.11481723267764435,0.135897902029164,0.2640047634291224,0.9330552449721352,-0.3853670670857487
coupon,AA,201912,273,0.6381218311483048,0.8888281075020662,0.2726826727486562,0.7477297046157385,-0.28336309876527904,-0.4082466547341872,0.13793219439830542,0.23957974569126733,0.9402948288102349,-0.6477400083411439
coupon,AA,202001,273,0.6504403629336319,0.8950983537716041,0.393312321447117,0.8332273673085179,0.46893535333329,0.45284020402096825,0.14721649217706356,0.2500963084520812,0.9733597021477592,-0.4698796837598731
coupon,AA,202002,256,0.6441573575698896,0.8426266174420519,0.4059884251597134,0.7625114442664225,0.06025656036065537,-0.11236839093614097,0.1566598420938876,0.22743588971994474,0.9732006275629568,-0.27252133600902445
coupon,AA,202003,251,0.2313179748854825,0.3819444404920049,-0.008061872028935418,0.23260300990440294,-0.2900623151687421,-0.3063184618928173,0.17029621314407464,0.23251085735366603,0.9977449294938133,0.04177156970890032
coupon,AA,202004,246,0.571716710417141,0.6959041382217827,0.2590848524978176,0.7105939689603344,0.40041060577740034,-0.3978139662639592,0.1783578195599932,0.2405399840231169,0.9822364256995524,0.12025168750866479
coupon,AA,202005,218,0.7026626349804955,0.8646552595359576,0.543032563085411,0.8471197569192126,0.5731603627944165,0.3063645395743434,0.1842976283428528,0.2559020660983382,0.9732614428840476,0.059084716981361245
coupon,AA,202006,218,0.7149720821905932,0.9406440956546969,0.5469609471033388,0.8917059378491187,-0.058340562498200924,-0.14030309225450852,0.1886791977008712,0.2687296150851003,0.9789071680500514,0.09953323019227041
coupon,AA,202007,217,0.6790662247005986,0.9577984000150321,0.415023349653755,0.8633929452218888,-0.5583509097641138,-0.7296983704204777,0.19675238165776252,0.2523281573087926,0.971083462314606,-0.001029755371632371
coupon,AA,202008,216,0.7193282113954163,0.9583419664439918,0.47983777318497683,0.8977172864644732,0.5622415869510443,0.5480763047904832,0.21078466617722125,0.275904098231905,0.9850402776817829,-0.1899293960607971
coupon,AA,202009,197,0.7275167855547842,0.9514172073998036,0.4826252142937312,0.8878100386439765,0.3506278057169408,0.41883509287425175,0.2201308515239693,0.284237948695,0.9681742052983747,-0.26698195995196355
coupon,A,200307,395,0.21971704597931044,0.7325908964346285,-0.6285791711848181,0.25956143066597354,-0.0818773439331822,-0.11127927738478406,0.3110140964127015,0.20062333150384234,0.8685716043804058,0.28992107553808777
coupon,A,200308,401,0.16653388575511358,0.627444291670279,-0.6613756846691982,0.2290847508095433,-0.05275450503017598,-0.25975695090631634,0.3110140964127015,0.20062333150384234,0.8685716043804058,0.28992107553808777
coupon,A,200309,412,0.2235592642841776,0.7228670505908903,-0.7120762422503177,0.3194886306772779,0.055181112787872015,-0.18934064410025495,0.31535167328724645,0.19251117888315047,0.9081995985420113,0.4069804883199997
coupon,A,200310,406,0.23021202988357148,0.7576889364818896,-0.7224696196047609,0.25767863698898186,0.051774615955633846,-0.21762156244914868,0.31535167328724645,0.19251117888315047,0.9081995985420113,0.4069804883199997
coupon,A,200311,416,0.27902575145231256,0.6858441521694485,-0.755851973807058,0.18557059667435377,0.03554014504641972,-0.17597438075382818,0.31535167328724645,0.19251117888315047,0.9081995985420113,0.4069804883199997
coupon,A,200312,421,0.274971073497108,0.6791227965784146,-0.766375617355158,0.12317498556649305,0.029387755261483847,-0.2681957875066137,0.31535167328724645,0.19251117888315047,0.9081995985420113,0.4069804883199997
coupon,A,200401,429,0.26029692334165433,0.6687054957648307,-0.7464706467327904,0.09830882006496004,-0.01174547076776143,-0.17166319878773695,0.31535167328724645,0.19251117888315047,0.9081995985420113,0.4069804883199997
coupon,A,200402,426,0.2456185232144887,0.6931260853452441,-0.759126509524266,0.14887434539736005,0.12027515436278972,0.1712867756199686,0.3143319401646927,0.21353947509634422,0.7707836192812757,0.35205316768510936
coupon,A,200403,428,0.23443055889338954,0.7629448367989009,-0.7455175098618215,0.19387821439622954,0.1101279582879533,0.22212305849505176,0.3143319401646927,0.21353947509634422,0.7707836192812757,0.35205316768510936
coupon,A,200404,423,0.23666637991845793,0.7250558348962929,-0.7584603854914839,0.1733969916816647,0.08494137760530485,0.15270860376615714,0.3143319401646927,0.21353947509634422,0.7707836192812757,0.35205316768510936
coupon,A,200405,423,0.19815028008922533,0.7054900335504891,-0.7567765126411891,0.16574495718115687,0.06578678654694768,0.204596904487946,0.3249268426390886,0.2131668573723087,0.7637668181350468,0.3694740484250832
coupon,A,200406,424,0.27475751441919427,0.7808649003758574,-0.7611469061619184,0.2714278281364157,0.23839560936358412,0.17270378639209333,0.3249268426390886,0.2131668573723087,0.7637668181350468,0.3694740484250832
coupon,A,200407,425,0.24581149287179196,0.8676991814806095,-0.7883476416214223,0.20910615747760705,0.03516619159662219,0.2816629410201497,0.3249268426390886,0.2131668573723087,0.7637668181350468,0.3694740484250832
coupon,A,200408,428,0.2596002144450381,0.8204293653664703,-0.7690330432024562,0.24332510168895846,0.17639830101417953,0.2991976844358105,0.3029815007324374,0.21125143995252146,0.7113622701885846,0.34040181468722236
coupon,A,200409,439,0.24263851337442682,0.8011070388094759,-0.76574961563608,0.2052066992513836,0.11311195490565763,0.3322747555437043,0.29026595886853845,0.21437755957017873,0.6997739285024218,0.36154273717919777
coupon,A,200410,436,0.24825816308235535,0.8523973165517676,-0.7423628407956181,0.29964795487336,0.20838454235013967,0.541964314800591,0.2681171634155953,0.22250458397026304,0.5823757204372185,0.3078498734719148
coupon,A,200411,444,0.3118742790405832,0.8045109710110849,-0.7268706890237742,0.2782597191251159,0.2688344594019285,0.3482057500724911,0.2271625373966573,0.20620745106307925,0.5176598062239515,0.2926071137716045
coupon,A,200412,445,0.3494903504873166,0.6990316461470792,-0.6363407875449135,0.22864848523638262,0.28813700955683247,0.40931381827738955,0.2012419971674125,0.1978541980528573,0.5333462125768249,0.34053920385480785
coupon,A,200501,444,0.2826253213394326,0.7745316789541155,-0.5336083252353132,0.3438166601430354,0.18768789307059447,0.5048795618861817,0.1586541214640648,0.1656475282954302,0.46943294389051454,0.272207897706636
coupon,A,200502,443,0.27777970001910446,0.7512594340661117,-0.5307817169671342,0.3863259432961874,0.19129805341486456,0.4229456024918766,0.13535992171588435,0.13671294031135425,0.48132843327654096,0.26449651960722104
coupon,A,200503,438,0.20586382869753453,0.6696239936789067,-0.3267557047854912,0.4615108880596104,0.13320159142679994,0.4549090282410951,0.10950199012765746,0.11580372502794517,0.45648986481125176,0.26594764284111416
coupon,A,200504,436,0.25756858282369993,0.7691894274977432,-0.14511549170421967,0.6859204391044459,0.2350254116556471,0.4426720970755568,0.08678940731718494,0.10557002349008998,0.5593323046258041,0.33048249898059645
coupon,A,200505,431,0.2633558202281058,0.7195184865435229,-0.12219076047835198,0.608277127286462,0.16190000860986195,0.3811514895351835,0.08301188017519828,0.11947631182745005,0.5501825023348584,0.3415334735740938
coupon,A,200506,438,0.32042080983436105,0.792228789578304,0.011101273758365192,0.7497075769505872,0.3038201207276474,0.5596977522787432,0.07189489290307143,0.12211049647368234,0.5036634836450633,0.30284359676261813
coupon,A,200507,442,0.36291030373068084,0.8059758314110577,0.025944462662780658,0.7474264488616273,0.3140393969708271,0.48301607203327834,0.06699265544403625,0.13124679914771234,0.4934426609976443,0.36653533801345384
coupon,A,200508,439,0.26335182267756185,0.756484838655105,-0.0066504918934934265,0.6711431176064958,0.18168361884502932,0.5676022208716966,0.06478664429519791,0.14424874387525405,0.43572993516748026,0.3595454313556833
coupon,A,200509,449,0.30406438914998407,0.7616061501227794,0.022725465066631343,0.7133960861037827,0.27649606439451313,0.5675565123261037,0.06466571579768217,0.15276856922617849,0.4059657302406091,0.3805473018245293
coupon,A,200510,455,0.23878014594515548,0.7894670714528154,-0.02918761647147312,0.7224371961611853,0.18993045106791284,0.6135013244842034,0.06799608575042326,0.16828613562497055,0.45140559304888955,0.2857569120381911
coupon,A,200511,455,0.2912406279046421,0.7999304301033694,0.04418178602547485,0.7665243706900803,0.285924246408305,0.6306654247020073,0.06601430806416551,0.159051043996304,0.36711990957370544,0.2955089907929465
coupon,A,200512,446,0.3033302559505083,0.7486995227821538,0.06691201601299314,0.7044023932209729,0.27985165657959854,0.5793772216306162,0.06441947572047187,0.1674281238659631,0.342296972623788,0.35715726594581104
coupon,A,200601,430,0.29868746657084594,0.7287829970868841,0.05106705571784806,0.6807109148338307,0.2762368529032579,0.5608565178953137,0.06569140408969923,0.16571355975648097,0.34400684856539215,0.3181464316089015
coupon,A,200602,434,0.31997971446502893,0.7866159021281222,0.032979848786537695,0.7241433688162667,0.25869454462107216,0.5297067513856093,0.06376368244238213,0.15520620532807575,0.4290888114153867,0.33099759532557826
coupon,A,200603,434,0.318372906533502,0.7441324317998386,0.10917208856092202,0.6902685902287689,0.246331975186191,0.5372451211678921,0.06427158806605143,0.15400163729171795,0.48917240212981017,0.30214303634153683
coupon,A,200604,431,0.3346905365708359,0.7650854605512584,0.1489624643325705,0.7484566099981049,0.2889636469740624,0.48698052449161755,0.06285410706703026,0.16148484163723345,0.507609491404427,0.40790111954853364
coupon,A,200605,433,0.3467410754174011,0.7886732848333535,0.18575408945726818,0.762903283561771,0.25307767544845255,0.4921065984567255,0.06307937618848493,0.17534866855574008,0.6550493588780684,0.48801498703536933
coupon,A,200606,421,0.30973923020138955,0.8206238990429605,0.1561895804696857,0.7902212387245765,0.19659407244419197,0.4212749088558209,0.0654326071419507,0.18121792162474426,0.726645030989998,0.42284706726387766
coupon,A,200607,423,0.371361552184686,0.7858332057346645,0.2192619268017027,0.7602285891316654,0.23044401886228758,0.10151704917458405,0.06457737203460331,0.18307311693556969,0.769659121338313,0.44781091437339193
coupon,A,200608,414,0.39794440438929335,0.8151014636844791,0.1993232827351729,0.780349311838235,0.28713449088395016,0.24673437337821638,0.0646182214695016,0.1927328052284795,0.7520077249614654,0.5445900797645279
coupon,A,200609,415,0.44904677369488377,0.822658776240105,0.3237616476472793,0.8036498171175338,0.28108459196180663,0.34579064742968557,0.06070440532372992,0.1984444430203684,0.7292751710927364,0.618030193082368
coupon,A,200610,380,0.41816970323382135,0.8357918453451484,0.2754069883575582,0.8035193280547311,0.1983034489009849,0.311214154073228,0.05795768945792664,0.1839052180067592,0.7399255331934851,0.5258139459260509
coupon,A,200611,389,0.42525482918589924,0.7726512647878646,0.3091668775882101,0.7510126568472706,0.27085360282518217,0.32493872176147975,0.05767648044499414,0.17711043454133407,0.7059466479499744,0.6407591487413375
coupon,A,200612,380,0.4036294330613051,0.7108235963316114,0.25666158269284234,0.6694501457830203,0.23520343371170363,0.291609995746982,0.06063788238154034,0.20031581509970992,0.6153698561937712,0.6556388287870596
coupon,A,200701,378,0.3871310922441043,0.7682444518085499,0.2520800663221285,0.7374017934643725,0.2520285025936155,0.30643788510045755,0.061649435023024536,0.20739693433309742,0.6398995225583896,0.5593788696689793
coupon,A,200702,356,0.3860262510857209,0.7652989398646751,0.2636142055940467,0.7357989448519973,0.2642515438702537,0.38826183570594913,0.06385091746887275,0.20479064976320066,0.6386789747801267,0.5577307235324604
coupon,A,200703,353,0.3752196531396588,0.7791244452913979,0.2107011419180115,0.736562029594095,0.25092539060020586,0.3971654191392889,0.06669576678430823,0.18709935989782348,0.6583879870244771,0.547499082458737
coupon,A,200704,367,0.3956068068973948,0.7710032815778277,0.22766847195497725,0.7318741085588618,0.2392024522724873,0.2828683501093146,0.07057805186803903,0.2032795186911697,0.6380483489838564,0.6909392057697723
coupon,A,200705,371,0.39908753207085607,0.8266551236032557,0.2444129367836815,0.7975503892728482,0.26953732545279174,0.36540559340315887,0.06984706794056003,0.21410110979947522,0.6724969677677884,0.7498385427592992
coupon,A,200706,370,0.3678364125795271,0.8082185436237278,0.23461313345344106,0.7744189126312643,0.18563539812077715,0.3673174365063522,0.06599781631622535,0.19239174171756182,0.7531718492190569,0.6429087140463352
coupon,A,200707,362,0.29670246595622807,0.732446475015181,0.1771362462225212,0.692395937852292,0.1327121273092709,0.2337444969246525,0.06716846881946095,0.20431587732800158,0.7461246308173025,0.6988299025116691
coupon,A,200708,356,0.16716860720688081,0.5212222442387305,0.027603207221114322,0.46595714405401345,-0.0010711323056005152,-0.03693409631616534,0.06866921947911504,0.2126163518019102,0.7271819957756915,0.7270012029287923
coupon,A,200709,364,0.21386721677916964,0.6459968425099184,0.006854566915869378,0.6072627248218779,0.06742837972930606,-0.19529660874617286,0.07050906576751495,0.23507423474053324,0.7242824513163199,0.708322531797274
coupon,A,200710,386,0.2938594509712241,0.6655396683968958,0.10808464946019475,0.6418184217678132,0.18702210740446562,0.10172017804262654,0.07480423420882573,0.24101854410345488,0.7302146799027497,0.4516160018503095
coupon,A,200711,379,0.03691226080829362,0.5906124474892411,-0.06757623188590244,0.5417003668857931,-0.07448611820545076,0.28970063073804997,0.07080934669508832,0.20894230713665232,0.6225678490394898,0.5427822884415779
coupon,A,200712,395,0.13553135409211825,0.6264629200181472,0.04857650122410014,0.614153616094116,0.16121287755339306,0.1770050956133331,0.07437273296878447,0.22517051185552303,0.6153027408694083,0.5618732285650502
coupon,A,200801,394,0.29953928248939404,0.6679242654701183,0.1779145368948989,0.6575961874734212,0.2542446789072326,0.2307032779350907,0.07307153055957448,0.21030058876817337,0.5669189656760811,0.5800964795402656
coupon,A,200802,400,0.13043000545487174,0.7543367146044662,0.04686104891751006,0.7214368214801341,0.024461059578643078,0.4836667729173307,0.07829899097774604,0.21617369769032782,0.5742332609206787,0.4419261049303998
coupon,A,200803,401,0.1504767939136325,0.7851643279860052,0.11581686167306163,0.7697238247664423,0.09370218530383179,0.5508826813563108,0.08416336767138916,0.21672195330099012,0.5912566341130068,0.46807535132670225
coupon,A,200804,408,0.16222072556010309,0.8145738798694356,0.0726592171027435,0.7979103994493035,0.09485105824402051,0.09361522132987687,0.08658004268400385,0.2108631636879571,0.6219573282892888,0.5476005926916271
coupon,A,200805,414,0.22117933038549373,0.8558218134143059,0.110548512646318,0.8441936183517099,0.18634414392567786,0.2773384304667877,0.09852778923017765,0.26375126028385465,0.7113479846962837,0.54740174176569
coupon,A,200806,439,0.19424839837162114,0.8512946893341314,0.1415242506424037,0.8385225393385284,0.10360615011714237,0.5993832921532861,0.10341155976496798,0.2658852924870587,0.7211973444591344,0.4425510983176291
coupon,A,200807,449,0.16894510387050166,0.8705701824159506,0.1487272379229661,0.8596368915049315,0.13850399205804362,0.6942259253367271,0.10911619416377094,0.2942778117035044,0.6193408480136915,0.510283323263374
coupon,A,200808,447,0.13803110795494045,0.8997547712918493,0.11802563437056383,0.8935422300710695,0.13659263638873015,0.689536182923526,0.10558704701992912,0.2809228794917704,0.6133908386296416,0.6187734216545473
coupon,A,200809,440,0.18107458010570043,0.7783728691310858,0.19890605733126981,0.7757230620556361,0.14163601066693207,0.6017876688882221,0.10561697137255754,0.2803825737464642,0.5958648811902928,0.5472227600628135
coupon,A,200810,440,0.0514317610745098,0.7274696666821625,0.027369057874581944,0.7247105427385284,-0.032973782098893276,0.2649840884790446,0.10501246719552168,0.2798731259851871,0.5679461462373367,0.6111074461590807
coupon,A,200811,446,0.10690469392056336,0.8382203724262419,0.09202169827329287,0.8202815295399064,0.1381644714675612,0.5669541793377052,0.10756742262179847,0.28610007557994166,0.5517393075128376,0.5828026909749283
coupon,A,200812,518,0.05060543716547566,0.83264945606601,0.04280894197252118,0.8255588259277843,-0.0032133972688883827,0.5637676466602798,0.10490645817131374,0.2828441946552873,0.5107963731905463,0.657158126738946
coupon,A,200901,499,0.050452330260468845,0.8131969194581192,0.054337680465197415,0.7990072675471425,0.0671780601192391,0.3857214187410966,0.10540079590071504,0.26324194880130614,0.6501581181397585,0.7200484979899685
coupon,A,200902,506,0.052518950481092175,0.8922734621311955,0.0973628458243496,0.8900220560270522,0.03847645282981243,0.6916551764509961,0.10516034796747037,0.24794951467358217,0.6597307081626828,0.5944869451190672
coupon,A,200903,529,0.1783373624994152,0.8972313371616079,0.20669082068884992,0.8946855940364518,0.24963171701564232,0.7243771217903614,0.097903763400018,0.1840417187023115,0.620201315551201,0.3871873738289409
coupon,A,200904,527,0.17438197080622,0.9143984104797881,0.17835438835651563,0.9118093894114632,0.1940758108420172,0.5513034964328607,0.09116157060017091,0.1556554670529486,0.5978981467996437,0.29551337520523346
coupon,A,200905,538,0.16467116506178733,0.8951191306846283,0.14323861994679285,0.8962713501500709,0.10850329787323434,0.31341675647831574,0.08422934311418802,0.14702452242225292,0.5750630702782633,0.352316316603552
coupon,A,200906,561,0.17140752975555976,0.886148503892918,0.13419254555546173,0.8837672532617058,0.09007948906337095,0.4778854440514478,0.056387650882294305,0.042466349451387934,0.6633966118633037,0.17735436038180238
coupon,A,200907,575,0.17323999123723294,0.8883675593402447,0.13151040486930624,0.88584284713558,0.1442763441258902,0.6638938018212803,0.03062974222614973,-0.012954508894407989,0.44352893660214493,0.19869820259403378
coupon,A,200908,593,0.23925715873988943,0.8788275282794678,0.18895181848476017,0.8775311798077396,0.22841688745904554,0.6939546667624241,0.033690010653932095,-0.031222386003483916,0.4416522308277918,0.24222410113563272
coupon,A,200909,606,0.25452872265615,0.9149163115117066,0.2133041424422752,0.9119329395872042,0.24817810717644484,0.7116992154509745,0.027548463521946894,-0.035117977703644776,0.4847166870303431,0.26663023154517557
coupon,A,200910,604,0.27839885344318643,0.9267983181732179,0.2367999558224763,0.9243678836996655,0.25459915283954637,0.7202911162578426,0.02157115715807536,-0.06056207228931295,0.5781661291105001,0.2154188536457136
coupon,A,200911,601,0.24702734872761722,0.9033007003830826,0.20482470313736895,0.8992479311888825,0.18601664147851457,0.7075337339207635,0.01509875757635665,-0.08457237426574181,0.574821020365587,0.23739472177144055
coupon,A,200912,622,0.34246424465769854,0.8577209091609495,0.24875921900443224,0.8493157444269335,0.2818155742246245,0.5124557585157914,0.04926058240038808,-0.07125316849595448,0.5893820338844892,0.29850556339794143
coupon,A,201001,626,0.34649652460769753,0.8751150603124608,0.20208262470575844,0.8517427543725397,0.17849407493698555,0.26738444789298077,0.08432312934890472,-0.055654112887198924,0.7823897829732885,0.3140495345447952
coupon,A,201002,638,0.3599064096428539,0.9273328472524922,0.22109960138385734,0.9124202634808304,0.22939503861193491,0.43982150368472184,0.08630694596294132,-0.04982936211572646,0.8615054308759187,0.2966905815141883
coupon,A,201003,637,0.3856888194321093,0.9117620923550842,0.20900710694792787,0.8868579139050373,0.103323874884076,-0.08066085787063575,0.10145972086931135,-0.041326069887682226,0.9002471329310028,0.3024665045372757
coupon,A,201004,644,0.3661872580546097,0.891093474565477,0.13518488659965422,0.8374162892461378,-0.00379333273396301,-0.08275478160229083,0.13007985827886792,-0.03897300550291049,0.9967165282781032,0.2780226163651208
coupon,A,201005,641,0.351828021459955,0.8722239736600959,0.13818850999577686,0.8305910741102542,0.2591743169855153,0.5918803399332235,0.1403565900787605,-0.02733531054109343,0.78282222568847,0.23215728310521233
coupon,A,201006,648,0.34335531087033433,0.901173459959287,0.1338211246662962,0.8687188521396482,0.21965688108422432,0.44396157767787786,0.13798843325032342,-0.05562093158067943,0.8233410413394131,0.20083438341466603
coupon,A,201007,669,0.3829966916986405,0.9226844350252711,0.18774663687116694,0.8935101218485324,0.3007422654735179,0.21302981347391559,0.11667706976231741,-0.055967143343631655,0.7784477680180095,0.21202535903694722
coupon,A,201008,667,0.3696921580566657,0.9433957861597178,0.1999343634459294,0.9109565220626457,0.2941201312515934,0.6570823667305367,0.10258477344625226,-0.05729623098449978,0.7627553115742325,0.18875611266361897
coupon,A,201009,689,0.39873873654509945,0.9388865866125087,0.24251111128934408,0.9226415362404586,0.257385789279079,0.3523212554382794,0.09911906343018746,-0.03348845082205248,0.8238783448700331,0.2011415852627071
coupon,A,201010,703,0.3789651464460275,0.9527045587928794,0.15650848686190993,0.9071082800726196,0.14831926594282802,0.30421342197184376,0.12611093005074583,-0.03468321448273394,0.858147884893276,0.1988341637402669
coupon,A,201011,722,0.36212648666860314,0.9357166506973846,0.07303992134314388,0.8678042838508352,0.1313532081629291,0.34203476003854816,0.14322088149495182,-0.05625889492052537,0.8640620689619973,0.1999686436731976
coupon,A,201012,732,0.34272680820332846,0.9112583675192285,-0.0119613770491118,0.8159327938088682,-0.0219700991598888,0.015943728420472102,0.154828817379586,-0.03262303142409889,0.8117223807389311,0.21269162246304013
coupon,A,201101,730,0.3714932600853181,0.9319356920362406,-0.06831059626033296,0.7999376334563408,0.2380321326844318,0.26339961254113825,0.18548422909564177,-0.011725511886329457,0.8288071129269984,0.2224627883248129
coupon,A,201102,744,0.3909494715105984,0.9414122777444794,-0.10598718281869453,0.770568577270371,0.2390722839388752,0.31678169955741936,0.19985189500827685,0.020807221308598887,0.8252969645431637,0.2252535244183512
coupon,A,201103,729,0.4171321849174674,0.9479339846883441,-0.10460810354158312,0.768174333699448,0.33665785641745816,0.6174785612380743,0.21771960307910762,0.03452153931271477,0.7785213340778191,0.23700171965040098
coupon,A,201104,758,0.4536805917668982,0.9386476129015165,-0.08559349064042034,0.74375635780605,0.3860980912370658,0.6218700007247219,0.2002188687872367,0.048311461948813986,0.6958472871580241,0.20967326445630818
coupon,A,201105,767,0.44806800232043215,0.9395948480146997,-0.08483823085718413,0.7401469115199091,0.3713255804277971,0.7409172284186806,0.20626623803338506,0.07831155662747072,0.7127412501030775,0.21697883197195397
coupon,A,201106,786,0.44064955415342316,0.9450994968333791,-0.05902221525069475,0.763511456334341,0.3068324891737036,0.6898897247153104,0.20288611651110502,0.09112880103943433,0.7674804964836092,0.24044320809373335
coupon,A,201107,800,0.4440289081291714,0.9400319095033577,-0.014814132904889716,0.7818042072933422,0.3723203142669775,0.6869695931591643,0.20490759843393194,0.09653798971340362,0.7437066922958263,0.1962839914386334
coupon,A,201108,799,0.4455979272214395,0.9035520669634035,0.09707496784268622,0.8086538624408329,0.3734137212753433,0.6912126059830427,0.2106848031714974,0.09483486586577802,0.7666317759382225,0.21000021856421677
coupon,A,201109,820,0.4231085243531999,0.9340022248005524,0.1705280206101674,0.8724964151837982,0.30775613827826,0.7524728403311928,0.21143564163062,0.10945083689169981,0.7804671755221196,0.17264299501132305
coupon,A,201110,834,0.43485444101421494,0.930710245730587,0.08852076950201697,0.8468432348436375,0.2932565866323343,0.29093749570273547,0.2105722092732778,0.10769309569115856,0.7177384922526286,0.187735382911664
coupon,A,201111,823,0.4424841124503222,0.9243615136621263,0.1987950156883903,0.8725654149611519,0.36889182557899625,0.7409864572541327,0.20457991252668156,0.1052575786408966,0.717303228845131,0.20666972063005865
coupon,A,201112,845,0.4487759801417281,0.9552670394577462,0.15143009638474253,0.8872112697121811,0.3355309896431902,0.6010380437711903,0.2152058020514651,0.1144861231625113,0.770451612212219,0.17771947691019738
coupon,A,201201,858,0.48412222949568556,0.9373103353099783,0.1316420721683277,0.8537794932689541,0.280446341372134,0.11144820201151105,0.21515756629746047,0.11167566872796177,0.8184564347167999,0.18414061588139552
coupon,A,201202,871,0.5169920011052314,0.9606442757618231,0.11840457426256167,0.8575964748326602,0.3599111117431965,0.45279359051238344,0.21774882835649945,0.1154570957277091,0.8055592045019665,0.16416310559055008
coupon,A,201203,863,0.5106683630755433,0.9633920433504592,0.04129658769857207,0.8065659318665411,0.29562034301167595,0.4929868304746986,0.22252763992898011,0.11535022927402729,0.8231780733621118,0.20483379683788278
coupon,A,201204,886,0.5030933927929425,0.9670729407691426,0.02455696844764199,0.8102382248796579,0.33725738768664215,0.5301415653514101,0.23052554624428934,0.1298413502540869,0.9043984496902536,0.2048315286020354
coupon,A,201205,877,0.5283945668572028,0.9631007500777702,0.15395392662021132,0.8726237287103152,0.44407921082200613,0.6488315035011826,0.23157475771353572,0.14219426778598185,0.9031082116020185,0.18593865556643824
coupon,A,201206,892,0.5030644627719462,0.9455221012042792,0.1199252386514278,0.8313227501633591,0.030877445756737808,0.06782807731391384,0.22345690053679057,0.15736851514314856,0.9104934753779399,0.20885693149724624
coupon,A,201207,896,0.5454389384447476,0.9402583210016556,0.11488232012537077,0.8130714079398049,0.13085585127655935,-0.14140225665760037,0.2123291983404238,0.1649859713140548,0.8834149865861325,0.2067021729991205
coupon,A,201208,894,0.5585340471007121,0.9393072265425425,0.1586687535163797,0.822134399333685,0.20594210214824804,0.14926850205403425,0.20317023776178422,0.18912583342333725,0.9163519317737263,0.1967872916754539
coupon,A,201209,930,0.5292342387162435,0.9410031390985952,0.07064783844285936,0.7882891640265732,-0.06144116144450754,-0.13085138525777515,0.1907893701224158,0.18543992156592695,0.8902181759602343,0.164850756409015
coupon,A,201210,942,0.5644989059501554,0.9232608403385716,0.0399434992482646,0.7524000484352155,0.12740489736507443,-0.23227746422977918,0.18045322231343253,0.18182537474328406,0.8948956365160879,0.21403515533989648
coupon,A,201211,939,0.5650340663197508,0.921864018047386,0.05025767316866278,0.7383188476745743,0.2108012594990533,0.17822328597873863,0.17401575877996395,0.16707145459542674,0.8967232497810287,0.22203385563127664
coupon,A,201212,943,0.5910645708907875,0.8699793218942948,0.04465750978739163,0.6690455923866448,0.13634011460730427,-0.04475559943883429,0.17023743299745311,0.14897950006929608,0.8981529941744097,0.19144542291339736
coupon,A,201301,954,0.5669482876230018,0.8924444712508651,-0.012484800255368602,0.6408273834551172,0.025753129640317875,-0.04136204807735818,0.17264035799935473,0.15444016218187628,0.9468115361553879,0.20307375154327717
coupon,A,201302,972,0.5670726207872787,0.9296189057928259,-0.008563188538660931,0.7220024513304204,0.14625284620264625,0.0959217717288089,0.1783460316945312,0.16498800304480096,0.9815263851494336,0.2729449635562177
coupon,A,201303,958,0.5494423699119189,0.9544354474121144,-0.04505962543610769,0.7186595562396308,-0.10557839016551764,-0.06891783617721275,0.19482077764983224,0.16771732608541268,1.0640639308760023,0.2513232787491049
coupon,A,201304,947,0.5542858161588021,0.9432455074357688,-0.22198381675437362,0.5909954393652355,-0.39792924958177295,-0.782986237168063,0.21770162976877958,0.16181691154415087,1.1462908522221102,0.2621057090853391
coupon,A,201305,948,0.5593936728769073,0.9609537863264185,-0.30151171834989265,0.5459774189067994,0.036393487146274994,-0.12003478374186415,0.23165953089746322,0.16791097544162603,1.0109741211896706,0.25438839038023964
coupon,A,201306,958,0.5101656176824413,0.9417856340337025,-0.29508613581990234,0.5437876735939284,0.030139692226289247,0.11797408310668223,0.2516614646205502,0.1769436056452766,1.0637060554153657,0.2863634687679484
coupon,A,201307,965,0.5553782405308009,0.9413682175192085,-0.461032271446766,0.40615155349761517,-0.18554110071199512,-0.6066448524440257,0.26786293389835114,0.18766308947374064,1.0176934074088018,0.28084062579643043
coupon,A,201308,957,0.5560447400088686,0.9384071964331351,-0.5107081030803313,0.3200011448697265,0.13512601391507126,0.059657974413496496,0.27935305419865764,0.21719205055841642,0.966557984441139,0.2765949337274112
coupon,A,201309,943,0.5100468251413784,0.9318525172670115,-0.495588837771358,0.33129686815434306,0.07637063035737912,0.28685313890346303,0.281403670080998,0.22258348897186397,0.9396290528194376,0.2618921559465047
coupon,A,201310,933,0.5145877563235488,0.9548048938377385,-0.5352357930210215,0.3683105983864237,0.11540177489796197,0.05037898540910828,0.27139365263004006,0.21923193652665376,0.8978425887785427,0.2444131972973642
coupon,A,201311,946,0.49798667661548646,0.9437581173925712,-0.5100743024614371,0.3793303070712113,0.13405484401824455,0.2272388049110271,0.27017935748153427,0.22392377134178942,0.9457283558214584,0.24426779261313433
coupon,A,201312,942,0.5531122688700796,0.881731404694711,-0.6349655653308797,0.171102490923323,-0.05522209152123986,-0.5166412178650807,0.27083604573335174,0.2328503813271998,0.9248904772678663,0.2479111802317961
coupon,A,201401,936,0.5347750859311038,0.9078993453028232,-0.554256403901604,0.23809518374148922,0.24352765539953602,0.3834509809775049,0.26901705374000556,0.2328357609183961,0.9268671926741965,0.25247168520631413
coupon,A,201402,941,0.5706017428259742,0.9443385195584714,-0.5771387572196996,0.2654727441907622,0.10688037105313818,-0.11004078697063602,0.2659334832463105,0.24461012704670765,0.9509316447814481,0.20442989110322526
coupon,A,201403,921,0.5834924247095049,0.9551935433244785,-0.6092168512973946,0.19635982885259812,0.022080735750721128,-0.10580109812277756,0.2639725337200158,0.25012753066913856,0.9565229821277433,0.21226380030364925
coupon,A,201404,927,0.609130211927544,0.9454287965633658,-0.5875327636895071,0.18521750600092607,0.1936195548190389,0.10044595997100952,0.2585251028705913,0.2464200104514338,0.939690354648303,0.22788657732483586
coupon,A,201405,935,0.5867573806540568,0.9543268109689191,-0.5603285921601706,0.21975492912008845,0.2122641578967162,0.33789837193918315,0.25000287801779,0.2380057355996307,0.9152280079668329,0.21467833254772228
coupon,A,201406,943,0.5793234380254271,0.94037167284657,-0.5233138492597348,0.25820173832320087,0.23938176890620697,0.3226658106572422,0.233055446122602,0.24086877571036858,0.8748881446327412,0.21459456415245803
coupon,A,201407,960,0.5949487816154758,0.9282717788078634,-0.42530302002146103,0.35502805690861794,0.35635980981891807,0.38635524633242907,0.21881625670835128,0.23971644964747413,0.8658128770596786,0.22672441265421864
coupon,A,201408,968,0.5762606443846495,0.9278387809382046,-0.32282559752573375,0.45300588262615754,0.3325779235722564,0.46128503062121645,0.20599905287314466,0.23651827055766747,0.872794091471319,0.20791062193661805
coupon,A,201409,985,0.5450624171486758,0.9188055100050816,-0.18253057425007108,0.5654676103570667,0.259658267577688,0.46307748050907716,0.19338512029515154,0.23530819110248274,0.874042899868895,0.19082487075838117
coupon,A,201410,994,0.5719980532546838,0.9166572644304225,-0.12922982962511076,0.623234786656356,0.2676327858068286,0.20922846410151663,0.1896205081114242,0.23885967057182503,0.9157519611221331,0.11084749611096174
coupon,A,201411,973,0.571666339112778,0.9309352001171307,-0.023062207193530478,0.6841665027223356,0.33417659610772105,0.44860224723972325,0.18432432858357922,0.23222808720317667,0.9099011436840165,0.12325253985163703
coupon,A,201412,967,0.5707903847997957,0.9128330069175201,0.059327300835387516,0.7168564539247202,0.2807996557849384,0.27471258247539876,0.18068932269402949,0.21630024747970844,0.9196507114794209,0.1318469597940496
coupon,A,201501,976,0.5346110556124405,0.941104617689227,0.06387469074622364,0.7644356284210088,0.11988568028998467,0.25360350564110584,0.17825661421124125,0.19584416144553557,0.9548203016330584,0.12452214048289634
coupon,A,201502,959,0.5644487687207805,0.9256736359233045,0.038843465277898684,0.7575821384134094,0.04722968922751685,-0.2515957161537839,0.1752613526505797,0.18000098430858058,0.941825498967287,0.09683150808940294
coupon,A,201503,951,0.5676935948449772,0.9403203193104328,0.09003375715324373,0.7769262950598556,0.23347547112180317,0.33377335061535823,0.17194594464991295,0.17381891764392354,0.9349875405529762,0.09742139409518866
coupon,A,201504,928,0.5597798040602171,0.9579044511546823,0.1145101671945609,0.8119465042061021,0.24581685354739463,0.36012693100000337,0.16544719341027067,0.16061536440820276,0.9199193763439799,0.10599434353502661
coupon,A,201505,923,0.5592360136128308,0.9592827813169384,0.1307533134815119,0.8294349169207864,0.16504605935752248,0.1372421382656328,0.16108911839690546,0.14604750262674798,0.9435851800083417,0.1124368059554451
coupon,A,201506,940,0.5463605673707458,0.9580140713127983,0.14258753958722942,0.8318365655085718,0.136188981202749,0.1971212415528918,0.15633772108970453,0.13710062052791824,0.9346742738269416,0.07019666945546138
coupon,A,201507,927,0.5390181785038887,0.9595195613641803,0.18582956241310722,0.8656428685030549,0.3371718131599274,0.5437414592092398,0.14986319003444695,0.12557701901314217,0.8820583191523166,0.06846085960378426
coupon,A,201508,939,0.5028727938564793,0.952283638676782,0.1742448794076291,0.8615063763024984,0.18340199741550214,0.379979424401172,0.1467533857091969,0.12724582004576826,0.9161795744901434,0.09897334750411045
coupon,A,201509,942,0.51317442663802,0.9598417740849418,0.22987618072950208,0.8958885232919477,0.3218489475527981,0.512361034392531,0.14348429710331692,0.13001572292981464,0.9072607633182559,0.06443407941148248
coupon,A,201510,956,0.5138232316632061,0.9531635214660767,0.23988998755274962,0.8945879901457013,0.29166643816499366,0.36292234360345177,0.14022843268027088,0.13656143258524428,0.9032854318718087,0.06813748433055508
coupon,A,201511,940,0.5228974608371871,0.9677782483347719,0.26951586020114854,0.9155796218622615,0.29134327946250016,0.3769168949821828,0.13952082520843767,0.13969833487958186,0.9107458838932847,0.020755996149400442
coupon,A,201512,849,0.5463915452273399,0.9354820759397786,0.3318049107931458,0.8878499547028625,0.20013923556483168,0.2155328198350478,0.13819587668177016,0.15541761680998445,0.908680162035429,0.11263967658317144
coupon,A,201601,844,0.4967507899748239,0.9265013422065747,0.3612504854682088,0.888993095278004,0.27063557703668867,0.48479042382771015,0.13724403845441244,0.17608438880156274,0.9456353915428046,0.11439856912588871
coupon,A,201602,854,0.5129526758933483,0.9531884833813314,0.3832151796249521,0.9304366027711093,0.23207874141770482,0.22750440872376979,0.1359296349066918,0.1891256160614876,0.9231473397625181,0.010607732170574263
coupon,A,201603,867,0.5652695109509852,0.9293270513703805,0.4152228652876382,0.9065902338161349,0.0007725958475730886,-0.33848250860136786,0.1347245988619158,0.2043234284013454,0.9388084940939116,0.045166210634580685
coupon,A,201604,875,0.5761844395260002,0.9515463865957915,0.40399106680276203,0.9076426395394799,-0.06694838198869033,-0.2852917028364167,0.1346845206544384,0.20987247673837384,0.943055179753066,0.017567044303469864
coupon,A,201605,890,0.5729309908357725,0.9711207999371241,0.41748776852939445,0.9354135210456542,0.24735129572193218,0.2975095341546727,0.1349014868623054,0.21593740548120682,0.921047898468509,0.0753803255131756
coupon,A,201606,920,0.5882187993933167,0.9466515054029967,0.4459372799262947,0.9147523659237509,0.3207980387128162,0.31337595448498756,0.13925196460040812,0.22351992098656348,0.9079071085128091,0.11972023931865469
coupon,A,201607,913,0.5776946360626866,0.9676254521970936,0.4007764488798335,0.9278890970992619,0.18938051591444865,0.2476313642509221,0.14716318287249605,0.22346569693419352,0.9305567432429201,0.08534975370029384
coupon,A,201608,922,0.5730606622019979,0.9573507174520923,0.3408587477812992,0.89849755897255,-0.10746436236390298,-0.2383217501846062,0.15342404685991257,0.23072831346560388,0.9487174097053733,0.126920245507189
coupon,A,201609,916,0.5652677210363058,0.9524776574025677,0.2628869029393354,0.8651848884048273,0.032855458346553144,0.006571311991206201,0.15900074310924306,0.2300776689770371,0.9193692758896771,0.11158142216756449
coupon,A,201610,933,0.5965165840445082,0.9451635207878766,0.2543591030569378,0.8536365698326345,0.12336210822996428,-0.06590610129150902,0.16557633217107653,0.23992550078339567,0.9273970306266871,0.08540045741965793
coupon,A,201611,940,0.6140925972095304,0.9442547146671176,0.19194873826680783,0.7980399826103362,-0.08397491850174198,-0.30195486570729274,0.1706035400786733,0.24707871885708896,0.9466826790814324,0.06998072928246593
coupon,A,201612,948,0.6259948956062787,0.9223627623128042,0.19166535096039583,0.7477452738641521,-0.05613747356851771,-0.14717108581355873,0.17145387351702845,0.25641843724427893,0.9558832625924945,0.02189902752893868
coupon,A,201701,930,0.6185071133644329,0.9476226986674505,0.17101278491792893,0.7691017253456179,0.056410997832924255,0.026651346486160236,0.17022828377205546,0.26515073563108565,0.9449814720453038,0.013010605936960705
coupon,A,201702,933,0.6258021361535693,0.9574363394906735,0.21252679401162075,0.82126404140895,0.2669207321740689,0.24260232731048545,0.17064840725820693,0.26977567988330736,0.9503302056981099,-0.03392770212033754
coupon,A,201703,935,0.625889883660822,0.9525818090760436,0.2668072841862298,0.8292327077275572,0.11554416656359155,0.11162657024731786,0.17112953992115928,0.27267066012267555,0.9797078072829863,-0.03796382175686877
coupon,A,201704,933,0.60799695925907,0.9524562776550548,0.2769946750138862,0.8334488972482383,0.12191655603205623,0.09695997767626824,0.17233132386169858,0.27031945608179964,0.9843132268511163,-0.02113193640267151
coupon,A,201705,963,0.5987104940966248,0.946585390717876,0.2467828071599271,0.8171528034914693,0.1023894719934501,-0.01833175934916815,0.17428265786466332,0.2743080268064576,0.9822557982596734,-0.03719520133199875
coupon,A,201706,994,0.6219930055896298,0.9636313699373952,0.2165179688454366,0.813364143384888,-0.11329021656298613,-0.24793134226691,0.1781796058861947,0.28019917030394736,0.9883561463663271,-0.002123535685828665
coupon,A,201707,983,0.5954264471184005,0.9561855848045553,0.15278705930296319,0.7793686851404438,-0.16148915028203736,-0.27373939220157045,0.18445245492663617,0.27446074749643407,0.9947640966414492,-0.01952096456027985
coupon,A,201708,973,0.5985446825489887,0.9500764332643573,0.1883499990047899,0.8069892731784042,0.22122207458304885,0.22293408134850645,0.1943313626171864,0.26844822424793346,1.0185972314213863,0.011312280288314965
coupon,A,201709,972,0.6111784005465472,0.9604231147365712,0.10882167624603627,0.7598787545732382,-0.20995225766074066,-0.37183626562099353,0.20915213672533955,0.2664509786764436,1.015191226610979,0.0726617679411044
coupon,A,201710,991,0.5678288432516896,0.9543450620241575,0.010287857017942003,0.6853266315542635,-0.13168795959681887,-0.09444781315347298,0.220119090696804,0.2660811362917315,0.9631089984468988,0.0978923499079641
coupon,A,201711,1019,0.6060185208437063,0.934623038280611,-0.0313478495492174,0.6368765216349885,0.10149447125551835,-0.0300630332704388,0.22738235796168,0.26136444686457877,0.9452734182263419,0.09828286779943983
coupon,A,201712,1057,0.5915832259709516,0.9369449892179654,-0.07257515954133857,0.6128745220211306,0.06443858924926263,0.10717904296547516,0.23279757174681787,0.2532327589884342,0.9431066789632708,0.09835735463895805
coupon,A,201801,1065,0.5659000428280272,0.9470083450641311,-0.2284691686014631,0.5001282865074357,-0.23385256886794892,-0.27088081802358555,0.234668637323134,0.26345508433954257,0.9373466857753813,0.1016061416445332
coupon,A,201802,1057,0.5676017970258087,0.9393102834487839,-0.23455877864798172,0.5280303666684535,0.23856784432026049,0.18536134664862638,0.23090086254502462,0.28494954924614546,0.9114147709426597,0.15650678794628087
coupon,A,201803,1066,0.5912900111118261,0.9244796422577626,-0.07774824027015756,0.6089562438416456,0.3096496732803346,0.42328482056214456,0.22036871027622848,0.29700630561153746,0.8914023929718844,0.16516512798196667
coupon,A,201804,1083,0.6141944802950787,0.9450081738481815,0.12665028060360206,0.755378431541401,0.3967187396394004,0.46999754844309455,0.21072205130537647,0.30735482410666387,0.9224319503880073,0.13364410312626016
coupon,A,201805,1061,0.6379052270507443,0.9632969018410142,0.22660235095880468,0.8229357091973142,0.39288935044439544,0.41342053012390906,0.20442655984892863,0.3157624954753304,0.935431564910433,0.09811950425403869
coupon,A,201806,1094,0.6291414667366384,0.9671243089594751,0.29916964453307837,0.8541252743109642,0.36821512790171307,0.471484368077069,0.19648442942118952,0.30996481783421964,0.9175147873608709,0.09667958707418386
coupon,A,201807,1104,0.6379235017734618,0.9566410652296303,0.3034855619467061,0.8362501027397836,0.11604648119153792,0.06744405114967371,0.18729930344249104,0.3064963722452953,0.9113154605634392,0.07570661392332217
coupon,A,201808,1112,0.6504968151828158,0.9600545735322675,0.3973587237097068,0.8789844684465445,0.4828891604812011,0.5945583956353113,0.17781894089098166,0.29365076264919554,0.8985744622855923,0.034557416311128325
coupon,A,201809,1132,0.642176430276818,0.974600402341475,0.3768778046466911,0.8818318734876913,0.12271498471024497,0.1943271191955386,0.17356326579926892,0.2966801172075956,0.9131749933299305,0.04511573874554873
coupon,A,201810,1120,0.6622513521832514,0.970539367164645,0.41701519922408437,0.8882649361253405,0.3016116122086066,0.31443402144637617,0.17195956656668424,0.2932108417454318,0.9229250763079916,-0.0024008863851231067
coupon,A,201811,1111,0.6537610962288591,0.9471054909213076,0.42961851542373314,0.8640591442624708,0.349494826145301,0.46109411857457444,0.16884157039457098,0.2910251447536988,0.9289160288906219,-0.0764615100098307
coupon,A,201812,1115,0.6425378903544733,0.9227229007224916,0.4220853981527015,0.8403875243373542,0.24010048471881665,0.34453269406962006,0.16834278449232773,0.29689873272912165,0.9487719264928666,-0.12403905578321925
coupon,A,201901,1128,0.6751637801733362,0.9386606023934032,0.5079584512743209,0.8932029330691036,0.29056605020334747,0.10386061416122692,0.16752415469124793,0.30733068788037443,0.952982688337863,-0.14949505440073008
coupon,A,201902,1150,0.6925644852074447,0.9454299377825698,0.5359168927022553,0.9048829892875021,0.09789639326415621,-0.0887391877569205,0.16601511530427843,0.31688824899953966,0.9532631299769275,-0.19775476925006638
coupon,A,201903,1143,0.7136557436244444,0.9511512143025579,0.5690572385014366,0.9146639343062322,0.21498644497841923,0.10220144045760608,0.16480935369600622,0.31538458499775984,0.9604997906841374,-0.15575871266419664
coupon,A,201904,1153,0.6980537098567783,0.9518113380779439,0.5275590837658847,0.9012924868497864,-0.2587598316141941,-0.40450057875960377,0.1623066033540785,0.30975354104376013,0.9500264623336795,-0.12818823472813975
coupon,A,201905,1159,0.7072879394985429,0.9482873045527214,0.5691486424234997,0.909751613337642,0.3856696922000437,0.4403840224461433,0.15864477266531796,0.3092965530390988,0.9487027981897791,-0.039871259680028845
coupon,A,201906,1188,0.7244052304165997,0.9548127321643426,0.5620979759789447,0.9100144229879507,-0.0006968002154219675,-0.17201471982178104,0.15637489335390764,0.3004149916776643,0.9258657323745031,0.037201530066020165
coupon,A,201907,1224,0.7154399913947112,0.9571788541380295,0.556009152913235,0.909272512100057,0.26716140292769613,0.3140816209177614,0.1536900119855016,0.29766722903808723,0.9300886933539833,0.024285915404705764
coupon,A,201908,1225,0.6904760743538435,0.9569209593335886,0.5469851543658861,0.9142822895645922,0.3704592872487049,0.5156709618497085,0.14967821919186988,0.29646360232574354,0.9203917815508444,0.04921325139819673
coupon,A,201909,1259,0.693847850044273,0.9630422873011506,0.566959649009461,0.9280508446518154,0.44097385764811087,0.5399568118845682,0.1443208831511022,0.28689018981143105,0.9015423349369641,-0.03373474023623269
coupon,A,201910,1252,0.6950623852892707,0.9742724543933777,0.5477496899649519,0.935138886272984,0.11835046801844375,0.08821245682497046,0.14264677098908107,0.278336443125723,0.9095847193895892,-0.0315417164894911
coupon,A,201911,1260,0.7127478695543176,0.9582928296084974,0.5315494114832447,0.911900517614224,0.008768098379121014,-0.14206660453750672,0.1479976329116511,0.2690719388357164,0.9285679281370596,-0.021255700319115105
coupon,A,201912,1249,0.694808942987322,0.9355568095194509,0.4651629561464705,0.8618064905460852,-0.3275039467056997,-0.4823528312242539,0.1536132652733208,0.2679112311211298,0.9668702452875088,-0.023963470728077557
coupon,A,202001,1235,0.7035115176296979,0.9543250911221866,0.5045014091856003,0.8979522641565181,0.4037189471016074,0.4571644983604445,0.16198151898754418,0.27028549543950253,0.9832603368753852,-0.02556372371478641
coupon,A,202002,1240,0.7060111488834241,0.9156592457994153,0.48951666919232834,0.8503067392629482,0.21405501652524006,0.0756088669030116,0.17301687085974035,0.2652302954651164,0.9863206750346407,-0.1298170139060476
coupon,A,202003,1159,0.4607694071263992,0.5867466926937476,0.23287748038922643,0.43890010586818345,-0.114665805996529,-0.1918871600905034,0.18890241853211112,0.2609516890329582,0.9949167546578028,-0.1200366195532914
coupon,A,202004,1142,0.6394273679208797,0.7742088472898456,0.41918045405865456,0.7569787942334156,0.273584578167964,-0.23838185917325366,0.19862928768157173,0.2645145401558654,0.9839394117789757,-0.059428707337835215
coupon,A,202005,1105,0.6620484723595819,0.8888793827368028,0.5104644025167321,0.8555312927810891,0.4310376209471168,0.2741675311754521,0.21022800016185006,0.26832899507860697,0.976962017024611,-0.05042271218195405
coupon,A,202006,1099,0.7075424156428707,0.9488199406315728,0.5391250844136791,0.9164690657224853,0.10607402251877153,-0.18265371536333216,0.2197115075234194,0.26126620537089645,0.9847509490641179,-0.05664076576212135
coupon,A,202007,1075,0.7121675632034463,0.9514654938496906,0.4775955948771009,0.8811619068502043,-0.48987310503574083,-0.6869310642441196,0.23379423249161715,0.2487930224146112,0.9808855636247337,-0.13713134639993105
coupon,A,202008,1056,0.699703924157493,0.9617874075355268,0.4543617809473414,0.8900415667417194,0.2878442178760557,0.3463210995914913,0.25220682114012416,0.24552745015575828,0.9780670183212719,-0.0985250407478625
coupon,A,202009,905,0.7017626490584499,0.9552744045841589,0.4554138025991685,0.8949974792797443,0.41642250607589315,0.4430472642333271,0.2644573380942158,0.2457637504828233,0.9608692320514202,-0.035028804290986836
coupon,BBB,200307,442,0.34442974986368724,0.8366557887838518,-0.48956341209932325,0.4189420168136711,0.08005506420672448,0.07329071583486668,0.6753980328221028,-0.0023179863287892143,0.8126545095975801,0.20599171192387666
coupon,BBB,200308,444,0.36242816194928834,0.8193097198448859,-0.5117806197873784,0.40228489325808414,0.13646836278474225,0.040683603429944766,0.6753980328221028,-0.0023179863287892143,0.8126545095975801,0.20599171192387666
coupon,BBB,200309,451,0.3549734786055963,0.7765353549482096,-0.49906943931709413,0.35397889972463675,0.1539252870159031,0.09597446513483636,0.6424023668187394,-0.007259866488429575,0.8206472655060066,0.214783336048024
coupon,BBB,200310,433,0.3179105364355733,0.7749857940094608,-0.5562116397168675,0.33839011288926163,0.06324291236941308,-0.018297264079765375,0.6424023668187394,-0.007259866488429575,0.8206472655060066,0.214783336048024
coupon,BBB,200311,437,0.3659870013723978,0.8154200682213809,-0.6114287161488506,0.3095809023846424,0.1673959221986613,0.09592362725392692,0.6424023668187394,-0.007259866488429575,0.8206472655060066,0.214783336048024
coupon,BBB,200312,442,0.3867546613941059,0.8151131263410034,-0.6428700891434824,0.22496089944920494,0.11860324006127304,-0.11782389635833496,0.6424023668187394,-0.007259866488429575,0.8206472655060066,0.214783336048024
coupon,BBB,200401,441,0.30247730640233805,0.7673521425126749,-0.6833629970351194,0.168777161214136,0.01908090967161242,0.04236407849853228,0.6424023668187394,-0.007259866488429575,0.8206472655060066,0.214783336048024
coupon,BBB,200402,445,0.2996033927083292,0.8036699264123907,-0.6442301653941948,0.29128380391358105,0.1845415096337203,0.3019206491116723,0.5962486697332353,0.058976694631908855,0.7774002468382183,0.20512519845235408
coupon,BBB,200403,438,0.3047711805473904,0.7717714235363262,-0.6428843609331496,0.265794611304235,0.17077523782785536,0.2411354632951502,0.5962486697332353,0.058976694631908855,0.7774002468382183,0.20512519845235408
coupon,BBB,200404,440,0.3355701591512178,0.7557042696971106,-0.6659218759451125,0.23677737817015396,0.15761911165968717,0.17605073091568374,0.5962486697332353,0.058976694631908855,0.7774002468382183,0.20512519845235408
coupon,BBB,200405,435,0.3296387453425606,0.8168795384998914,-0.630581111206105,0.26491266690672755,0.19049988550382543,0.2658337427489696,0.563333287498441,0.08814758839936204,0.789975170589095,0.21544468552971005
coupon,BBB,200406,436,0.3222991996954412,0.7652150747417216,-0.6739750931931546,0.20741415868598778,0.12371376050645565,0.010259911087430695,0.563333287498441,0.08814758839936204,0.789975170589095,0.21544468552971005
coupon,BBB,200407,432,0.26235209724095904,0.8006575347685501,-0.7278981936416461,0.20861159783211192,0.08350035914214664,0.24351142856632535,0.563333287498441,0.08814758839936204,0.789975170589095,0.21544468552971005
coupon,BBB,200408,431,0.31924207441465463,0.8104991396727759,-0.6800981362506805,0.2651997637847204,0.24218059238566975,0.24715507473155993,0.5388821903792858,0.09551198894306712,0.7858649436962662,0.22071204582089507
coupon,BBB,200409,441,0.23393422613749823,0.8235824399689946,-0.6778116547849197,0.2552949851269179,-0.017539300745232484,0.061576798551588464,0.5026058927758419,0.11533435359610798,0.8442040512900507,0.23384467857327706
coupon,BBB,200410,437,0.3194879413629266,0.8068961632337953,-0.6331115298433152,0.3357228455350253,0.2078103951950499,0.1805229423943168,0.4710243069063335,0.1466374431949836,0.7963511490862248,0.24956719565928434
coupon,BBB,200411,434,0.29965229600931476,0.7663125370912344,-0.6946345314048618,0.23017650500543363,0.13552165725932414,-0.029523328626929555,0.4450061027817384,0.1924906639326336,0.761133814936137,0.26746055973580957
coupon,BBB,200412,423,0.3402714986845665,0.7275903651086398,-0.6579487986382042,0.20710902880341714,0.18162767445505065,0.11880891271769523,0.4258529583588023,0.20668393749163871,0.8131528366753356,0.32289462093609717
coupon,BBB,200501,425,0.299989774208075,0.805022619820803,-0.6372543450364327,0.2787501476743428,0.12706689790797862,0.2125565573680481,0.406522386933226,0.21997164496816105,0.7961881979078947,0.31705717505836456
coupon,BBB,200502,427,0.2915933120335799,0.7980910126798414,-0.6642424163227503,0.284011561324435,0.07405102168790778,-0.04357969480742274,0.3784969895246218,0.19637729601405718,0.7980097230756207,0.309781327862291
coupon,BBB,200503,411,0.2538145373956824,0.7417027514299848,-0.5153651301053248,0.34134511656470745,0.1373425148836651,0.3942579994787844,0.34240394190306933,0.20404858800387704,0.755386548826703,0.31563689084765034
coupon,BBB,200504,404,0.31062037172736745,0.7566185402659372,-0.4305498905436643,0.4673458412838802,0.22097572638502727,0.31814216988282784,0.31371950082668176,0.19279254798990586,0.7297536969949333,0.323029817088836
coupon,BBB,200505,402,0.3184664410071417,0.7794281739185698,-0.37697287064906354,0.4964581066130274,0.19113421274830603,0.20278375207494392,0.28461382987062217,0.19312189970226037,0.7636838250583681,0.3265547949674361
coupon,BBB,200506,397,0.3167871809068947,0.8162138476828824,-0.38634490119295894,0.5311947811719828,0.18282920498286193,0.31634550108883036,0.26447075554622096,0.20584345418797534,0.7445249178281506,0.32672952517083087
coupon,BBB,200507,403,0.3048794298126155,0.8518053077152866,-0.4574928547686699,0.485911801850748,0.11466852994591335,0.28316645969320836,0.24900521037476928,0.2104263870083388,0.7366970472709081,0.32436003538852654
coupon,BBB,200508,405,0.28119724760991865,0.8226924334469573,-0.4289812811104513,0.4913801232339983,0.15494821345336085,0.3516685001833517,0.23416802693142172,0.22374218933991266,0.7403225588343346,0.3536376475818869
coupon,BBB,200509,404,0.2731786828171089,0.8434036621197272,-0.37852931622169,0.5992402052446766,0.17136372215000348,0.3563368247494724,0.22311053762327795,0.24387894881297922,0.7610569244088726,0.373725493854073
coupon,BBB,200510,414,0.2542248390509143,0.8447312714266388,-0.3456597140686053,0.6136902172327589,0.12755325648181406,0.44232726251886173,0.21382554889829347,0.2477978202574168,0.7298315813945353,0.3927888113135013
coupon,BBB,200511,411,0.25802786512773423,0.8784181030893612,-0.33426696585864923,0.6407162307521828,0.10917919970281902,0.43285356143423703,0.2089342886676709,0.2469178003809629,0.7156654832931932,0.38755087725004655
coupon,BBB,200512,411,0.24877507746852,0.8653575916384207,-0.3398447477441157,0.6669182146431343,0.16474653256726315,0.3644008911919606,0.20238012216814258,0.24546037467711,0.7198655199889384,0.42611429910025655
coupon,BBB,200601,413,0.27209586757171406,0.8193911401336406,-0.3113330188223432,0.6284371272602022,0.18041035800059785,0.38090621700598026,0.19069100027720828,0.23071956445298647,0.7050416524669357,0.4605279625273373
coupon,BBB,200602,424,0.27746497866197506,0.8693258082036507,-0.3247376931921623,0.6472419140277548,0.16328789808484553,0.40105792618131153,0.18021937920587403,0.22090748484933945,0.7051314280257492,0.4677583569188005
coupon,BBB,200603,419,0.26219720998829726,0.8114951953881998,-0.2694485745776731,0.6278476077370688,0.19636905376373032,0.4717541847676253,0.17365879282571983,0.21710517612214078,0.6794717906671884,0.485945431967237
coupon,BBB,200604,424,0.2604522792828679,0.8512571414942531,-0.24400494841460527,0.7128998005722489,0.12154569385269093,0.25459498329653374,0.16378728717541047,0.22460689116224944,0.7431142881381853,0.4957857069675424
coupon,BBB,200605,416,0.2827225866369997,0.8644267800765929,-0.16525987658845992,0.7433106003139821,0.20759611744569162,0.5378917386990582,0.1585374388040756,0.21403193714317054,0.7487847964858629,0.5087884201518869
coupon,BBB,200606,410,0.22442254262834987,0.8304462570619318,-0.14280228985835752,0.7191217892940267,0.10105192144089817,0.5069619688397908,0.14983538362234908,0.19999880779269616,0.712197891567181,0.49047369436802757
coupon,BBB,200607,416,0.25875097266081787,0.8241350081066529,-0.09113992374738258,0.753031884038645,0.21536988061301623,0.38589838046152514,0.14923004401154422,0.2078898757319382,0.7109524747677323,0.47302428293765286
coupon,BBB,200608,417,0.28942283901773525,0.8798779235518739,-0.09309273894143276,0.8040466469133305,0.23724801454846384,0.4396296449988835,0.14912118289311263,0.21593212583440527,0.7140956371784789,0.4570538352667801
coupon,BBB,200609,416,0.2383071490174927,0.8762503044136128,-0.09892796109865519,0.7831757168211014,0.07420407743898043,0.4627624244190664,0.14382927053227204,0.21972904501416027,0.7324514226076966,0.4274872960962007
coupon,BBB,200610,403,0.30778996362715516,0.9011759099842608,0.013057401697316494,0.8524790610982138,0.2681542925450248,0.5198593671448178,0.14101769459812794,0.22257896175054157,0.7579909913925492,0.4158134723867625
coupon,BBB,200611,394,0.2846428011218808,0.8660751611586017,-0.023452177738680795,0.7809005584198376,0.11644013802282108,0.3851021075237781,0.13970479649641313,0.20830103273559633,0.7935765399927213,0.4521351811287779
coupon,BBB,200612,395,0.25629180183773287,0.8003308936240513,-0.10735200356796885,0.6909134418379136,0.030207640041605994,0.15665663477835373,0.1416637227610265,0.19528933699782566,0.7910418945474869,0.44486329788601614
coupon,BBB,200701,400,0.2689251217443104,0.8237758985993663,-0.09758879878427665,0.7362625391408697,0.0955469139507993,0.07599872499203118,0.1401992230468801,0.1794541398556921,0.8264004872775789,0.4596090101134409
coupon,BBB,200702,391,0.2842750386376344,0.8620668766871413,-0.10077052491677808,0.7748517467187545,0.15463622046542877,0.15681021572508605,0.13901041764408692,0.17652667826036214,0.8312131849215117,0.39484398513267094
coupon,BBB,200703,380,0.22050457515449517,0.8377283838085248,-0.12651506300346851,0.7358831798231873,0.0052059774808895145,0.3504064040977693,0.13920211957579112,0.17139032409399008,0.8294736163188836,0.3960367421864251
coupon,BBB,200704,384,0.23765715853481606,0.8024133637826008,-0.09861970913361431,0.733353261731683,0.1633314413721166,0.22591778274704513,0.13629561167817714,0.16759979781370113,0.8019051184220719,0.4025477766590534
coupon,BBB,200705,384,0.2608094259138581,0.8682564632142268,-0.09755820628681157,0.7956204221001981,0.15388639830594578,0.21123871537284264,0.1274882952074955,0.14281699443456775,0.8018542352365938,0.3528026514443543
coupon,BBB,200706,381,0.24589514399638396,0.8894190065591483,-0.06313933072250415,0.8204236216132944,0.047627667124987,0.3241226081239707,0.12117460614689518,0.1554693045364334,0.8333614850910267,0.26605021256050915
coupon,BBB,200707,390,0.2340955976233957,0.7647824905935512,0.020387407653022792,0.7210145011826812,0.11438820841938215,0.19817062469939872,0.10586442882045463,0.14401610352660613,0.8155311410883411,0.20688764609577817
coupon,BBB,200708,376,0.21422781112662048,0.7134552013914567,-0.011605332018874207,0.6605318957351948,0.028573770913986232,-0.006514250607497646,0.09869748118383105,0.13137988276808527,0.7399893877080804,0.26613799876137423
coupon,BBB,200709,381,0.2691815427809437,0.6781586649974071,0.0026753990938981832,0.6246448664845524,0.08631232883887398,-0.15260684381936412,0.0948031791905071,0.116780399868565,0.7430628949371254,0.2516762730175402
coupon,BBB,200710,379,0.255819452514507,0.7698185657635733,0.013649215940120755,0.721203183861148,0.14391556997659782,0.1943607920416697,0.09364076071872948,0.11994297430571449,0.7612534747664945,0.29398015510414793
coupon,BBB,200711,387,0.11254798884207481,0.5786048830459845,-0.06935450587073658,0.5209827375384523,-0.0379963161690439,0.06310783934966702,0.09336820610317188,0.13365770791731185,0.7388372131837769,0.24577900168885616
coupon,BBB,200712,381,0.20394227126994535,0.6139788189193351,0.03424818379266606,0.5874935721213409,0.1056185870664968,-0.08324086590305999,0.09449665629054997,0.13949770322630153,0.7417847693372569,0.2845683590522461
coupon,BBB,200801,384,0.22190070901977524,0.6952148536841748,0.08524303187039921,0.6707851547929876,0.13581963566486172,0.20635214980841612,0.10166950067491289,0.1417854414643482,0.7419885300434217,0.30055281916566506
coupon,BBB,200802,384,0.17973056197460047,0.6929830287206267,0.04810036524434279,0.6574431606252754,0.04745045054111999,0.15580113424434572,0.10657667044422434,0.14215486910755912,0.7306684804982265,0.2568123580329659
coupon,BBB,200803,377,0.11896932941625496,0.7483619950604543,0.006814484625600673,0.7241995185868993,-0.002521186826900351,0.2875258555742782,0.11001160051473957,0.13548791230982177,0.7303919065013448,0.2615810641169819
coupon,BBB,200804,387,0.22267302864843216,0.7206190535935891,0.061846428620450124,0.6953352968870925,0.12160150664903202,-0.2563831025060362,0.10948005184105018,0.12931158625341016,0.7431205359970864,0.22585051181612695
coupon,BBB,200805,405,0.23874846258971053,0.75400528558603,0.06886701431523126,0.7267335764775166,0.11724547010971989,0.04307138431412929,0.1113126631955017,0.11372263893198445,0.7763688681193703,0.19803362231551982
coupon,BBB,200806,413,0.2594131034729903,0.7458828380283793,0.12149037371145886,0.7257636726196013,0.14264353668978744,0.20998616444381304,0.11176830339904785,0.10641632456753086,0.7734525305484042,0.2091753704867004
coupon,BBB,200807,424,0.21336273592247312,0.7994382443242048,0.09191321578098413,0.7763259410869702,0.08562937982223438,0.20030235122135198,0.1119480937629857,0.1177890800085852,0.7725659587645777,0.1843698231974544
coupon,BBB,200808,427,0.15989811906643864,0.8022701861544631,0.04235791554448305,0.783566729008955,0.03888344302647739,0.09193000811672547,0.11245008749281034,0.1245407580282189,0.8611237064085484,0.10276541219903837
coupon,BBB,200809,428,0.14546282863087548,0.5538662348835477,0.05931360358260277,0.5398070598009314,0.0433021900335137,-0.013767142922957235,0.1101731382953415,0.1209006196300844,0.8672401313197511,0.04962767455573768
coupon,BBB,200810,424,0.063353365120359,0.5084793298415212,0.023401775069227533,0.4964320180099338,0.004174251522736096,-0.00412244865830716,0.11037679231044126,0.136098451907851,0.8661591101596714,0.056728539033555174
coupon,BBB,200811,415,0.050931396699942726,0.7173697598659595,0.034388834178546004,0.7103455087215721,0.02832212792136534,0.07200885783975615,0.10681230837409596,0.14657266440804106,0.8296331400601774,0.07189830898562047
coupon,BBB,200812,422,0.10216864369772036,0.7555442556432963,0.09562200190993822,0.7549274177574105,0.09960012277330939,-0.033193399116067966,0.1032059381058277,0.1563606973729462,0.8099494467713854,0.020357760882408524
coupon,BBB,200901,430,0.13625884722093412,0.767922575455085,0.12534674423665657,0.7607544131258587,0.0986882562300405,-0.11276509601659333,0.1012432659579194,0.15327895930140994,0.8146492857387528,-0.007969255388575512
coupon,BBB,200902,439,0.13870385826580597,0.8799762848316534,0.13268535496549988,0.8756173461138044,0.0654745259028999,0.2102294357435244,0.09763883814131813,0.13696670190581586,0.8402899937178916,0.01910638742153238
coupon,BBB,200903,434,0.14330747549630185,0.9122974352161516,0.13082675920563314,0.9100745026641647,0.1288752156736416,0.4304432249770539,0.09103961747552021,0.11799061158577509,0.7875235117910965,0.09180016167014028
coupon,BBB,200904,441,0.19822171223734839,0.9074068788354502,0.1589421556616632,0.9061207699863163,0.22887269607047786,0.15900206236340692,0.08966453765093578,0.10306557245335587,0.7155094995879469,0.12552955999591164
coupon,BBB,200905,451,0.20640586434953648,0.8973847693424639,0.1511669612481998,0.8952702941349604,0.14239549086365164,0.07428173380687948,0.08688329330245705,0.09352873926023057,0.7184122755475928,0.15251140916170416
coupon,BBB,200906,457,0.25544156371117516,0.8736623085716357,0.2018034090787297,0.8709867999861197,0.15812488070680195,0.26706340804473133,0.06757996975920633,0.02529071756018344,0.7388618279340894,0.1365420569958756
coupon,BBB,200907,463,0.2589546081594254,0.8663367521731264,0.19853286394065384,0.8603320601346965,0.09156306349373233,0.26250690361251167,0.06073306517355932,-0.024326256769649307,0.7229708567554642,0.20312183716457805
coupon,BBB,200908,460,0.2898217657306806,0.871950251838648,0.22414410286775763,0.8692186636042705,0.245667826153442,0.25340626866610083,0.05898639593790703,-0.04111856304659723,0.7674296672422293,0.276857628451816
coupon,BBB,200909,477,0.3286329960356786,0.8891316217021267,0.24570003606366525,0.882764142208553,0.19560643805128597,0.07874936506535983,0.06183800505718612,-0.06177080266808635,0.8289077085290547,0.28844113633656837
coupon,BBB,200910,488,0.3578834428749304,0.8884438011243143,0.27636202969380763,0.8815374947260991,0.1038690079653438,-0.08047110831534408,0.05448053652735843,-0.06048554372650628,0.9140296429483713,0.33174396912285053
coupon,BBB,200911,506,0.309953444579639,0.886447775212304,0.21612728988867483,0.8724818609980372,0.07164820449828092,0.25286193656669503,0.06282201791030767,-0.06113637355686841,0.8323927764247203,0.32431593568743194
coupon,BBB,200912,515,0.31803974050405104,0.8482918999554581,0.17691893948338216,0.8207909840782323,-0.026746934047678698,-0.09085458153855074,0.0906255361560661,-0.0041179837787790165,0.8058516820438124,0.3403865254543065
coupon,BBB,201001,521,0.3282522401696849,0.8467018054848827,0.1560208104155571,0.8243427673436277,0.13854515629907646,0.1567976125623885,0.1107943612929838,0.01622620710744361,0.8256414154316656,0.32410917764775676
coupon,BBB,201002,522,0.34401876674839,0.8935103170736869,0.1552603461605211,0.8670693590263284,0.20002538066952916,0.39681653865101485,0.12433415512812096,0.02770850929103558,0.8137881459449936,0.28285609142540247
coupon,BBB,201003,521,0.3752039582221095,0.8870892831361042,0.15228695421553226,0.8478645283531359,0.17354379505582881,0.10676528791488221,0.1327630114818623,0.04251242093524057,0.8088092855493845,0.2530528747666076
coupon,BBB,201004,523,0.39265599215003993,0.8688054167419523,0.13843466114805916,0.8150824132545699,0.2534218726702515,0.38148427574194743,0.14231486244232072,0.027589734222953327,0.7606619604062165,0.21913913352804856
coupon,BBB,201005,534,0.34481196850953616,0.8537992052026111,0.1648017447184807,0.8228279947885626,0.26317978078374255,0.5779210951504986,0.13866050449702372,0.012425333031536269,0.7664301517466148,0.1613793667736869
coupon,BBB,201006,531,0.3754908537686808,0.9023325021860695,0.21647545211704053,0.8824967759981982,0.239539078068228,0.5317258608625817,0.13254353863236726,0.0016592297358318869,0.8069240242669501,0.1614414727028428
coupon,BBB,201007,529,0.33960177015627935,0.9096732564435956,0.16610603321096432,0.8813567785426402,0.1510455637891995,0.2325978333825108,0.1293603644017634,-0.012884065909835506,0.7822025286039999,0.152323934501503
coupon,BBB,201008,540,0.369830848933084,0.930232575862362,0.1750616556326783,0.8972730054324984,0.3089719764712911,0.6275648712406041,0.14855375835083437,-0.02735784865664088,0.746232827408995,0.12899577547652874
coupon,BBB,201009,548,0.37361313675009095,0.9335711077796828,0.1306678539428596,0.8849418291904738,0.22561262625903633,0.4528168156001855,0.1671116853619547,-0.05061682039721746,0.7869251711712222,0.13399044202459195
coupon,BBB,201010,563,0.4002216129982434,0.9413943114562883,0.09686685460110755,0.8696710837852956,0.23228452393993212,0.39414785016988,0.18914273538808454,-0.06416098026800711,0.8206836002253842,0.1432658888755697
coupon,BBB,201011,565,0.41362004972936506,0.9381593329225918,0.04425077259096112,0.8340607167070412,0.2704149775284814,0.42390677924941433,0.21283343500362453,-0.07453016574533544,0.8091464634201857,0.147861016928429
coupon,BBB,201012,573,0.37624484091739535,0.9078297342395464,-0.09723006595523222,0.7306934020310778,0.05536164550268272,0.22069104150687524,0.23560703628190383,-0.08648984612014703,0.7852009301750048,0.1400739134767896
coupon,BBB,201101,568,0.390018174115345,0.9103351625461807,-0.14631260917913724,0.7281717501548337,0.2487635733949483,0.2632819634725623,0.26368795874275575,-0.07391858329049543,0.7936363320483395,0.13807634634220944
coupon,BBB,201102,577,0.3922687426071916,0.9183026916526827,-0.22116808300167526,0.663782483545125,0.09254433679284206,0.2728925521719211,0.2649085401520174,-0.056868242174089555,0.82099899045464,0.1373814315094866
coupon,BBB,201103,566,0.40604533300170703,0.9056832915927019,-0.2429621444502549,0.6308711293980976,0.2042903755172029,0.35830475320700295,0.27898758002372165,-0.026637254059529745,0.794687052804051,0.15199498150152208
coupon,BBB,201104,548,0.4390535371690917,0.9247333186182687,-0.26674814846354583,0.6465739675920023,0.3972786497274595,0.579021174015704,0.2893487255139967,-0.0018717916219959494,0.7460125117729981,0.15832032906663754
coupon,BBB,201105,563,0.41709856684919816,0.9380457992229483,-0.2744218435595556,0.6241651414470043,0.2946066324452741,0.6397273581034655,0.3006269308593166,0.041177491796365366,0.7700104356355445,0.1905482592185409
coupon,BBB,201106,576,0.4003131338193984,0.9257350614121016,-0.22700783546060743,0.6484279632280914,0.2500576245318468,0.5832785773491072,0.30024621114587285,0.07038033571338247,0.8236235469089885,0.20274792231887956
coupon,BBB,201107,569,0.4224443835594804,0.9279996508511806,-0.12518345528913838,0.7328388144052551,0.31781002038532835,0.5496012798649264,0.2825841940157825,0.07988618599104527,0.8177960126483748,0.1987844668600594
coupon,BBB,201108,582,0.4272509356103509,0.9145738735945507,0.02774889778327591,0.8049937772648886,0.3496610971178237,0.6233281392748282,0.27285655849745855,0.09508231569764646,0.8218146100116966,0.24093513887405124
coupon,BBB,201109,583,0.3828535418340808,0.9338186935065448,0.07022622247255746,0.8524346310749201,0.20076795099076877,0.588031278833532,0.2594472905160736,0.0848034490096879,0.824405594801042,0.2361127595093324
coupon,BBB,201110,585,0.4170834474231297,0.9210009836262737,0.06112988715377163,0.8403324803956936,0.13967686879738786,0.018964517151826742,0.246568581110978,0.05993680231731494,0.8328487509394568,0.257819244408338
coupon,BBB,201111,619,0.4110342510524088,0.9035131879257282,0.14543215407330182,0.843076408561337,0.27916371293643283,0.5573086218995815,0.23042269581720976,0.03821910456925907,0.8245624033952614,0.2137348298957643
coupon,BBB,201112,643,0.37786264130242275,0.9416775052290967,0.072665573073838,0.8616998380693045,0.11674288004633182,0.3475945703880333,0.230638904754074,0.038084383735524606,0.8311551500502443,0.19409286929421138
coupon,BBB,201201,651,0.4284823771040294,0.9533052935586086,0.10253801087299169,0.8912170117632219,0.27727175730728953,0.11404005454272621,0.2487890402301342,0.05831919100891853,0.897289262962177,0.1859208735602181
coupon,BBB,201202,654,0.43948670739202955,0.9461803157744477,0.07091229116477542,0.8559672387522903,0.16239682042052997,0.20570164455088688,0.25440133238754287,0.06591862315679864,0.8699792631784263,0.2096800765427312
coupon,BBB,201203,655,0.433504809841048,0.9494667991612578,0.027060005958853994,0.8382947668330946,0.12122898984063395,0.2206218325051799,0.2627221995867598,0.0819185546944368,0.8933365704336856,0.1999825829852502
coupon,BBB,201204,659,0.4405965238233847,0.9570813976341501,0.05027342584250077,0.8499190837968961,0.30523719923957787,0.6345274606006599,0.2735977952606157,0.10495743760991062,0.8891183094727748,0.19448561676759554
coupon,BBB,201205,662,0.40465159114166255,0.9482315516258197,0.055410335024520356,0.8522677409592588,0.21895622224822867,0.5885460723265914,0.28303159805155237,0.11996897666313021,0.8987396228142738,0.20096788579678967
coupon,BBB,201206,663,0.42408130230286983,0.9632891207550993,0.07598184549373216,0.8772370585814159,0.19596402830528226,0.39034091554801725,0.28512442341760047,0.13665409410760454,0.8950698398511515,0.2149241298969406
coupon,BBB,201207,680,0.4195272774185636,0.9393211973921683,0.08365657997367021,0.8553500968033337,0.21412486665832592,0.3400176928939522,0.2688704662702503,0.13664491398975065,0.863149430818874,0.22895701544263508
coupon,BBB,201208,652,0.4628135392111806,0.9586184302443106,0.12452814433361487,0.8785483803860225,0.2643371634541868,0.39958487722116687,0.2611194207653558,0.1433143978787051,0.8540477144888478,0.22528183277954206
coupon,BBB,201209,704,0.4697003689931737,0.9591161532090985,0.10608533214187746,0.8581710464409233,0.2195116538899345,0.4046315390520318,0.246216264401317,0.141076569706702,0.8290281266406537,0.20408781405968945
coupon,BBB,201210,702,0.4930033278874507,0.9519044732608037,0.1173145817195017,0.8512062629488862,0.2185227576966646,0.20760989234598365,0.23012947988931234,0.13919934650969848,0.8467755208035851,0.20759444529550652
coupon,BBB,201211,713,0.45295985837167096,0.9501972676759554,0.13314012927577118,0.8569476350966739,0.25844616955474825,0.6070563548347399,0.21674317041189367,0.12796052315831472,0.8416697194247829,0.22087153633255538
coupon,BBB,201212,723,0.5204591779764285,0.914798487700739,0.17087430683874683,0.8513832956148095,0.337326866960054,0.12392300663149652,0.20759531426329428,0.1303379921006199,0.8488025216160593,0.1994880578312954
coupon,BBB,201301,738,0.48184427494562837,0.9297190705468305,0.10729275958583362,0.8091944437565419,0.07002553971797248,0.19299257846069645,0.20834524871219998,0.1405474456702565,0.883670083350213,0.22971330617352073
coupon,BBB,201302,745,0.5018781085713498,0.9511847044465531,0.1466639771383208,0.8647800465149483,0.2024603591960298,0.22688673139909926,0.2139054418999096,0.13902691396278455,0.9719437708868927,0.1604503801538417
coupon,BBB,201303,745,0.48734430306028137,0.9612727573055628,0.0816133131356507,0.829632274415213,-0.23355002930995605,-0.24689646104834834,0.23417948355560617,0.14946620415393003,1.0376016726874802,0.15209384974501156
coupon,BBB,201304,776,0.49418851046713563,0.9527216161003991,-0.007319173950321879,0.7815703641310559,-0.19845364683302189,-0.5030648949105884,0.2555847050252683,0.143780572602938,1.0578007209267088,0.1524962469710459
coupon,BBB,201305,797,0.49815260263949895,0.9569154472096537,-0.05258437769517114,0.7666470767626684,-0.049948092931001366,-0.23679711659115385,0.2734968471534974,0.1637458806734473,0.9999214136290289,0.14036435404138492
coupon,BBB,201306,806,0.4722372889714028,0.9525234810850752,-0.06224876343212315,0.7605291512742908,0.05259471684078049,0.19588789243508145,0.2971908591624203,0.1572756134465019,1.0135965461593996,0.1340173041267324
coupon,BBB,201307,798,0.48432952509680954,0.9671060084811113,-0.1441115627517383,0.7298384992920286,-0.08417226946851596,-0.36296409417064684,0.3087446861739343,0.16462540231986314,0.9892972845214988,0.10914315677899823
coupon,BBB,201308,809,0.4784304423204718,0.9412853617222761,-0.16720435996664088,0.6829443966234282,0.11584075632003878,0.12713650021780093,0.31959611409311633,0.1681607122733056,0.9609536520043435,0.11854066751440392
coupon,BBB,201309,863,0.4540792204667973,0.8998585208047493,-0.1991677731236121,0.5993797155375366,0.04194889495621065,0.19339273226575524,0.3185249014869116,0.17487357394664033,0.930518617194728,0.11047204971291912
coupon,BBB,201310,891,0.46864270436957456,0.9572126426863541,-0.22084611279480706,0.6691209469614265,0.11416359600349602,0.020989356455673777,0.3125513140210528,0.18191642962950721,0.912010058013898,0.12078839658385604
coupon,BBB,201311,897,0.47210128636400434,0.9618676270989104,-0.24231086986808234,0.6462303689796136,0.11476224817412517,0.16021883815625707,0.3110409631235418,0.1876714442892053,0.9372532428845901,0.11532912238528448
coupon,BBB,201312,912,0.5283005826215734,0.9178634347894784,-0.26603942825751,0.5697837173514566,0.01395746280873563,-0.27683382018876396,0.3021791447432929,0.18779461478989118,0.9346727243423559,0.11496593454843021
coupon,BBB,201401,911,0.48486155085801164,0.9512294467910042,-0.2370230006565422,0.6066915102922382,0.1781408949166963,0.3870918165548126,0.30161345640989223,0.18149073792130493,0.9439078544061194,0.1461858792325259
coupon,BBB,201402,925,0.5160960223054788,0.9626263429274428,-0.25176768095768864,0.6261079974254922,0.06578038778638035,-0.10552824794725443,0.29599738907944356,0.17703586426240905,0.9575242402788923,0.12755084344313686
coupon,BBB,201403,925,0.5311072124827505,0.9557595363744736,-0.30835030590319834,0.5454346246511209,-0.03879473454443537,-0.24786667690556677,0.2958865123836059,0.17780547482881093,0.9649297718649449,0.1202867200924499
coupon,BBB,201404,938,0.5499336291862701,0.9477476132041687,-0.3099238911782101,0.507986124501562,0.09184408312854743,0.0390393260352126,0.29768971564334545,0.17586000506250005,0.9583215612932041,0.11942619150058356
coupon,BBB,201405,931,0.5219459965597021,0.9690723466168241,-0.32290005725989707,0.52367990544586,0.12115204920068015,0.258396579847792,0.2937562130253753,0.180565549747797,0.9425805235583301,0.15052914628972514
coupon,BBB,201406,950,0.5269520255751609,0.9437991947621928,-0.3455395599104343,0.4989127697531784,0.09873752416181782,0.027203139633162444,0.2885439192258165,0.18317174006631304,0.9291954378026944,0.1378294246763829
coupon,BBB,201407,962,0.5259460240379351,0.9487590560143978,-0.3532272058658513,0.4784876600138738,0.22930050526690615,0.3177510190172306,0.28370500030563645,0.18859238086036662,0.9078008440614876,0.1572604637071189
coupon,BBB,201408,976,0.5316146922525794,0.9427130431191039,-0.25935526889359894,0.5589170595835362,0.3177423444938459,0.4193264116288766,0.27599453857579925,0.19415538786051315,0.8995191034607242,0.15927241469636294
coupon,BBB,201409,1001,0.5158772571241221,0.9118490905014094,-0.17798806390676025,0.5853370222591779,0.21111990797722424,0.3478740899818744,0.2695535188262017,0.20066206497109715,0.9132164000403438,0.17773155684509706
coupon,BBB,201410,1017,0.5285976352388131,0.9438195366353374,-0.1271044882835197,0.6685565430943716,0.23944139162447142,0.24979664376870436,0.26467160090575687,0.20093184817757298,0.9283154753821533,0.13549704814012722
coupon,BBB,201411,1030,0.5193038449122599,0.9398262347512434,-0.045072269815656804,0.7178638519957572,0.2784475165441587,0.3945592599030113,0.2618192327678187,0.1969081991083383,0.9377360977838952,0.1496700445209782
coupon,BBB,201412,1030,0.5344959697794733,0.9281732205783668,0.08641782452978193,0.7863257226329123,0.3331190727430814,0.3918175112100613,0.2589830997041228,0.19945275066742707,0.9256212214613762,0.18257314807846375
coupon,BBB,201501,1046,0.5314223040393802,0.9376645250473371,0.16365180468502252,0.8257592167088167,0.2541331136871623,0.38067614033185354,0.25701044031228315,0.19543555949309976,0.9614903851928176,0.14326881665402313
coupon,BBB,201502,1083,0.5485945476418799,0.9547949482566964,0.09726344868821842,0.8049713885794986,-0.19534532412526254,-0.44743967176581223,0.25627189728448974,0.19311720353664205,0.9642330937805048,0.14318633075597764
coupon,BBB,201503,1077,0.54926676358054,0.9635227262005321,0.12838767187573197,0.8306487239655583,0.20540802094442814,0.33225301142022673,0.25222386381354345,0.1836879968537082,0.9565672836353613,0.13468793885082347
coupon,BBB,201504,1097,0.544965909883556,0.9695758005985138,0.12863865332077523,0.8385643769837788,0.04437111696504844,0.04787641031984299,0.24716802384879025,0.18071921448679484,0.9452657283077667,0.13746563254619243
coupon,BBB,201505,1125,0.5414276867942568,0.9528327566719784,0.13216622755422539,0.8264770235139959,0.1798591419784677,0.16387949307273775,0.24168921871770654,0.18165092429023308,0.9380117663833054,0.14398210405203044
coupon,BBB,201506,1143,0.5434913711958871,0.9560296932387539,0.15606626159117823,0.8399185139222821,0.167541686605749,0.2228992540343295,0.23643823647538562,0.1821868764437284,0.9449282780858456,0.12049810436257673
coupon,BBB,201507,1177,0.527658149292136,0.9650631305553841,0.22845853575486347,0.8830712271921638,0.29632920772521265,0.55261398261363,0.23191452890070885,0.18769174885248946,0.9178410515095903,0.14085155640319227
coupon,BBB,201508,1197,0.5171342738363122,0.9595117296960541,0.2764019853292612,0.8959279864753368,0.2836581636111972,0.5098842119770458,0.22788926589023897,0.19171505462097516,0.9357760923959826,0.1285342810570402
coupon,BBB,201509,1190,0.5167416803367132,0.9731172885934949,0.3314447207582856,0.9311777927789446,0.3593033953180851,0.6136874207644682,0.2224796269690325,0.19815105505186212,0.9272339620216768,0.14864116833450491
coupon,BBB,201510,1198,0.5272477973596011,0.9635242904578779,0.343405781812482,0.9276268272348559,0.18418801463954623,0.12125540347569602,0.21688175849649588,0.20122190492761655,0.9321429810621105,0.186237780406089
coupon,BBB,201511,1232,0.5287194339525617,0.9545455057376613,0.3886433356568954,0.9237549741179125,0.3153365726656513,0.4869879059466521,0.2139325840833872,0.21361895540450243,0.9408278279445281,0.16003661082784879
coupon,BBB,201512,1347,0.5071217404437952,0.9093179426837487,0.42368729490589013,0.8839746695219936,0.25740040476749393,0.33708209053900506,0.2110903770739226,0.22867914647070606,0.9415369369104907,0.20523876613482794
coupon,BBB,201601,1352,0.5039623981728444,0.9592439596248125,0.49780741081322943,0.9471661391829965,0.325836069829598,0.6284718789136182,0.20461428043739355,0.23270836280202503,0.9538248518526729,0.21791969267578234
coupon,BBB,201602,1392,0.4906035488145416,0.9564848986352122,0.4762745058550379,0.9383996360795588,0.2108586866232647,0.27571505413843767,0.19830417057315186,0.24065710861404022,0.937508739641052,0.21836362324956907
coupon,BBB,201603,1383,0.5094954275042686,0.9521826830029138,0.4415675432450998,0.9311390556999032,-0.1946570693057495,-0.5872008765522345,0.19513636303126902,0.2484556434459575,0.9487131162706087,0.21574200585923253
coupon,BBB,201604,1397,0.5195684003181331,0.9700362406515638,0.43030567068605863,0.9501145493936493,-0.17330071746067935,-0.47779953297846994,0.19439320596793197,0.24976228136281498,0.9598810314979306,0.17874042997405729
coupon,BBB,201605,1413,0.5296655145786084,0.9790138867799532,0.4400307519840023,0.9595133686747933,0.2045964295249318,0.23224318871865218,0.19408999135404725,0.24401296373644377,0.9639485102229851,0.17174248853844096
coupon,BBB,201606,1422,0.5325098966298254,0.9707667679366108,0.4221311790096879,0.9420106561836747,0.019715477442626233,-0.1266874615189026,0.198123423969364,0.24117405632890465,0.9782649005534938,0.14828317965450338
coupon,BBB,201607,1432,0.5318295090820557,0.9669012905563723,0.389014464983314,0.9353399913311056,-0.11389947057095522,-0.2598574706751027,0.20857263664373063,0.23449690743598178,1.0089611415242863,0.1485414222860452
coupon,BBB,201608,1465,0.5483356807118147,0.9579999845220663,0.3490425054740897,0.9152196504137018,-0.3152729282442679,-0.6913795486903592,0.22430806567426348,0.23406140914424453,1.0548541646921432,0.1826862350929926
coupon,BBB,201609,1486,0.5374230879730983,0.9602161534146455,0.29809828765876645,0.9003713149143354,-0.18005308783115379,-0.3543486098874952,0.2351288246695261,0.237556259375908,0.9991416626316992,0.1837759799078344
coupon,BBB,201610,1486,0.5364454856925369,0.9669378812825296,0.23275130081223377,0.8872364350270968,-0.1958849004252538,-0.442439273699116,0.24603763973147438,0.24527008240418693,1.0043400579615491,0.1927005654185574
coupon,BBB,201611,1491,0.5447207585727892,0.9614840577506463,0.15148231757397293,0.8371067163183383,-0.1171024708982599,-0.36826510874254265,0.25458920383867745,0.2558894671101107,0.983329698757814,0.21181574494647168
coupon,BBB,201612,1498,0.5459834061210754,0.9389015379270518,0.09507078043156686,0.7742521298389528,-0.09610404227767205,-0.2998770139900117,0.2584836179000417,0.2578919235674692,0.9728492045561942,0.22076729863882608
coupon,BBB,201701,1541,0.5249854510211448,0.9266376805961271,0.05117315277707,0.7329245538020179,-0.10730069213802092,-0.185890175654847,0.2579226715465294,0.2568223666117251,0.9639065333164574,0.21877204817234955
coupon,BBB,201702,1560,0.5555134667069906,0.9516255390239083,0.09763579380672735,0.7920182355686983,0.19949740816002387,0.1225337427084508,0.25873841927516295,0.26301597862645837,0.9556199748343703,0.22652806829246125
coupon,BBB,201703,1539,0.5535543672571898,0.9687206792081106,0.11216610375218534,0.8168826070567298,0.03158917711466768,0.04757689166880166,0.2662772377469009,0.25426488471701747,1.0114343914317523,0.21555840005159463
coupon,BBB,201704,1545,0.5462398534298198,0.9711433398146895,0.07337793189352482,0.7863633686023169,-0.20016571973169192,-0.27642443602599986,0.27642285650519655,0.2512775733536613,1.0395833816772777,0.23450516257327725
coupon,BBB,201705,1536,0.5685414386870421,0.9669843221710275,0.069164840034149,0.7830449790186428,-0.07865651655096548,-0.2874820119314046,0.28628356223681706,0.24440317036127604,1.037518201728622,0.20980927624978205
coupon,BBB,201706,1555,0.5847415089868608,0.9519777605485411,0.03110289792068649,0.7325847855221937,-0.17120834983738484,-0.3803921659459083,0.30119577709132295,0.2364130483559227,1.057670269099915,0.21623342837221424
coupon,BBB,201707,1586,0.5822294207391792,0.9677578171907473,-0.05632571295768582,0.6661670682854298,-0.3066743066382789,-0.5430436114392228,0.31981592744223913,0.24363990155564813,1.0793157061790672,0.24752707348989758
coupon,BBB,201708,1603,0.5724517023896282,0.9486893669542964,-0.04287745607068005,0.6674035115049612,-0.09880029267615038,-0.1833735451734786,0.34867697084670746,0.24696567634790753,1.1170421036796363,0.24883219264602932
coupon,BBB,201709,1632,0.5729790853760725,0.9741007766833946,-0.15865145846680664,0.5972350570936363,-0.3615430668148951,-0.6079147089044261,0.3735364489165484,0.24721096852801017,1.0780861033521603,0.25066211279662903
coupon,BBB,201710,1640,0.5653031943415046,0.9738786196478211,-0.22065249328416894,0.5451980005208574,-0.08388540229068114,-0.11323774331018595,0.3819445177638216,0.24654839504981063,0.9786794242587741,0.2254725871869659
coupon,BBB,201711,1627,0.5642380687895102,0.9671431685481321,-0.20636848816241168,0.555689768188373,0.1025276529088349,0.1287338754650615,0.3847323148267902,0.24802992075465416,0.9589597743915228,0.21407166362831906
coupon,BBB,201712,1635,0.584135988984268,0.951503689183832,-0.2159588511642874,0.538486377699493,0.15958766618387424,0.11915844933407407,0.38650311556759986,0.2551046264472707,0.9547014599986806,0.20958733836092028
coupon,BBB,201801,1652,0.5621749360719811,0.959544957684886,-0.34750917948508453,0.40633369645919326,-0.2544521204691766,-0.34952364030928146,0.3827790716223202,0.2591826610738966,0.9320918417344175,0.20545813174960526
coupon,BBB,201802,1686,0.6027713816646553,0.944498158264585,-0.27569185525081147,0.4794665979055437,0.3128805594857129,0.2915570985116311,0.3626978978045949,0.25818733237374963,0.8855022052855318,0.21742412403000252
coupon,BBB,201803,1672,0.5985594029141961,0.9565843398990392,-0.14780160540001586,0.5650062721604668,0.3322543499031615,0.5148344220654022,0.3388885033759899,0.26316968653472206,0.8540414557190696,0.23721079423365526
coupon,BBB,201804,1708,0.6023828717669254,0.9615961014745658,0.005977054826082085,0.6975425118068568,0.32043555873761226,0.4664259221771664,0.32290404426319963,0.27222295987747447,0.9117142048525327,0.20520742590661104
coupon,BBB,201805,1730,0.6088953909587279,0.9473081357343431,0.09848795067916175,0.7439492802234524,0.33392656841037316,0.41024146564871256,0.31142713230109814,0.27296494400690585,0.9336401983085872,0.18416904507822143
coupon,BBB,201806,1726,0.6232523192102478,0.9677647259655868,0.21528476791621035,0.8173852151021865,0.44483025510259117,0.6028467123723236,0.2948202024439761,0.27536427671732944,0.9105863638082581,0.18427657337803033
coupon,BBB,201807,1738,0.6210974829988959,0.970621042513376,0.21218660938358097,0.816917811392755,0.0863448602730042,0.07096151730730865,0.27818389555464396,0.2726430551895469,0.9061505818738638,0.18487577164684144
coupon,BBB,201808,1749,0.6180513809559681,0.9710243511339423,0.304259058977429,0.8642413897345812,0.43881711519391314,0.6115845912173056,0.25839056181467124,0.27035250801175476,0.8955199345960367,0.15871578847934373
coupon,BBB,201809,1792,0.6095089738809991,0.972649932272845,0.3058619848715073,0.8641469521526735,0.14297842050443899,0.24345465189223453,0.2439345854445126,0.27145383049925276,0.9043644181280156,0.1782321851532418
coupon,BBB,201810,1818,0.6080028830872233,0.9787951334476918,0.3445533151563161,0.8957512953280955,0.3650664974150671,0.5476510008099127,0.2343701865041438,0.2768581979852898,0.9084737725458513,0.16986893707689396
coupon,BBB,201811,1849,0.5727831687454946,0.9430886798751392,0.3556148251903703,0.8640799805841184,0.27161618481875854,0.457296247659356,0.22609371738829648,0.2778978927026153,0.9245646226924061,0.13565919265062606
coupon,BBB,201812,1870,0.5729427129031796,0.9583777875405199,0.3762170341730526,0.89913129957273,0.29894154726616773,0.4424508582081365,0.22204724537881265,0.28204627366350626,0.9426830651241052,0.12847193962877176
coupon,BBB,201901,1841,0.5894459014906936,0.9422169556142164,0.40427662708984224,0.8939332589649753,0.09515082513314516,-0.04718348527810644,0.22161237943661202,0.28325850625009097,0.9610797322899488,0.06766438743009356
coupon,BBB,201902,1847,0.6204649584999854,0.9629142358335047,0.43203926363768586,0.9162813818909118,0.11494204166217878,-0.06973370297888923,0.2245136783606663,0.2931997494379551,0.9706382419398022,0.05151817976916513
coupon,BBB,201903,1828,0.6403322389684999,0.974025036696299,0.4643720358930338,0.9306890215350239,0.11929041978379572,0.03493500517321052,0.22847626905265475,0.28834680818035,0.9876434265201244,0.035555504812292256
coupon,BBB,201904,1860,0.6549714206620373,0.9596254136414306,0.4362377418567703,0.9041221835661631,-0.23226493260466805,-0.5190263944883255,0.22991607121142035,0.28382597292006134,0.9748156925677082,0.05588559120741409
coupon,BBB,201905,1844,0.6551054578285527,0.9649947204655747,0.4710722432891834,0.9124675143396588,0.3643245304871581,0.46310237227279966,0.23028200994848966,0.2752546590790887,0.9702241122474513,0.08285300956689971
coupon,BBB,201906,1865,0.6672659501308166,0.9672572989679831,0.46361834203694596,0.916453639663667,-0.11218358595708795,-0.29805068025779685,0.2293329341512016,0.26659450186426376,0.9705457895827111,0.10459287100502859
coupon,BBB,201907,1886,0.6742570602116148,0.9671270801967334,0.48188095232448597,0.9215640418674446,0.2003358518215569,0.18368921730961635,0.2280634922476649,0.26175241451762343,0.9699814028039814,0.08259612548430992
coupon,BBB,201908,1883,0.6698536614752528,0.9649154268757488,0.4974266818837614,0.919808716073137,0.3601475897692407,0.4690402422456536,0.22343103770074815,0.25286180344579406,0.9516390009402875,0.0913053972254641
coupon,BBB,201909,1908,0.6666071229760677,0.9727554539102449,0.49396677891900365,0.9281336704333716,0.27658966396909646,0.3287835907922858,0.21726035754468093,0.25047661016514977,0.932710683790691,0.08379404110262169
coupon,BBB,201910,1911,0.6587844797567605,0.972966541179304,0.47950584305032135,0.9294429644273341,0.13606791658743964,0.12245610476666358,0.21451868320076897,0.2521427285099257,0.9408402372935525,0.06881445024450013
coupon,BBB,201911,1883,0.6523259008645129,0.9704562784902909,0.4539703736816387,0.9215840592156256,-0.010847217472397242,-0.07642617090867275,0.2161944212191953,0.24646706275915636,0.948470880188308,0.004131861153460686
coupon,BBB,201912,1829,0.663877190933026,0.9655861766220181,0.4091881817088113,0.900880325204726,-0.22611229395593518,-0.435854738414695,0.2202465632524811,0.2445994643577138,0.9509438141417108,-0.0032305884023152995
coupon,BBB,202001,1806,0.6734318504256845,0.9696842569743143,0.45238342927071684,0.9167637990000039,0.3902371227067458,0.49432273474312105,0.22838686070728378,0.24493506591040168,0.9684141707379722,-0.0017086949348514386
coupon,BBB,202002,1798,0.6719853742083182,0.9236354213834782,0.4549201088786879,0.8612279581101508,0.2706303741236146,0.2526481569582925,0.2395585345528371,0.24612992251352264,0.9808774465932515,-0.0008638664454237717
coupon,BBB,202003,1772,0.39050055501007025,0.583929657251237,0.32464292760408936,0.5419448561902467,-0.03714945959627844,-0.008854698895622386,0.25219490628825664,0.24945477766794594,1.0005002733681096,0.0066681120758085
coupon,BBB,202004,1728,0.4881849274871243,0.8692449703096419,0.3800589215858656,0.8604369640842388,0.15531818123197444,-0.3644304223338112,0.2603448031717493,0.24520579957476485,0.9890810797033494,0.022288862785598152
coupon,BBB,202005,1757,0.5441190103963739,0.9193153732227408,0.4072574225433576,0.9048207898588054,0.12059091521636867,-0.22281425163783927,0.26826266879488564,0.24374648388937709,0.9952622155605778,0.061438875999612015
coupon,BBB,202006,1739,0.6312558132986691,0.95665334948341,0.47139654458579155,0.9455016691364977,0.09590907443168209,-0.35298683253290286,0.27681888443666985,0.22972717330297449,1.0040490042725814,0.09558831878132297
coupon,BBB,202007,1726,0.6147495828900698,0.9654443689673674,0.4330771203989258,0.9240856071912715,-0.3029874882092065,-0.4506037922738214,0.2834497138039256,0.2251445734206645,1.007795171605991,0.07109832518553319
coupon,BBB,202008,1719,0.648465868687562,0.976267748637553,0.4507397498231799,0.9426828466415728,0.04602021217899952,-0.2308739008876936,0.29309483092284644,0.21432558967439583,1.0025291905593772,0.07360964026506174
coupon,BBB,202009,1529,0.6515400452760335,0.9839823090576864,0.4700469230888284,0.9518995918420514,0.29015480398480165,0.28631996102588775,0.3032058223553119,0.21027267157793603,0.9840861263814518,0.06356172744807731
coupon,BB,200307,137,0.4220013443230112,0.8896568783019395,0.10717516690035035,0.8105223365131515,-0.08544555003674965,-0.26206433065133383,0.28210562501511155,0.02463349088500946,0.925489149791757,0.12354618472969196
coupon,BB,200308,143,0.3988484560705337,0.8210011819166747,0.09608548185157002,0.7331412718736662,-0.16954184639809813,-0.23394152795561243,0.28210562501511155,0.02463349088500946,0.925489149791757,0.12354618472969196
coupon,BB,200309,148,0.36201955879718617,0.8154047760950927,0.10259853273418522,0.7530253167837061,0.1927298503787773,0.10517996424036692,0.22990454185786888,-0.024176345598032237,0.9197946837635382,0.12619206191293814
coupon,BB,200310,150,0.4345426109404214,0.8251797857682563,0.17966746027053604,0.7804311302724566,-0.04608189681116153,-0.3751188941730744,0.22990454185786888,-0.024176345598032237,0.9197946837635382,0.12619206191293814
coupon,BB,200311,152,0.34670162503269686,0.870597803429493,0.10598418657134576,0.8189059520636417,0.053663896274746097,-0.02510952097813681,0.22990454185786888,-0.024176345598032237,0.9197946837635382,0.12619206191293814
coupon,BB,200312,150,0.41676240340147297,0.7645015334014845,0.12391752774430796,0.7587981688075025,0.15326356051148793,-0.27926752300102226,0.22990454185786888,-0.024176345598032237,0.9197946837635382,0.12619206191293814
coupon,BB,200401,139,0.31485008055517905,0.7894633361633674,0.01830074056630944,0.693690513427767,0.009493495197888871,-0.17473971133652083,0.22990454185786888,-0.024176345598032237,0.9197946837635382,0.12619206191293814
coupon,BB,200402,143,0.32517824110563737,0.8008511441610031,0.10124904822086722,0.7525279884434813,0.11806709037637525,0.33263157030762663,0.2054232730876361,-0.05564792599107931,0.8174363896855266,0.07983756052261932
coupon,BB,200403,139,0.3661734667628691,0.8519638947227309,0.1405190287496318,0.8088654542204745,0.13302575357234986,0.3612717279592475,0.2054232730876361,-0.05564792599107931,0.8174363896855266,0.07983756052261932
coupon,BB,200404,135,0.28976539929050504,0.8745098039215687,-0.008567511742687925,0.7898887913374306,-0.1714014788715872,-0.2442444639547362,0.2054232730876361,-0.05564792599107931,0.8174363896855266,0.07983756052261932
coupon,BB,200405,140,0.3906568350254275,0.6906606022173144,0.11341875897287156,0.6526295073363803,0.23629145142288926,0.07155758675734186,0.23427917263779624,-0.04721967627481725,0.8196210292445189,0.09736338517478237
coupon,BB,200406,146,0.31487657062450364,0.8156189447909538,-0.02187733299507132,0.6954296125630225,-0.04191628327748035,0.07584664475142916,0.23427917263779624,-0.04721967627481725,0.8196210292445189,0.09736338517478237
coupon,BB,200407,152,0.3487543646910397,0.8550119943411313,0.02126219536812074,0.7785967646033665,0.06588921516874463,0.15198299605656135,0.23427917263779624,-0.04721967627481725,0.8196210292445189,0.09736338517478237
coupon,BB,200408,153,0.26283156401323327,0.8108305523166203,-0.0668095385410311,0.7514776245426399,0.1482753054119946,0.10415075120957473,0.25518414831850683,-0.03641749914478121,0.8313700312997157,0.12289016291393015
coupon,BB,200409,155,0.2074457564903841,0.8977764171312558,-0.08285867320009878,0.8316489961651253,0.06160913896825198,0.4422126260835938,0.2631345606546663,-0.05486747678422879,0.8387701669639452,0.11539891620964024
coupon,BB,200410,162,0.3023148063728277,0.8160751156216614,0.03485168333132995,0.775979767444158,0.21256264914502768,0.20033419846703387,0.24849777927462974,-0.08867172010151253,0.8006211527423722,0.11928041747451384
coupon,BB,200411,167,0.3292704311515542,0.8504720335576696,-0.02254736631762489,0.7521566161996146,0.17471921033859297,0.17961495253898402,0.2694742201417012,-0.10300268385976297,0.7795492587345114,0.12403047516149734
coupon,BB,200412,163,0.3169029455621141,0.9137646888491288,-0.05917922587908706,0.8176528738293658,0.2225953004363926,0.29973232247659903,0.3165314228335521,-0.07907959166586642,0.7992044940201889,0.15162383274177718
coupon,BB,200501,164,0.33160305640402904,0.8697896084977516,-0.0580547952557815,0.7597219265450905,0.20426903976482733,0.4155267881374242,0.34393937305421424,-0.0966094774385409,0.7990916156102091,0.17479019183639521
coupon,BB,200502,169,0.289118757710139,0.8498209934861519,-0.14614894122269076,0.7235940530058177,0.14119492955583987,0.2807344239470937,0.36230468032596325,-0.06379576353980208,0.7809174609189204,0.16541834548155038
coupon,BB,200503,172,0.303419855473268,0.7335191723090492,-0.21899957489783564,0.5791619794209275,0.11719146544782119,0.06935472839916702,0.38165334616811253,-0.08448263271512758,0.7810716023497781,0.16078020901389514
coupon,BB,200504,187,0.3791917262240458,0.8036695429404057,-0.05931004004069376,0.680159216616078,0.26688462336502433,0.32230353924810706,0.38958106920681096,-0.04905259763983547,0.8150588179528523,0.2066472209532379
coupon,BB,200505,196,0.36309130347011526,0.8793296623608443,-0.08847337437404089,0.736804022663341,0.1554586266699056,0.15872785662488348,0.41142750451506604,0.0017235076674602876,0.7801739336666014,0.23843049450532516
coupon,BB,200506,190,0.3326501149282459,0.8644814479479677,-0.11874465969079602,0.7238086490222065,0.1721553814823892,0.3179055842048402,0.40112149622517174,0.02055626945413243,0.8138689611347332,0.21531104930419318
coupon,BB,200507,190,0.35890973537795423,0.9164263188512294,-0.0942233242377793,0.8031011210399472,0.17624958186784784,0.2501655534998054,0.371776063355446,0.06310010772344764,0.7876064999820823,0.1761983075136182
coupon,BB,200508,190,0.28540923535738655,0.9058763838041876,-0.09148654300603978,0.7937443958937485,0.16560951362531848,0.5489089215184558,0.334360814394441,0.08744951553958803,0.7584765280481479,0.18465081424700772
coupon,BB,200509,197,0.3687850767427659,0.8347569761637927,0.0005033102481771636,0.749784177630443,0.2745357178980709,0.38464569030196305,0.3216553536312281,0.08554072822883434,0.7478223357727677,0.1976961138784969
coupon,BB,200510,194,0.2644357515645514,0.8260858846297657,-0.06429496623851164,0.7182678440089901,0.11498668670129503,0.4688071396580557,0.3141943730684195,0.10383731518596116,0.7227229589906442,0.16516407988280335
coupon,BB,200511,197,0.23696370536256559,0.8929991932167423,-0.03414113461017371,0.8328891316563544,0.1459900387709661,0.5053916351958412,0.2799526685644797,0.10000793880013671,0.7458974867389934,0.15892607369218728
coupon,BB,200512,165,0.2064575901522209,0.8977880479790561,-0.09132266331875939,0.8345096572542944,0.1535007625602585,0.534934416156867,0.2752244291540539,0.10005638581022577,0.7215585019549422,0.15264340670820356
coupon,BB,200601,164,0.1822797238745229,0.8076557887720539,-0.15117728560605878,0.7490375851890142,0.14501042284593227,0.03330023261191897,0.2698962173887362,0.07880390264501465,0.7559517270408309,0.23619614190668914
coupon,BB,200602,171,0.18232923663150993,0.8439868481052152,-0.17988956766339922,0.764578683370533,0.1912498766084108,0.31906784745722033,0.2846513201089496,0.07345666256795577,0.802262057771939,0.17302948851798772
coupon,BB,200603,168,0.1648028581052811,0.9234489600680298,-0.23142243443177593,0.8113696529173269,0.016628937087008334,0.32512995986049886,0.273671132300043,0.11813283319950323,0.796084052867079,0.20301167797407946
coupon,BB,200604,158,0.2639933768624601,0.8224988172368523,-0.07431544851333603,0.7508728107472477,0.08775829418767588,0.1836545936086674,0.24609861774085456,0.12516776665690582,0.8057819213079463,0.15233635033473814
coupon,BB,200605,152,0.2019175248497,0.8756757495608909,-0.13816795388705955,0.7710208517007361,0.006095242731368699,0.3894231097806847,0.24928768796476503,0.13338212980027353,0.7692409798061741,0.26426745040982375
coupon,BB,200606,142,0.26225744373529325,0.8343472529867495,-0.13573732741744873,0.7106525479315411,0.08175110486317955,0.26612614236228266,0.2369668066797062,0.1650289187670591,0.7651370219266593,0.2854785640934121
coupon,BB,200607,141,0.2598906968562072,0.8315552891818998,-0.0009618044334509542,0.7761119910955091,0.23679882203972324,0.4883428228948156,0.23501535254601455,0.19788659248305318,0.7773278572844148,0.2602211611310727
coupon,BB,200608,140,0.2522637661776645,0.8989394502634976,0.016254046608499884,0.8605016290918635,0.1671269606584258,0.5256609302223875,0.23341450818657555,0.20796690389556655,0.7999647624743867,0.25499776413368686
coupon,BB,200609,142,0.258932109674356,0.9289886020482366,0.004701413113889052,0.8600183155172668,0.16667788642170883,0.5261687668040681,0.2394180079154411,0.24138690349541178,0.8065442564285302,0.2629535375849334
coupon,BB,200610,143,0.22528456993858811,0.890463409829607,-0.07637941265167236,0.8158467119734725,0.14497552458396162,0.3589948783610755,0.2401379414582053,0.2186334852977334,0.7731177314590602,0.29468608353931774
coupon,BB,200611,157,0.20046120436439768,0.8972208956890082,-0.05403875749834135,0.8507805183609425,0.21519481668266746,0.24532526249852707,0.24943374007598748,0.18108793895197833,0.8419438370344866,0.11824371892084329
coupon,BB,200612,147,0.1281009567438502,0.9038338030510241,-0.16984810979069154,0.8403274675290332,0.08195777499553059,0.18630288101912368,0.2635122678833868,0.12876545610405,0.8365476222619331,0.18229829226684385
coupon,BB,200701,152,0.09470945874216566,0.83850354362728,-0.2613147496328579,0.7406693594133366,0.025297568102860376,-0.033720842816038925,0.2688824561579509,0.08768019916748512,0.841196126517422,0.1287856409160105
coupon,BB,200702,157,0.1699511426827576,0.888792413746054,-0.1698611648069226,0.8318117825091944,0.15824626211077372,0.42258076519948645,0.2762568910494567,0.08928854505496604,0.8338778086843286,0.17634892595425955
coupon,BB,200703,157,0.18944235922540145,0.9199511284490725,-0.13683473654438283,0.8311078585205812,-0.012323875868538586,0.2935518081853646,0.2750990781095789,0.08458668790764375,0.8564250271742951,0.13678675518887895
coupon,BB,200704,134,0.2057051097354621,0.9123280838913204,-0.08664026010015616,0.8533148792378958,0.17475538608311642,0.398770558236387,0.292554713533318,0.09255390537906705,0.8516977802729522,0.17808458273886157
coupon,BB,200705,131,0.20608166734880978,0.8905247424331393,-0.10228904219693856,0.7889446431431165,0.019546578414124785,0.24390113703090802,0.28157042742238303,0.10952778066674447,0.8462725567511987,0.19025789785670197
coupon,BB,200706,136,0.19301489425802926,0.9082581937884642,-0.12313949233352652,0.8162444539859739,-0.07593367303044977,0.17339344496922854,0.26275715638052144,0.10148510207470901,0.8886151480873966,0.10741034235082385
coupon,BB,200707,128,-0.006173433407320663,0.7994987181834828,-0.217799646889814,0.7113394982603918,-0.18240548624607988,0.37035341512543485,0.2471795739219647,0.09962925185681716,0.9041657622091843,0.12826575000384682
coupon,BB,200708,125,0.23505654174620869,0.6474162826420891,0.03075486039720773,0.6764116743471581,0.25681215427951287,-0.34796927803379407,0.2263089012418222,0.1095551361075823,0.859386386449805,0.1802661231187497
coupon,BB,200709,125,0.24937555739927394,0.7501259600614438,0.016036776074400353,0.7204731182795697,0.06327701081043591,0.11168049155145927,0.21922471292787965,0.12235121908183647,0.8585115189873316,0.21665495569594045
coupon,BB,200710,114,0.19003213326637083,0.7916283590854782,-0.0030885034776362286,0.7419736335837671,0.0014307634220545782,0.13564326360341022,0.19268113944728057,0.11861419704746552,0.8486425411544807,0.1976267178721432
coupon,BB,200711,105,0.2706437478780501,0.8309143686502177,0.08432812823243123,0.8137258967447647,0.2169704895149167,0.34773999585320337,0.19098612328362552,0.1757400655661136,0.8415068456437711,0.1916862368513793
coupon,BB,200712,99,0.17810408298032396,0.7738651824366108,0.03510586456298296,0.7590105132962275,-0.015046254716609938,-0.002077922077922078,0.18374399154184248,0.20704781340099282,0.8107608126720183,0.2116596440311416
coupon,BB,200801,96,0.33686216129323415,0.7528214867064569,0.1536159337040985,0.7130222463374932,0.1843526967536857,0.2717308735756918,0.18265498429727756,0.2154523670455946,0.7717743810515301,0.24330883144380014
coupon,BB,200802,95,0.1973626024778905,0.8252268520027153,0.038059427011469,0.7977883538633819,0.015166327899839939,0.24161534154535277,0.1800194601799447,0.19542278442937544,0.8361446962459974,0.13771481821095954
coupon,BB,200803,115,0.2589300500309788,0.6576593104631089,0.13234465717491614,0.6750979939609009,0.18188854097610246,-0.16109871596874237,0.1747851358864747,0.1784198296659288,0.8320873082325779,0.10359186310548239
coupon,BB,200804,114,0.3859386953773571,0.7861282679573116,0.21300592295472184,0.7767967436868433,0.1551441042855795,-0.48186549482594526,0.18488301295181497,0.1521845314852648,0.9073388231060183,0.09063527042800869
coupon,BB,200805,106,0.35552320437472273,0.7049348817290979,0.11524172065438625,0.6722674257500566,0.05667534671310756,-0.37210368541703404,0.17533266115767399,0.1375755172725597,0.9203432935263662,0.11510115986646187
coupon,BB,200806,105,0.357547493314048,0.7591644204851751,0.12001779213584471,0.6992328426290689,0.1998325033370652,-0.08312253783951896,0.1785521607003619,0.1417584923943695,0.9307139862627384,0.15619266819353933
coupon,BB,200807,100,0.20737211624057972,0.7469666966696669,0.03963186292888834,0.6896489648964895,-0.08541960697644777,-0.06966696669666966,0.17111818747326796,0.16032600907900957,0.9323725509242834,0.15911358628520525
coupon,BB,200808,100,0.3086133684595788,0.7093309330933093,0.18501664873238,0.687104710471047,0.07957860337023377,-0.0041764176417641765,0.16611177286418516,0.1671531805759389,0.89096082467323,0.16814866619879146
coupon,BB,200809,99,0.27988438983986436,0.7275448361162646,0.155403967213614,0.6921583178726036,0.1537881423613013,0.12447742733457019,0.1678738275708842,0.19728635068594283,0.8856045497737957,0.1938872945271194
coupon,BB,200810,99,0.21332188252484094,0.728299319727891,0.14402012759548535,0.6987012987012986,0.11547609972775344,0.3983055040197897,0.16727338991194896,0.2173097590439397,0.8744395161816034,0.16140082536308537
coupon,BB,200811,96,0.24503565591256,0.7957948996201845,0.18494614851550048,0.7776994031470429,0.07243192344585106,0.24886055344546934,0.16939318317225188,0.21891649398359947,0.884313591807259,0.1586494148455641
coupon,BB,200812,94,0.19373761615263957,0.6491276234512157,0.1536365181761322,0.6540692843983672,-0.04067954872265247,-0.2081349564714807,0.17090091427357676,0.22077511232528726,0.8933641546914113,0.07407991408217543
coupon,BB,200901,94,0.11542055401886418,0.7225734205107828,0.07186303541888805,0.7097857891124517,-0.1597518820975382,-0.5125094823537912,0.17869907049593495,0.2252563770733328,0.9025009439827485,0.025206010822775276
coupon,BB,200902,97,0.1739105406231396,0.8590758468335787,0.14407981898827027,0.865440248264254,0.0723360450497427,-0.13799179465600672,0.16048186973612438,0.1883278575856274,0.9802602172095797,0.002404806375371018
coupon,BB,200903,101,0.2351121298841984,0.8595806639487478,0.1662251793208798,0.8543273150844496,0.09144512442353549,-0.24142108328479903,0.15885675061114835,0.16653718812539559,0.8774698244738266,-0.03284120552980267
coupon,BB,200904,113,0.26280597018055185,0.7793016834120701,0.1786832553206298,0.7796510080511013,-0.046058778279065786,-0.6854497970590193,0.16216490186839425,0.1248868110316445,0.8733896807980013,0.023031155210443164
coupon,BB,200905,110,0.24552260989583358,0.7610891959515813,0.09822348195292457,0.74103644929333,-0.01311150383808906,-0.4837048892094764,0.15505201633853088,0.11578676958456004,0.8660895712466976,0.08942187416738888
coupon,BB,200906,113,0.2597191522457865,0.7279842304877239,0.09800440031222007,0.7209561514405484,0.17561133307177365,-0.27869452392042054,0.16227254858455023,0.10928813248702599,0.9092766020541704,0.060509128814893655
coupon,BB,200907,116,0.3843720895674177,0.7988467304809134,0.24183009887016624,0.7859224234036828,0.16162402016631752,-0.048383500557413604,0.15273698051375617,0.08234509686909772,0.8673608644487539,0.18993237438239216
coupon,BB,200908,113,0.38922551206666006,0.8700262825204605,0.21796395621516215,0.8353183844567171,0.2488686100291499,0.32185275134739505,0.21718506420846578,0.09007545020374948,0.8223372072162274,0.21189256100604112
coupon,BB,200909,121,0.4653057169585585,0.811082509145102,0.26470948176381387,0.7511312830239802,0.14659346729534845,-0.03799620647608724,0.22854374478666642,0.08082515665001971,0.9112395767139656,0.20818863211491287
coupon,BB,200910,120,0.5256031985162327,0.8910202097367871,0.3369125641480385,0.8411764705882352,0.2142763351997261,0.3283769706229599,0.21310041516648334,0.1004704073357314,0.8573505098246426,0.22803497740423975
coupon,BB,200911,122,0.46155050954739757,0.8862603718843042,0.25191744638350255,0.8283529563381258,0.20480547483885392,0.40442996355176936,0.2298015373935676,0.07525794302076881,0.8149602000226123,0.20627856378649398
coupon,BB,200912,116,0.3236963997777199,0.7940183754276708,0.03359302309078976,0.695752123938031,-0.0043741716965446575,0.01679929266136163,0.21468829520839972,0.12120708622802723,0.7418528682412613,0.1947437075238672
coupon,BB,201001,118,0.4041606784872292,0.8268637311508698,0.11631611659388305,0.7616673788159332,0.2925299531292337,0.4145548701879709,0.23398068748570156,0.1188756584544189,0.7505744096681671,0.10654740556582297
coupon,BB,201002,121,0.3205807501745149,0.899972903400623,0.12105962650775666,0.8571264056360924,0.21772565523360762,0.49353746104863827,0.19405150339468177,0.0725653140964466,0.7481559494283989,0.14156423389232864
coupon,BB,201003,130,0.42028564039559596,0.9264990645782407,0.2282030043107989,0.9012303868685902,0.3735507976148699,0.46550137240710643,0.19365342305282612,0.07315884140073971,0.6958853219056527,0.15892122997650454
coupon,BB,201004,127,0.4606614223040338,0.9483970753655792,0.23095508839001092,0.9007487345331833,0.3260832110537749,0.6170322459692538,0.2174763566739035,0.057149281348122374,0.738109021112936,0.22733101442023881
coupon,BB,201005,130,0.5024076953929013,0.8620328012126344,0.32088089716575385,0.823944065875541,0.3607744342454663,0.1751846945882096,0.22849745390138956,0.030727768951716906,0.9213493020103005,0.0897424410500309
coupon,BB,201006,134,0.5374103715645635,0.9068217808202099,0.3183854551703928,0.8681828950485668,0.050297919352875954,-0.0320477811444033,0.2817346678209318,-0.055324348531542396,0.9277047333827545,0.074030823892006
coupon,BB,201007,140,0.5549879678514464,0.9626948896809605,0.2998455841134752,0.8845640812577903,0.14204409643032406,0.3071395770921257,0.3315560381771028,-0.052052059305917324,0.8198369510410065,0.10017072286021081
coupon,BB,201008,140,0.5428791274484291,0.9407316699831625,0.2888797936640105,0.8723972797445935,0.34309768290093956,0.5738689291727713,0.35049788307702295,-0.05596392651315698,0.7431158410136439,0.08611293969587665
coupon,BB,201009,150,0.5692953668860535,0.9359580425796703,0.3087075288860486,0.8664687319436419,0.27147739093972223,0.46916040712920576,0.3473886135472773,-0.06945076912862423,0.7714908540078587,0.09037265672132724
coupon,BB,201010,149,0.4666498506445286,0.9015998548884456,0.16898687618750072,0.7843606022129512,0.10191781586808403,0.40831851986214407,0.36645800385937777,-0.11692987490315884,0.7446241692701722,0.0828093151277024
coupon,BB,201011,159,0.45776273018740526,0.9186470026271794,0.19535390452945015,0.8607953188440411,0.33764973818266414,0.589586816336279,0.3516081331184002,-0.11960707116052735,0.6658926152414059,0.08391371422699988
coupon,BB,201012,164,0.4379501450720135,0.9203025315250362,0.14309367300277095,0.8482962197162406,0.3152019634357638,0.4093071973664521,0.3081055028952986,-0.12803871977216474,0.6282871192245626,0.06625234861252671
coupon,BB,201101,164,0.4420671307019293,0.9111095996626446,0.17525031138547587,0.8320487532817323,0.31637808161806186,0.5878497680682327,0.27839443654007073,-0.1464872539438315,0.6253306291003501,0.07115517281175304
coupon,BB,201102,175,0.445028576604563,0.92384460367219,0.10250155985210954,0.8200671742051053,0.22655291428884766,0.46516121809225264,0.31661507231111413,-0.05813312371861934,0.6516933096318838,0.07481574426003004
coupon,BB,201103,186,0.4322426074265917,0.9275804353603214,-0.017776188912806763,0.7880282904950835,0.3409339049604414,0.6987388630652387,0.35979841710135446,-0.04837236358505184,0.6229315140555876,0.03889273864042497
coupon,BB,201104,194,0.450282671366351,0.8770315523907746,0.06242235641403684,0.7589888771556417,0.4066185981554573,0.673791258685228,0.36565324938616617,-0.03292052027140208,0.6184367044260926,0.09085864413688544
coupon,BB,201105,193,0.46284498244999656,0.9380992601890924,0.07243620973956218,0.8030153303776506,0.31928703406923825,0.6245977111265424,0.4112422750571312,-0.026763161013948034,0.7780166360995548,0.09019050890673969
coupon,BB,201106,199,0.5087679824709045,0.9186036241815136,0.07558783311977886,0.7723176488503122,0.3911060735500977,0.3654728186386478,0.43499025968717353,0.027641848022903284,0.8621555579572087,0.0877941945114346
coupon,BB,201107,221,0.4940519564141577,0.9293105940164763,0.12167280294456788,0.8071153012329482,0.2894193624339575,0.4788664435723259,0.416912673642549,0.03414845720561434,0.8416280993009969,0.11210683876145693
coupon,BB,201108,221,0.5053581042069896,0.9399991105873458,0.15265848784299785,0.8457380457380457,0.28293377529528796,0.4011962600197894,0.40216692206283133,-0.002232439921238164,0.8202529187611954,0.1478782378301654
coupon,BB,201109,224,0.412204209065283,0.9126094383941918,0.0680206516753303,0.7990476190476191,0.10512738978948541,0.32205530642750374,0.3753012939601259,0.02797804378294991,0.8297260531278071,0.124430523083708
coupon,BB,201110,221,0.4518138313534268,0.8773588891235949,0.1186855887231777,0.7865053865053864,0.24542374788594773,0.1652462005403182,0.3692410388337414,0.05064243726406827,0.8328170912739699,0.10197526812323951
coupon,BB,201111,227,0.4262918114400802,0.9293389608284484,0.07265842531106202,0.8288740153764398,0.09712477081939608,0.20572810334674552,0.35689677225228356,0.056788020280197325,0.8360305835091669,0.08510242748718314
coupon,BB,201112,228,0.3743950222709356,0.8890457102878776,0.01763337361844872,0.7729976500414609,0.05306169975358202,0.20615241622514244,0.3683574751338182,0.07288421567559698,0.8521023672201565,0.041597546548727826
coupon,BB,201201,234,0.43953266867981516,0.8809100679249525,0.049902106196620374,0.804505384123684,0.23287883827413303,0.21816576872736132,0.4232135884114404,0.03867292892407985,0.9016478971078032,-0.030174448230088066
coupon,BB,201202,239,0.43749958009847506,0.9537147076403784,0.05397085291756518,0.8307636862276291,0.22892723632488357,0.3792711226750114,0.4703305367909585,0.04238068683028383,0.9128032713873154,-0.03222955146231011
coupon,BB,201203,232,0.5020270294656569,0.9709103978750271,0.02780227053691725,0.8025222520560686,0.06586433616224395,0.03337183757488626,0.5133578427189941,0.01843827056174467,0.9150212782918686,-0.0003730473428303749
coupon,BB,201204,234,0.4806791853228565,0.9550379429111968,-0.033566867039562485,0.7528749277082764,0.11000330744071138,0.321069847268368,0.5464505409603471,-0.030029038284769907,0.9250111201743111,-0.0029980144307115916
coupon,BB,201205,232,0.43996429771803713,0.9264216618071877,-0.02694747068874772,0.7301701554328458,0.14547720728605962,0.3911393475549165,0.5499132224293954,-0.016353025528626938,0.9138338901553588,-0.024996615627174045
coupon,BB,201206,242,0.44437405157331933,0.9613368269221408,-0.05868169737876892,0.749641094290912,-0.020281516959702713,0.04924258300342798,0.5440246239672097,-0.02858137194678413,0.9116821561438649,-0.0417635608865817
coupon,BB,201207,242,0.5068749838002686,0.9685009701355737,0.1215189045772867,0.8473625140291807,0.32863361760320065,0.4650660170589757,0.510225705954942,-0.04464587473078608,0.8742501834797549,-0.018529416536447883
coupon,BB,201208,256,0.5278068038962674,0.9568343728541998,0.1862869220984121,0.861538681620508,0.41788570923421187,0.3669174868390936,0.47726001661930123,-0.0316656180936184,0.8777459074264924,-0.026411007994339385
coupon,BB,201209,271,0.5546591241718425,0.9634571786894339,0.24863832101950095,0.8824355449436847,0.4366820824391704,0.6496551141982008,0.4413295567922483,-0.011948543999042535,0.8516454435750588,-0.051766987852767364
coupon,BB,201210,266,0.5594893733999213,0.974972623417777,0.31449665314480335,0.9158028631043371,0.42528501128812046,0.6831718898688316,0.4000870075742913,0.01615814110501618,0.8541840124336543,-0.04696187236212235
coupon,BB,201211,273,0.5844323015286313,0.9836845743350681,0.3610846529847441,0.9397208630785273,0.4995907769499617,0.6099785787419966,0.3851427385143069,0.020041434043632712,0.8544501799571169,-0.0328988457595671
coupon,BB,201212,271,0.6031388040748972,0.9847315679039144,0.3953894757290265,0.9449557436750838,0.5329993079170121,0.6093215638038734,0.37882184977075,0.05357592253354958,0.8635693267356856,-0.05292479010746195
coupon,BB,201301,272,0.5807852990419177,0.9690998170485905,0.309544698102148,0.8963706686194203,0.22957969780419876,0.12980128185250822,0.3980319890757119,0.06229489852447814,0.9169842785319118,-0.15792704416189945
coupon,BB,201302,280,0.5808447403695438,0.9742542270036243,0.2968536520012999,0.8948215447354467,0.22427649588676024,0.38985464464743536,0.41173110890014974,0.07529850603770058,0.9360566235068196,-0.14862236438323154
coupon,BB,201303,274,0.5436853591688678,0.9835032121163508,0.22910370212093814,0.8824673137081898,0.02147015607584714,0.2431049242728075,0.431363699743257,0.09921680057598752,0.9725175192158079,-0.06906029390754027
coupon,BB,201304,269,0.5349964928391492,0.9805466133623532,0.23431556272072074,0.8925200515390828,0.34678895703015544,0.3579870165899129,0.4442838024406758,0.10163407346595581,0.9737175755675579,-0.019316186206010638
coupon,BB,201305,273,0.5425226565139007,0.961047601115131,0.16214303782263198,0.8219940085935795,0.10141820200757189,-0.033202365008676946,0.4545005702567987,0.08724816002090077,0.9505294074190715,-0.0038975320207080477
coupon,BB,201306,279,0.5788057786203623,0.9427477372940358,0.06761298631347977,0.7429593652267127,-0.0876612961189618,-0.3046287394047895,0.4512991621199412,0.07616965391605286,0.9312098171620231,0.032273264637055946
coupon,BB,201307,285,0.5162447154511098,0.9561353398269632,0.05817425422823221,0.751907914176261,0.14088996981700666,0.2395133406252754,0.4386412001197758,0.07764569086728533,0.9385224146495806,0.051139722479436656
coupon,BB,201308,291,0.45263419513545106,0.9588860914832796,-0.12255469800468256,0.6678547253699799,-0.1377587945799793,0.04779862575420383,0.43979606595961684,0.07309512414473018,0.9325503415678964,0.05681391536918895
coupon,BB,201309,275,0.4269384555156969,0.9501180000577018,-0.1455278827034979,0.673409884308012,0.10009751897163474,0.36130117423040303,0.44383595125016767,0.0923351860953409,0.928654086310874,0.044285619316747474
coupon,BB,201310,280,0.4605906276711117,0.9505010085770044,-0.0647948071838351,0.7578294548217633,0.38197127674739934,0.33620217459041934,0.45618784330084416,0.10525278240454365,0.9215953397616289,0.030780873024938454
coupon,BB,201311,291,0.45032758320936256,0.9444477450584129,-0.09823566509866127,0.6754958631403124,0.0466572643321026,0.11015734189112195,0.457438092938477,0.11107086422522364,0.9487517259598515,0.0027365012076284285
coupon,BB,201312,288,0.45886955135860674,0.931976879704536,-0.10986696444452285,0.6553340848534537,0.0776070255872604,0.10016316426140041,0.4662572029083313,0.09463033212275294,0.9743419538323257,-0.037737658964818066
coupon,BB,201401,292,0.4678704193856762,0.9557085176743225,-0.04837490789627201,0.7158959731203968,0.12208387564913273,0.2413982907680169,0.4707082044020445,0.06796955483351219,0.9589563265724785,-0.029018157675409193
coupon,BB,201402,297,0.5293483214073744,0.9474520279889408,0.0490939722135529,0.7761942845835464,0.4349078982651913,0.15415079509039242,0.4702496966217185,0.07323033503707636,0.9663164798618561,-0.04400632844939905
coupon,BB,201403,296,0.5014579415170632,0.9687437823031042,-0.0326677292730338,0.6979691555962741,-0.028108101260025994,0.019299731164137943,0.4674466100922077,0.07612196694053756,0.9534798434537107,0.01253836718922597
coupon,BB,201404,296,0.45521842946983115,0.9773469926012297,-0.1847922377795383,0.6507761999287421,0.014703317136832695,0.0757733079766978,0.4728644378744308,0.0919579087733844,0.9747775029658715,0.014464005326208871
coupon,BB,201405,318,0.41782831839667217,0.8994779195670357,-0.25104582989350127,0.5346854820367276,0.10923023661954091,0.12529538564934653,0.48761062892167056,0.12579269863116915,0.9804140551135933,0.0367844416623307
coupon,BB,201406,323,0.4476836981157565,0.9540763673890609,-0.2826300312390173,0.548501119237423,0.06872256224049605,0.0328830744095248,0.5053256237108102,0.1830848114758578,0.9744971306971003,0.08229372983193288
coupon,BB,201407,320,0.4666305662856402,0.9361874871824919,-0.43783687308987873,0.4310480326956318,-0.05880661676184533,-0.28029546186974486,0.5373724011700376,0.19603350368928135,0.9940836538131109,0.07242072880429594
coupon,BB,201408,325,0.4905325737800334,0.9297754006956461,-0.35790584055049884,0.47164910072885535,0.2465788091513781,0.13432786254872148,0.5515569006262484,0.22154734302115053,0.9804736510347716,0.06863222980945462
coupon,BB,201409,318,0.48757618560153043,0.9387169761612021,-0.45641021188823805,0.38060113230310416,-0.11913737643679798,-0.38242965460146705,0.5585732001153885,0.2380371458587883,0.9928485660687404,-0.0013000417991354256
coupon,BB,201410,319,0.5061640821232634,0.9258939460998024,-0.3548264014241357,0.45082957972563154,0.20885896131312195,0.20302613220727192,0.5506727042894135,0.2502041233346861,0.9882037372799626,0.004520781847190278
coupon,BB,201411,323,0.4558241657126489,0.9105432663785067,-0.3479776340525103,0.4643350348021233,-0.0930027002189148,-0.035191701903237775,0.5425735791523015,0.26835405371335874,0.9899712255076829,0.025115379732614913
coupon,BB,201412,329,0.43749469834559096,0.9101146388639902,-0.20572472416027082,0.5923402233469696,0.11850228887669652,0.1507878473368873,0.524543733779582,0.280981089726037,0.977520122724818,-0.005888421294755351
coupon,BB,201501,338,0.43135939091616754,0.9038284789709387,-0.09530927928344225,0.6501331869827769,0.11187421581695857,0.16037241700150523,0.48911115977962394,0.28765122967690515,0.9536804430834707,0.016349480327017996
coupon,BB,201502,340,0.4436424517519555,0.9593576781398986,-0.05977641438981768,0.7610616415875774,0.12903540322819435,-0.05788132708251598,0.45767566920545005,0.2894449417140796,0.9650727957411475,0.001844258688691857
coupon,BB,201503,335,0.4380181159702767,0.9490385965808256,0.0007138536615293877,0.7565357557805499,0.05436128951223849,0.08799394813783946,0.4155192398361803,0.28134865710794776,0.9575600872926665,0.05273447820774695
coupon,BB,201504,341,0.43122689290173266,0.9253773125240219,0.03866434194936276,0.8084160288594523,0.1540896761613824,0.06974054940698304,0.3825747221471178,0.2717481248936764,0.9539015898561526,0.03481900239341024
coupon,BB,201505,336,0.478521264694904,0.9559796397410996,0.10129949984142428,0.8288213447387903,0.10802941153232884,-0.069438416227468,0.35338085698418176,0.27477461425893474,0.9441573001958472,0.023301012678987834
coupon,BB,201506,338,0.4575539586964472,0.9453808286882726,0.04302163628952618,0.7690556520055585,0.0057506853047790355,-0.10176983381266559,0.3262945766456905,0.2945368501040364,0.9458447503701441,0.05251235197518042
coupon,BB,201507,347,0.4368999427050557,0.9249890430174296,0.20178657138437278,0.8335917247353235,0.26121653428434316,0.3232875657921568,0.31142925024345386,0.30415243693318467,0.9655572896994641,0.034614810674644725
coupon,BB,201508,352,0.3976830099085191,0.9315153146409718,0.22256692796204866,0.8689369726905136,0.053902825715344556,0.23819421057381393,0.30697723377780517,0.3084360330302984,0.9707072434129773,-0.013744501698820235
coupon,BB,201509,367,0.3929402712294787,0.9452056648514529,0.31934616520095865,0.901852668149599,0.11337087710756677,0.3722553202129712,0.3253353154909296,0.33824829359095426,0.979491676283576,-0.006909832379188471
coupon,BB,201510,370,0.41936571856481364,0.9374025790960903,0.3135790658493339,0.9198081521137204,0.1460666355887151,-0.23639945250621733,0.3401173101011579,0.3611852572492764,0.969903795529631,0.011002760426089414
coupon,BB,201511,373,0.40073849857494614,0.9719694156309931,0.33463613791762825,0.9321431858301487,-0.06100561440322709,0.22781636614297582,0.3341377267954345,0.3651022128468114,0.9606509262259546,0.0021820781430388902
coupon,BB,201512,379,0.33882968256324986,0.9494404436773553,0.35245617961501946,0.9277728181491546,0.10685760391025668,0.407277207971556,0.32191603994174095,0.3559509734329445,0.9664227528620039,-0.002764886203216255
coupon,BB,201601,383,0.3422207736038197,0.9392108833540662,0.3544835405093136,0.9177667440159667,0.07854393339813158,0.19104671886320454,0.31195569557943376,0.3640947100331933,0.9652261508451342,0.03240413657647451
coupon,BB,201602,375,0.3797266265383319,0.9557369982783608,0.3596123264634317,0.9278700648537945,0.07486121080737271,-0.15082557742632838,0.2965544619614416,0.36460965130258655,0.9476753000198671,0.06961195669493042
coupon,BB,201603,350,0.40615073748696495,0.9574478625481491,0.3411119837101495,0.9388648537072606,-0.02903015773666802,-0.4070216316634655,0.27999582397753264,0.35381217404815224,0.9470140731387107,0.042075310288096794
coupon,BB,201604,343,0.4401302146949636,0.9730781628965626,0.34098708072174455,0.9588839207653684,0.05763791124033982,-0.24380897664188947,0.26592195372906074,0.33366799983001516,0.9329911951230502,0.04066029540672524
coupon,BB,201605,357,0.4693068449117493,0.9596075829113895,0.3737026944796438,0.9325982480117777,0.10628916574478865,0.19782765909075328,0.27163443460872133,0.32051237002335475,0.9467185293662668,0.021274097134929837
coupon,BB,201606,352,0.5133908214334221,0.9641242452857183,0.40374387172155396,0.9437477851075584,0.18256951512857292,0.04021584333199063,0.2771050479168505,0.31126698290331783,0.9572411288656976,-0.018125491808630084
coupon,BB,201607,351,0.5214380893940492,0.9676945276945276,0.4144034594303097,0.9405860805860805,0.10905851763233612,0.012575757575757575,0.2823959880339525,0.29826323810653366,0.9611234875343762,-0.07176034255321888
coupon,BB,201608,348,0.45895457933265393,0.9480092039065063,0.3544014287704908,0.9086317802429222,-0.02585393776988631,-0.17583578754704957,0.29247870123013103,0.28685499643140205,0.9760622659461546,-0.07235999338607521
coupon,BB,201609,347,0.44790683968876216,0.9713475623801265,0.35407173553772925,0.9329941024723434,0.08741385245006897,0.13671901701362343,0.29383532123365064,0.2945221623047361,0.9546283840547152,-0.03956502285607964
coupon,BB,201610,360,0.4694423296972192,0.9697171017266079,0.34368550615023136,0.9315264778277609,-0.08010386073614065,-0.19670727911995206,0.299577525282287,0.3030387172538049,0.9656920941129785,-0.04448497020101186
coupon,BB,201611,352,0.4887834492088034,0.9345217263064288,0.2894455443245857,0.8670101538373491,-0.03480607535918232,-0.211947597570827,0.29583655195130976,0.29378444808102483,0.9425015574977689,-0.020209793129728478
coupon,BB,201612,342,0.4708382499614481,0.9523106047481503,0.25383000219617713,0.8673960621225096,0.02888789718477229,0.021356431356084872,0.3008572779201837,0.2974984297336598,0.9300781772065376,0.014389069841464912
coupon,BB,201701,319,0.46121487360756774,0.9604790175666883,0.27578860542670325,0.9052263855207903,0.17717887383804234,0.02444401727095286,0.29344035716299216,0.2996728115744829,0.9239028992792273,0.006514957143737764
coupon,BB,201702,335,0.4656664382310146,0.9450328244124381,0.30819471367153267,0.8785155701390398,0.253786867117753,0.30158701786193076,0.2916511725088456,0.30547244452493005,0.9358709494193213,0.009923169011544598
coupon,BB,201703,325,0.5240711542200225,0.949315273566787,0.3434399738123196,0.9208809991506336,0.07647145674854397,-0.0488160076220448,0.28334735557520013,0.2709982259976195,0.961215418540165,0.00810032918061308
coupon,BB,201704,329,0.47620287539897305,0.9432807203175652,0.3031351824118114,0.8810461723020104,-0.042938160045562015,0.11863673430876338,0.29401511539587005,0.23483108013813178,1.0232986016688301,0.020301221774095397
coupon,BB,201705,327,0.46262756774615793,0.9462788644884252,0.26546168651565527,0.8894473448308525,0.15180579312815867,0.26679669214095186,0.3054021227079639,0.18837978020995833,0.9594623667896902,0.09988663374877581
coupon,BB,201706,314,0.4807844315598178,0.9793209239496452,0.2643272564469676,0.9247041312607742,0.13088454185331724,0.15663712097647098,0.31529595245589004,0.14086735026284863,0.985445803749777,0.14596447219121308
coupon,BB,201707,334,0.5211845677077548,0.9779922204803786,0.2931332063889374,0.9125289558036007,-0.1868466095049008,-0.3336589427035401,0.32468320274520013,0.07629875239932184,1.0350783229323643,0.19208368151833932
coupon,BB,201708,331,0.5014304721657347,0.9713553472334822,0.25265105683753936,0.9000565844812926,-0.11347361567020871,-0.10717431660175446,0.3276385364330765,0.025985874983072057,1.0266343686174075,0.1851998533646961
coupon,BB,201709,321,0.49484332776884576,0.9835163355049831,0.24479978759049492,0.9192136616938528,0.02498267471478463,-0.029201979450862024,0.34964820836798455,0.005172069032543032,0.9656761042606746,0.1652124526846895
coupon,BB,201710,322,0.49322836228390077,0.953898324152971,0.180123691914695,0.8495008510023857,0.09869811539611532,0.16124718193353593,0.3532204046540537,0.004433065203204207,0.9091187444262754,0.17560008813753047
coupon,BB,201711,306,0.5034869253685407,0.9743752597958073,0.17082181572394045,0.8850128314261574,0.19720159382641353,0.21384558522506567,0.35873970624220874,0.024493796386493873,0.9161399090168694,0.15445019462982928
coupon,BB,201712,302,0.46572317928092377,0.9233312079530324,0.1300806748198839,0.8194900786419758,0.2152482083088541,0.1342006656717244,0.37142691061527955,0.055298491914131366,0.9109311194866015,0.14923049789028447
coupon,BB,201801,310,0.48418160126691134,0.9444991707140721,0.06336595108654344,0.8155220976754819,0.04123310987513506,-0.06636724426322452,0.3998416202717503,0.11205624237278673,0.870748772118074,0.15171608715546844
coupon,BB,201802,332,0.4821371780375731,0.9198059487070516,-0.033382042432519424,0.7504540903878436,0.2426724551096746,0.09065608395859916,0.4280230388162649,0.16197338456202462,0.8378955425595905,0.17004965552573192
coupon,BB,201803,313,0.41793382515856753,0.9136472286184337,-0.06847473364971987,0.6844781813087301,0.11873308087217543,0.38637053815316363,0.4260136636061337,0.19021221036257166,0.864642151517999,0.15629235340351147
coupon,BB,201804,318,0.40116865131917245,0.9301346753444403,-0.0911363173293297,0.7235337723403911,-0.03282886922782545,0.11306257147329828,0.4168167741587194,0.22084477406133948,0.9234598554151486,0.0834231181271106
coupon,BB,201805,318,0.4466429886633702,0.9276667297631349,-0.0036240960063409246,0.783873028892431,0.1744835933576902,0.12557060862836894,0.40793460440299534,0.2405271178841751,0.9339845940712417,0.08353827379792256
coupon,BB,201806,315,0.4781874793227541,0.9660942245155743,0.020907327245019036,0.8133658139543813,0.2788362216369179,0.2765893812172939,0.38951275171914274,0.2520204963752078,0.9092312994156685,0.09771587387437482
coupon,BB,201807,327,0.47033673545575755,0.9389787451935419,0.041573293944637615,0.7882961972525112,0.15845553548775285,0.21923454966524678,0.35974915053973994,0.25522647618682676,0.9071377213182077,0.10704226344042977
coupon,BB,201808,319,0.4277679411818701,0.947169441651387,0.052563926921130384,0.8083049920151418,0.14941874926938936,0.24232344590997812,0.327435299504419,0.26416755805742287,0.9032694068387004,0.0924777908303886
coupon,BB,201809,321,0.4129987960439736,0.9532921570510862,0.05290044922001877,0.8306912840308818,0.04557330493177749,0.10734892900679169,0.31547235146266844,0.26545856808192164,0.9157575395471691,0.10300465362982976
coupon,BB,201810,327,0.42081735983143337,0.9143838634094092,0.05235110541395733,0.7534939701767942,0.10281066025221097,0.15552814373661972,0.31942368799410503,0.26054643039494474,0.9038136114387458,0.08809553989241939
coupon,BB,201811,317,0.3829052107736824,0.9565475683710808,0.07095006099141477,0.8556433877127566,0.13289141941252633,0.39369718047222924,0.31322819827988885,0.2623107202925614,0.9266142443465372,0.05703699705345447
coupon,BB,201812,322,0.3838376802695714,0.9113637505244389,0.10233294861035203,0.8278697436758232,0.13731769723718537,0.06353317862143468,0.3088366323865186,0.254412138682912,0.9519387561776217,-0.0030900347855349636
coupon,BB,201901,318,0.4437047743855793,0.88381502927922,0.15041326347177697,0.8317711749665608,0.11364735318379056,-0.2288291382891962,0.31560596291131776,0.24610379100965682,0.9746391747511587,-0.032075781048353506
coupon,BB,201902,323,0.475651265076112,0.9457082604208732,0.17325823582527744,0.8608634402146315,0.003240167166318183,-0.19079241154890636,0.3361587910939103,0.2496324957115449,0.9844063110542071,-0.019596008866570418
coupon,BB,201903,317,0.457903888893889,0.9610044308694705,0.16668155340276278,0.8683407934578937,0.0758754441946951,0.16122232025067823,0.3508971208354381,0.2516509966341644,0.9851646201489352,-0.007653554194527433
coupon,BB,201904,317,0.4886475387639021,0.9558310649079808,0.17656305072132525,0.8685506212333652,0.10482204055187215,-0.22627495801560935,0.35804869233092684,0.2570747293752809,0.9806618400456778,0.03664573120638632
coupon,BB,201905,321,0.4445706094015913,0.9093649240078227,0.18945052389336925,0.820195768270738,0.11762667771774339,0.18103376966389972,0.36930990441330735,0.25384640790738483,0.9695305364929153,0.04418244758597403
coupon,BB,201906,322,0.46548220295673254,0.9391473765754546,0.22777068320406876,0.8768678942918584,0.18099196874282303,0.08178303172867232,0.37972272814630725,0.2566808428686793,0.969634842078633,0.04489727124736615
coupon,BB,201907,326,0.42238653937065795,0.96993899406757,0.24048089452512977,0.9130259642985482,0.029570727097689396,0.3284206242342112,0.3772929564530503,0.2540813691530412,0.9536259755618626,0.05462415359478677
coupon,BB,201908,330,0.3948854432649057,0.9702107549724812,0.243397966868599,0.9128769788250011,0.15781876608264458,0.6127947257880114,0.35800399797328597,0.25894096769586117,0.934677624853205,0.023105412135596824
coupon,BB,201909,325,0.4021550050720844,0.9771513427283011,0.28351092901372693,0.943095265603158,0.19205672171831756,0.3584016496952932,0.3386438708983783,0.24614975151766605,0.9090941298878206,0.061289205621627665
coupon,BB,201910,316,0.3811578931746631,0.9638556920192508,0.2485396640151434,0.926370452345775,0.1721309053189241,0.13101009121453958,0.310068049359642,0.22296931538101405,0.9084473781953847,-0.004951902408636315
coupon,BB,201911,299,0.4003781575498848,0.9544230208076138,0.24651271949299675,0.9320010774168931,0.19917491715212163,0.3269210567664026,0.2826751155543417,0.18150331164135827,0.8958374144382338,0.0004537816133084283
coupon,BB,201912,290,0.42952313264097247,0.9755066996163387,0.2698837472323114,0.9465954533880636,0.22639798278399068,0.3199645245689501,0.2670103094791396,0.14655377045544357,0.887317928944529,-0.0545926805514469
coupon,BB,202001,289,0.4663667136149757,0.964408582905779,0.3060412595630064,0.9472054846279283,0.33545612161222654,0.5197898023306686,0.26400839577657165,0.12300758322268548,0.8984484219723738,-0.03410042503846463
coupon,BB,202002,290,0.4004464111096177,0.9180699594197478,0.22286246878186483,0.8733881373799597,0.08326625700250762,0.18106517318874182,0.2646454018586294,0.1095595338095224,0.920075986779983,-0.020038842298341675
coupon,BB,202003,316,0.29297411866380746,0.49545600614562,0.18420155184598372,0.4653356227289064,0.06170094247826207,-0.12596923767310703,0.26337268142834586,0.09431815452200933,0.939833620580188,-0.03213765891524944
coupon,BB,202004,309,0.1499290448032315,0.819566627033839,0.021532036996176458,0.804685167635371,-0.07463354224979099,-0.29483447964500265,0.263529288262715,0.1093819016347629,0.9290842499924988,-0.04383986652968944
coupon,BB,202005,306,0.2335303161239822,0.8956212845269368,0.04852068308932655,0.8989560945301941,0.1360635927566965,-0.40907114390474963,0.27696642839688274,0.10889533686239264,0.9391178274828698,-0.04816161233343155
coupon,BB,202006,302,0.2512538824431169,0.9014728297322043,0.04678524778682118,0.8765128630528233,0.11012478596840898,-0.21006955374202357,0.27684607586143345,0.11613561061154967,0.9578289749178013,-0.053545837314232084
coupon,BB,202007,294,0.34656928288217725,0.8380111042508056,0.157724079833189,0.8278928485838717,0.20997077781199996,-0.12563056112709448,0.28171738178856254,0.09732827347332065,0.9596906252771875,-0.05406598226984827
coupon,BB,202008,286,0.34766321902677716,0.9524629414231467,0.13294028970129115,0.9085997442865221,0.0018796240997138182,0.029511182014391252,0.28934218563410036,0.08235991127669133,0.9363701752525335,0.008489934969677123
coupon,BB,202009,259,0.29596784127242476,0.9485526415758972,0.06512536505925139,0.9035349942326686,0.022403020531668236,0.19498967405944148,0.29980310717832154,0.06884777525423483,0.9209697321803066,0.00736173365080984
coupon,B,200307,86,0.30584375745083303,0.8056700787773008,0.4422509046791516,0.838369734421435,-0.1736503231788679,0.16939478277277228,-0.17226846353362701,-0.28909866682331664,0.9137327596738919,0.3607287476508959
coupon,B,200308,88,0.5058374642999585,0.8753302102779053,0.6077121015173009,0.8468176534817374,0.21723968424449402,-0.24053397203339089,-0.17226846353362701,-0.28909866682331664,0.9137327596738919,0.3607287476508959
coupon,B,200309,94,0.3625480595292663,0.8607809847198642,0.44206735366080263,0.8577032836036557,0.07317975084256423,0.2525665570928006,-0.11266324482812023,-0.285401544883588,0.849909450880273,0.2809973474784925
coupon,B,200310,97,0.4580936509232143,0.8703055964653901,0.503370310696217,0.8484378287397432,0.3013242041699207,0.1806885125184094,-0.11266324482812023,-0.285401544883588,0.849909450880273,0.2809973474784925
coupon,B,200311,98,0.5056946490581846,0.9492378019623968,0.5799490156869412,0.9311949709593301,0.48902908048813953,0.3755905361207275,-0.11266324482812023,-0.285401544883588,0.849909450880273,0.2809973474784925
coupon,B,200312,96,0.44072762767370666,0.7207677699403147,0.4996914342423127,0.7221785132935431,0.1491073915242739,-0.042810634834508955,-0.11266324482812023,-0.285401544883588,0.849909450880273,0.2809973474784925
coupon,B,200401,106,0.5680787182523281,0.7299846335995163,0.6224295318618639,0.7164218958611481,0.09142858865428931,-0.19303725722346776,-0.11266324482812023,-0.285401544883588,0.849909450880273,0.2809973474784925
coupon,B,200402,101,0.45408856312110246,0.8877111240535818,0.4708600220863687,0.8829120559114734,0.10029064304429612,0.3898194525334886,-0.003094706484244641,-0.319420055632214,0.8151029974012578,0.257097946010709
coupon,B,200403,106,0.41807874232506104,0.9087386956193163,0.36167265365483875,0.852462402700456,0.21738480981345293,0.5350479885129859,-0.003094706484244641,-0.319420055632214,0.8151029974012578,0.257097946010709
coupon,B,200404,107,0.3634145488873281,0.8358804051803523,0.3465262534020202,0.7936186053801993,-0.23854901207853924,-0.1948705891573111,-0.003094706484244641,-0.319420055632214,0.8151029974012578,0.257097946010709
coupon,B,200405,108,0.46074064750001825,0.8238779806986958,0.3724940374047971,0.8331475606619223,0.28902421426411173,0.056579686949231656,0.03309679199998689,-0.3217457703077333,0.8472451076056706,0.2724601985162205
coupon,B,200406,106,0.4916641222914905,0.8475552308738695,0.4094285400016285,0.8549714084187722,0.15751905153547932,0.17907146635765928,0.03309679199998689,-0.3217457703077333,0.8472451076056706,0.2724601985162205
coupon,B,200407,110,0.5588229534774384,0.8857606564028582,0.4778047668590289,0.8697382954263688,0.3348896058640361,0.11493812411243604,0.03309679199998689,-0.3217457703077333,0.8472451076056706,0.2724601985162205
coupon,B,200408,108,0.6192064370783918,0.9378757133194242,0.5666499747943713,0.921632513075538,0.42960189845218977,0.5522307010774814,0.08269934949368753,-0.23378683125234975,0.8238172698676266,0.2673679549816364
coupon,B,200409,111,0.622574824583215,0.9403036153036153,0.4809097515114101,0.8968497718497719,0.3262734550972699,0.27242014742014736,0.1410987441180102,-0.25617574243241575,0.8528403666139449,0.2853087159536598
coupon,B,200410,108,0.6141731090782703,0.9474025169815274,0.42852722380848157,0.8942620061543151,0.4547097034304099,0.5229643602275,0.1941235030456883,-0.2637624891329359,0.8124434067369681,0.25823565608427856
coupon,B,200411,109,0.6233106501734081,0.8978500602353815,0.37722488526027204,0.8245018997312576,0.4002411011930915,0.392530812714299,0.2545415351404302,-0.2838628291697129,0.8089837077775148,0.2734762266764395
coupon,B,200412,116,0.5977801266561504,0.9183715834390498,0.3010650050153242,0.7821550763079999,0.014318846864063824,0.10934532733633183,0.25480568389714175,-0.3088407035843534,0.8449704597045051,0.31434280509888674
coupon,B,200501,115,0.5419300968752178,0.9450643099502881,0.2637309711022274,0.8454904126883926,0.14014963905086705,0.3148267971277519,0.299365723473931,-0.269516274147891,0.8137780834808493,0.3235355849890145
coupon,B,200502,115,0.5361586256259256,0.9034403850706226,0.26910767687619164,0.8362502959046793,0.3817421622967127,0.4820484494594809,0.2914352829618738,-0.24196516985558153,0.8588357812664795,0.243526962832723
coupon,B,200503,111,0.42320069102288005,0.9427079677079677,-0.049635949756262523,0.7094945594945594,-0.1617843962911755,0.06791856791856792,0.3260780782899035,-0.21552759735228963,0.8232842336038161,0.2826462281254062
coupon,B,200504,100,0.397867327810816,0.8816801680168017,-0.04567521486586599,0.7186078607860786,0.25273578863336804,0.49969396939693966,0.32768816204697343,-0.16743751025203477,0.8290791039089982,0.2293928926086101
coupon,B,200505,98,0.44631309124936575,0.8769772201289135,0.06636832225431191,0.7974740036595706,0.36930976051692854,0.2924787534507711,0.3250859930237991,-0.11252980412491378,0.8587020574421472,0.20515961621665885
coupon,B,200506,104,0.49576078891053704,0.953558092393044,0.1697797760026622,0.8823642377040436,0.34070710935829285,0.25519044062733387,0.3487696538233318,-0.054097519518396885,0.8694320402163856,0.20885928733377138
coupon,B,200507,105,0.4836171723722886,0.9524673439767779,0.11844808016677934,0.8494194484760521,0.32267946162628136,0.3365021770682147,0.3332293368848802,-0.04732646285729004,0.7986958787894118,0.1849941649941666
coupon,B,200508,104,0.5718031944400257,0.9084177957964367,0.14399047475409513,0.7516483516483516,0.36107592134316985,0.4677477861943882,0.3535955265016518,0.010673256232444757,0.7433194661783067,0.16938238131764263
coupon,B,200509,101,0.5663498492782267,0.914502038439138,0.13881032334018903,0.7296680256260919,0.21242053385312465,0.41002912055911467,0.3390077364137205,-0.020878790659706443,0.7664339652782526,0.1495040177078787
coupon,B,200510,103,0.5024536983428339,0.9181566577340421,0.08128961852646162,0.7370843034749375,0.23610971670563619,0.5396586565918376,0.34410676110946714,0.006127558151511377,0.7957823714626066,0.21209725474591948
coupon,B,200511,101,0.5133684307296404,0.8424927198602211,0.08837572690006028,0.7089574839836924,0.3933017114040672,0.5192079207920792,0.3178542378921187,-0.021709693640080005,0.7159170378113727,0.11572984691159618
coupon,B,200512,116,0.46461587899591444,0.898427709222312,0.12123591627096506,0.7853150347902971,0.31995973765598035,0.5183562065121285,0.29124263528195393,-0.02107224913761747,0.6816238568042359,0.11898604111577223
coupon,B,200601,116,0.4306793779159092,0.9156652443009264,0.11968958219534528,0.8536270326375274,0.3223343969449419,0.47113366393726214,0.2936649197212474,-0.006438631922816227,0.745860012173511,0.1796362049124599
coupon,B,200602,116,0.5308138075647898,0.967162572559874,0.2341152434497903,0.9057471264367817,0.3897022486514041,0.49749740514358204,0.28896101412326514,-0.008114767563201305,0.7880500865664778,0.14579899243648783
coupon,B,200603,118,0.5640900361253741,0.90183296265051,0.1572181206174629,0.7542756346345579,0.10344653402567401,0.09469394015754934,0.31619452341260507,0.028279340640084916,0.8157120790876384,0.1940280231898533
coupon,B,200604,117,0.46732082414139975,0.8869981567234635,-0.06421888987639629,0.6502719956840354,0.014350841240329535,0.03658079695484721,0.33971221065788476,0.06442604122981878,0.802326422753668,0.20139998785428406
coupon,B,200605,120,0.36431650945346744,0.8933050906312937,-0.2892787955722734,0.5335995555246892,-0.2871731808930733,0.011452184179456903,0.37554755434474507,0.08744072541227318,0.919189110522438,0.2500648481857853
coupon,B,200606,128,0.3665991251098169,0.8741931422816335,-0.25592396380677823,0.6289141182933529,-0.02971225972017837,-0.11710309467130563,0.39921946448009843,0.10260286265111015,0.9316965746784677,0.17391306203434026
coupon,B,200607,125,0.25079107434388564,0.8996866359447003,-0.33750592254463924,0.6700092165898617,0.03253113587561069,0.11505376344086019,0.40436277489889416,0.07994853559692326,0.9240521615615269,0.1620268492799593
coupon,B,200608,127,0.35946965154710553,0.8894884233220847,-0.1487636533031288,0.7387924165729283,0.3694288595064041,0.2000492125984252,0.40617464736469433,0.08360133976795289,0.942056266540225,0.10635312251036778
coupon,B,200609,130,0.3679186081279997,0.9196930177934972,-0.14386084404672145,0.7385079681546929,0.07447091132784305,0.2492482486446626,0.39484664798477204,0.0711719426312726,0.9074462511792937,0.1063797223330549
coupon,B,200610,141,0.3578206909109266,0.9335074275439872,-0.07646138482936093,0.7701571128901065,0.14918333440727055,0.2379425489104842,0.3659455218739001,0.04129328330788379,0.868502884467852,0.1034408919206804
coupon,B,200611,127,0.4376133404157125,0.9421400449943756,0.004895495659212636,0.8071569178852642,0.3449888036826936,0.23212528121484816,0.3337758253090395,0.0412409259099973,0.9080688301949577,0.10044811127635411
coupon,B,200612,127,0.39194228518267576,0.919449521934758,0.04122730361287983,0.7946369985001875,0.1199353066988926,0.24923837645294333,0.312799874308788,0.030197737602968254,0.8985362676821983,0.16120186269981776
coupon,B,200701,123,0.40092760422794294,0.8985438082831385,0.02722720443081493,0.7823386774322529,0.05578075484018443,-0.1852742773858199,0.3085948598744201,0.023527954190377818,0.9107109057341642,0.1463691201381187
coupon,B,200702,118,0.4854995235030551,0.8778828350114493,0.16124108853997215,0.8052728262100147,0.3694104717702733,0.1335079012048105,0.2974681118784923,0.024158843560317132,0.9063645835758233,0.1566466004985136
coupon,B,200703,109,0.4574092053984496,0.9513668798072468,0.14930548767687415,0.8283013622463166,0.09685657894207957,0.25660272449263277,0.2871892774097763,-0.016208106724655526,0.9263360150242638,0.1554457395723249
coupon,B,200704,118,0.40945411479265503,0.9161709012157666,0.07615847266030837,0.8596372055993193,0.26969381592409297,0.07854458602215333,0.30883252651793647,0.025571249263208914,0.9534899081271536,0.17969578093881786
coupon,B,200705,113,0.3715873198108992,0.8796493446004392,-0.08889095200064048,0.7035065539956086,-0.08108729365242433,0.14235810765852686,0.334607294559289,0.04603910404801177,0.9350053775818392,0.16905283686682407
coupon,B,200706,105,0.26397024308462164,0.848921832884097,-0.2270709537250675,0.672745179348953,-0.10488258572634138,-0.21263736263736266,0.34217030098015994,0.06670819188535426,0.9565057892401493,0.23159766216466746
coupon,B,200707,101,0.011511675524908924,0.7404892253931276,-0.336508133204844,0.5857891671520093,-0.19326791749616715,0.04181712288875946,0.3387212579383936,0.09971615528979244,0.948414953746128,0.25385773123230676
coupon,B,200708,95,0.01866036881045048,0.8090845464725643,-0.2591157518904595,0.7488381858902575,-0.016180725207259987,0.2579227323628219,0.3318223433584291,0.08798736380029894,0.954839670518438,0.2837626293218592
coupon,B,200709,91,0.05784131784207506,0.8601051122790253,-0.1464962686974424,0.8558528428093647,0.039517328629048935,0.336741519350215,0.3331424852713647,0.0777989366621842,0.9368815459887225,0.24089462144036872
coupon,B,200710,79,-0.0874916811173824,0.9010710808179163,-0.27754847086498874,0.859225900681597,-0.18681545448615455,-0.07349074975657255,0.331062889192727,0.048004793327342185,0.8999630246523944,0.23407164921148235
coupon,B,200711,77,-0.1429183196921268,0.8051422261948576,-0.3171020778879359,0.7696251117303747,-0.09141456283042121,0.2076607602923392,0.30137364228241204,0.04608575273624496,0.8690546406441356,0.23807708850808604
coupon,B,200712,73,-0.0007259365482475489,0.8404911761076146,-0.15372864818527351,0.8158706651857338,-0.16563709666822793,0.10415895347402199,0.26917884268209213,0.05583721021606676,0.8705532779643534,0.23945592928822482
coupon,B,200801,72,0.020914189377270666,0.9278731751238022,-0.10373373530235172,0.9150749244324395,0.0041699576972387235,0.31111325487169594,0.24479131401495882,0.07255307187958925,0.861320592331501,0.2707147419325623
coupon,B,200802,72,-0.12318159983926744,0.8612772525564347,-0.20116440873097624,0.8416939996141232,-0.2674892466052171,0.3821467618496367,0.21283116602214214,0.08498879792620284,0.8659311257013333,0.27724359512303365
coupon,B,200803,50,-0.22176299515639347,0.872172869147659,-0.30127654252007763,0.8842737094837935,-0.03192079531407875,0.15111644657863144,0.19230828168633207,0.06979848163711522,0.8748673937470736,0.19455754731788102
coupon,B,200804,52,-0.16678070474791507,0.8709980363698454,-0.24664571555341167,0.8686929053188764,-0.25848231694085017,-0.059079655084094594,0.17465789944644242,0.08829432549833992,0.915867756500929,0.14007288163108642
coupon,B,200805,55,-0.11142608754057355,0.78982683982684,-0.20227120622238917,0.7659451659451662,-0.31120591332216574,-0.060966810966810975,0.17967773318635408,0.04154698186271709,0.9332749577058953,0.21323919768087965
coupon,B,200806,40,0.45331161734051356,0.7446529080675423,0.2737915698347328,0.7320825515947468,0.04417509022393559,-0.40093808630394,0.20222882372413908,0.014147621779831346,0.9454557700612817,0.23849412812067491
coupon,B,200807,37,0.3816271661780388,0.8624940730203886,0.17696756475836178,0.8015647226173541,-0.15961547311650764,-0.24845898530109056,0.20955347436505328,-0.0064081198756096944,0.9584064420545378,0.21551389753686404
coupon,B,200808,38,0.25470378676154765,0.786191049348944,0.05100657228428927,0.7349819455082612,-0.007678408730968277,0.05131852500273554,0.22933461765310548,0.0034902773030119683,0.9160806843961498,0.21041847099895547
coupon,B,200809,38,0.3573750806499235,0.5439325965641755,0.2466963033706808,0.538680380785644,0.1602593593706379,0.05832147937411096,0.23983997864521378,0.015680130522026624,0.9051977052910047,0.2068176822697875
coupon,B,200810,35,0.3615955217506842,0.7815126050420168,0.24621061535353264,0.7624649859943978,0.1590402663600641,0.06834733893557424,0.24209770816047418,0.022375126816588355,0.908707667840157,0.19288568576987597
coupon,B,200811,35,0.3328194806175746,0.6871148459383754,0.22150533125876543,0.6582633053221288,0.2149078974380037,0.024649859943977594,0.24634162532977877,0.05209000659522014,0.9067040343358698,0.15022609093030895
coupon,B,200812,32,0.10371516912856096,0.846774193548387,0.06473003463342812,0.8387096774193546,-0.07135015181184691,0.29398826979472137,0.23179393809049034,0.031462098960742306,0.8824810603057289,0.14936342612472425
coupon,B,200901,32,0.2859522836789225,0.7991202346041056,0.168996880193524,0.810483870967742,0.13221845142453073,-0.6253665689149559,0.21366934552453773,0.04648065397365163,0.8761919672734875,0.16428310153685155
coupon,B,200902,33,0.36037710118268945,0.8562834224598932,0.23198228280783362,0.8449197860962567,-0.006537072998197623,-0.2466577540106952,0.16689402545701723,0.03215092877141062,0.9371203660075601,0.11749446947885932
coupon,B,200903,33,0.31562329373349035,0.90274064171123,0.20164355940594206,0.8816844919786098,-0.10828074761117087,-0.04879679144385027,0.10549965295552226,-0.02136108087332639,0.965764788620292,0.09476791709710435
coupon,B,200904,34,0.4757180645525675,0.9214667685255918,0.4299081768549129,0.9181054239877768,0.16669283550183364,-0.5012987012987012,0.07647073945352233,-0.023112068480394994,1.0144784783506346,0.14756100891652832
coupon,B,200905,33,0.28119309652896424,0.8636363636363636,0.2721493638234466,0.8643048128342247,-0.5468108756206481,-0.38335561497326204,0.0024830859982551204,-0.07445862533324772,1.0025933048880722,0.07314789334777519
coupon,B,200906,34,0.3061028906684487,0.813292589763178,0.36168835805846716,0.814820473644003,-0.2280076059056129,-0.333231474407945,-0.08832820222070989,-0.07585618357805286,1.009399127598865,0.06874305017587073
coupon,B,200907,35,0.35871241207150006,0.7711484593837535,0.4635473775712694,0.7803921568627451,0.15339306196954208,-0.3252100840336135,-0.15545705281114675,-0.07828706420882099,1.0195210989500532,0.08150954705574878
coupon,B,200908,38,0.47684864856838405,0.8236130867709816,0.5839231440065158,0.8220811905022432,0.2469179510973499,-0.060291060291060294,-0.1923108117002161,-0.06902903679929105,1.017576210751613,0.11716744910542483
coupon,B,200909,39,0.5972845924175049,0.9093117408906882,0.7569928580520463,0.870242914979757,0.12444273489798029,-0.517004048582996,-0.2930007051077818,-0.051669921910339506,1.05314291689284,0.19032964393236043
coupon,B,200910,39,0.60078114660379,0.9301619433198381,0.7887089761640104,0.9153846153846155,0.1514369888689155,0.27894736842105267,-0.41653555145367405,-0.06815826344575811,0.9416532108190162,0.20916054722824914
coupon,B,200911,42,0.5837096433240772,0.9583502147313834,0.7736527062330383,0.9205899035734545,0.3163282547676162,0.42614050725224867,-0.48168001462024307,-0.11527323516677163,0.9367883562891218,0.25129935662624947
coupon,B,200912,50,0.594508251681718,0.8985834333733493,0.8270499066352901,0.8853301320528212,-0.1420259580305892,-0.40753901560624245,-0.58410243055184,-0.1621082662003957,0.966667811511702,0.30948759747860816
coupon,B,201001,55,0.5355038779003006,0.912842712842713,0.8145814908517829,0.9041847041847043,-0.1303807255847119,-0.08282828282828285,-0.5897559186067544,-0.1334924273717254,0.9327651582652937,0.24110082685090892
coupon,B,201002,58,0.6120775884758736,0.8430588452428559,0.8499537567427401,0.7768617921191056,0.3649919194564766,0.10332523301239659,-0.6224368512641534,-0.20334773591610567,0.9194664801032875,0.2507710284230721
coupon,B,201003,59,0.645707368380161,0.9189947399181768,0.8277039168360519,0.8824663939216834,0.14729431268922105,0.007656341320864994,-0.5034809018711969,-0.16018728597040857,0.8545408991987561,0.26102382502000787
coupon,B,201004,66,0.5009977871752769,0.7993528859200503,0.7369974120264832,0.8453606095397141,-0.33772432150493537,-0.36303099885189444,-0.3598091693929896,-0.20625429929826467,0.8528938749061715,0.280191346317414
coupon,B,201005,66,0.5949229541551948,0.8570504122742929,0.6483705331503478,0.8544619559544935,0.488717307543638,0.39217200709738026,-0.10981836588513515,-0.042907441624372725,0.8213263436261381,0.258350479289902
coupon,B,201006,67,0.6370788228455905,0.916593503072871,0.11819362506129306,0.6525261393566926,0.39429840841948616,0.5868784420145263,0.42781884942911064,-0.08922456275164885,0.6331969538117854,0.16680845622146678
coupon,B,201007,69,0.5567612935904119,0.8826452320058459,0.1193203639678765,0.720094994519547,0.3497661627211048,0.43558640847643404,0.4077761493997424,-0.046530755824786815,0.7989664176490304,0.18433778576416146
coupon,B,201008,81,0.5406175735607807,0.9577235772357723,0.12310656746914457,0.8000225835591689,0.3603212792939866,0.5955284552845528,0.42692596050416864,0.045339822440704294,0.7483590728858858,0.13689793658083238
coupon,B,201009,91,0.5908688002862692,0.964150342411212,0.12960725626827566,0.785284280936455,0.4105744257762982,0.6707278229017359,0.46683695864232155,0.06203506738821487,0.7138959290590101,0.15490401242895965
coupon,B,201010,104,0.5964872173980366,0.9239624453216687,0.1548918071259954,0.7390483303104664,0.3075679758969208,0.45861517123653056,0.4202122572829669,0.09588048597868745,0.7685057268900749,0.20991326447803677
coupon,B,201011,106,0.6070539654309145,0.9399047786986423,0.23288543665388894,0.7909262664684988,0.2905068355003839,0.362017280902839,0.42419428621146865,0.09654932354768676,0.7717224039785523,0.2104063294809685
coupon,B,201012,109,0.5779896141205996,0.9427949216940044,0.16589309108472494,0.7767306088407007,0.16237815151680818,0.3479473635436939,0.39467227469628136,0.003282457976616479,0.7692002426753562,0.16248323035344908
coupon,B,201101,109,0.578126743769073,0.9556760263182282,0.16914550324468886,0.8179686776017052,0.48426729047021483,0.6801223241590215,0.37981894615368994,-0.08614663037351752,0.6952120611172123,0.13432134636506352
coupon,B,201102,106,0.5371099139043342,0.9568229337229512,0.07416394084921785,0.7699372748570421,0.2905943601942631,0.5830314633347607,0.3646136679416611,-0.09515778906614306,0.7249822602198132,0.1881751210117888
coupon,B,201103,107,0.6269167514757876,0.9260271557044614,0.2010516335218449,0.7866631399518016,0.5422182785695695,0.5847587139246458,0.38386753980358806,-0.13959128731482268,0.7730626900424507,0.002861737983266451
coupon,B,201104,107,0.666820458037164,0.932130331707126,0.17283870977889132,0.7403358216265993,0.5516730831057661,0.6277944317090852,0.4179619834695929,-0.08153540526607064,0.7333071836083513,0.07471684869360384
coupon,B,201105,104,0.7154725679357107,0.9556385362210607,0.27960033535760914,0.8100928198015578,0.5697600876763133,0.5711405099754615,0.4227799232353581,-0.023762630452719712,0.7914976093150407,-0.04334103690219297
coupon,B,201106,107,0.7080615791359318,0.9681028233311781,0.22485895005173845,0.7642293148376731,0.44777675639444986,0.5662924430337586,0.4521384654956231,0.06802893296641312,0.8244792081112583,-0.007004799081249497
coupon,B,201107,106,0.6978674130374424,0.9640375847041338,0.13871013731886095,0.7204020454946218,0.29284147728154786,0.4290752449807291,0.45884975092391433,0.07111488691220426,0.8636743958634387,0.1690389085856122
coupon,B,201108,110,0.6853427245350229,0.859883236030025,0.21620555207187817,0.6660460293487817,0.2762215423402447,0.13408020197011022,0.4492583981455102,0.06792888581378893,0.8718905369172467,0.15889981341347517
coupon,B,201109,116,0.6046909574672971,0.8853035020951063,0.15279165370315267,0.6452081651481951,0.10063625541692164,0.25019028947064925,0.46169106666141635,0.07413874553817727,0.8910996200778936,0.2848541316718028
coupon,B,201110,119,0.6957224634655919,0.8178179746474863,0.2689839379929949,0.6948297963253098,0.32688834628307245,-0.08314342686227033,0.46623040851108216,0.056222518374374676,0.8502631893291144,0.18690690292893736
coupon,B,201111,126,0.6068091458325084,0.8623772028496438,0.2220138174604672,0.6893588301462317,0.1283181500278624,0.2500037495313086,0.4217595509740166,0.08749219079324924,0.7922121761478582,0.23100524494048705
coupon,B,201112,124,0.6280984696967576,0.9301022816679778,0.27826377837215294,0.8344107002360346,0.3585507124565722,0.36561447678992914,0.4116319061861716,0.03782406729349115,0.795654888464873,0.23819659919376854
coupon,B,201201,125,0.6152547601813216,0.9343840245775727,0.2804023031420606,0.8204239631336404,0.3432346074528464,0.3233486943164362,0.4248295544613418,0.06905760819075764,0.8046265986864829,0.22201649668114176
coupon,B,201202,127,0.609710557676597,0.9574486782902136,0.25064099971688514,0.8548931383577052,0.4001502205524965,0.43028801087364077,0.44482026296811955,0.02909743897377092,0.8266911752145965,0.13787071409537446
coupon,B,201203,133,0.5760215927385093,0.9498729864008733,0.2614154663569299,0.8465685924444761,0.21953110756106967,0.3843666153171259,0.43304016803190787,0.02598420291295127,0.8491463936659912,0.0933603684146083
coupon,B,201204,135,0.5337241201827032,0.9309628328943519,0.2045221281147871,0.822656326212077,0.130622578708857,0.26683738171885674,0.44349343759100857,-0.0366713743619791,0.9218943079171578,0.1334353843024738
coupon,B,201205,132,0.5014647010079492,0.9364163357735071,0.07882125046376826,0.76005593442315,-0.16035237301224078,-0.05818849691891073,0.4940771920696527,-0.050050996373025604,0.9695762934972757,0.16508222842902312
coupon,B,201206,136,0.5350944507086697,0.9595963933018462,0.1274863107710686,0.8405181050522398,0.292645108065211,0.19017699537235816,0.5134273844044472,-0.07431299329779432,0.9339849613087157,0.11689579189480684
coupon,B,201207,141,0.49871436875058694,0.9609957618048717,0.1393248004339986,0.8577678838991395,0.1748741199303724,0.18686587610771008,0.5161150751730295,-0.06543889188689068,0.9334695791643229,0.1311024272609894
coupon,B,201208,136,0.5029896246046953,0.9582224130528122,0.13872225431975088,0.8770383092409713,0.18248342116026361,-0.0911693144411049,0.5184803334192236,-0.060365407240279695,0.9355870519460021,0.12914512393923697
coupon,B,201209,155,0.48218306992576193,0.9658116077470916,0.09159909569324703,0.8250040282298347,0.05512262127781358,0.07714865779381908,0.5073155254296248,-0.05187852517813995,0.9253885757010955,0.09455529562119977
coupon,B,201210,162,0.5054675449876637,0.9653297316674216,0.1135912429074455,0.8227054551407711,0.29152670917765977,0.27290381491501786,0.49638631859819304,-0.04001877582964882,0.91710673838527,0.14981180314401785
coupon,B,201211,164,0.45421682637048627,0.9443200522356588,0.10095204471855168,0.8044563546583597,0.1343713378730313,0.3931059812550161,0.4941127585036929,-0.02758578931772984,0.92742991136216,0.1478980365788452
coupon,B,201212,167,0.5056993100829636,0.9802683789048409,0.15593672630781846,0.8743184886681028,0.13740014596305175,0.0021566161996145407,0.4977941906716007,0.004605471400039848,0.9491526578930813,0.1545028029285363
coupon,B,201301,166,0.5293784332694506,0.9701425189052345,0.17121811146183258,0.8311049314295834,-0.04001638787762537,-0.04670133992693693,0.5080656486701235,-0.0015454495257838526,0.9719136022067631,0.09463557638847653
coupon,B,201302,162,0.5931178644017635,0.9788754955466079,0.18870198846503497,0.8215368895550278,-0.04459568917406113,-0.06968630788316038,0.5112713731268906,0.013574299189026006,0.9769312103331824,0.08203608074654466
coupon,B,201303,158,0.6170009435449573,0.9735061054918241,0.14778894113021424,0.7737735392684971,-0.09627515654139242,-0.21994222335131944,0.5418833096421841,0.062020676187287474,0.9963604004255553,0.059667629965289744
coupon,B,201304,167,0.6501976494471394,0.9661331381986458,0.2330714823430022,0.7902156100879136,0.21836747429544634,0.16325868057344864,0.5624803937584397,0.06202321641042153,1.001480431812236,0.09848805577543084
coupon,B,201305,158,0.6517939568548706,0.9741754505528942,0.26612140926035854,0.8150295348508197,0.2760389773073285,0.263355335516818,0.5779103460668054,0.08439075989175386,0.910727913910133,0.08768736916575313
coupon,B,201306,158,0.6077107023770549,0.9547005517533038,0.05268161443109547,0.6719752829123812,0.04609260747188443,0.0013006591527612765,0.579460723652554,0.1121938157019639,0.8552322029926419,0.08438528489306868
coupon,B,201307,166,0.6044930793774081,0.9590689376996282,0.05332789772021906,0.7007929376733938,0.39317103181987023,0.5617658439965634,0.5838230226761953,0.12978835613304363,0.8453087003773578,0.12087221484332077
coupon,B,201308,166,0.5767607653839568,0.9614352893337094,-0.12431086066916024,0.5862478766453949,0.06704725949058546,0.16846875799332334,0.5891666757459332,0.11563243847363695,0.8368496813719338,0.14158080062270884
coupon,B,201309,180,0.5739107265604072,0.8963877485930636,-0.10203879749224305,0.5143594966922848,0.20338490985842791,0.3668240789324773,0.5775752048172188,0.06879575689967192,0.8391817933105918,0.14607001121381824
coupon,B,201310,171,0.5858964731652692,0.9603259173926608,0.05650513071309459,0.768483452132383,0.5292640840521493,0.602591979264166,0.5655832186567585,0.035410521073519004,0.8496447969838588,0.17975979776977524
coupon,B,201311,175,0.578143330443323,0.974023734885804,0.11476083057044273,0.7595768025078371,0.2977589810184207,0.5221428571428572,0.5488640916474886,0.02931999534518558,0.8950616493994881,0.17290329512234812
coupon,B,201312,174,0.595434312925625,0.9367954668413109,0.12912813629718647,0.7378923090065206,0.2714288922166415,0.26325692645006976,0.5299387702097629,0.011459121795057056,0.9319244056700984,0.17797738306874147
coupon,B,201401,178,0.5899893654252578,0.973276158771789,0.14128549284213454,0.7713182438878091,0.09837514904406405,0.3033452526733402,0.5184297747263465,0.021375671653097617,0.9462161695848131,0.1465049830223105
coupon,B,201402,176,0.6101043479984902,0.979817279129737,0.2735202659113119,0.8648028448193319,0.46933534771865815,0.30887223076406645,0.5051555092468095,0.031136295244285076,0.9600661551456183,0.13431645105326706
coupon,B,201403,170,0.5739046543275496,0.9851167158951257,0.17627969708671165,0.806391513481085,0.10393748037138342,0.23726909170630622,0.4988821668776953,0.03325906079675312,0.9590315624471,0.10699514977281262
coupon,B,201404,173,0.5885328016940276,0.989880916511767,0.2378714042575721,0.8580268946048553,0.30644012262258985,0.41706337985732234,0.48603660696741274,0.030067772147214646,0.9541230412348095,0.10174434067498514
coupon,B,201405,169,0.6004538792792248,0.9787429764805331,0.2960599715713643,0.8735368703694495,0.31627287638003043,0.47788772313659195,0.47545054987716934,0.035334562535951575,0.9557110700971696,0.1067284312345462
coupon,B,201406,167,0.6049039208437159,0.9740819565687902,0.29520776805255095,0.8620770507178415,0.19876119873106773,0.1577061024250982,0.46898599399764096,0.018675071552601744,0.9828745132814538,0.12909416310238075
coupon,B,201407,185,0.5828618689862229,0.9463534361851333,0.1984249753843056,0.7431939653538532,-0.015947725446363303,-0.1788616807550889,0.45898939317385207,0.0133248702979568,0.9640087338118946,0.15680042726078003
coupon,B,201408,188,0.6128487760917108,0.9676489551333105,0.2315774747405606,0.8035007684569636,0.11553076140977368,0.17316017316017318,0.4689053392497488,0.021282608642685528,0.9547222367905511,0.14312770534734393
coupon,B,201409,194,0.6000343421171023,0.9583688241378545,0.14262856622842351,0.7603533507634399,-0.0819157547012632,-0.21326030414220146,0.48550122886379055,0.02534101801798521,0.9610973872247582,0.1262418236839813
coupon,B,201410,191,0.5692885024030173,0.9649546039520236,0.196399294245188,0.8283449419369662,0.366305885684743,0.5395901675695284,0.5064532831759585,0.04413370054748295,0.9577330476582534,0.12069052999457172
coupon,B,201411,187,0.5725413108528806,0.9727959069070943,0.15761083187266303,0.8172183704704195,0.08691821752217091,0.12906529055747837,0.5413655184115019,0.07593482907502584,0.9653019178274735,0.10243910144713045
coupon,B,201412,185,0.5686538291302023,0.9724782987756342,0.14669140291990995,0.8108013342936206,0.3091663641689794,0.4701262272089762,0.5792705524356835,0.1121354641626195,0.9394426744500552,0.10249957871079386
coupon,B,201501,174,0.5515821175316202,0.9720242603718784,0.16532953936035633,0.8429271904097496,0.15012695410825064,0.10734132520857653,0.5919457427270162,0.12514543209812784,0.9480030518008415,0.05930843374296842
coupon,B,201502,180,0.541686538286394,0.9624185931664558,0.1235296838882534,0.8043643322324763,-0.022438322668470873,-0.14632961922693086,0.590691190482547,0.14044727888202874,0.9640791971533409,0.040529786077598905
coupon,B,201503,176,0.5241100421832998,0.9595641646489105,0.07937827208797964,0.7893704600484261,0.09586144474960556,-0.004074400176095091,0.5678165712285714,0.14377733459593164,0.9504178508078406,0.08364556920220839
coupon,B,201504,164,0.5606830081772458,0.9595200848829457,0.14505478595011964,0.8067552677757676,0.12449351373285929,0.13408784840776458,0.5489171722260849,0.11793385797979476,0.9529234665086084,0.06526069801997006
coupon,B,201505,157,0.530826207875784,0.9109551659338002,0.09923235347598981,0.7300901146744895,0.13401628371657268,0.022674414998852636,0.5278235324026165,0.12161633502372836,0.9535596328416011,0.033635474867046156
coupon,B,201506,149,0.5586220001618711,0.9728314892073282,0.13062346123655186,0.814416832940323,0.1003650645922857,0.024342463268637766,0.5109095441750593,0.11619636838727973,0.9676171649756988,0.036684369895958795
coupon,B,201507,150,0.5016609254893727,0.9560904929107961,0.09760706682942757,0.8166816302946798,0.13289800681887548,0.375389128405707,0.5140508098263911,0.13997770724107758,0.9692669798556237,0.09251071680101183
coupon,B,201508,151,0.4534545914285015,0.9614081561519692,0.10941021778118702,0.8351725339839664,0.10955502567893763,0.2212164517253398,0.5089980719498627,0.1518984935294882,0.9714050496534519,0.08461064846790547
coupon,B,201509,157,0.4410807524288938,0.9208070007876505,0.10064169493139724,0.8135934854470692,0.031181821214209468,0.015135916248550289,0.5268823514050693,0.17655968928830404,0.9884020377647589,0.11003638769980742
coupon,B,201510,154,0.3487972675878886,0.8920821114369502,0.03677090031040034,0.7878212868725204,-0.05645068352509979,-0.16960332520104818,0.5383746159797379,0.22455368969528258,1.0148854270597871,0.10872558660971307
coupon,B,201511,148,0.2789550489608551,0.9706889467196276,0.04723058251751708,0.8986625304937865,-0.23517643094824717,0.23693163098723982,0.5379100339255437,0.24439789602935705,1.0161315478118211,0.11367454120117039
coupon,B,201512,150,0.3496696999053908,0.9557242544113072,0.16355627305745418,0.9247611004933554,0.31054263118754594,0.20110938263922842,0.538005598487603,0.26431293575105996,1.0181832676344051,0.09794633464265262
coupon,B,201601,147,0.2735281412926914,0.9511783239767584,0.15748074206862575,0.9006754867811619,-0.05396168133589793,0.23541923248381175,0.5321703912214518,0.29070769655361844,1.0294529173673939,0.12265656877973834
coupon,B,201602,160,0.27660229194416586,0.9589681237548341,0.21016965115547667,0.9418815188093285,0.2364304110134818,0.20153521621938356,0.5242080674201044,0.2951763842877918,1.0128086860300647,0.12659412393773473
coupon,B,201603,161,0.25375599516564956,0.9611341154819417,0.1065567066187927,0.9286030595813206,-0.1140997418496785,-0.7868645042558088,0.5139879932334909,0.3003962217570641,1.0085020642624827,0.11033517498198098
coupon,B,201604,160,0.37828256304475455,0.9342112973163014,0.13342315906749624,0.9135122465721317,0.09927767055627883,-0.5196765498652292,0.5033146306909536,0.28363777790850203,0.9780053982951068,0.10003265116641008
coupon,B,201605,160,0.3478841394129581,0.9423473573186452,0.1398998351488313,0.9017080745341615,-0.11673425035302719,0.003044064221258643,0.5046176999747226,0.26357630230140666,0.9859950952316364,0.059300464562767004
coupon,B,201606,160,0.4117547727952552,0.9826379936716279,0.20435384593518688,0.9452273526309622,0.12226595505174882,0.026602601664127503,0.5021321987331476,0.23213441802656823,0.9866943978620618,0.036177862609580023
coupon,B,201607,166,0.4326126025980616,0.9687783250585359,0.21717153700784705,0.9375514032176613,0.14704805601821477,-0.13425635038794265,0.51384914560074,0.18315772353213458,1.01970469808353,0.04953055762365134
coupon,B,201608,161,0.5223539481746493,0.9463681849551416,0.22661706257022513,0.8657464918334484,-0.236585479096175,-0.5700109270761445,0.5325459198552768,0.15341949033281588,1.0187744726147494,0.10138081955008907
coupon,B,201609,152,0.5635366514995686,0.9599197643504944,0.27939726255640407,0.8986016853587024,0.08479907001092182,0.07858856334447337,0.5249585376558484,0.1299587261190458,0.9741911732534287,0.12965307241463173
coupon,B,201610,147,0.5447364889964406,0.9664258891264762,0.22610618852439926,0.8516913614760973,-0.07233356100482034,-0.24839250768800672,0.5196470209839299,0.12911623743063813,0.9768909242484111,0.17558599192150642
coupon,B,201611,147,0.568164268071154,0.9210269816923436,0.276796716354243,0.8433951144322964,0.11110474656259467,-0.08123219669207928,0.5084301462866876,0.1504631221458951,0.961052404930135,0.2071082264322691
coupon,B,201612,149,0.5295470584781597,0.9522909486667878,0.26136315795035664,0.8821367676401234,0.05178826264685528,-0.008452748050063488,0.493843315505846,0.16521523126232096,0.9447274073596655,0.23892093430246114
coupon,B,201701,166,0.5301939394649635,0.9460566271618867,0.2381077888680867,0.8667890943195756,0.10564396513236585,0.04335644155281988,0.47687724458667313,0.17275812600049859,0.9099009449207863,0.20811815462499822
coupon,B,201702,151,0.5599038917944337,0.9496444754269778,0.3077834258986945,0.9012547926106657,0.1362258883873137,0.1116626002091321,0.454118001346973,0.17011169584691396,0.926331637194731,0.20009859590968251
coupon,B,201703,153,0.5493391690689465,0.9776245426400224,0.28316573029144115,0.9079516974253814,-0.016033089821843354,-0.09564352056612117,0.44893062853981264,0.15520068698795528,0.9847612607089096,0.14274424004043826
coupon,B,201704,154,0.511699392659141,0.9728036669213141,0.27241143396716444,0.9046633316083033,-0.05109708439501936,0.044937857841083645,0.45220199053221033,0.1365297484194003,1.0027958346078574,0.13439004733851878
coupon,B,201705,159,0.4867385586114973,0.9827949605923096,0.25075922985332005,0.9265195844279915,0.04667824794359204,0.3372611655123,0.4361257596630789,0.08657237868322495,0.960051029714649,0.13064246398255563
coupon,B,201706,161,0.457996911221628,0.9688980906372212,0.249772010820364,0.9188549574419141,0.013524723615487667,0.2211726478030826,0.4029610660792729,0.05683850308795732,1.006867674420469,0.17855189890354084
coupon,B,201707,161,0.5183269992125616,0.9806015642972166,0.31868382818336144,0.9500862663906143,-0.027104021950515807,-0.2687715665976536,0.39230623492337446,0.03565615639448333,1.0101420282527325,0.1980091683231886
coupon,B,201708,162,0.47706366203159734,0.9710116701314354,0.31066792089514045,0.9406797721014846,0.05348928996713023,0.25570840054702415,0.3720845898881695,0.011193181257857465,1.0163895861892993,0.17372948998992593
coupon,B,201709,162,0.4827722270894046,0.9769871613029788,0.2925736452428859,0.9490629599992096,0.036627510123843805,-0.20407981811022619,0.36056857305945644,-0.021520616532039533,0.9746748408809811,0.16179835113768648
coupon,B,201710,163,0.4686336620110342,0.9568806424260562,0.3055811448726519,0.9253190793666628,0.14314299917869308,0.2163394128828814,0.3126420547046253,-0.05258326556993956,0.9020581888061322,0.08182468020850524
coupon,B,201711,178,0.4888609341446602,0.97831538339598,0.328865185086667,0.9563371275915523,0.3047899587734851,0.44267279762620365,0.3034289641300037,-0.044596126058269014,0.891299322144363,0.07727837109741312
coupon,B,201712,176,0.4163928607243032,0.9637882456526524,0.22226955487354802,0.919260400616333,0.05218363698907059,0.21572088928021135,0.3286185965023041,-0.030862137352564385,0.8828600444789934,0.0805477789938758
coupon,B,201801,166,0.48146552529620545,0.9665300286611882,0.24747319859443256,0.9339257957250888,0.254329837634412,0.012701431747676609,0.3337898752417141,-0.01003178883004965,0.8811224456058202,0.08744540615930094
coupon,B,201802,168,0.4193237760966286,0.942207723184232,0.17240953624640534,0.8687898927419887,0.12845053240120266,0.4646083994310619,0.3682726779982539,0.002578514443138589,0.8636808170842707,0.11125963126554157
coupon,B,201803,163,0.38841942339623564,0.939811351078746,0.13825782280629245,0.8793206643722878,0.22408081978486336,0.6024157480838612,0.39800623867957596,0.001619181992645621,0.8414771785393408,0.10286130476783274
coupon,B,201804,156,0.402503128239889,0.93503500813959,0.026336016983342408,0.8204580297450648,0.07747972027563646,-0.020024971946073236,0.47109270337889614,-0.010090549687251009,0.9009478470536604,0.14595639621520662
coupon,B,201805,159,0.425104911099469,0.9453427274898496,-0.048029312037674465,0.7833621925005972,0.06188090406670853,0.11650943396226415,0.525300880917051,-0.013456520563235208,0.937225730871365,0.20165879097652212
coupon,B,201806,155,0.43799913906021215,0.9806612742096613,-0.07842663860020656,0.7790822081144662,0.2287184209149557,0.39242692791079886,0.5821901441828926,-0.017042206478676238,0.9180176129911429,0.18942044167228295
coupon,B,201807,142,0.4483477899566816,0.9790901337200408,-0.13199198185868005,0.7184900804918785,0.16396169037923497,0.4668046966518648,0.6124948521105227,-0.041185242670998795,0.8979058249999169,0.18295663207834065
coupon,B,201808,140,0.40907244884605265,0.9544204150357527,-0.15412027794495267,0.6947234917233387,0.09784017985582706,0.2588397367212613,0.6263342904988789,-0.0372284759250607,0.9011150113879995,0.22401625035995032
coupon,B,201809,140,0.41298022022354447,0.9863068815464348,-0.16743677656879025,0.7554612844678666,0.1681874865419033,0.10799676368327832,0.6452787642842264,0.0058460007890874,0.9245333776981222,0.2349347601250054
coupon,B,201810,125,0.26236151690127285,0.9570138248847926,-0.21778733741718465,0.7683809523809523,0.04429432227882727,0.3689093701996927,0.6452632400701025,0.04976805729066237,0.9180976002350008,0.26650545929753305
coupon,B,201811,123,0.18892391193911987,0.9494008848073675,-0.24003458892873175,0.8180534237917736,0.06980230505698432,0.310656382608247,0.6505899801217552,0.08189998345568333,0.9345226433624687,0.24782221851171385
coupon,B,201812,122,0.1389173971746087,0.9297272826406627,-0.16896208414122463,0.8364158468843866,0.03923042908995545,0.41055643858159213,0.6341818845024447,0.1416803973802385,0.9594479544501041,0.23103040300044073
coupon,B,201901,123,0.22144910130288703,0.8757206794701474,-0.1029471866858233,0.8332989384891206,0.08342550282441176,-0.46229250235389724,0.6303350379657776,0.18116068201059063,0.9917745483889374,0.21800175801241892
coupon,B,201902,119,0.23539386275607793,0.9803090727816552,-0.10740747298710357,0.8781298960262072,-0.10763917740262784,0.07730380287708305,0.6518337060006073,0.21581806955917285,0.9703591875933121,0.18779065104315176
coupon,B,201903,112,0.1995499216508545,0.9784227970068677,-0.15869257003834264,0.8666501520483821,-0.12583824889759201,-0.02014213961116616,0.6555857400940187,0.20063398403678487,0.9999813426737589,0.19814003212523043
coupon,B,201904,108,0.27309421009949475,0.9700858365009954,-0.15561033701357874,0.8513056484418913,0.05930465358404171,-0.486724399096859,0.6551554119448231,0.17504661994292023,0.997231727515854,0.20817304181076005
coupon,B,201905,108,0.26217806540787997,0.9667419284155973,-0.07879123991249055,0.8489430011336896,0.07077954138610247,0.33694399192127045,0.6481145065951154,0.17672438072166646,0.9898757206990303,0.19955251449926797
coupon,B,201906,110,0.2943913067838514,0.962365033924667,-0.07051399595069544,0.862768523318982,-0.08239797158522025,-0.1396163469557965,0.6510938304373229,0.14603892162955487,0.976269613407123,0.202044119145773
coupon,B,201907,107,0.3675019304877611,0.977860067791297,-0.05308175952920449,0.8450792531201631,0.22330727274226964,0.05397833029643998,0.6354094116890152,0.11428155068044128,0.9520070113622248,0.1965875735987458
coupon,B,201908,102,0.3532609242515635,0.952694641251675,-0.01706596396310588,0.8152116753651379,0.07263509811503722,0.48666391482095095,0.6113077662336862,0.07547881227353213,0.9451343344913969,0.21140128472185044
coupon,B,201909,98,0.4408187576153485,0.9343827502884939,0.06068082354774618,0.8115767394117909,-0.06388631375304644,-0.3597281461788089,0.580546249361944,0.04351005449499478,0.9309896270500998,0.21387936095484913
coupon,B,201910,93,0.4387320236537916,0.9737847274029422,0.10998184933259768,0.8916624391990688,0.19128220151229527,0.4489570588761898,0.5519934832526481,0.018555174782245935,0.9387723218797829,0.20092090093143802
coupon,B,201911,90,0.414702051931701,0.9773963863851505,0.14332306036823747,0.9172572745606453,0.09399341621526766,0.2021401819154628,0.5332806065009287,-0.008003114287342326,0.9229387757202187,0.21366300093630972
coupon,B,201912,87,0.3839285231134575,0.971914412772472,0.09971719028068646,0.9218670263177079,-0.16337519890303573,-0.250619669023839,0.5097120699508483,-0.0071259618135997805,0.9286362000108426,0.20848165593352017
coupon,B,202001,85,0.38314745917058757,0.974047293335939,0.11407613946952334,0.9310728942739888,0.06893894358470508,-0.04518272425249169,0.5115719394989402,-0.0073398752894257525,0.9494756977416693,0.22824433144838538
coupon,B,202002,81,0.3537349015023718,0.949096657633243,0.04299658983116994,0.8790198735320686,0.20872746002755793,-0.06050135501355014,0.5063161241476333,-0.006711560726201159,0.9856318041395674,0.23835519034269992
coupon,B,202003,68,0.10110624494959246,0.6931709737756231,-0.0856955729697567,0.6170935603313356,-0.08124062685151634,0.28862083444669234,0.49867732072860993,-0.0032606764082716857,0.9822719580100184,0.2304933019034414
coupon,B,202004,78,0.11071589980149321,0.7747315975164076,-0.12308518900744621,0.7517419289571188,0.15993984702027028,-0.32963239292353214,0.4962419666495367,0.010903057939788458,0.9705674864972786,0.22480038686055961
coupon,B,202005,79,0.04660178915304466,0.8501703992210321,-0.17071073808991882,0.8297468354430381,-0.207794745514792,-0.3890944498539435,0.4763744405007751,0.0034566613049371153,0.9933952037762541,0.18533081358099007
coupon,B,202006,78,0.05727605853049273,0.9296652714374234,-0.17423420060160283,0.8756180528332427,0.12971007462477052,-0.3146853146853147,0.44492618084478724,-0.04989510670518712,1.0050901079287573,0.1673716180415116
coupon,B,202007,76,0.07636710519282884,0.9289131920710868,-0.1722435551149121,0.9200546821599452,-0.005531070365346513,-0.34840738209159255,0.4050631168429077,-0.08224926450526669,1.0307965167336002,0.1420659187289986
coupon,B,202008,73,0.07770946787062755,0.9608786869060844,-0.1580149171694248,0.9009317536714797,0.20234748096358476,-0.2174194742687894,0.37369225554067226,-0.10520393124228948,0.9888172352505066,0.10778978066217047
coupon,B,202009,59,0.022670417114400883,0.9292226767971947,-0.1794887804613031,0.8801285797779077,-0.04988077564060039,0.007890122735242549,0.36037325290386335,-0.09734882976951782,0.9894424948913895,0.0841255223860832
duration,AAA,200307,24,0.7478260869565216,0.9017391304347826,-0.09565217391304347,0.33391304347826084,0.5478260869565217,0.21391304347826084,0.10717931412009284,0.0031031322995010756,0.819011314160513,0.5009897608627669
duration,AAA,200308,24,0.5434782608695652,0.7556521739130433,-0.4391304347826086,-0.06956521739130435,-0.20173913043478262,-0.2026086956521739,0.10717931412009284,0.0031031322995010756,0.819011314160513,0.5009897608627669
duration,AAA,200309,26,0.5644444444444444,0.8119658119658119,-0.1794871794871795,0.3839316239316239,0.4092307692307692,0.3374358974358974,0.08731974398429618,0.01147792865224727,0.7176881768770093,-0.7103484564728783
duration,AAA,200310,26,0.44820512820512814,0.8543589743589743,-0.33948717948717944,0.3333333333333333,0.11316239316239315,0.28957264957264955,0.08731974398429618,0.01147792865224727,0.7176881768770093,-0.7103484564728783
duration,AAA,200311,25,0.28384615384615386,0.6900000000000001,-0.48,0.17846153846153845,-0.09153846153846153,0.10999999999999999,0.08731974398429618,0.01147792865224727,0.7176881768770093,-0.7103484564728783
duration,AAA,200312,25,0.20076923076923076,0.763076923076923,-0.5092307692307693,0.3723076923076923,0.06846153846153846,-0.014615384615384615,0.08731974398429618,0.01147792865224727,0.7176881768770093,-0.7103484564728783
duration,AAA,200401,27,0.5256410256410257,0.6776556776556776,-0.39010989010989006,0.29242979242979245,0.4206349206349206,-0.12271062271062269,0.08731974398429618,0.01147792865224727,0.7176881768770093,-0.7103484564728783
duration,AAA,200402,28,0.5769020251778874,0.7706622879036672,-0.12807881773399013,0.3196496989600438,0.4690749863163656,0.5429666119321293,0.0834388006485952,0.0006629017114512417,0.6137620230519347,-0.6117887865797779
duration,AAA,200403,29,0.13103448275862067,0.569950738916256,-0.5379310344827586,0.21871921182266005,0.038423645320197035,0.09802955665024629,0.0834388006485952,0.0006629017114512417,0.6137620230519347,-0.6117887865797779
duration,AAA,200404,27,0.43345543345543347,0.8888888888888888,-0.304029304029304,0.5915750915750917,0.540903540903541,0.7026862026862026,0.0834388006485952,0.0006629017114512417,0.6137620230519347,-0.6117887865797779
duration,AAA,200405,31,0.4693548387096774,0.8911290322580647,-0.1625,0.6350806451612904,0.3782258064516129,0.4274193548387098,0.07536495832642928,-0.0094039882116378,0.5619145090323258,-0.6765181396134833
duration,AAA,200406,33,0.6099598930481284,0.6925133689839572,-0.20855614973262035,0.3693181818181818,0.5795454545454546,0.2446524064171123,0.07536495832642928,-0.0094039882116378,0.5619145090323258,-0.6765181396134833
duration,AAA,200407,34,0.5700534759358289,0.841405653170359,-0.2186401833460657,0.4047364400305577,0.4863254392666157,0.5669977081741787,0.07536495832642928,-0.0094039882116378,0.5619145090323258,-0.6765181396134833
duration,AAA,200408,34,0.4844919786096256,0.8178762414056532,-0.39251336898395717,0.26264323911382736,0.3485103132161956,0.5712757830404889,0.07788447554007752,0.006562238658619687,0.5641940416628832,-0.45711221100839444
duration,AAA,200409,33,0.6039438502673797,0.8422459893048129,-0.3068181818181818,0.3673128342245989,0.45421122994652413,0.5899064171122995,0.07509808448910484,0.04582438862717713,0.5797255300498585,-0.2550977269719753
duration,AAA,200410,33,0.5284090909090909,0.7523395721925135,-0.3145053475935829,0.134024064171123,0.2927807486631016,0.31183155080213903,0.07060905068363951,0.030135608528756682,0.580290501084173,-0.2102151278962144
duration,AAA,200411,34,0.22505729564553092,0.7448433919022154,-0.6623376623376623,0.03590527119938884,-0.307868601986249,-0.07135217723453018,0.07211139921895816,0.06668924511805063,0.6234914280824578,0.24058764577376637
duration,AAA,200412,34,0.2828113063407181,0.8389610389610389,-0.5993888464476699,0.41298701298701296,0.2968678380443086,0.18288770053475933,0.07262782211470573,0.07517495203593845,0.7382848439394061,-0.1424551005078593
duration,AAA,200501,36,0.5253539253539253,0.7091377091377092,-0.44967824967824965,0.3516087516087516,0.39794079794079795,-0.003861003861003861,0.0746873146547111,0.11677852445124876,0.8271114463872219,0.08889263520385134
duration,AAA,200502,36,0.36190476190476195,0.8872586872586873,-0.6324324324324325,0.1528957528957529,-0.19613899613899616,0.007464607464607464,0.0723182854873852,0.11845245813570662,0.8695210439923015,0.3556901782534832
duration,AAA,200503,35,0.5352941176470588,0.8089635854341737,-0.2658263305322129,0.5072829131652662,0.592156862745098,0.2081232492997199,0.0666593552614241,0.09625456522981814,0.8118249823858896,-0.2560700771348807
duration,AAA,200504,38,0.28175949228580804,0.7155049786628734,-0.10121457489878542,0.5207353102089946,0.06751285698654119,0.11281321807637597,0.06527406620207628,0.10287916086845038,0.8090041355461448,-0.19726541221053778
duration,AAA,200505,38,0.4253200568990043,0.8400262610788926,-0.1417004048582996,0.49009738483422693,0.22858080752817594,0.26534631797789693,0.06322778065784011,0.09508493782002617,0.8206929435088689,-0.3985751030716782
duration,AAA,200506,38,0.5237991027464711,0.823394244446876,0.18437465805886855,0.7058759164022321,0.355728197833461,0.16533537586169164,0.05634514103811414,0.11141065368890751,0.7941751470712268,-0.49300923719106066
duration,AAA,200507,43,0.5646330413772275,0.8415886439142253,0.12518876472364845,0.6439142253095741,0.24041075203865903,0.2355783751132588,0.046753565623074686,0.05296010280614861,0.6911001402333603,-0.264338319030751
duration,AAA,200508,43,0.509211718514044,0.9080338266384779,0.20884929024463905,0.7826940501359105,0.37405617638175775,0.7222893385684083,0.042492909153116945,0.02462282689275518,0.5680388898611862,0.1695123145798309
duration,AAA,200509,43,0.6837813349441257,0.7192691029900332,0.24237390516460286,0.5854726668680158,0.373301117487164,0.0025672002416188464,0.043401233430623916,0.011027635213020264,0.5891177266642864,0.13603231226719395
duration,AAA,200510,43,0.6499546964663243,0.8686197523406824,0.5483237692540018,0.8341890667472063,0.514799154334038,0.6303231652068861,0.018405537025872998,0.016980634594329136,0.38825574728835055,0.09376023036724626
duration,AAA,200511,45,0.67364953886693,0.9227931488801053,0.5578392621870882,0.8980237154150197,0.6753623188405796,0.7953886693017127,0.015731160442051206,-0.0063632124470598675,0.34863673022819186,0.17172359588126854
duration,AAA,200512,45,0.6187088274044795,0.7550724637681159,0.4446640316205533,0.6648221343873517,0.4661396574440052,0.4376811594202898,0.017731109610022347,-0.018827441864092978,0.3427822796148389,0.26903454030869356
duration,AAA,200601,46,0.6651248843663274,0.7350601295097132,0.5083564600678384,0.6696885599753315,0.6138143694110391,0.5732346592661116,0.024964037124474255,0.011069805280854769,0.3374455113601742,0.42173178177337417
duration,AAA,200602,48,0.43497611810681713,0.708315240990013,0.2555362570560139,0.6095310464611376,0.276595744680851,0.46537125488493264,0.025401214680407527,0.026056743311756492,0.4456368175347275,0.4265454785051669
duration,AAA,200603,46,0.7101449275362318,0.6980573543015726,0.6171446191797718,0.6949737897008942,0.6468701819303114,0.43225408572309587,0.023088216426831416,0.030603856341306048,0.4427977605729418,0.29317675101453256
duration,AAA,200604,46,0.8003083564600677,0.7350601295097132,0.33160653715695343,0.4727104532839963,0.4702436016034536,0.13919210607462226,0.04651118788557533,0.11725106036108106,0.7206234600222032,-0.03302253009986089
duration,AAA,200605,47,0.7606382978723405,0.7284921369102684,0.42414431082331183,0.5158418131359853,0.439986123959297,0.2767113783533765,0.04611582789717001,0.13706607333484067,0.7420442294462977,0.8557483611738537
duration,AAA,200606,47,0.7724329324699353,0.8149861239592969,0.5895004625346901,0.6848982423681776,0.5422062904717855,0.46080018501387604,0.04169535564964559,0.09151170317823056,0.7299879845640093,0.7165821513062403
duration,AAA,200607,48,0.689969604863222,0.7308944854537559,0.4154363873208858,0.5437472861485019,0.08575770733825445,-0.005536257056013895,0.038054237238181146,0.07424768496295873,0.7895753738981076,0.5515033687294507
duration,AAA,200608,48,0.7430525401650021,0.8024316109422492,0.39025184541901864,0.5709943551888841,0.006730351715154147,-0.16739036039947894,0.03643328660181117,0.06546705116345342,0.7865648908133376,0.658638192560942
duration,AAA,200609,48,0.49587494572297003,0.6385149804602692,0.14361702127659573,0.38004776378636557,0.10594876248371689,-0.004559270516717325,0.033166691691218345,0.04943885842627114,0.741800905923079,0.6829423614267897
duration,AAA,200610,48,0.7224272687798523,0.6794398610508033,0.38873208858011293,0.5937907077724706,0.4434433347807208,-0.02735562310030395,0.03216865844664862,0.029172847548661833,0.7320747996534357,0.6409258764133324
duration,AAA,200611,49,0.6172448979591836,0.7686734693877552,0.5243877551020408,0.7333673469387754,0.4418367346938775,0.4803061224489795,0.01092023470758728,0.05431731427086956,0.4982532440340512,-0.6655853532044242
duration,AAA,200612,50,0.4329891956782713,0.5868427370948379,0.3473229291716686,0.5465066026410563,0.1562064825930372,0.10770708283313324,0.012609003272908795,0.019152024102258604,0.539697888327365,-0.3744655238849445
duration,AAA,200701,49,0.6939795918367346,0.7308163265306121,0.6530612244897959,0.7160204081632653,0.5491836734693877,0.36193877551020404,0.014876307706107877,-0.00917860525801325,0.5548464328772951,0.17001769808349912
duration,AAA,200702,48,0.3826530612244898,0.5412505427702996,0.23827616152844117,0.43736430742509774,0.15892314372557534,0.28788536691272254,0.016452786167716775,-0.006465876412005897,0.5361019027409496,0.7040431690130079
duration,AAA,200703,48,0.5623100303951368,0.7269865392965696,0.39166304819800263,0.6498046026921406,0.3941597915762049,0.09693877551020409,0.02057345308421648,-0.06181088013547808,0.6084153578140695,0.8037298627950054
duration,AAA,200704,49,0.652142857142857,0.7442857142857142,0.4236734693877551,0.695204081632653,0.4299999999999999,0.2186734693877551,0.023253654635325586,-0.05504421386081617,0.5549150167879258,1.1738763133911883
duration,AAA,200705,50,0.689891956782713,0.7813205282112845,0.1762785114045618,0.45210084033613446,0.38458583433373345,0.27433373349339735,0.044008675372510186,-0.03878407744612376,0.7114720933447375,0.9249403258262477
duration,AAA,200706,49,0.6464285714285714,0.6223469387755102,0.3154081632653061,0.36193877551020404,0.5072448979591837,0.34091836734693876,0.047428731623774374,-0.030424390953502044,0.7354301357877507,0.9266037929063157
duration,AAA,200707,50,0.6586794717887153,0.7210084033613444,0.2024969987995198,0.42540216086434574,0.06698679471788715,-0.026842737094837935,0.04837046502179761,-0.018029151259835893,0.7009495899365803,1.0984188182686923
duration,AAA,200708,50,0.2138295318127251,0.7092917166866746,-0.35020408163265304,0.2993037214885954,-0.44835534213685474,-0.019735894357743092,0.04826411128906791,-0.009128360681369055,0.7350853026260384,0.4241363691559673
duration,AAA,200709,53,0.08740525721657796,0.7441541686824706,-0.3873568779229156,0.581277213352685,0.031688437348814706,0.2511691662635059,0.04167252061698089,0.000505497496055717,0.6631315222192686,0.7000148252489047
duration,AAA,200710,54,0.6204307223175146,0.48130360205831896,0.010558414331999236,0.3499523537259386,0.5178197064989517,-0.20678482942633883,0.0419566290799082,-0.02405137116832785,0.7389526806355429,0.24093708582903842
duration,AAA,200711,56,-0.09446343130553657,0.3267259056732741,-0.44162679425837326,0.024401913875598088,-0.3772385509227615,-0.07682843472317157,0.04219201823784547,-0.009992982661465751,0.6487072399823178,0.9696030116311553
duration,AAA,200712,55,0.2630591630591631,0.43975468975468984,-0.24776334776334782,0.4692640692640694,0.3098124098124099,-0.0357864357864358,0.043788920739601826,-0.003841875777358246,0.6308577533834119,1.6052673458469071
duration,AAA,200801,54,0.5619592147894035,0.6028206594244329,0.25679435868115114,0.5696588526777205,0.49060415475509805,0.24246235944349148,0.04781293594644485,0.041796125508526835,0.7227036429526267,1.369089446158759
duration,AAA,200802,55,0.3815295815295816,0.7285714285714288,0.15923520923520929,0.617821067821068,0.14971139971139977,0.3618326118326119,0.049872718440285034,0.05177379238711238,0.6815279697929081,1.2761918775079077
duration,AAA,200803,56,0.3610389610389611,0.8594668489405332,0.0010252904989747097,0.7546138072453862,0.059876965140123035,0.09876965140123035,0.05642890200927839,0.11523227190992834,0.6903822271898081,1.296000704413338
duration,AAA,200804,55,0.3661616161616163,0.8134199134199136,-0.14920634920634923,0.613852813852814,0.0018037518037518042,0.1262626262626263,0.05345321476427009,0.06042153351307125,0.68803815342354,1.1701150615693945
duration,AAA,200805,55,0.6616161616161618,0.7911255411255413,0.4075036075036076,0.7356421356421359,0.6987012987012988,0.2424242424242425,0.05308519541594335,0.0598329765604321,0.7094225991583847,1.2169471523039792
duration,AAA,200806,56,0.6503759398496242,0.9165413533834588,0.46295283663704717,0.8423103212576897,0.45796308954203696,0.5962406015037595,0.05070143980094516,0.04476290763870883,0.7007252313892065,1.17616937427154
duration,AAA,200807,56,0.6112781954887218,0.7887218045112783,0.4760082023239918,0.7684210526315789,0.5849624060150377,0.6125768967874231,0.04339026350041987,-0.027829344645804884,0.5959935150381109,0.9896446743702366
duration,AAA,200808,57,0.5495203526056521,0.8317993259009594,0.3520871143375681,0.7673061965257973,0.15270935960591134,0.2978999222193415,0.04170214697256757,-0.06995207067529759,0.6418688535121733,1.0846456840180025
duration,AAA,200809,57,-0.28811252268602544,0.17260824474980554,-0.3597355457609541,0.17636764324604615,-0.47024889810733733,-0.0049261083743842365,0.034363335254495565,-0.06382086800252794,0.5971809839081496,0.7987873094513732
duration,AAA,200810,55,-0.0798701298701299,0.6635642135642137,-0.14393939393939398,0.6678932178932181,-0.09884559884559888,0.32308802308802315,0.035676356454894996,-0.08052407338924233,0.5968511537653678,1.1839413514300394
duration,AAA,200811,55,-0.22770562770562777,0.8448773448773451,-0.28701298701298705,0.8432178932178934,-0.33434343434343444,0.2480519480519481,0.03393017630836973,-0.09658779663464682,0.563696750163806,0.9782735834795333
duration,AAA,200812,55,0.2410533910533911,0.671861471861472,0.13585858585858587,0.686868686868687,0.4774891774891776,0.16450216450216454,0.034103860929476926,-0.11864274708611838,0.5732865620919322,0.8501870504137008
duration,AAA,200901,58,0.3564243747885201,0.8632993940139655,0.2827217078347534,0.8408440739487527,0.27718477959949556,0.5637515764865114,0.0269084356932518,-0.11935464308316518,0.5864268973229688,0.5440487843093734
duration,AAA,200902,56,0.25304169514695835,0.9420369104579631,0.24388243335611762,0.9358168147641832,0.12870813397129188,0.7824333561175667,0.028587474114608352,-0.1072258368391376,0.3995632479546463,0.5292319952898498
duration,AAA,200903,17,0.22794117647058826,0.8995098039215688,-0.21813725490196081,0.8259803921568629,0.36274509803921573,0.27941176470588236,0.03183968882163687,-0.09701644213271092,0.4384642257325618,0.6954219533043093
duration,AAA,200904,20,0.37293233082706767,0.9142857142857143,0.05864661654135337,0.8436090225563909,0.41654135338345866,0.6240601503759398,0.020855382678953205,-0.07865910757452424,0.4743686930384293,0.21953952986550768
duration,AAA,200905,19,0.487719298245614,0.719298245614035,0.2964912280701754,0.7456140350877193,0.28596491228070176,0.1736842105263158,0.02149046583807289,-0.06991534521476503,0.39092100303847255,0.5728576171496255
duration,AAA,200906,19,0.22280701754385965,0.8578947368421052,0.21228070175438596,0.8684210526315789,0.12456140350877193,0.7087719298245614,0.011499262474986376,-0.10052508775117447,0.3827567553167596,0.4010466236659702
duration,AAA,200907,22,0.3122529644268775,0.8870694522868439,0.1485036702428007,0.8712591756070017,0.313382269904009,0.7752682100508189,0.01151115193441023,-0.07676208051863213,0.39885549382979585,0.8376672486234423
duration,AAA,200908,22,0.46583850931677023,0.8204404291360814,0.32128740824393004,0.8147939017504237,0.4477696216826652,0.5381140598531904,0.014617693440678967,-0.03848698580767286,0.5072570958426638,0.7571159050232951
duration,AAA,200909,22,0.7199322416713722,0.6905702992659515,0.39582156973461324,0.6600790513833994,0.4726143421795596,0.04912478825522304,0.019638880051516778,-0.023279344836092085,0.6060116396840488,0.7479853230693614
duration,AAA,200910,17,0.7622549019607844,0.7720588235294118,0.45098039215686275,0.5686274509803922,0.6862745098039217,0.4534313725490197,0.02471391741981275,-0.005058533552922945,0.6314936758595924,0.48623045588847463
duration,AAA,200911,18,0.564499484004128,0.8802889576883385,0.25902992776057787,0.6862745098039216,-0.038183694530443756,0.28792569659442724,0.024294439246798454,-0.01008132133646511,0.729264630729958,0.40137211333192585
duration,AAA,200912,18,0.283797729618163,0.7853457172342622,-0.3065015479876161,0.38493292053663575,-0.3333333333333333,-0.16202270381836945,0.0378263272535537,-0.008662084332586148,0.7784199943742249,0.10401937504651149
duration,AAA,201001,17,0.37500000000000006,0.7745098039215688,-0.4607843137254902,0.34313725490196084,0.07352941176470588,-0.3651960784313726,0.052406703817073616,0.0014521295983872758,0.9051746360360697,-0.07366401969407281
duration,AAA,201002,9,0.8166666666666667,0.9833333333333333,-0.41666666666666663,0.03333333333333333,0.8166666666666667,0.6,0.056508501156307865,-0.019400095809008987,0.8340407711736534,-0.35027424350010966
duration,AAA,201003,9,0.8666666666666667,0.9500000000000001,-0.48333333333333334,-0.2333333333333333,0.5166666666666667,0.6333333333333333,0.060698631736503285,-0.011710418139358351,0.7425494385004843,-0.2198707349205108
duration,AAA,201004,9,0.8166666666666667,0.9500000000000001,0.41666666666666663,0.7166666666666667,0.5666666666666667,0.6666666666666667,0.04022171504057452,-0.015842781536562708,0.6654376857089912,-0.42070969230996835
duration,AAA,201005,9,0.5666666666666667,0.9166666666666666,0.4666666666666666,0.8499999999999999,0.33333333333333337,0.6166666666666666,0.025721865755236422,-0.026009845281945235,0.6769017331103262,-0.08489961927879251
duration,AAA,201006,9,0.8666666666666667,0.8166666666666667,0.7833333333333333,0.8333333333333333,0.5666666666666667,0.049999999999999996,0.00048325028006343957,0.003984132618291373,0.6744052516924526,-0.18271265818560162
duration,AAA,201007,9,0.7999999999999999,0.9500000000000001,0.7999999999999999,0.9500000000000001,0.6666666666666667,0.7666666666666667,-0.009950919659272067,-0.0011096068515760859,0.6492810631618635,-0.09269104450245479
duration,AAA,201008,9,0.8499999999999999,0.8833333333333333,0.8499999999999999,0.8833333333333333,0.8166666666666667,0.8499999999999999,-0.009546106922661822,0.015756684169208845,0.6990886535702565,-0.10605958561838592
duration,AAA,201009,10,0.8666666666666665,0.9272727272727272,0.8666666666666665,0.9272727272727272,0.8303030303030302,0.6121212121212121,-0.012707238000905275,0.027505594160845057,0.7963546577114422,-0.08065842775692873
duration,AAA,201010,10,0.8909090909090909,0.9393939393939393,0.8909090909090909,0.9393939393939393,0.7454545454545454,0.6606060606060605,0.0012138028913699784,0.0299481693786967,0.77190376221114,-0.10723237931296374
duration,AAA,201011,11,0.790909090909091,0.9545454545454546,0.5727272727272729,0.8454545454545455,0.21818181818181823,0.4090909090909091,0.01591654595637382,0.02688138199693945,0.7940270677549257,-0.1424092621908288
duration,AAA,201012,11,0.8909090909090911,0.790909090909091,0.28181818181818186,0.3545454545454546,0.39090909090909093,0.05454545454545456,0.03855020736750609,0.030357198686696906,0.821362945901369,-0.17051448724398616
duration,AAA,201101,11,0.9181818181818183,0.8636363636363636,-0.26363636363636367,-0.06363636363636364,0.03636363636363637,-0.26363636363636367,0.04169225708684527,0.043616226480159725,0.8771133799659734,-0.3548674266457411
duration,AAA,201102,11,0.9272727272727275,0.9090909090909091,0.19090909090909092,0.20909090909090913,0.009090909090909092,-0.10909090909090911,0.033484008101053356,0.0259069841202176,0.8435570986660237,-0.30215603001060204
duration,AAA,201103,12,0.8111888111888113,0.9370629370629372,0.2797202797202798,0.5104895104895105,0.6433566433566434,0.7342657342657343,0.029324479933027347,-0.01823489057183716,0.5904046371815473,-0.13012441067332423
duration,AAA,201104,12,0.8111888111888113,0.9230769230769231,-0.1398601398601399,0.2657342657342658,0.49650349650349657,0.43356643356643365,0.03681949470578592,0.0024909365579121405,0.6781804492220531,0.11156439774998081
duration,AAA,201105,12,0.7902097902097903,0.9090909090909092,0.2377622377622378,0.44755244755244755,0.5594405594405596,0.6643356643356644,0.03971509762638663,0.005094774904030381,0.6921917937484401,0.13540188727787333
duration,AAA,201106,12,0.6503496503496504,0.9300699300699302,-0.027972027972027972,0.3636363636363637,0.3216783216783217,0.5944055944055945,0.0385718564840074,-0.01739047602832966,0.8130062949162394,-0.22709419765611782
duration,AAA,201107,12,0.5664335664335665,0.9790209790209792,-0.1328671328671329,0.5454545454545455,0.44055944055944063,0.7832167832167832,0.036709183677792086,-0.031930658033061415,0.7741262403482916,0.07344733081896569
duration,AAA,201108,12,0.7482517482517484,0.8251748251748254,0.2797202797202798,0.7062937062937064,0.7412587412587414,0.4895104895104896,0.036103560998185805,-0.0456019295697735,0.7443344612958696,-0.06820324791960111
duration,AAA,201109,12,0.8251748251748254,0.9300699300699302,0.4685314685314686,0.7902097902097903,0.7342657342657343,0.49650349650349657,0.036734699959952655,-0.04332723025721295,0.7101407371513316,0.06383708503238571
duration,AAA,201110,12,0.7482517482517484,0.9090909090909092,0.02097902097902098,0.37762237762237766,-0.09090909090909093,-0.11188811188811189,0.036693017916111716,-0.053199542509687,0.7870615783156386,-0.4132083399974517
duration,AAA,201111,12,0.8251748251748254,0.8881118881118882,0.5944055944055945,0.8671328671328673,0.8671328671328673,0.7902097902097903,0.037515230731855184,-0.05321701912995584,0.7828614671382341,-0.380710248482868
duration,AAA,201112,12,0.7412587412587414,0.8461538461538463,0.2937062937062937,0.4825174825174825,0.2517482517482518,0.3076923076923077,0.03943994510465812,-0.01610081906759976,0.7605076120921631,0.10217669814884275
duration,AAA,201201,12,0.7762237762237763,0.8951048951048951,0.5034965034965035,0.7552447552447553,0.6503496503496504,0.2517482517482518,0.04483765042793875,-0.02489370082948476,0.8154524735030978,0.22742033271350248
duration,AAA,201202,12,0.7482517482517484,0.9370629370629372,-0.04195804195804196,0.41958041958041964,-0.04895104895104895,0.18881118881118883,0.049509093231659036,-0.02569912588968601,0.8864283538591617,-0.6392613547271162
duration,AAA,201203,12,0.7902097902097903,0.965034965034965,0.1398601398601399,0.5804195804195805,0.4895104895104896,0.43356643356643365,0.05150951421498336,-0.04826605337565955,0.9577234070280043,-0.49836518137250496
duration,AAA,201204,12,0.7342657342657343,0.9580419580419581,-0.2027972027972028,0.3706293706293707,-0.15384615384615385,-0.034965034965034975,0.05201060013335703,-0.026461328142372575,0.9576395158422789,-0.34108392693634304
duration,AAA,201205,12,0.34965034965034975,0.6153846153846154,-0.22377622377622378,0.3216783216783217,0.18881118881118883,0.06993006993006995,0.05056964895669406,-0.05463772215626844,0.9265154062202315,-0.453546019220085
duration,AAA,201206,12,0.6573426573426573,0.7832167832167832,-0.4125874125874127,0.4825174825174825,0.04195804195804196,-0.20979020979020982,0.04852228434220501,-0.06359220894167468,0.9217084020877218,-0.6552812029076331
duration,AAA,201207,12,0.31468531468531474,0.7692307692307694,-0.8741258741258742,-0.5594405594405596,-0.35664335664335667,-0.6223776223776225,0.04722364873218448,-0.07182562035679872,0.933411721807703,-0.6246664096424219
duration,AAA,201208,11,0.7545454545454545,0.8272727272727273,-0.21818181818181823,0.17272727272727276,0.5,0.39090909090909093,0.04638474620053183,-0.06024828830184609,0.9213718341065279,-0.4216743384087814
duration,AAA,201209,11,0.1272727272727273,0.5,-0.6636363636363638,-0.17272727272727276,-0.790909090909091,-0.5454545454545455,0.04307889525781607,-0.01475369106041237,0.8736312052666201,-0.13395413830063518
duration,AAA,201210,11,0.5272727272727273,0.8090909090909091,-0.27272727272727276,0.8000000000000002,0.8000000000000002,0.18181818181818182,0.040332439630200674,0.004429165072287743,0.8692974713513063,0.19987019489925045
duration,AAA,201211,11,0.7636363636363637,0.8000000000000002,0.5454545454545455,0.7818181818181819,0.7090909090909092,0.5454545454545455,0.0379691134264856,0.032684424883124626,0.8651122230524668,0.7625754631370643
duration,AAA,201212,13,0.6978021978021978,0.967032967032967,0.2857142857142857,0.7197802197802198,-0.010989010989010988,-0.07142857142857142,0.03840116197655609,0.020772121043820944,0.9134194302652416,0.5549606527204556
duration,AAA,201301,13,0.7252747252747254,0.967032967032967,0.24175824175824176,0.7802197802197801,-0.0879120879120879,-0.3681318681318681,0.03872264948631061,0.010538416240802088,0.9484885273339931,0.22164267162372936
duration,AAA,201302,13,0.7857142857142857,0.9395604395604396,0.35714285714285715,0.7912087912087913,0.23626373626373626,0.03846153846153846,0.03854537387359469,0.01343038832905852,0.9699733567557839,0.48513476118301413
duration,AAA,201303,13,0.7417582417582418,0.967032967032967,0.03846153846153846,0.4725274725274725,-0.0879120879120879,0.06593406593406594,0.04153534695179641,-0.010249770523374257,1.0195290662235312,-0.3658730366967135
duration,AAA,201304,13,0.46153846153846156,0.7417582417582418,-0.11538461538461539,0.4340659340659341,-0.4340659340659341,-0.6703296703296703,0.04533135001301154,-0.015167972231378153,1.0232812418469603,-0.6810896865168248
duration,AAA,201305,12,0.7132867132867133,0.9230769230769231,0.027972027972027972,0.49650349650349657,0.17482517482517487,0.1188811188811189,0.046017107819333165,-0.037938484511674406,0.9540038951236007,0.06668482689720187
duration,AAA,201306,13,0.7362637362637362,0.967032967032967,0.005494505494505494,0.5824175824175823,-0.016483516483516484,0.016483516483516484,0.048900424042664495,-0.028785563208416153,0.9830253066091726,-0.08385108018413012
duration,AAA,201307,13,0.6868131868131868,0.9725274725274725,-0.054945054945054944,0.5164835164835164,-0.2912087912087912,-0.2967032967032967,0.05047247238192633,-0.024033577117659587,0.9604845705667634,0.28919092488164483
duration,AAA,201308,13,0.7747252747252747,0.945054945054945,0.11538461538461539,0.6373626373626374,0.7582417582417583,0.6373626373626374,0.052989139359827894,-0.02027180860840436,0.9399426090871341,-0.010319937963470586
duration,AAA,201309,13,0.8021978021978022,0.8571428571428571,-0.049450549450549455,0.23626373626373626,0.12637362637362637,-0.07692307692307691,0.05292221354866512,-0.023655941426536854,0.9204037599330566,-0.285355302837099
duration,AAA,201310,13,0.7692307692307693,0.945054945054945,0.1868131868131868,0.6703296703296703,0.42857142857142855,0.47802197802197804,0.052898923744357715,-0.013712339016011064,0.925270325161518,-0.1430228286763661
duration,AAA,201311,13,0.7087912087912087,0.9230769230769231,-0.12087912087912088,0.39010989010989006,-0.15934065934065936,-0.3021978021978022,0.055007789473126754,-0.005663891600254296,0.9689709696802288,0.21666888408146848
duration,AAA,201312,13,0.4725274725274725,0.7307692307692307,-0.6098901098901099,-0.12637362637362637,-0.5274725274725275,-0.48901098901098894,0.051318538854092224,-0.009654505564933837,0.9130202024567874,0.1894153801307361
duration,AAA,201401,18,0.7729618163054695,0.7812177502579979,0.07533539731682146,0.38906088751289986,0.7110423116615068,0.3787409700722394,0.04941542976336163,-0.015800952044137676,0.8783911424251909,0.1093259786136516
duration,AAA,201402,18,0.7069143446852425,0.9793601651186791,0.48194014447884415,0.8761609907120743,0.3023735810113519,0.41589267285861714,0.029956322329083105,-0.050177829845176256,0.8817887293223833,-0.390262510195003
duration,AAA,201403,18,0.7234262125902993,0.9463364293085655,0.3787409700722394,0.8121775025799793,0.4303405572755417,0.2714138286893705,0.028805376841670793,-0.040022874356363716,0.7155032539844038,-0.8222237847512927
duration,AAA,201404,19,0.7649122807017543,0.9508771929824561,0.6473684210526316,0.9192982456140351,0.7157894736842104,0.8508771929824561,0.022740899753347987,-0.05444864556707635,0.6575922245097028,-0.5063666289360943
duration,AAA,201405,18,0.7254901960784313,0.9669762641898865,0.651186790505676,0.9463364293085655,0.7027863777089782,0.8617131062951496,0.01953009313157838,-0.061456536288014084,0.6336132479654725,-0.6655583361086254
duration,AAA,201406,18,0.7977296181630547,0.890608875128999,0.6986584107327141,0.8761609907120743,0.6821465428276574,0.5748194014447885,0.021935360694297936,-0.061984576604403256,0.6541526428482576,-0.0763671312272704
duration,AAA,201407,18,0.8637770897832818,0.9463364293085655,0.7358101135190918,0.9236326109391124,0.5748194014447885,0.5810113519091847,0.022884545315178934,-0.0326277826068871,0.6845737643495133,-0.6941205361358711
duration,AAA,201408,18,0.8183694530443757,0.9711042311661506,0.5686274509803922,0.8183694530443757,0.696594427244582,0.8018575851393188,0.04214704990163648,0.003503194399286391,0.6964234375754589,-1.315512581547513
duration,AAA,201409,18,0.7956656346749225,0.9649122807017543,0.5046439628482973,0.7977296181630547,0.19711042311661509,0.22187822497420018,0.04314313560000835,0.02670320492983975,0.9162515677482409,-0.31247376672406824
duration,AAA,201410,18,0.7027863777089782,0.9215686274509803,0.2507739938080495,0.6491228070175438,0.04437564499484004,0.24045407636738902,0.047785041200600384,0.02036681991281666,0.98142548178929,-0.6384057465532981
duration,AAA,201411,18,0.7378740970072238,0.9484004127966976,0.3931888544891641,0.8596491228070176,0.3415892672858617,-0.013415892672858616,0.04742138566600048,0.009973515464428116,0.9530384961574212,-0.9153340831367507
duration,AAA,201412,18,0.7585139318885449,0.9504643962848297,0.4592363261093911,0.9091847265221877,0.413828689370485,0.5335397316821465,0.047083389405248026,0.006483121884205813,0.9378526364380386,-0.858023615448263
duration,AAA,201501,18,0.8328173374613003,0.9649122807017543,0.6429308565531475,0.9256965944272446,0.6594427244582043,0.23426212590299278,0.04815115033559509,0.007529603548364511,0.9540344277536935,-0.8019037811366168
duration,AAA,201502,18,0.8534571723426212,0.9711042311661506,0.6718266253869969,0.8988648090815273,0.3415892672858617,0.4179566563467492,0.04891632428644475,0.0036505013403163485,0.9561612807507777,-0.7833851841826778
duration,AAA,201503,24,0.8591304347826085,0.9782608695652173,0.5747826086956522,0.8426086956521738,-0.40086956521739125,-0.45652173913043476,0.05099222156811376,0.017962882511122647,0.9807621899053769,-0.6309506560278552
duration,AAA,201504,28,0.8516694033935412,0.9573070607553366,0.4460864805692392,0.7723043240284619,0.4389709906951286,0.5774493705528188,0.05244026444003434,0.014571768716491651,0.9500431323669067,-0.1969845160346049
duration,AAA,201505,28,0.8724685276409413,0.9835796387520527,0.5309250136836344,0.8593322386425835,0.23152709359605914,-0.06403940886699507,0.057725378845274115,0.02913317509708407,0.9859357245083241,-0.25891924887010703
duration,AAA,201506,28,0.8511220580186097,0.9792008757525997,0.31800766283524906,0.6803503010399562,-0.37383689107827034,-0.45867542419266555,0.05812930210781821,0.03322742215520171,0.9575673629265602,-0.17740946211726324
duration,AAA,201507,28,0.8680897646414888,0.9759168035030105,0.5413245758073344,0.8511220580186097,0.6622879036672139,0.6655719759168035,0.05295515527051711,0.03925046676796372,0.8681429488834151,-0.1934026659332913
duration,AAA,201508,28,0.8429118773946359,0.9540229885057472,0.4548440065681445,0.7542419266557197,0.4033935413245758,0.41105637657361793,0.05372291106749842,0.030708423756237745,0.8750503101480446,-0.15787498010396525
duration,AAA,201509,28,0.8686371100164203,0.9759168035030105,0.6934865900383141,0.9354132457580733,0.7870826491516147,0.8078817733990148,0.052255543357655615,0.03646533010246603,0.8507039878040683,0.03300260867668025
duration,AAA,201510,28,0.8697318007662834,0.986863711001642,0.6288998357963875,0.8981937602627257,0.6223316912972086,0.7848932676518883,0.05011440958768166,0.028756967470978303,0.8342092471346205,-0.3067809149265552
duration,AAA,201511,28,0.8467432950191571,0.975369458128079,0.685823754789272,0.916256157635468,0.6803503010399562,0.6973180076628351,0.04865384427006025,0.03094638976031336,0.8346935374304422,-0.28706628365090336
duration,AAA,201512,34,0.8701298701298701,0.9728036669213138,0.6895339954163482,0.9107715813598166,0.4964094728800611,0.469213139801375,0.04909687168186354,0.023369118995306484,0.8692282767577184,-0.4305286882577855
duration,AAA,201601,34,0.8796027501909853,0.9813598166539342,0.6965622612681436,0.921161191749427,0.6672268907563025,0.7014514896867837,0.053670648804370495,0.026793232467597093,0.9516442064766657,-0.30857357194899504
duration,AAA,201602,34,0.8722689075630251,0.9853323147440795,0.6669213139801374,0.9071046600458365,-0.0035141329258976317,0.009931245225362872,0.05375118278302572,0.036191498756456546,0.950424134328973,0.06377204237086175
duration,AAA,201603,34,0.8481283422459893,0.977387318563789,0.6137509549274255,0.8670741023682199,-0.09029793735676088,-0.19847211611917495,0.05495241307958362,0.05340649624113965,0.964615271011435,0.0493973167708876
duration,AAA,201604,33,0.8295454545454547,0.9852941176470589,0.5905748663101604,0.8993983957219251,-0.43516042780748665,-0.5671791443850268,0.0576252946709507,0.0790154964731118,0.9929913591223523,0.19313366433844587
duration,AAA,201605,33,0.8552807486631017,0.9679144385026738,0.5655080213903744,0.8696524064171124,-0.29411764705882354,-0.48696524064171126,0.060071852961406325,0.08985288950262735,0.9994292389824158,-0.09242326029802723
duration,AAA,201606,33,0.8760026737967915,0.9639037433155081,0.5855614973262032,0.8502673796791445,0.4936497326203209,0.5163770053475936,0.06105717534770056,0.06384927280279737,0.9787968883610093,-0.2567093271164302
duration,AAA,201607,33,0.8746657754010696,0.9826203208556151,0.5033422459893049,0.8028074866310161,-0.039104278074866314,-0.09391711229946524,0.06323211520247268,0.06211103186980398,1.010344808098118,-0.3942452815047495
duration,AAA,201608,33,0.8639705882352942,0.9802807486631017,0.3900401069518717,0.7072192513368984,-0.40741978609625673,-0.5434491978609626,0.0667890824621202,0.05233238079615151,1.020064825388335,-0.6981788372187343
duration,AAA,201609,39,0.8983805668016195,0.9783400809716599,0.21437246963562756,0.5417004048582996,-0.2589068825910931,-0.39797570850202435,0.06971627661153118,0.05917455788258432,1.0236962233135947,-0.6871845021569994
duration,AAA,201610,39,0.898178137651822,0.9933198380566802,-0.04331983805668016,0.3255060728744939,-0.44291497975708505,-0.599595141700405,0.07154299709595201,0.06873764602623786,0.9990346333046508,-0.8717053399353085
duration,AAA,201611,39,0.9018218623481781,0.9831983805668016,-0.4404858299595142,-0.09736842105263158,-0.6208502024291498,-0.8139676113360325,0.07295116829157033,0.06625507949984873,1.0123140421420045,-0.4342269143361402
duration,AAA,201612,39,0.9026315789473685,0.9734817813765182,-0.5576923076923077,-0.2882591093117409,-0.30202429149797577,-0.38502024291497977,0.0748849430188065,0.04994055829986144,1.013620234067953,-0.16365120533337355
duration,AAA,201701,39,0.8959514170040487,0.9684210526315791,-0.3538461538461539,-0.0665991902834008,0.3746963562753037,0.36032388663967607,0.0744546595814498,0.060320578246379375,0.9793914646616031,0.1445459083436026
duration,AAA,201702,39,0.9192307692307693,0.9605263157894738,-0.18461538461538465,0.1334008097165992,0.27489878542510127,0.039271255060728746,0.07356990447987717,0.057839448276750575,0.9763305647816564,0.2408174501286883
duration,AAA,201703,45,0.9180500658761527,0.9836627140974966,-0.3144927536231884,-0.056521739130434775,-0.007114624505928853,-0.06824769433465086,0.07281320080872083,0.0514462004118453,0.9731256451261147,0.2226583831314181
duration,AAA,201704,49,0.8959183673469386,0.9895918367346938,-0.4331632653061224,-0.11153061224489795,0.05724489795918367,-0.030612244897959183,0.07446317477775018,0.05005584685600668,1.004762444526287,0.4514214548839947
duration,AAA,201705,49,0.8820408163265304,0.9797959183673469,-0.5856122448979592,-0.2708163265306122,-0.3897959183673469,-0.34632653061224483,0.07656111278105701,0.05296295373442052,1.002741646477788,0.5275062100910655
duration,AAA,201706,49,0.8745918367346939,0.9543877551020408,-0.7549999999999998,-0.4821428571428571,-0.4158163265306122,-0.5135714285714286,0.0779120786280497,0.05693169315304369,1.002071041537193,0.5615761903900595
duration,AAA,201707,49,0.791938775510204,0.9619387755102039,-0.8212244897959183,-0.5235714285714285,-0.24346938775510202,-0.23295918367346938,0.08084018834721954,0.06142961739725016,1.0098707115048278,0.2657485031993246
duration,AAA,201708,48,0.8922058184976118,0.9584237950499348,-0.8215371254884932,-0.586734693877551,0.17238384715588362,-0.007598784194528876,0.08610391936912834,0.048039743784494694,1.043713982205804,0.06644540570244481
duration,AAA,201709,48,0.8991532783326095,0.958966565349544,-0.9322622666087711,-0.7592270950933564,-0.4072948328267477,-0.5601389491966999,0.08999092631930104,0.06099305760093968,1.0221300953544439,0.10808731458247525
duration,AAA,201710,48,0.8991532783326095,0.9843682153712549,-0.9355188884064265,-0.7497828918801563,-0.3201259227095093,-0.3851498046026921,0.09105833802329553,0.05625340099406325,0.9979062598536187,-0.030459705467101982
duration,AAA,201711,48,0.9004559270516718,0.9663482414242293,-0.9541901867129831,-0.7927702996092053,-0.2885366912722536,-0.5043421623968737,0.08997368392751946,0.05312558897537677,0.9729174362796117,-0.1846174760456331
duration,AAA,201712,48,0.8981762917933132,0.9527789839339992,-0.9256404689535388,-0.7697568389057751,0.29168475900998697,0.20028224055579677,0.08820040109112597,0.05264458822936608,0.96312285249541,-0.0669939758356299
duration,AAA,201801,48,0.9144594007815892,0.9304168475900999,-0.9648284845853234,-0.8234910985670865,-0.3536691272253582,-0.4945722970039079,0.08801999651952266,0.07356998995824815,0.9837629747002956,0.08077051402795002
duration,AAA,201802,52,0.8995133612225732,0.97677793904209,-0.9552633825663791,-0.8102962520276615,0.2211218304448049,0.20472978741569195,0.08509262848023547,0.06789501590389499,0.9590142492836121,0.14027911221545014
duration,AAA,201803,52,0.8990011098779134,0.9708016733543926,-0.9095022624434389,-0.748569964996158,0.0023051310509690087,-0.09775463160590796,0.08198866606520734,0.08725382524493447,0.9569980382877603,0.3157008640876424
duration,AAA,201804,52,0.9226500469563733,0.9663621617006743,-0.8089302484419022,-0.6544010928028686,0.5674891146589259,0.43199863399641425,0.07920942538925668,0.07353379878496566,0.9621224943587745,0.1937152297133804
duration,AAA,201805,52,0.9018184922735422,0.9702040467856228,-0.8665585247161274,-0.6932468197729019,0.45752582600529323,0.45376931614445487,0.0774351433980183,0.08462701586349922,0.9710555511762778,0.05538217144276703
duration,AAA,201806,52,0.8085887475454622,0.8890122086570478,-0.7349953043626739,-0.48219926577307265,0.2878852556987962,0.17467770852898487,0.0750930738761726,0.0691689245226669,0.9612764601160556,0.11468321834061979
duration,AAA,201807,51,0.8942986425339368,0.9636199095022624,-0.8491402714932126,-0.6780090497737555,0.26135746606334836,0.1758371040723982,0.07117411034160936,0.0632270871174126,0.9332683713321268,-0.2903057962856861
duration,AAA,201808,51,0.8961990950226243,0.9819909502262444,-0.5605429864253394,-0.2898642533936651,0.7406334841628959,0.6887782805429864,0.06867078329247782,0.07015351926286358,0.9377129495171042,-0.19073618043245905
duration,AAA,201809,51,0.8762895927601809,0.9659728506787331,-0.7186425339366515,-0.4885972850678733,-0.23800904977375564,-0.23348416289592758,0.06723581047157488,0.060473378395134225,0.9394882627840112,-0.38447480885211355
duration,AAA,201810,51,0.8652488687782804,0.9735746606334841,-0.71710407239819,-0.4462443438914027,-0.06524886877828054,-0.17565610859728506,0.06552114348265685,0.038137032639449404,0.9398083899411347,-0.5336290501831409
duration,AAA,201811,51,0.8511312217194569,0.9306787330316743,-0.46959276018099544,-0.20479638009049772,0.3678733031674208,0.2836199095022624,0.06443800130271368,0.03535471687510383,0.9519958431817319,-0.3322703953174228
duration,AAA,201812,51,0.8064253393665158,0.9240723981900452,-0.1581900452488688,0.14036199095022622,0.4117647058823529,0.35728506787330316,0.06374714894547029,0.03530621105336587,0.9718115327577213,-0.4171575790500239
duration,AAA,201901,51,0.8171945701357465,0.9583710407239819,-0.21990950226244343,0.22606334841628958,0.1336651583710407,0.1283257918552036,0.06164631625386547,0.03390878258117322,0.9589250737486753,-0.5201958192629055
duration,AAA,201902,51,0.8460633484162895,0.9648868778280543,-0.11149321266968326,0.3375565610859728,0.5183710407239819,0.20271493212669683,0.058063669780380106,0.03330700493632699,0.9435971428361655,-0.747510301392237
duration,AAA,201903,51,0.81710407239819,0.955656108597285,-0.10018099547511312,0.30334841628959275,0.09158371040723981,0.13819004524886874,0.05667048056694822,0.029503260643538875,0.9574939052361396,-0.5626098277078452
duration,AAA,201904,51,0.7306787330316741,0.9156561085972851,-0.19891402714932127,0.2899547511312217,-0.22868778280542984,-0.4283257918552036,0.05489125288504802,0.02952744640586764,0.9480894617086292,-0.5489121071036648
duration,AAA,201905,50,0.8633373349339735,0.9668667466986793,-0.03145258103241296,0.38093637454981993,0.6396638655462185,0.5015606242496999,0.05278415781252668,0.021856611512530467,0.9385104784979776,-0.473924193211187
duration,AAA,201906,50,0.8421128451380552,0.9713805522208883,-0.15591836734693876,0.24139255702280912,-0.011092436974789914,-0.055078031212484994,0.050754815148336796,0.022550267099464907,0.93057316144526,-0.14102317564134897
duration,AAA,201907,50,0.853829531812725,0.9569747899159663,0.15486194477791115,0.4925330132052821,0.6263145258103241,0.487250900360144,0.050356662493321186,0.024304953328119046,0.9573146451161688,-0.3213723901643444
duration,AAA,201908,50,0.8684273709483793,0.9598559423769507,0.34492196878751497,0.6008643457382953,0.6035534213685475,0.5543817527010804,0.04947230990295348,0.023790602231733758,0.9323344055682211,-0.36866371776124834
duration,AAA,201909,50,0.8674669867947179,0.9592797118847539,0.3802641056422568,0.6314045618247298,0.48523409363745496,0.45680672268907563,0.04689214904622759,0.02169279488000716,0.9234086276509786,-0.6937278415893532
duration,AAA,201910,50,0.8623769507803122,0.9513085234093637,0.2905642256902761,0.5441056422569027,-0.2578151260504202,-0.4217527010804321,0.04517136226466068,0.01951072104359101,0.9381118962677136,-0.7697715305177916
duration,AAA,201911,50,0.912797118847539,0.9434333733493396,0.01906362545018007,0.34809123649459783,-0.13171668667466988,-0.29267707082833133,0.04488348941948418,0.010761954193071886,0.9542595874679152,-0.884619628766916
duration,AAA,201912,50,0.7880432172869147,0.8696758703481393,-0.3909243697478992,-0.18463385354141656,-0.6730852340936374,-0.7573109243697479,0.04523119008927712,0.0031253818116773724,0.9557356678752579,-1.2229324358194775
duration,AAA,202001,49,0.9046938775510203,0.9562244897959182,0.37367346938775503,0.5809183673469387,0.7485714285714284,0.6866326530612246,0.038770545549344185,-0.02716954629168652,0.8493438183107355,-1.0028888649275638
duration,AAA,202002,49,0.8936734693877549,0.9636734693877551,0.27816326530612245,0.4977551020408163,0.7018367346938774,0.6420408163265304,0.03989840174750546,-0.025407843387604625,0.8501371972531314,-1.2009268802107633
duration,AAA,202003,49,0.82,0.9226530612244898,0.3311224489795918,0.5605102040816327,0.5229591836734693,0.6385714285714286,0.0421570358121829,-0.032089672804557906,0.8794189162654332,-1.1331785505929841
duration,AAA,202004,49,0.8164285714285714,0.9427551020408163,0.5106122448979592,0.8160204081632652,0.6668367346938775,0.623469387755102,0.0432238974004403,-0.022298176809006382,0.8622296464325254,-0.9867457395478737
duration,AAA,202005,49,0.7881632653061225,0.933877551020408,0.5791836734693878,0.8273469387755101,0.6338775510204081,0.5946938775510203,0.04266573773541273,-0.024772540542064497,0.8467357781813826,-1.1746092150749936
duration,AAA,202006,49,0.8416326530612244,0.9557142857142857,0.5568367346938775,0.8867346938775509,0.4122448979591836,0.22408163265306122,0.042818382815585906,-0.028007935083396215,0.8722041897930545,-0.8087092583851215
duration,AAA,202007,49,0.9003061224489796,0.928469387755102,0.3938775510204081,0.6794897959183673,-0.4444897959183673,-0.6885714285714285,0.05114551774751329,0.022246963586977038,0.9822729092457724,-0.8714966889248383
duration,AAA,202008,49,0.8827551020408163,0.9437755102040816,0.3523469387755102,0.5671428571428571,-0.01714285714285714,-0.05510204081632653,0.0524232229934915,0.018586187115576323,0.9985855775975337,-0.8526434982615597
duration,AAA,202009,42,0.9115144639818492,0.9542986791994167,0.35467142046835753,0.5162466574831862,0.2525727250627988,0.17024552305323717,0.05233999660608148,0.01805109162597982,0.974720420033747,-0.5661568662155984
duration,AA,200307,54,0.4773394320564131,0.6305698494377739,0.12536687631027252,0.5256718124642653,0.18208500095292546,-0.0858776443682104,0.05685690367939228,-0.024075978309565444,0.8065758607636899,0.036065867921355584
duration,AA,200308,54,0.33150371640937676,0.7229655040975794,0.02046883933676386,0.6289689346293119,0.16546598056032016,0.214103297122165,0.05685690367939228,-0.024075978309565444,0.8065758607636899,0.036065867921355584
duration,AA,200309,53,0.40493468795355586,0.594581519109821,0.027818093855829704,0.5783744557329462,0.24254152556039346,-0.056039348492178676,0.05131289069544051,-0.03135320842992322,0.7971630142385605,0.09567079396696498
duration,AA,200310,62,0.3453703004205384,0.5808214348669134,-0.0893707033315706,0.43537055223993354,-0.04459721487748987,-0.3033164614338596,0.05131289069544051,-0.03135320842992322,0.7971630142385605,0.09567079396696498
duration,AA,200311,62,0.3955327239303972,0.4721361839288862,-0.09244289995215432,0.26655082974490696,0.03885573266853013,-0.24257762332854876,0.05131289069544051,-0.03135320842992322,0.7971630142385605,0.09567079396696498
duration,AA,200312,64,0.3321886446886447,0.4353479853479853,-0.11991758241758242,0.26978021978021977,0.1472069597069597,-0.23315018315018315,0.05131289069544051,-0.03135320842992322,0.7971630142385605,0.09567079396696498
duration,AA,200401,67,0.31642589193072074,0.6631016042780749,-0.22451911565168814,0.4463245270971347,-0.01165296512091947,-0.14159150770213108,0.05131289069544051,-0.03135320842992322,0.7971630142385605,0.09567079396696498
duration,AA,200402,69,0.32320058458165885,0.6861527219583486,-0.11081476068688347,0.6021556448666424,0.1541468761417611,0.15312385823894775,0.0472937384368365,-0.0242941880381515,0.7740220114031544,0.22289527453271152
duration,AA,200403,67,0.44796073110383916,0.5159230585042701,-0.0446164897437944,0.41810998483518247,0.32991459813233304,-0.13835900710351987,0.0472937384368365,-0.0242941880381515,0.7740220114031544,0.22289527453271152
duration,AA,200404,67,0.5749860324048209,0.7961130177987071,0.007023705004389817,0.5467714901428685,0.3137121877244793,0.28517838614414565,0.0472937384368365,-0.0242941880381515,0.7740220114031544,0.22289527453271152
duration,AA,200405,69,0.5619291194738766,0.8499451954694923,0.18140299598100112,0.6603945926196566,0.3794665692363902,0.5322981366459628,0.04869701024798817,-0.01664379948666226,0.7431322025746279,0.25815903153049224
duration,AA,200406,73,0.5075897815623844,0.7154448969517464,0.016845612736023696,0.5133283968900408,0.17441071208194497,0.016753054424287303,0.04869701024798817,-0.01664379948666226,0.7431322025746279,0.25815903153049224
duration,AA,200407,71,0.659590878604963,0.732394366197183,0.24225352112676057,0.6049966465459422,0.3854460093896713,0.10405767940979208,0.04869701024798817,-0.01664379948666226,0.7431322025746279,0.25815903153049224
duration,AA,200408,69,0.6040189989039095,0.6900255754475705,0.08706613080014616,0.42619656558275487,0.24552429667519185,0.04113993423456339,0.053676588989171464,-0.007399994609934645,0.7249920544594031,0.34676064639910303
duration,AA,200409,72,0.6291401376294298,0.7709820567239052,0.034761077882822046,0.5424464595793943,0.43916007460286843,0.2514631165991383,0.05691273153016012,-0.003087062448423562,0.7351146327249486,0.3897052764311016
duration,AA,200410,71,0.45868544600938965,0.7189805499664653,-0.15311871227364185,0.37173038229376254,0.07122736418511065,0.12719651240778,0.05904542013027482,-0.0023307197836298817,0.7330923544023763,0.5384430929587724
duration,AA,200411,72,0.11856067914335329,0.6979548524020839,-0.5275258859090617,0.3129783265804876,-0.39298347160589114,-0.23554569425686545,0.06285843409565069,-0.01515883680288553,0.7179471392673805,0.5819266508958234
duration,AA,200412,72,0.07280210946041547,0.8012412373786096,-0.5699080326709114,0.5634445945076855,0.03460029583896071,0.21769888738825652,0.07192951924134545,0.005762314008713741,0.7385681136212423,0.5531673260486848
duration,AA,200501,72,0.42333912148691244,0.5880120908096984,-0.5376229982635541,0.4117628143288958,0.3544279374879414,-0.4348189594186122,0.07217704464405181,0.0076176262397687515,0.7429100729609989,0.5566233451565719
duration,AA,200502,87,0.14901217467376246,0.4626376029744113,-0.6849894291754757,0.026190129036961426,-0.1888532477947073,-0.27363855070350657,0.06835366891270887,-0.002784098769131273,0.7427068785492055,0.546632398446117
duration,AA,200503,88,0.48127927864464104,0.6532175689479061,-0.33544080870698467,0.4839914057271671,0.4521503293297173,0.19677010320171887,0.05920947919988807,-0.016390356282061196,0.7410407930995851,0.5260626484983727
duration,AA,200504,89,0.5955566905005109,0.8083248212461698,-0.14831460674157304,0.4893428668709568,0.5457439564181138,0.4824991487912837,0.053415724110253096,-0.019747750360662657,0.5044197312096472,0.5136992300764449
duration,AA,200505,90,0.5169938675556652,0.8126188418323249,-0.04677943779067374,0.4858295262789645,0.4068897394740091,0.6102564102564102,0.0472920678356963,-0.014004170341069584,0.4455584635961722,0.3887152153085451
duration,AA,200506,93,0.5479096416102174,0.7930679478380233,0.10893437975590102,0.7093044075079824,0.5457312524245769,0.594804690996986,0.03764521301491627,-0.04270505532225365,0.3586735674590612,0.3345820072422707
duration,AA,200507,93,0.5417922473217749,0.7381009220852852,0.10994897197935004,0.5668138820088925,0.42674047327743125,0.4804541792247321,0.030893948977370148,-0.07143829654826601,0.3079338433518594,0.2876236913548438
duration,AA,200508,95,0.5669232922732363,0.7952547592385218,0.2437709966405375,0.6755599104143336,0.4775755879059351,0.6072228443449049,0.020326521604564097,-0.13543992478135988,0.3089150498063014,0.3209172733753052
duration,AA,200509,100,0.6894569456945694,0.8318751875187518,0.40464446444644464,0.7651725172517251,0.6708550855085509,0.7458865886588658,0.021542777743731877,-0.16062199801351432,0.22704917337211175,0.36481113790513703
duration,AA,200510,94,0.6407614781634938,0.8425026189358089,0.39201676118917744,0.7615576346494238,0.58972654697829,0.7107827908824911,0.01989380057207313,-0.16420124837255076,0.3571268684242379,0.24512514760877277
duration,AA,200511,94,0.6891377379619261,0.8316511938734964,0.6048549651410613,0.8042408698479211,0.5901166781056967,0.6480005779720406,0.006923913316658013,-0.14550214170348633,0.42330228201614806,0.28368866830534756
duration,AA,200512,95,0.6041433370660695,0.7389137737961926,0.5228863381858904,0.6889277715565509,0.48829787234042554,0.44116741321388575,0.012020844347104997,-0.2027390223468962,0.5330968784101979,0.20957434374660613
duration,AA,200601,100,0.7592822060706423,0.6562515939171268,0.5702850285028502,0.5637323732373236,0.4685748574857485,0.1831383138313831,0.017608733444583812,-0.13251039097491019,0.5031923236129756,0.4840285706281556
duration,AA,200602,103,0.6226881342529544,0.6865271672453921,0.25584281509467116,0.5190674534007106,0.3363023327329438,0.2021817263267251,0.028068743389837662,-0.09621239386294135,0.4989605018197519,0.4132262845864899
duration,AA,200603,101,0.7368513012590977,0.6549058092800316,0.44759464181712283,0.5865463016889924,0.6400931857891671,0.372405358182877,0.034556874336035555,-0.02294234295587474,0.5716999850842427,0.023303699370363994
duration,AA,200604,103,0.5080283793876027,0.6663188791014856,0.06427096604138295,0.3576372777033143,0.11844879848877565,0.1497609875708199,0.0392350839860343,0.007376277868479287,0.6272648187168993,0.06017607800651716
duration,AA,200605,101,0.6976199697757295,0.7265717139568195,0.09344205008736167,0.41009900990099,0.5989516598718695,0.3392894583576005,0.05414754403654648,0.05574033215125324,0.588889438947913,0.29882479091211206
duration,AA,200606,130,0.6333037457837741,0.6708061981000097,0.31503093036911606,0.47164985408810195,0.4186565431727867,0.35934992878528205,0.04350771828847546,0.03781224515867293,0.543514036918606,0.5609533638582465
duration,AA,200607,127,0.5383565335583052,0.7281003937007873,0.28632358455193097,0.592045134983127,0.10884186351706036,0.1370395106861642,0.037093309013056346,0.04055819990171673,0.6506599946514832,0.45484826546436424
duration,AA,200608,134,0.7300864100549883,0.7632838314692203,0.4642825970398634,0.664768887392611,0.530602625967905,0.3555031858252597,0.030669121936016702,0.029333143122522613,0.6062367207561666,0.4907029855989795
duration,AA,200609,128,0.6557521516205823,0.7375423457242264,0.510117194652994,0.66403245742538,0.409792162607581,0.2910410181285479,0.024034445380852015,-0.022898135672383337,0.6368243621188524,0.7871329017602874
duration,AA,200610,164,0.778610585882769,0.8276332077319656,0.6590888686354793,0.7869438058574674,0.5364983064219934,0.4459075265599281,0.021528578202190535,-0.01496862791543025,0.6237711604228012,0.8661347627888344
duration,AA,200611,164,0.7472501462326391,0.8314066899732019,0.5964033572293335,0.7620420877939956,0.439758954198577,0.4029518588548963,0.02350244168811817,-0.0009195517877153523,0.6202369616060762,0.748611570575833
duration,AA,200612,159,0.6247880343921662,0.7329860281824696,0.3684529496059231,0.594023166945307,0.2601176259851923,0.17457606878433246,0.028275645953080304,-0.01128534935288906,0.6811686647006756,0.5700537048089314
duration,AA,200701,158,0.8377051200333455,0.6593581285112092,0.6446994716737734,0.5698849487114347,0.601937449704043,0.17959288607899185,0.03274780948967453,-0.0111586260209936,0.66325025558365,0.3786709923603416
duration,AA,200702,184,0.551061697454215,0.6169591305114904,0.16502090115775078,0.33356899308431737,0.11243089133324344,0.06585887384176764,0.03529657053057343,-0.020652539494019885,0.6672126414719087,0.5364163774740066
duration,AA,200703,185,0.6892549037446776,0.7656034483167953,0.2931230303642299,0.620692269385361,0.5273324207443547,0.29051793455422625,0.039684251799621754,0.015893622080357255,0.7137263408026077,0.6189225658299349
duration,AA,200704,185,0.5595049467419735,0.7577404192411206,0.1210909366589591,0.5028789659224443,0.1991963913422539,0.21675827299950726,0.04262888573106569,0.008698251193404017,0.7127256231991138,0.6234586430206769
duration,AA,200705,188,0.7142119903722326,0.754385782727125,0.2962595741068832,0.5552485339719382,0.44366424842019325,0.23157012643871214,0.04146581174913304,-0.0017107105546904867,0.7356516732629366,0.3970533317277505
duration,AA,200706,184,0.7399742925020976,0.8215139683988476,0.3652907694375264,0.5759995839030855,0.5974295416336063,0.5415107306307242,0.04339749972898429,-0.0281504553291056,0.6060534335170298,0.914019390883747
duration,AA,200707,184,0.6894813668979276,0.7865893419407455,0.3573232827933236,0.5562583616753959,0.4617462877551959,0.48997273215018794,0.04454867394613714,-0.01662393678853643,0.6075726231665776,0.8231006684785062
duration,AA,200708,186,0.3809006522479008,0.5739044892745082,-0.0937064371599476,0.25930933521066346,0.02058380616255379,0.08807817650322393,0.04676709157709224,-0.02213891913045397,0.5396558042516618,0.7589028039271354
duration,AA,200709,192,0.3921455762492453,0.6597420939281232,-0.08708088055774084,0.46817099801969464,0.267473482896129,0.22285557333912054,0.045381897074500174,-0.02882334006615111,0.5065583230818428,0.7340873867293052
duration,AA,200710,183,0.5274960250013708,0.6671186679636804,0.07699552763701017,0.4885559635534154,0.4123033061023083,0.3520489610416099,0.04212880138655456,-0.05792023154416205,0.43268181908028547,0.5883984730036215
duration,AA,200711,185,0.029138395057048638,0.5440146317425419,-0.2836795420946894,0.3236893976725674,-0.2596887911754672,0.12161024980099314,0.038394379041469556,-0.06908359590142914,0.6247771311156938,0.6011561708308497
duration,AA,200712,186,0.16411750719151097,0.723653893672869,-0.14224412440731227,0.7055457389423233,0.16775032752262353,0.4533948127876022,0.038955996094009876,-0.07420319099320385,0.4952379808432898,0.6348360885183855
duration,AA,200801,178,0.3377287007848465,0.7018562040324323,0.08315840877342863,0.6863082211528744,0.3306175253662777,0.2874014952193198,0.03582111575963837,-0.06818596620679435,0.5243963936146827,0.5982183796869242
duration,AA,200802,179,0.0781390580210491,0.739436737597556,-0.05693093130793213,0.6886113029104681,-0.07990291465277341,0.4611240139769422,0.020355864826074016,-0.07307354545287444,0.5469194118917473,0.34389581585045914
duration,AA,200803,178,0.010350781814371084,0.838321830691467,-0.12132937700613557,0.8110878587638003,-0.0463322229657772,0.6350149851744121,0.022995887360193763,-0.09436395617248568,0.5519929833007198,0.49964787176973313
duration,AA,200804,177,0.02476584546666436,0.8470313013971367,-0.1602725022073718,0.8377841450113399,-0.04458458129187515,0.24750047609979053,0.025801831458387364,-0.09850073078177744,0.5898395339392571,0.5123626663606261
duration,AA,200805,177,0.3526016689461748,0.8632251865445544,0.16566325028998807,0.878746039715379,0.5239196862935199,0.5821791520229913,0.03441735138596595,-0.06879327232736743,0.45719050662875405,0.5818085636713215
duration,AA,200806,178,0.3491678626789896,0.8658260357963208,0.15511490761536245,0.8244526980229359,0.29545103938701756,0.5991548297796961,0.036603505447764334,-0.06456696766126141,0.7074031293324614,0.2505019924346705
duration,AA,200807,176,0.33177195685670263,0.9113757429011666,0.16659035879374864,0.8799295619634603,0.22864847017389392,0.59656834690733,0.03899032941624616,-0.04012801357594867,0.6560191436440064,0.5230929114609442
duration,AA,200808,176,0.3209553158705702,0.9403984151441779,0.1293418445960819,0.9162843935725292,0.19108958837772397,0.7051265683469073,0.051471521576731384,-0.003921109058058518,0.7143468639433421,0.7989430860195849
duration,AA,200809,173,-0.1783517436066212,0.672128715854467,-0.30636765230773516,0.6266136994683195,-0.2840806374605412,0.5230495385456889,0.04380811214306602,-0.03392994951014871,0.6213694013889126,0.7389385995043298
duration,AA,200810,172,-0.20073675248748296,0.8511660924053647,-0.30882994554540666,0.8360348377328588,-0.18115762588350157,0.4162085547246257,0.04508704576769999,-0.027004538611104006,0.5795939667947304,0.8139500986198507
duration,AA,200811,173,-0.1988471754175339,0.874051480779304,-0.3078023093574869,0.8664865040258471,-0.19716684203939167,0.5922027895851779,0.040170779145918024,-0.05489657572480705,0.5643980483392198,0.5889122534121767
duration,AA,200812,103,-0.10166717919430655,0.87194130826341,-0.3546105522119229,0.8509423186750429,0.26852787418178625,-0.3174889074375083,0.0363620187850939,-0.06378406823864889,0.7103279716224913,0.8344955045053468
duration,AA,200901,101,-0.0063832265579499125,0.8669539895165985,-0.31635410599883523,0.8126732673267327,-0.013418753640069886,0.5314967967384974,0.03798459246686023,-0.07227725003407563,0.6669331303872237,0.7867470848263268
duration,AA,200902,104,-0.07800064013656248,0.9252000426757709,-0.37285820975141365,0.839933852555212,-0.10757494932252215,0.7603328710124828,0.038330933243626276,-0.08293561930270851,0.6773680954246188,0.5744564664611629
duration,AA,200903,126,0.21405624296962883,0.8990986126734158,-0.00608023997000375,0.8855823022122236,0.30084739407574057,0.6044994375703038,0.04083548011891476,-0.07042617706385099,0.7106559525381023,0.42925785439793335
duration,AA,200904,132,0.14994808325463205,0.9388999911298023,-0.07006934407496881,0.8607744204369353,0.15108033790235476,0.17615690857956826,0.0366607087068189,-0.07311226043750237,0.7171878744537468,0.23830305078137373
duration,AA,200905,134,0.14477237870796394,0.9028217309442761,-0.11098642127707328,0.8434893203157148,0.04563398546116535,-0.17499719447873419,0.03858063953654932,-0.06752859268858229,0.700198918233152,0.289168896631456
duration,AA,200906,129,0.11053220035778177,0.8171791144901611,-0.13305567978533098,0.7578935599284438,0.09870863148479429,0.3496142665474061,0.03255385021637379,-0.05694811260524488,0.6105098027379158,-0.10331859381069546
duration,AA,200907,131,0.19959963700421718,0.8011477072545775,0.02021032402711792,0.7997117386430364,0.22512678161533123,0.41972988843217857,0.02413092471448623,-0.042241514135832964,0.600484296239904,-0.1801047277397946
duration,AA,200908,132,0.2859647383552566,0.8081480592529205,0.14009172827975558,0.8155729365050375,0.37964967936844185,0.5106885882297694,0.02045134264352661,-0.0368063321274088,0.5737615946782152,0.011954605050978702
duration,AA,200909,134,0.5110562475841345,0.8253743812266987,0.4183318994002419,0.8333744809785659,0.5311712116111174,0.5002032444294817,0.014860197765319333,-0.0349524469118281,0.6226699904733669,0.12637513880440193
duration,AA,200910,138,0.54677400573987,0.9331398733758153,0.5165814666578383,0.9290804106952456,0.40690747941158334,0.32659039382267585,0.005928634561653709,-0.041430366498861664,0.7693270028849298,0.13953424665292707
duration,AA,200911,141,0.42078428014897895,0.8947985787062801,0.39000385290466194,0.8871698274754911,0.17959672931204246,0.5333361873367866,-0.0023954489926047515,-0.04758414812652101,0.710804558616926,0.18089655006580171
duration,AA,200912,144,0.27163009404388716,0.7998874688529861,0.19895104895104893,0.7961056185194115,0.01014789807893256,0.27147737320151116,0.006381020162458201,-0.046196615444744495,0.7328256479089931,0.20055686303356435
duration,AA,201001,141,0.44166274241191833,0.8724859797080353,0.37454942420480325,0.870024401729526,0.4235284044693694,0.34519457168543166,0.01441863041273766,-0.02291032266954823,0.7944214586257394,0.08921922129538827
duration,AA,201002,156,0.498471653680201,0.8692039006811967,0.40883501130059574,0.8656983452134469,0.32010873860062267,0.17092190735091906,0.016645772196198002,-0.015793787171207375,0.869883689613148,-0.003823626016007829
duration,AA,201003,158,0.6230735412461076,0.9254471301069889,0.5003065296131946,0.9186624051697778,0.09448870404147505,-0.3359944870306788,0.02453885774315894,-0.0054251340414107445,0.9138054473656139,0.0312784328804982
duration,AA,201004,157,0.44972060109526857,0.785008589733253,0.4079565117620427,0.7729984681125533,-0.2663034377538933,-0.32208398712470304,0.006399747175410642,-0.02178073440389438,0.9871604824811001,-0.028714732365938918
duration,AA,201005,159,0.3861475997133987,0.7757165034631001,0.44630403630284216,0.7945724862670169,0.12291616909481731,0.34693396226415096,-0.013852304544008959,-0.032304151441509,0.8529229199153946,0.04186359690574557
duration,AA,201006,156,0.43774557064057784,0.8491662847117952,0.6116957215786062,0.822057498696085,0.326702596766291,0.21986059964280633,-0.04416738235737323,-0.038141969169287984,0.8633890922525366,0.05588441616594745
duration,AA,201007,160,0.45775811555138873,0.8631255127153405,0.6660523848587835,0.8273497011602017,0.19764443923590763,0.03818996835813899,-0.06575223631858523,-0.04432447988907709,0.8201419556156769,-0.006812401068172261
duration,AA,201008,161,0.5602369450195537,0.8920979986197378,0.7418679549114333,0.8376869105129976,0.6265901771336555,0.5354842420059812,-0.08431852132919698,-0.06729197425127388,0.815896166284367,0.027932682767563135
duration,AA,201009,163,0.6399044563042767,0.9270398634456692,0.8114646892890197,0.8790795883418956,0.5983673333665852,0.4543119357573944,-0.10910051907940686,-0.07911304932224324,0.8384557674241283,0.07477848236991712
duration,AA,201010,163,0.7033074522974267,0.9495957127260434,0.8249954278683891,0.917765363747707,0.5347814521089996,0.40917252730809517,-0.07575189625653203,-0.08249362856679597,0.831605920144061,0.09906841325117931
duration,AA,201011,165,0.6140945155344216,0.9210001870007749,0.7345737718056262,0.933259423503326,0.0204097988405952,0.31136697566318494,-0.042446891055032875,-0.0470976245760586,0.8703561276742745,0.09270763964497741
duration,AA,201012,165,0.566353217749045,0.9367082520770444,0.6219111479176128,0.9418587877006921,-0.047423396468356804,-0.043814281516309145,-0.012622814195701451,-0.015784253005515555,0.8300242822820033,0.15065125098115706
duration,AA,201101,165,0.6057008521892449,0.9326075922314537,0.5905831752731547,0.9305292121924507,0.207373173403147,0.18803996473699677,0.0036673073540007973,-0.003705243908207955,0.8651425797739577,0.2291456867219612
duration,AA,201102,174,0.6042780261396964,0.912562430593126,0.4881198211794185,0.8956234516928159,0.4447108402858851,0.245623166946667,0.018050116621534763,0.010354200825767658,0.8259186193379104,0.24020874327767514
duration,AA,201103,173,0.6584983150312195,0.943927854596697,0.4173623633135711,0.9002530929722665,0.5634517060598616,0.624539356884268,0.038230009960758225,0.022098785698806123,0.7580754194449957,0.24478974186641209
duration,AA,201104,175,0.604729064039409,0.9391289744738021,0.32653381101656964,0.8516883116883118,0.4388759516345723,0.6960815047021943,0.043573469989720164,0.023914364091165992,0.6703384684972773,0.16796232666569091
duration,AA,201105,177,0.7416011668773048,0.9588866189989786,0.47753025397759735,0.8981514343588235,0.7427546268243279,0.8423352261906824,0.04869265110521012,0.022709649604905253,0.6516626517838054,0.2119186221694404
duration,AA,201106,181,0.6584421103758119,0.9351304312630279,0.36223261085139535,0.8178697913504541,0.5260761338109404,0.7672009390241433,0.053924826191658407,0.028479604943275023,0.691983145894599,0.17063897689784477
duration,AA,201107,181,0.6058041406107704,0.9426001254730535,0.3471778681723433,0.8399631675874769,0.44547386315342113,0.7611094246453362,0.0487299377299962,0.011194535321154182,0.6221881812746963,0.1054776909363685
duration,AA,201108,182,0.5365943720259452,0.9265893059933454,0.27165579642710336,0.8466932940259633,0.38273826526702176,0.7303457343308806,0.053735694963904304,0.010468090870088986,0.6606239717192547,0.18496338286139472
duration,AA,201109,182,0.5579373981692611,0.9365402281804781,0.31297232791662644,0.8774617285621724,0.5275611083961776,0.8069552945017124,0.05775035298859289,0.01110423617649518,0.6726428747279098,0.18079135934251722
duration,AA,201110,186,0.515177002084023,0.9426282932924298,0.174488202192187,0.825939791784194,0.18440572710022424,0.3156758621654257,0.057808633520754944,0.0066208038013397,0.6963798429953025,0.12548801656545056
duration,AA,201111,160,0.5849642564162663,0.9466043595452948,0.3410348060471112,0.8914566975272471,0.5504922067268252,0.8273438415563108,0.054504619159078206,0.003924968473667587,0.6703158262591529,0.10850614416811517
duration,AA,201112,159,0.6013165751134464,0.8997104131836637,0.26756030570814426,0.8057887508956294,0.4531764986864104,0.5154197516121328,0.055771830290404154,0.004668161760850567,0.6515555984122559,0.15280808938560145
duration,AA,201201,159,0.6279854310962504,0.8845623358012897,0.326883807021734,0.8194829233341294,0.5396375686649152,0.47116670647241465,0.06611308754963559,0.02728321922918794,0.7850754949707601,0.2620509363449661
duration,AA,201202,160,0.6551916090472284,0.9338743700925817,0.2833821633657565,0.8104535333411461,0.15195124809562874,0.0865580686745576,0.06556907717459441,0.025772744713851225,0.8171060761444183,0.27562387012277184
duration,AA,201203,161,0.6595899470899472,0.8826432022084197,0.23492351046698876,0.6985133425350817,0.3714774557165862,0.2965234644582472,0.06809696782792433,0.018815776346938918,0.8376985174728034,0.3258088689171695
duration,AA,201204,158,0.6791646573637844,0.9071648825071231,0.2934271836241688,0.7593400257697848,0.42879917974805243,0.46305747696464183,0.07067542929676589,0.019225942030584347,0.8636449686569325,0.2692398403207229
duration,AA,201205,169,0.7260877131917858,0.9171473323057033,0.43890408234299644,0.8173884938590822,0.507175177763413,0.5395529809556959,0.07638775075863556,0.02900979862557594,0.8842702359224166,0.2653081012597792
duration,AA,201206,172,0.7863960209705606,0.9626694778349286,0.3991080672510689,0.7941125835155167,0.1499942220115418,0.04409666456772392,0.0785978365839868,0.033299824734401455,0.9092823000480234,0.17776444995601784
duration,AA,201207,178,0.7637417294284995,0.9447064618710563,0.17746127633044623,0.6405345510139596,-0.15800874321358316,-0.3670011245530248,0.07471048043490079,0.023692105063037237,0.8886990734704255,0.29209976830570666
duration,AA,201208,170,0.7360910106801987,0.9204328258865053,0.22598176611036816,0.7009104731895873,0.42529662129566864,0.27652127185349384,0.07339321847368209,0.024177101337402307,0.9093893262181899,0.19074077561808028
duration,AA,201209,177,0.7680679870500858,0.9071150949602674,0.32525622825089595,0.7274155572098822,0.3628291580824432,0.1739149252956147,0.06882592109777619,0.025867120035695745,0.8849821935208998,0.16939800257317442
duration,AA,201210,175,0.700320197044335,0.9202283922973579,0.08441558441558442,0.5567689207344381,-0.3004254366323332,-0.310423197492163,0.06529765175562845,0.023323434925930638,0.8877620568791399,0.2034328214747841
duration,AA,201211,177,0.7646573812780251,0.9402170149408772,0.2501904399162065,0.7323994563806029,0.500359238932844,0.3399698758678001,0.05893148446611409,0.02000253111733769,0.8856362293296183,0.12756551612704506
duration,AA,201212,173,0.6008176849873222,0.8682456392451712,0.07616429720346173,0.566068390727341,0.049390212811325225,0.14758889542995676,0.0584551734053799,0.012016223152428136,0.8968898036754333,0.19687891635292545
duration,AA,201301,173,0.7856172733635872,0.872987655923349,0.2784903421390528,0.7153607965475524,0.4104973323259059,-0.04258775975636325,0.06312449073157152,0.024737091639683954,0.9613246807688749,0.10188294887599723
duration,AA,201302,180,0.7555809335679085,0.937037151352408,0.2468553556179717,0.6882455219811311,0.1224276469438357,-0.012739076308939576,0.0651440192110381,0.02228185781335691,0.994241110729616,0.27291622258854753
duration,AA,201303,182,0.7502416069574842,0.9490550206970821,0.24251167725490702,0.6995852621248873,-0.021421654154196498,-0.15123948599177292,0.0690007215908826,0.02611201945125137,1.0627889285595955,0.409672636894754
duration,AA,201304,175,0.7686811464397671,0.9444043887147336,0.15867218987908643,0.6091939095387372,-0.49947828034034936,-0.6751321092700404,0.07401307853575981,0.032629282285083355,1.109486594272235,0.21634126560723255
duration,AA,201305,177,0.7963065456724483,0.9655893280011543,0.24824925122487493,0.6631269368605115,0.1869687159155832,0.12564706289711053,0.07625097033379587,0.04065065277551717,0.9980479496165765,0.33424383885053416
duration,AA,201306,190,0.7710898284890484,0.9520362442198376,0.20494526234666388,0.5929450996361888,0.11694774324457252,0.20680243663367925,0.07985006480025482,0.039978219655818464,1.016179787984851,0.3174122153216377
duration,AA,201307,193,0.7141278510763313,0.9118924402628691,-0.07803903370546444,0.42068249754728365,-0.39583388974947914,-0.507355754965956,0.08163672481428584,0.045413369022168616,0.9776961513213245,0.3567750254394402
duration,AA,201308,194,0.7646838392097725,0.9447432541818525,-0.1023014056612689,0.4498535170294157,0.2190604545286453,-0.010973279698240971,0.08470873651442754,0.04620663915574238,0.9641270142650956,0.33661333222605266
duration,AA,201309,197,0.8396431946105624,0.932911420221065,0.23814389622946552,0.6181717726315261,0.6503128247145651,0.4472059243632849,0.08396551451461054,0.049288929354160224,0.9233753802924655,0.35655997469382666
duration,AA,201310,198,0.8726612604632143,0.9504877100469273,0.20590647438082582,0.560760269583574,0.41525501681612187,0.2438024610052261,0.08065571962993831,0.042467912809559846,0.8663174946144456,0.2857279135185462
duration,AA,201311,200,0.8282982074551866,0.9408100202505064,0.03354833870846772,0.3737778444461112,0.16873771844296112,0.035901897547438694,0.08281230893352308,0.032316347019453025,0.9195242844439623,0.2534133056008701
duration,AA,201312,219,0.8067704822511912,0.8995772732985252,-0.29718601117369503,0.06742033886686395,-0.268922732413998,-0.41975733202326143,0.08380730610096714,0.033065297999587136,0.88602987530447,0.22729096867384044
duration,AA,201401,216,0.8256683218423653,0.8987461151002035,-0.1294585551149692,0.2743959799473678,0.5408352088022006,0.4095428619059527,0.08692343705313933,0.03215263877834458,0.9099174841040867,0.2338197221174545
duration,AA,201402,218,0.8299928938319968,0.940206258408531,-0.13401584206353387,0.23067594310200737,0.2440948438872766,0.18369762820783833,0.08495103683576453,0.03725929043297231,0.8893383398490489,0.1703747859118495
duration,AA,201403,215,0.8350853679151875,0.9644425124972833,-0.31533000072448014,0.09167934506991235,0.06177038807988602,0.0333019391919631,0.08588125957621837,0.040779157197510824,0.9095607690511552,0.1607827552187019
duration,AA,201404,214,0.7482139522638984,0.9342984225719455,-0.39461537755111414,0.04084904996158214,0.30401045700414175,0.333174968087158,0.08684658614177186,0.044853738309041546,0.9155962856759734,0.22419023639615515
duration,AA,201405,216,0.8470522392502887,0.9567582371783422,-0.3070374736541278,0.08666809559532739,0.49677419354838703,0.45686183450624557,0.08442548397278672,0.0472214791094723,0.8974628686728979,0.15798822372768903
duration,AA,201406,231,0.8760295177086782,0.9542962285091221,-0.242517377674799,0.10498841488346737,0.3418865242703324,0.2438949356490586,0.07998872486250191,0.04931686116501693,0.8975023761058097,0.15322478921401037
duration,AA,201407,234,0.8234981467562968,0.935158245705228,-0.146374643224246,0.1951466790294295,0.3289754594475625,0.3471608962066455,0.07300304000911131,0.04042185513322968,0.8872723744424622,0.08753009681878014
duration,AA,201408,236,0.8468751569154641,0.9259705934714035,-0.10686411006678322,0.2807908082915272,0.40619262600026473,0.31387018583355775,0.0723963847209295,0.04320141394084417,0.9106468722592435,0.1317599488607593
duration,AA,201409,237,0.868419154832068,0.9480239210037158,0.022958250023888554,0.3693476532428032,0.44440998883998994,0.3706394379249232,0.07181408575536706,0.04389547486054325,0.9095983436457742,0.08994080327453624
duration,AA,201410,235,0.8256327036348673,0.9227662348470136,0.06050375877278149,0.401510906451404,0.22412549585286692,0.14691577205100462,0.0712015556131173,0.047431586106961195,0.9288724255491644,0.043088047739720886
duration,AA,201411,234,0.844939111051795,0.94337854639197,0.22721680961111157,0.5649178508460767,0.5003299078178086,0.41834886873696125,0.0726261642388518,0.05408749460843677,0.9528290215993457,0.05855742364569868
duration,AA,201412,236,0.7519772489694934,0.8651252813066321,0.12519822702643482,0.45238397385274826,0.15770426399229456,0.11134127915204023,0.07330720637014639,0.05007762017385922,0.960803584853392,-0.07887568108766319
duration,AA,201501,231,0.8209661403064702,0.9010806285169104,0.23041044412858508,0.6139410814073484,0.28757179851632625,0.1642496933351506,0.07640521433386104,0.04861084808156578,0.9891931102087116,-0.18862976548456992
duration,AA,201502,227,0.7927596954258479,0.9313774573269947,0.10858097252800243,0.5043632237585897,-0.17576210222644448,-0.2768908157884479,0.07349896407654725,0.044901564448280064,0.9581811760731652,-0.055252072631276655
duration,AA,201503,229,0.8525106672129348,0.945693643640143,0.32628581135770895,0.6676835909785858,0.49828924884834075,0.36532231471026155,0.07178461818666487,0.038137712364963904,0.9343541117104062,0.12012869409791425
duration,AA,201504,246,0.8907297727029985,0.9349824574838328,0.3945222208563488,0.6643089901113007,0.4473597555937552,0.27963274576148217,0.07089457894595926,0.032237285965827915,0.933996795515472,0.10315505079779541
duration,AA,201505,241,0.8563475189465383,0.9406621857960975,0.40451030485922984,0.6806119474640788,0.4095650012002332,0.3523241658379343,0.07107965663205776,0.031044766863094344,0.9284832222919437,0.14850433272594418
duration,AA,201506,251,0.8327611458926201,0.9205221020679187,0.2866423828495542,0.5815283627395181,0.05572756592676911,0.04846063365585278,0.0695728809884114,0.02638658457726527,0.9045863755692105,0.2227287335054546
duration,AA,201507,252,0.9049613704039481,0.9662715597238375,0.5128689083305401,0.7571325839124212,0.7309875873880725,0.6581158895380272,0.06598631147364258,0.02620905241729161,0.8547261375743678,0.11206921826594808
duration,AA,201508,252,0.8902046622469281,0.9555559054952785,0.4916708097030288,0.7115351880638561,0.5227139625199559,0.5231361397999196,0.06723204494086225,0.029586636492071376,0.892248279573469,0.23822416112706016
duration,AA,201509,254,0.9124195618305209,0.9539663912622406,0.6261056300768727,0.8111400571557245,0.5011421991223428,0.40560316498452104,0.06604543329706376,0.02712918637424228,0.9050088930522059,0.1190194196655807
duration,AA,201510,253,0.8969723646204305,0.9720704378355869,0.6431031595358881,0.8443737022990705,0.4485847371845319,0.41373558542336364,0.06421974874225689,0.0323866612598387,0.8858081640188245,0.16524415659279737
duration,AA,201511,252,0.8520219892123584,0.9520397611511418,0.6047310850705966,0.8371475513342826,0.3316356257634623,0.3239427008697752,0.05951431632641573,0.02087260704416911,0.8945078254769503,-0.1350762257271467
duration,AA,201512,258,0.7497611110858782,0.8963660585233294,0.41942814099180037,0.720645138073425,-0.04567905418507174,0.019444072742416784,0.05862698689884826,0.01940001806211651,0.9253706988586958,-0.09607486006916219
duration,AA,201601,251,0.8313185353822804,0.9440295959021058,0.5754877632327832,0.837369759059002,0.5114437488142668,0.5045463858850312,0.05984979355895728,0.02170978916072305,0.9728607761608327,0.069724236586287
duration,AA,201602,226,0.8549202760126311,0.9702779618728316,0.6287406598833054,0.8878681792782607,0.14248957155666445,0.05483502917365145,0.058815486018337075,0.017888035958909677,0.9567975722875728,-0.1104700059663774
duration,AA,201603,234,0.86779336391244,0.9499055232047653,0.568022590139292,0.8294051122833884,-0.24786917949186238,-0.4350666957004279,0.05985592732039076,0.02171632811147255,0.97063994232013,-0.020047367087298467
duration,AA,201604,243,0.8192489558609777,0.9549075788519406,0.36123781280264144,0.7154831975994419,-0.4283713103882006,-0.5026870794381971,0.060945394936782755,0.018969533118495387,0.9863178360928205,-0.14187437973467698
duration,AA,201605,244,0.8503847440615591,0.9645358082516552,0.4251944372162952,0.7645490254389551,0.3050435960662346,0.1704703253493261,0.06301731526424176,0.03130514833863484,0.9698997821881573,-0.15757245023442534
duration,AA,201606,252,0.8605855141451886,0.9540396666674166,0.41136264278478035,0.7305691594622826,0.21846361964151678,0.139562210409257,0.06415346084343024,0.029921784820395536,0.9673981465879964,-0.2022725942821061
duration,AA,201607,253,0.8769153361758634,0.9741119316607163,0.4561860597464843,0.770558324478215,0.43992005939968976,0.3494059290019578,0.06501538863824445,0.02436721998839981,0.9538129001950031,-0.20852187235945274
duration,AA,201608,257,0.8258182234639398,0.9482442199800921,0.13978726472717398,0.5088453533616867,-0.23181937720568271,-0.3096997726450095,0.06861817704030593,0.029091855770117987,0.9241731878930097,0.15390584911399982
duration,AA,201609,258,0.7783376406125477,0.9265993503619059,-0.010292400030885236,0.43177594648049805,0.08279653931631127,0.0683601372226836,0.0689498652957082,0.02389779984339112,0.9058943022049715,0.06089840721538864
duration,AA,201610,257,0.8098397486652791,0.9320324518143153,-0.03481868156727898,0.4245543389738484,0.22016177834585102,0.12863654872862182,0.07091802994041159,0.019183517176672996,0.9080783437829839,-0.006795132227894592
duration,AA,201611,258,0.7925902685652935,0.9263617716246436,-0.32429881954811823,0.12550411238312784,-0.17403585831782373,-0.34534270558159796,0.07492843205827072,0.030428428181995166,0.9251195476905633,0.05102779397064678
duration,AA,201612,259,0.7425836263045565,0.8634337378523425,-0.5219130963317009,-0.0896174221755617,-0.034916183753393046,-0.15475511289464777,0.07804018071724737,0.0352507038080114,0.9253240236466989,0.06709230274878424
duration,AA,201701,259,0.8072689095944909,0.8924230389346669,-0.4046946767877,0.053485609299562795,0.5028843563727284,0.3014580642487619,0.0790890948475726,0.03768839276805714,0.9108517251328743,0.1647905609711798
duration,AA,201702,264,0.8145914993249809,0.9456443334268141,-0.45048490500818494,0.018774008830684343,0.263930502383763,0.08859250370119155,0.08037997000582868,0.03374661861934238,0.9468851341557741,0.045125646186104665
duration,AA,201703,269,0.8275314875436942,0.9227018562700745,-0.4160104064559483,0.010481051989125008,0.3247054689378387,0.17914578285770652,0.08400830394082476,0.038638070977382775,0.9690659774379587,0.01421292580143626
duration,AA,201704,264,0.8548311147923745,0.9694415276953479,-0.3868583242569898,0.028342322717815935,0.22434438364562473,0.17682108407411512,0.08700322710138568,0.03313240568468368,0.9751783740304304,0.09303840403615632
duration,AA,201705,245,0.8191286750605882,0.9683995789439328,-0.5676268268202923,-0.15084007213441156,-0.15674872907979664,-0.1816636610661858,0.08965371019185646,0.028452411267698773,0.9816655737052217,0.0832101461483169
duration,AA,201706,254,0.8431516567287959,0.9647077130936406,-0.6210081156735203,-0.18658872593262504,0.11609349226603588,-0.0464242888030068,0.09095951035126645,0.027375590822563165,0.9704171439617244,0.06718755056327957
duration,AA,201707,255,0.8321162864752201,0.9543256426586384,-0.6767854041222788,-0.30136564960629925,-0.08563643469198703,-0.09928714103751737,0.09011777246947739,0.02571517398869385,0.9597137025442003,-0.008821936780942466
duration,AA,201708,256,0.8539210917830166,0.9154311627374684,-0.5887710288395512,-0.197327763790341,0.5431963836118103,0.3004627775234607,0.09256825528266889,0.02944965649260695,0.9808977125948222,-0.006915095584026002
duration,AA,201709,258,0.8562103605991037,0.9463833703269049,-0.6772101548139916,-0.36853877547027486,-0.09639233193662657,-0.227492471723763,0.09474888114461383,0.028775626520796255,0.9743986564334735,-0.021863335722363687
duration,AA,201710,261,0.8785861326529925,0.9412254236944945,-0.7574611402460838,-0.49136007451353597,-0.09123925999419552,-0.24676129345779252,0.09403274675031421,0.036513114195611145,0.9484993175155841,-0.03989023430456824
duration,AA,201711,264,0.8050598394726216,0.9003718964403291,-0.7459489072517266,-0.46233850087067674,0.12155430479557028,0.10671953772606615,0.09043213326930209,0.04384758069859837,0.9289518969103238,-0.12572856603072746
duration,AA,201712,239,0.8473585668577054,0.9218761914745203,-0.772116838367146,-0.48643430400529997,0.23099047150240848,0.10953950932182444,0.08857226114105243,0.04775561284329544,0.938549332899515,0.018854039848013367
duration,AA,201801,243,0.8017716492629557,0.9156225276443855,-0.8090551148176582,-0.5457715087620701,-0.36192860882379013,-0.42512222740737393,0.09141107803302922,0.050267135523436354,0.9766310926273385,-0.05079505185678327
duration,AA,201802,249,0.7658165565487758,0.9360404197434902,-0.8378181111542947,-0.49174426739214927,-0.14092887679751262,-0.11931519626894674,0.08911349250309254,0.06099061695464205,0.9511441710285635,-0.03970763304826688
duration,AA,201803,247,0.7650077881868017,0.9108738377445155,-0.732450300538006,-0.3287196157190774,0.3782168078308705,0.31540324969659517,0.08504485617980494,0.05736027054901517,0.9330429703723238,0.00870213160171354
duration,AA,201804,235,0.8425975755222057,0.9425199034647286,-0.5707120863269438,-0.16514651354175336,0.529672575291039,0.3796379002653795,0.08162878443874948,0.05035347060239273,0.9464350845056709,0.0504072537292862
duration,AA,201805,239,0.8551360711648675,0.9688143876797579,-0.5131632150768257,-0.14880542175029005,0.3634023065293062,0.28039713793467175,0.0800765291861179,0.05247807652065742,0.957878489374102,-0.024532343080115274
duration,AA,201806,244,0.8270696256644734,0.963134786397862,-0.3450255876485384,0.04644189187514715,0.4063987708015811,0.4452168238272844,0.07643067309216066,0.053155573957601385,0.9327923247282761,0.024081969842045896
duration,AA,201807,261,0.8219477460330317,0.9571243444631179,-0.4206619825730118,-0.008608878179817902,0.0009253447263449895,-0.12516046732945918,0.07114186280485242,0.04224298522801963,0.9055205457761051,-0.005242690601618017
duration,AA,201808,264,0.8491994338970448,0.9643446445225624,-0.1481017941811399,0.25859100365879906,0.6246274351231664,0.5606643231221751,0.06636814824428394,0.04169958681831349,0.8912978635396576,-0.02614948187055901
duration,AA,201809,263,0.8433214682452772,0.9757515508611202,-0.12077124831456819,0.24641474683561,0.15184124353862835,0.1430822754582659,0.06383545455980302,0.04078056945351859,0.9103747637539032,-0.0028907557923300137
duration,AA,201810,274,0.8560186838034399,0.9584272540386313,-0.07597278633774986,0.27259835055455495,0.38987727600866284,0.368353690105515,0.06212963341478042,0.035379936283625776,0.9058732156441571,-0.19564933750943483
duration,AA,201811,282,0.8662115593512689,0.9622956565478542,0.06327811043509662,0.38747826133488833,0.4584557387400567,0.4399673050476669,0.06147643437379366,0.026974266968694625,0.9153514418033769,-0.11643213984234765
duration,AA,201812,282,0.8417463059663458,0.9104870235588205,0.12423356176093577,0.3808407095391378,0.3499924148801057,0.345897787900784,0.06154992855018092,0.028260296694556427,0.9422529015871796,-0.05436845710086942
duration,AA,201901,281,0.8510708606907592,0.9380269121353394,0.11068264664842235,0.45315795736027425,0.12381312940107518,-0.014008804854568463,0.06261088086034891,0.026420997756669833,0.9647587987243312,-0.08310891071930161
duration,AA,201902,275,0.8726464902916824,0.9630287643172443,0.10844464960618563,0.4704313205043133,0.11566025215660254,-0.02781454660858025,0.06165638255796548,0.029329750435831844,0.948971912445693,-0.11944725214595259
duration,AA,201903,277,0.874576808043313,0.9324729259483157,0.03487588206000887,0.3592628016563362,0.06262640178235687,-0.06001847399807354,0.06135217087057908,0.028755339396828637,0.9567821539367725,-0.17727084442172197
duration,AA,201904,282,0.9009523674473447,0.9630409248765244,-0.06659574735637837,0.28035917888591555,-0.11855395240932573,-0.2969557444983486,0.06060212001362919,0.029601779958007526,0.9661716616189044,-0.13047452747566524
duration,AA,201905,284,0.9062141183253369,0.9591054122292949,0.3048754868807414,0.5355578842013478,0.5952588882747853,0.5490375738392278,0.05854582864401271,0.032123281442883025,0.9453132405697202,-0.07364437411770584
duration,AA,201906,286,0.7921517240335755,0.905373934249046,-0.05945915445273597,0.22335074724386803,-0.41858295747897806,-0.43236691836622243,0.05648393825796391,0.03291140668383749,0.9445435565489172,-0.061546165306054564
duration,AA,201907,264,0.9124914399754774,0.9062634769455795,0.2015072165082926,0.4686377770411689,0.596290329944107,0.366339434539367,0.05452976486267978,0.030193732890671607,0.9389119005495603,-0.2041814047804156
duration,AA,201908,268,0.904478625700914,0.9554896077686132,0.4273721405918904,0.6439736491511782,0.5581432464260709,0.5115841368737948,0.05198139274356644,0.02504529621000161,0.9256461415228117,-0.10009379131934609
duration,AA,201909,279,0.8861379402659443,0.9550695264257332,0.5042187448198123,0.7229103430956239,0.5077003834720243,0.5107138037100972,0.04820976486273198,0.015523749450813891,0.9039222291952037,-0.20035020941641166
duration,AA,201910,275,0.8896409350049045,0.9544208056376922,0.3858659588586596,0.61939710617079,-0.23778944635180752,-0.2753919787934564,0.04577206175228807,0.009146048052101783,0.908487883209873,-0.19694857665587595
duration,AA,201911,272,0.8588818584240422,0.9414522517848654,0.2638173634483597,0.512720208485929,-0.08109136359624745,-0.11481723267764435,0.04479829855047173,0.00141472523250879,0.9330552449721352,-0.3853670670857487
duration,AA,201912,273,0.779843492703089,0.8888281075020662,-0.15115434157941673,0.17137303825821507,-0.37732437163523463,-0.4082466547341872,0.04501155197156079,-0.0017940107890558026,0.9402948288102349,-0.6477400083411439
duration,AA,202001,273,0.8466079862601975,0.8950983537716041,0.34674540787679475,0.6139608566615866,0.6438462246212354,0.45284020402096825,0.04634982294027577,-0.0014211223079055842,0.9733597021477592,-0.4698796837598731
duration,AA,202002,256,0.6859570575207355,0.8426266174420519,0.04200975623712519,0.34785062371251996,-0.14851081483176926,-0.11236839093614097,0.04795863720808646,-0.0012727166840904296,0.9732006275629568,-0.27252133600902445
duration,AA,202003,251,0.05376173544364843,0.3819444404920049,-0.46869483374973975,-0.09540356494159857,-0.504325650602485,-0.3063184618928173,0.0508689006417281,-0.0016479035956900108,0.9977449294938133,0.04177156970890032
duration,AA,202004,246,0.5954803778705214,0.6959041382217827,-0.06152113062070882,0.7761721597290407,0.6255618945514415,-0.3978139662639592,0.05216896353762904,0.0013800419095441464,0.9822364256995524,0.12025168750866479
duration,AA,202005,218,0.8327241642723648,0.8646552595359576,0.5988113529576311,0.8473178262069769,0.6936482904366731,0.3063645395743434,0.0522804956714967,0.006900483088378694,0.9732614428840476,0.059084716981361245
duration,AA,202006,218,0.8421874719474318,0.9406440956546969,0.6220595840893651,0.8466283925871142,0.017349590454221395,-0.14030309225450852,0.05260468749918608,0.008585002078272315,0.9789071680500514,0.09953323019227041
duration,AA,202007,217,0.8050623129788564,0.9577984000150321,0.39133161403063743,0.7160743058197927,-0.73460378528446,-0.7296983704204777,0.052943772473997223,0.008669325313499414,0.971083462314606,-0.001029755371632371
duration,AA,202008,216,0.8327427094868954,0.9583419664439918,0.5250598363876682,0.8250622179354361,0.601733766775027,0.5480763047904832,0.054475427527252596,0.010882292568804514,0.9850402776817829,-0.1899293960607971
duration,AA,202009,197,0.8557019485228332,0.9514172073998036,0.5673444273879372,0.8315439696875521,0.4005694571321838,0.41883509287425175,0.055434617197593336,0.018286766790847377,0.9681742052983747,-0.26698195995196355
duration,A,200307,395,0.5179615988971512,0.7325908964346285,0.3787364748169221,0.6965497031615389,0.2345629396840603,-0.11127927738478406,0.02235943558229517,-0.023983430770126362,0.8685716043804058,0.28992107553808777
duration,A,200308,401,0.5223516080299075,0.627444291670279,0.35533610004838656,0.5791137827074107,0.011336583913350953,-0.25975695090631634,0.02235943558229517,-0.023983430770126362,0.8685716043804058,0.28992107553808777
duration,A,200309,412,0.5675334767940728,0.7228670505908903,0.5057195260750847,0.7128962084641018,0.07345393484347468,-0.18934064410025495,0.009195534219439225,-0.03353326551317055,0.9081995985420113,0.4069804883199997
duration,A,200310,406,0.6046290179399745,0.7576889364818896,0.5364030398513158,0.7510655303758753,0.08197960611753714,-0.21762156244914868,0.009195534219439225,-0.03353326551317055,0.9081995985420113,0.4069804883199997
duration,A,200311,416,0.4837240418671387,0.6858441521694485,0.4063307354902765,0.6629030786775947,0.007290340413549906,-0.17597438075382818,0.009195534219439225,-0.03353326551317055,0.9081995985420113,0.4069804883199997
duration,A,200312,421,0.5248902812242187,0.6791227965784146,0.43417227254964086,0.664466876910731,0.03475701050309014,-0.2681957875066137,0.009195534219439225,-0.03353326551317055,0.9081995985420113,0.4069804883199997
duration,A,200401,429,0.5684563860395201,0.6687054957648307,0.49865337878813215,0.6627949533622213,0.184757190212526,-0.17166319878773695,0.009195534219439225,-0.03353326551317055,0.9081995985420113,0.4069804883199997
duration,A,200402,426,0.6537406890717498,0.6931260853452441,0.6482886518726632,0.6928120701062692,0.4450833836189752,0.1712867756199686,0.0005731040813639216,-0.04085279324360839,0.7707836192812757,0.35205316768510936
duration,A,200403,428,0.6673402691739195,0.7629448367989009,0.6650274805629488,0.7658134725700223,0.37387432546004634,0.22212305849505176,0.0005731040813639216,-0.04085279324360839,0.7707836192812757,0.35205316768510936
duration,A,200404,423,0.6325083596768556,0.7250558348962929,0.6291891975879838,0.7251054318891392,0.3006814381965218,0.15270860376615714,0.0005731040813639216,-0.04085279324360839,0.7707836192812757,0.35205316768510936
duration,A,200405,423,0.640251214046908,0.7054900335504891,0.6267366082960514,0.6997187782699705,0.34120100692671396,0.204596904487946,0.0008433868913656732,-0.052404452302263926,0.7637668181350468,0.3694740484250832
duration,A,200406,424,0.6871126127436271,0.7808649003758574,0.6728756335700935,0.7782322067861743,0.3630115617403661,0.17270378639209333,0.0008433868913656732,-0.052404452302263926,0.7637668181350468,0.3694740484250832
duration,A,200407,425,0.7281578940580828,0.8676991814806095,0.717984242860046,0.8642048740835693,0.41735255037438834,0.2816629410201497,0.0008433868913656732,-0.052404452302263926,0.7637668181350468,0.3694740484250832
duration,A,200408,428,0.6783393823251743,0.8204293653664703,0.6347825085433381,0.8087866483743527,0.3712208724024895,0.2991976844358105,0.007600139140548904,-0.05594829094903068,0.7113622701885846,0.34040181468722236
duration,A,200409,439,0.7735669485443254,0.8011070388094759,0.7314695461495473,0.795073570919984,0.5501536096131534,0.3322747555437043,0.008827117209774082,-0.06812266118908121,0.6997739285024218,0.36154273717919777
duration,A,200410,436,0.7509844305273727,0.8523973165517676,0.6922830231431846,0.8321656168535723,0.5389648005548168,0.541964314800591,0.009529094922419528,-0.08632464510471306,0.5823757204372185,0.3078498734719148
duration,A,200411,444,0.5867869391190972,0.8045109710110849,0.35298145940599074,0.677895446871022,0.22478175540290332,0.3482057500724911,0.018870733236066865,-0.07974149523174559,0.5176598062239515,0.2926071137716045
duration,A,200412,445,0.6147772350372238,0.6990316461470792,0.3119668164158515,0.6035068272282964,0.5022139638504832,0.40931381827738955,0.03067787417172463,-0.0762267560507306,0.5333462125768249,0.34053920385480785
duration,A,200501,444,0.67672114790047,0.7745316789541155,0.2922275104383811,0.6287430962044804,0.5709299224910354,0.5048795618861817,0.036353287323168865,-0.08193486341754876,0.46943294389051454,0.272207897706636
duration,A,200502,443,0.5800510751024023,0.7512594340661117,0.0731156014984082,0.47110731192247784,0.3745888572068735,0.4229456024918766,0.03834514654565704,-0.0814334738421669,0.48132843327654096,0.26449651960722104
duration,A,200503,438,0.677779754121146,0.6696239936789067,0.2754090655893778,0.5301505651185866,0.6252367893009544,0.4549090282410951,0.03885645045994753,-0.07968589125064707,0.45648986481125176,0.26594764284111416
duration,A,200504,436,0.6959300166430546,0.7691894274977432,0.28795930378605966,0.5878179210732635,0.5526021151664632,0.4426720970755568,0.04329471816433673,-0.06749719925627737,0.5593323046258041,0.33048249898059645
duration,A,200505,431,0.6588898481387555,0.7195184865435229,0.1947173810080517,0.4685417003902948,0.4489798977199829,0.3811514895351835,0.04217304367136868,-0.06527010603681081,0.5501825023348584,0.3415334735740938
duration,A,200506,438,0.7113693480680463,0.792228789578304,0.3531597148610175,0.6670863639281521,0.6190874972749906,0.5596977522787432,0.03977688456308171,-0.05537900086308628,0.5036634836450633,0.30284359676261813
duration,A,200507,442,0.6745415086579047,0.8059758314110577,0.2982521431218313,0.6092326510796546,0.479971808827277,0.48301607203327834,0.039097363778799334,-0.042678997183886076,0.4934426609976443,0.36653533801345384
duration,A,200508,439,0.7061222370922722,0.756484838655105,0.3716900177863762,0.6215973492624951,0.621500381541883,0.5676022208716966,0.03835668717633633,-0.03610734945287063,0.43572993516748026,0.3595454313556833
duration,A,200509,449,0.7761653393894742,0.7616061501227794,0.4096364937957365,0.5929174351016449,0.6991133736345316,0.5675565123261037,0.042305829967706245,-0.027595067244660314,0.4059657302406091,0.3805473018245293
duration,A,200510,455,0.7190561985823657,0.7894670714528154,0.38144480143089005,0.6001265405206441,0.5906472382243309,0.6135013244842034,0.04135854323724975,-0.03202757094677854,0.45140559304888955,0.2857569120381911
duration,A,200511,455,0.69430903340457,0.7999304301033694,0.3128843259734922,0.630003166697767,0.6116657476777898,0.6306654247020073,0.04245865672381636,-0.03577809160905698,0.36711990957370544,0.2955089907929465
duration,A,200512,446,0.6844113846766692,0.7486995227821538,0.30724282370875444,0.5814956423855804,0.6123229957497,0.5793772216306162,0.046442658326543346,-0.02660266894863133,0.342296972623788,0.35715726594581104
duration,A,200601,430,0.7706324474039674,0.7287829970868841,0.342471546691047,0.5042101803662263,0.6986194725794358,0.5608565178953137,0.04960412704858939,-0.02233582818870007,0.34400684856539215,0.3181464316089015
duration,A,200602,434,0.7225768204128495,0.7866159021281222,0.0804293344010299,0.4048049579488021,0.5604933668370845,0.5297067513856093,0.054427737898745894,-0.010562204296690775,0.4290888114153867,0.33099759532557826
duration,A,200603,434,0.7291588964151637,0.7441324317998386,0.1506026895237899,0.43433387220954456,0.6320627523745176,0.5372451211678921,0.05641477243181855,-0.006330199676503096,0.48917240212981017,0.30214303634153683
duration,A,200604,431,0.6732332068784669,0.7650854605512584,0.08239596635431093,0.428936987361021,0.5509964207989352,0.48698052449161755,0.060942336416912844,0.018205923893475223,0.507609491404427,0.40790111954853364
duration,A,200605,433,0.7348817298902972,0.7886732848333535,0.2096641159630059,0.4948810209259777,0.5539220468539547,0.4921065984567255,0.06455345155456259,0.0379726917303606,0.6550493588780684,0.48801498703536933
duration,A,200606,421,0.7579953393036352,0.8206238990429605,0.3715253844780699,0.6275622892265732,0.5363730808260307,0.4212749088558209,0.06118623894837472,0.04053412740848422,0.726645030989998,0.42284706726387766
duration,A,200607,423,0.6787928404009783,0.7858332057346645,0.21521870519018546,0.4922511318987812,0.14927181772231538,0.10151704917458405,0.06080032006578791,0.04425081372519408,0.769659121338313,0.44781091437339193
duration,A,200608,414,0.7727503896310082,0.8151014636844791,0.2814384604424647,0.5526343192824732,0.4130825016034239,0.24673437337821638,0.05888660403969105,0.04701511155843332,0.7520077249614654,0.5445900797645279
duration,A,200609,415,0.7644996496646743,0.822658776240105,0.35722303931444843,0.616586154390076,0.47379199070529615,0.34579064742968557,0.056188988428212155,0.05022958365777651,0.7292751710927364,0.618030193082368
duration,A,200610,380,0.7971145517972237,0.8357918453451484,0.36811466473925863,0.6119788609815092,0.46219499260273345,0.311214154073228,0.05401370562874722,0.04584159598967107,0.7399255331934851,0.5258139459260509
duration,A,200611,389,0.7203518772949117,0.7726512647878646,0.2984184421308424,0.5295724136159575,0.41013518059075,0.32493872176147975,0.052239595673720426,0.042423464299049,0.7059466479499744,0.6407591487413375
duration,A,200612,380,0.6327461426915858,0.7108235963316114,0.15365779249819853,0.42759264776177525,0.36845648078186866,0.291609995746982,0.052178919862078274,0.029441385742861426,0.6153698561937712,0.6556388287870596
duration,A,200701,378,0.7502466637283195,0.7682444518085499,0.28103168881987917,0.5159566405123259,0.5461790304843712,0.30643788510045755,0.05350204504630415,0.029995851872784755,0.6398995225583896,0.5593788696689793
duration,A,200702,356,0.5989984184680183,0.7652989398646751,0.07481531621985715,0.4348439150788322,0.317348107149174,0.38826183570594913,0.05403901074572181,0.022598472879219816,0.6386789747801267,0.5577307235324604
duration,A,200703,353,0.677521876481489,0.7791244452913979,0.1721227798705352,0.5541553339563279,0.517445667119168,0.3971654191392889,0.05578236936693306,0.014588346447734782,0.6583879870244771,0.547499082458737
duration,A,200704,367,0.6785850992827456,0.7710032815778277,0.10930086560329075,0.47941985931639486,0.4096032538293769,0.2828683501093146,0.058129899431427094,0.02315304803361213,0.6380483489838564,0.6909392057697723
duration,A,200705,371,0.6936150902994488,0.8266551236032557,0.05425474165583722,0.47926878273804624,0.45629287230017607,0.36540559340315887,0.06127767730707716,0.036821085175520275,0.6724969677677884,0.7498385427592992
duration,A,200706,370,0.7961660036211347,0.8082185436237278,0.26490821898092953,0.4763104079267477,0.5165788627362489,0.3673174365063522,0.06516672513018906,0.05060692589303791,0.7531718492190569,0.6429087140463352
duration,A,200707,362,0.6218450162472502,0.732446475015181,0.11634032825377255,0.3733786425720072,0.26445079412379635,0.2337444969246525,0.06647548087998886,0.054693465758879484,0.7461246308173025,0.6988299025116691
duration,A,200708,356,0.3144431692601079,0.5212222442387305,-0.18147403921214,0.2271607171116587,-0.03209714333589109,-0.03693409631616534,0.06865097963060354,0.06568437551317771,0.7271819957756915,0.7270012029287923
duration,A,200709,364,0.4031074778272785,0.6459968425099184,-0.2613971333772081,0.41515321540228134,0.17592718613889224,-0.19529660874617286,0.06943669245015519,0.07616677845588886,0.7242824513163199,0.708322531797274
duration,A,200710,386,0.5397960396728576,0.6655396683968958,-0.12121848509365078,0.4265420806449846,0.3332920202663545,0.10172017804262654,0.06654855478018695,0.06035310079911117,0.7302146799027497,0.4516160018503095
duration,A,200711,379,0.04449161602334772,0.5906124474892411,-0.31491371348335656,0.3584491328612397,-0.16710399569724663,0.28970063073804997,0.06212694063237395,0.039222483408032104,0.6225678490394898,0.5427822884415779
duration,A,200712,395,0.11723376539928619,0.6264629200181472,-0.27408266303723483,0.5852256420141789,0.13974033206186393,0.1770050956133331,0.061400072261896116,0.03408221295460058,0.6153027408694083,0.5618732285650502
duration,A,200801,394,0.2791599570914181,0.6679242654701183,-0.16889490781865185,0.584132457438444,0.22726450923677366,0.2307032779350907,0.0629372943775953,0.030678575101179422,0.5669189656760811,0.5800964795402656
duration,A,200802,400,0.07472484203026268,0.7543367146044662,-0.2599238745242158,0.6236388352427202,-0.04740367127294545,0.4836667729173307,0.05988231887039358,0.010388943117320073,0.5742332609206787,0.4419261049303998
duration,A,200803,401,0.08117020880634238,0.7851643279860052,-0.18236777459336737,0.7259558194067073,0.05304667435887893,0.5508826813563108,0.06202600810668516,0.009921234572833776,0.5912566341130068,0.46807535132670225
duration,A,200804,408,0.0018230512980980404,0.8145738798694356,-0.3482367217445601,0.7298452827001655,-0.08400559601480069,0.09361522132987687,0.0661981432720269,0.02425221126288722,0.6219573282892888,0.5476005926916271
duration,A,200805,414,0.2280854759177779,0.8558218134143059,-0.16425749317937086,0.8365715943043677,0.44204348713941993,0.2773384304667877,0.07075571554098091,0.03797430073729926,0.7113479846962837,0.54740174176569
duration,A,200806,439,0.2184575495649855,0.8512946893341314,-0.03446174227058553,0.7966712243664844,0.1812943772924426,0.5993832921532861,0.06886140140217747,0.028903190347305856,0.7211973444591344,0.4425510983176291
duration,A,200807,449,0.19933092056421675,0.8705701824159506,-0.012444188142963195,0.833672711846431,0.18496447131191004,0.6942259253367271,0.06504640721950598,0.023751038377432764,0.6193408480136915,0.510283323263374
duration,A,200808,447,0.17605263469037655,0.8997547712918493,-0.0175771425131885,0.8736588467210399,0.16434972204188503,0.689536182923526,0.06583055817961125,0.034755810506693435,0.6133908386296416,0.6187734216545473
duration,A,200809,440,0.0330715926876031,0.7783728691310858,-0.08974520435633354,0.7437413979880625,-0.06258024435700973,0.6017876688882221,0.06220034371492081,0.026428394594276018,0.5958648811902928,0.5472227600628135
duration,A,200810,440,-0.1939984194133234,0.7274696666821625,-0.311065233714111,0.6998675800823538,-0.28337665155107394,0.2649840884790446,0.06074985815192575,0.024409821001058336,0.5679461462373367,0.6111074461590807
duration,A,200811,446,-0.05766252773313161,0.8382203724262419,-0.1615414971511932,0.8491857339519809,0.0293855376178098,0.5669541793377052,0.05788553459893483,0.01504039802049104,0.5517393075128376,0.5828026909749283
duration,A,200812,518,-0.10338469064333042,0.83264945606601,-0.21188234827393604,0.8246901961082259,-0.14182680509085627,0.5637676466602798,0.05782525185362129,0.012571760448939436,0.5107963731905463,0.657158126738946
duration,A,200901,499,-0.042554169605576696,0.8131969194581192,-0.1754664992635874,0.8195480116860225,-0.010094309100127966,0.3857214187410966,0.06019312595489096,0.011326540930170145,0.6501581181397585,0.7200484979899685
duration,A,200902,506,-0.05617529724564348,0.8922734621311955,-0.18365120189112,0.886191567320994,-0.07583444910611475,0.6916551764509961,0.059947169308997655,0.0058151504991770615,0.6597307081626828,0.5944869451190672
duration,A,200903,529,0.1826723290975886,0.8972313371616079,0.04602911088269721,0.9251520717752838,0.34289672413401767,0.7243771217903614,0.05659505104369962,-0.00868098832462383,0.620201315551201,0.3871873738289409
duration,A,200904,527,0.07846075162779229,0.9143984104797881,-0.10753956255070968,0.8771421037890978,0.024591190802112806,0.5513034964328607,0.050983090701864166,-0.02458728900037497,0.5978981467996437,0.29551337520523346
duration,A,200905,538,0.038119530362682105,0.8951191306846283,-0.14698007262172966,0.8717995557343203,0.07171005682533405,0.31341675647831574,0.049251813084254935,-0.015082494199608512,0.5750630702782633,0.352316316603552
duration,A,200906,561,0.12696817214942563,0.886148503892918,-0.06807959676915089,0.8674987562155241,0.09621502111035292,0.4778854440514478,0.03666527196355846,-0.027392597876192856,0.6633966118633037,0.17735436038180238
duration,A,200907,575,0.1552820910973085,0.8883675593402447,-0.03315968540120184,0.8680163496063783,0.17906693430288342,0.6638938018212803,0.023693238836293568,-0.04118390314023115,0.44352893660214493,0.19869820259403378
duration,A,200908,593,0.26634456777795734,0.8788275282794678,0.10873473120522026,0.8698087363770333,0.30604038424443153,0.6939546667624241,0.01936558989480714,-0.04159700425280548,0.4416522308277918,0.24222410113563272
duration,A,200909,606,0.3342724852213429,0.9149163115117066,0.2108911295502772,0.899094153836531,0.389696537423699,0.7116992154509745,0.014738278040974261,-0.037937631782171015,0.4847166870303431,0.26663023154517557
duration,A,200910,604,0.42544412195494524,0.9267983181732179,0.34981624089067004,0.9270831944906194,0.46450670406927647,0.7202911162578426,0.007415240753272288,-0.046756485141338226,0.5781661291105001,0.2154188536457136
duration,A,200911,601,0.36949652019612944,0.9033007003830826,0.343062116848442,0.9017497415713569,0.27988905533966096,0.7075337339207635,-0.0016694325989194672,-0.051691001796798634,0.574821020365587,0.23739472177144055
duration,A,200912,622,0.32356623690654507,0.8577209091609495,0.2591417565334378,0.8539459734966607,0.21114100374471992,0.5124557585157914,0.005519673950305162,-0.05099957497501102,0.5893820338844892,0.29850556339794143
duration,A,201001,626,0.46343645617722956,0.8751150603124608,0.3901584576524992,0.8750165094704194,0.43515040885764644,0.26738444789298077,0.011047716649030382,-0.047480064399480076,0.7823897829732885,0.3140495345447952
duration,A,201002,638,0.47738940304577826,0.9273328472524922,0.39596249163499253,0.9144335142743777,0.30581006109469133,0.43982150368472184,0.009378424304502463,-0.051057772815117204,0.8615054308759187,0.2966905815141883
duration,A,201003,637,0.4959695012673915,0.9117620923550842,0.40442232737055683,0.9014661795124664,0.1462899494779781,-0.08066085787063575,0.012161420071168598,-0.052347122583817164,0.9002471329310028,0.3024665045372757
duration,A,201004,644,0.3894293796974451,0.891093474565477,0.2971990720408385,0.8706776990800158,-0.10998477138773118,-0.08275478160229083,0.012260791158700922,-0.04515577721802828,0.9967165282781032,0.2780226163651208
duration,A,201005,641,0.30681190389136137,0.8722239736600959,0.26529763293335473,0.8670367106740345,0.1639210054383484,0.5918803399332235,0.0007097388543007852,-0.04848313873049297,0.78282222568847,0.23215728310521233
duration,A,201006,648,0.3926810345352247,0.901173459959287,0.38975165428417724,0.8996652632965371,0.3605112150681008,0.44396157767787786,-0.009416230340603194,-0.05135507415161296,0.8233410413394131,0.20083438341466603
duration,A,201007,669,0.4517233653969085,0.9226844350252711,0.5317388514584511,0.9052047835257802,0.358067961526916,0.21302981347391559,-0.024603122666631363,-0.04663134800782995,0.7784477680180095,0.21202535903694722
duration,A,201008,667,0.5367312554348662,0.9433957861597178,0.6295179404956851,0.9266060447685204,0.5524698000570842,0.6570823667305367,-0.03364136242556935,-0.03237518140888198,0.7627553115742325,0.18875611266361897
duration,A,201009,689,0.6093829954129495,0.9388865866125087,0.730678874831775,0.9180090659629755,0.49085301607645104,0.3523212554382794,-0.04921147144056169,-0.03139905852853015,0.8238783448700331,0.2011415852627071
duration,A,201010,703,0.6252173797936812,0.9527045587928794,0.7412709055664191,0.9333821733497004,0.3278847632817945,0.30421342197184376,-0.04344915026079118,-0.04185621363822532,0.858147884893276,0.1988341637402669
duration,A,201011,722,0.5295766922570007,0.9357166506973846,0.6297985064689341,0.9394759136873472,0.007213286132298668,0.34203476003854816,-0.0313854256491115,-0.050827797291285885,0.8640620689619973,0.1999686436731976
duration,A,201012,732,0.4932865683386345,0.9112583675192285,0.6055407090480668,0.9177615020472718,0.06711143877552175,0.015943728420472102,-0.02645271217683793,-0.0503847982278403,0.8117223807389311,0.21269162246304013
duration,A,201101,730,0.5403783693189365,0.9319356920362406,0.5937535563262191,0.9183128683922104,0.27754652737953495,0.26339961254113825,-0.015215051733028406,-0.05227689396584578,0.8288071129269984,0.2224627883248129
duration,A,201102,744,0.5560136506797805,0.9414122777444794,0.5717689850890917,0.9354980904258466,0.4570283605343603,0.31678169955741936,-0.005539769931435939,-0.054297673837599224,0.8252969645431637,0.2252535244183512
duration,A,201103,729,0.596271599024311,0.9479339846883441,0.5087938106202947,0.9350286418018535,0.49496010218993486,0.6174785612380743,0.012892137157365285,-0.05169907991651472,0.7785213340778191,0.23700171965040098
duration,A,201104,758,0.5669208219676344,0.9386476129015165,0.43614334458717696,0.9115133644383545,0.38487686801198,0.6218700007247219,0.018809519321050107,-0.043064310787071014,0.6958472871580241,0.20967326445630818
duration,A,201105,767,0.5795390865385884,0.9395948480146997,0.39627002797342054,0.9027815660519947,0.5027673697750893,0.7409172284186806,0.029292670141523005,-0.03247481121987174,0.7127412501030775,0.21697883197195397
duration,A,201106,786,0.5472273229402721,0.9450994968333791,0.3045766639318934,0.8778300175898291,0.37030356094865313,0.6898897247153104,0.03930278144544936,-0.020273163906885112,0.7674804964836092,0.24044320809373335
duration,A,201107,800,0.5355571102454848,0.9400319095033577,0.27726739416780344,0.8698298419586967,0.376575025898478,0.6869695931591643,0.04394218434421344,-0.017369760666867413,0.7437066922958263,0.1962839914386334
duration,A,201108,799,0.4203399926599979,0.9035520669634035,0.16985903431921479,0.8228338759916061,0.24708456058795297,0.6912126059830427,0.05069310304931437,-0.016003302853423905,0.7666317759382225,0.21000021856421677
duration,A,201109,820,0.43243724317670074,0.9340022248005524,0.21782269303733312,0.8929836193732096,0.38455198584725336,0.7524728403311928,0.05472191826745565,-0.0124254005145627,0.7804671755221196,0.17264299501132305
duration,A,201110,834,0.4300196506294914,0.930710245730587,0.12765522527453232,0.8342841940168176,0.1417108298538474,0.29093749570273547,0.0572356924114726,-0.013279681405814238,0.7177384922526286,0.187735382911664
duration,A,201111,823,0.4106403013552605,0.9243615136621263,0.154655691139844,0.8635262726423963,0.3374615859081653,0.7409864572541327,0.057484726779986756,-0.013756997997164112,0.717303228845131,0.20666972063005865
duration,A,201112,845,0.404437535732353,0.9552670394577462,0.1403868876964804,0.8816189162951908,0.3243104751687527,0.6010380437711903,0.05614676904872671,-0.016279983209713206,0.770451612212219,0.17771947691019738
duration,A,201201,858,0.5448013406235944,0.9373103353099783,0.2728607481876223,0.9092013846735902,0.6209417260164483,0.11144820201151105,0.059202584277811596,-0.015002323295845232,0.8184564347167999,0.18414061588139552
duration,A,201202,871,0.5341209473524017,0.9606442757618231,0.229705026566968,0.872140841070001,0.31765169722409775,0.45279359051238344,0.0601359696249267,-0.01272559039747023,0.8055592045019665,0.16416310559055008
duration,A,201203,863,0.6027031389172637,0.9633920433504592,0.25919480343544005,0.8694633275052374,0.5007140239044539,0.4929868304746986,0.06511995479458105,-0.007896200235564477,0.8231780733621118,0.20483379683788278
duration,A,201204,886,0.6172606755687089,0.9670729407691426,0.25792145704886305,0.8595247980236511,0.40555719776622345,0.5301415653514101,0.07052210755917562,-0.006109179642706114,0.9043984496902536,0.2048315286020354
duration,A,201205,877,0.602152041583451,0.9631007500777702,0.2850099833771087,0.8628959802803885,0.41801750415109734,0.6488315035011826,0.07715964235432202,0.000785485327733518,0.9031082116020185,0.18593865556643824
duration,A,201206,892,0.6187597904380706,0.9455221012042792,0.2827884818554653,0.829460609066814,0.2708509797979967,0.06782807731391384,0.0810997494103075,0.005472938208040103,0.9104934753779399,0.20885693149724624
duration,A,201207,896,0.5755290861758626,0.9402583210016556,0.14155698564248476,0.7695325032630715,-0.08477733706662537,-0.14140225665760037,0.07899712664198162,0.006535910900733724,0.8834149865861325,0.2067021729991205
duration,A,201208,894,0.6382966658104089,0.9393072265425425,0.23768968269569557,0.8240159804827459,0.47703815799461485,0.14926850205403425,0.07772442778891252,0.009274970565148763,0.9163519317737263,0.1967872916754539
duration,A,201209,930,0.6854557535151903,0.9410031390985952,0.2550127258938942,0.7856745906076146,0.2100621556818735,-0.13085138525777515,0.07284059993907621,0.006505807968107541,0.8902181759602343,0.164850756409015
duration,A,201210,942,0.6282838293426196,0.9232608403385716,0.09134364912926615,0.6723323766628212,-0.18381676659070675,-0.23227746422977918,0.06995136234457719,0.010268548616560276,0.8948956365160879,0.21403515533989648
duration,A,201211,939,0.6758354266466234,0.921864018047386,0.22072224793277273,0.7682773343833093,0.4051051538968491,0.17822328597873863,0.06537592033526358,0.008570942594347932,0.8967232497810287,0.22203385563127664
duration,A,201212,943,0.5741369697940278,0.8699793218942948,0.0705190315201736,0.6165671116386626,-0.06737218301664027,-0.04475559943883429,0.06419483256841436,0.005858693184011017,0.8981529941744097,0.19144542291339736
duration,A,201301,954,0.6749767875245596,0.8924444712508651,0.15252824726838637,0.7121311589874151,0.31895504227333993,-0.04136204807735818,0.06656767518769997,0.00395121544968241,0.9468115361553879,0.20307375154327717
duration,A,201302,972,0.6887894640356225,0.9296189057928259,0.18957908722471942,0.7276438538901276,0.29592354102920726,0.0959217717288089,0.06782879368927129,0.0018517028318426102,0.9815263851494336,0.2729449635562177
duration,A,201303,958,0.7346455857855724,0.9544354474121144,0.27687891696410577,0.7710611754195085,0.15524650813319052,-0.06891783617721275,0.06867329010568154,-0.002555623762229489,1.0640639308760023,0.2513232787491049
duration,A,201304,947,0.7369723591865374,0.9432455074357688,0.1944486166198349,0.6980900309680171,-0.4972345565542434,-0.782986237168063,0.06971488149779767,-0.009694385772187418,1.1462908522221102,0.2621057090853391
duration,A,201305,948,0.7361636362117744,0.9609537863264185,0.15163041501003052,0.6581475917960364,-0.11758367054338799,-0.12003478374186415,0.06841467685159698,-0.016409949192045695,1.0109741211896706,0.25438839038023964
duration,A,201306,958,0.7129572576652285,0.9417856340337025,0.225493702206293,0.6872931137767846,0.07064038712793065,0.11797408310668223,0.06753600573926771,-0.023483909299031505,1.0637060554153657,0.2863634687679484
duration,A,201307,965,0.6925813302904297,0.9413682175192085,0.10918412917609575,0.6464099462316547,-0.40451659213230445,-0.6066448524440257,0.06632939833105168,-0.030125962899841305,1.0176934074088018,0.28084062579643043
duration,A,201308,957,0.7089479660407707,0.9384071964331351,0.09345622751762422,0.6434990507504065,0.20298344396801932,0.059657974413496496,0.06959877901554341,-0.033361393904899964,0.966557984441139,0.2765949337274112
duration,A,201309,943,0.763897925005,0.9318525172670115,0.19510436394513161,0.6654713807392757,0.4786317335219689,0.28685313890346303,0.07151776248385941,-0.03403764623509362,0.9396290528194376,0.2618921559465047
duration,A,201310,933,0.7831244762819533,0.9548048938377385,0.14612252384521954,0.642486805863354,0.24757491979736182,0.05037898540910828,0.07326796063328327,-0.030400580592384454,0.8978425887785427,0.2444131972973642
duration,A,201311,946,0.7939010929291093,0.9437581173925712,0.12189748797370928,0.563390062108099,0.31994955543907483,0.2272388049110271,0.07890730936501093,-0.026034711174345273,0.9457283558214584,0.24426779261313433
duration,A,201312,942,0.6877404977867905,0.881731404694711,-0.2571834341687309,0.21997638526641353,-0.48397128366979786,-0.5166412178650807,0.08534364401494139,-0.01918957045717018,0.9248904772678663,0.2479111802317961
duration,A,201401,936,0.7806609925952007,0.9078993453028232,-0.13024370527666404,0.42012167630222746,0.5795202955539449,0.3834509809775049,0.09139694665650491,-0.016455998065694318,0.9268671926741965,0.25247168520631413
duration,A,201402,941,0.7775559068435006,0.9443385195584714,-0.1888238861496112,0.31813004679534757,0.05815622039106585,-0.11004078697063602,0.09049245881757087,-0.015240334594691946,0.9509316447814481,0.20442989110322526
duration,A,201403,921,0.7748457737822958,0.9551935433244785,-0.29795297932089165,0.2042026248955209,-0.0496871544867303,-0.10580109812277756,0.09270349920513571,-0.008661173480875996,0.9565229821277433,0.21226380030364925
duration,A,201404,927,0.7491845965345874,0.9454287965633658,-0.3511381995366049,0.17465659325760807,0.11628244832479023,0.10044595997100952,0.09250886231535292,-0.004001029710585516,0.939690354648303,0.22788657732483586
duration,A,201405,935,0.8043419021831306,0.9543268109689191,-0.2602775064294148,0.2520035492072273,0.4662047970084247,0.33789837193918315,0.08924340669960314,0.002229174526620694,0.9152280079668329,0.21467833254772228
duration,A,201406,943,0.8033424879938769,0.94037167284657,-0.25295453330385803,0.20406852258276337,0.37175678639827386,0.3226658106572422,0.08511953483428497,0.00642146136726374,0.8748881446327412,0.21459456415245803
duration,A,201407,960,0.7811579479699071,0.9282717788078634,-0.20003961864107925,0.2500263350032548,0.3569532410516938,0.38635524633242907,0.07888521201650425,0.007996025249036044,0.8658128770596786,0.22672441265421864
duration,A,201408,968,0.8064911705405414,0.9278387809382046,-0.0834750142360036,0.37217332334782294,0.5068276061173975,0.46128503062121645,0.07754888034654883,0.012294891925559527,0.872794091471319,0.20791062193661805
duration,A,201409,985,0.8172655208444929,0.9188055100050816,0.07262492046200643,0.4423514485923342,0.4867759142002393,0.46307748050907716,0.07517832476095632,0.012564766451245707,0.874042899868895,0.19082487075838117
duration,A,201410,994,0.7802054177230728,0.9166572644304225,0.04526479664782115,0.46244543403948213,0.22927370727965452,0.20922846410151663,0.07466385067853533,0.012374393050441107,0.9157519611221331,0.11084749611096174
duration,A,201411,973,0.8450861254384457,0.9309352001171307,0.21292801813436638,0.5771446595534759,0.5647806776579324,0.44860224723972325,0.07527981582236407,0.013946031943443876,0.9099011436840165,0.12325253985163703
duration,A,201412,967,0.776270481854003,0.9128330069175201,0.17100536321896548,0.5381996991334372,0.261151082058211,0.27471258247539876,0.07427383794935555,0.012983037194402454,0.9196507114794209,0.1318469597940496
duration,A,201501,976,0.843432070299306,0.941104617689227,0.2773399999397879,0.6521098592085491,0.42466209071140043,0.25360350564110584,0.07654718450492545,0.013897196878643821,0.9548203016330584,0.12452214048289634
duration,A,201502,959,0.7821127065641186,0.9256736359233045,0.06936165129386257,0.4836435915994024,-0.17250034558876357,-0.2515957161537839,0.07559384533172155,0.013342797418021158,0.941825498967287,0.09683150808940294
duration,A,201503,951,0.8023333510222952,0.9403203193104328,0.18686449841434166,0.6030580115160792,0.40735883594679784,0.33377335061535823,0.07441912072492436,0.01590069494086044,0.9349875405529762,0.09742139409518866
duration,A,201504,928,0.8237733833815689,0.9579044511546823,0.23873578353945918,0.6383589841890771,0.4226357061679429,0.36012693100000337,0.07307057335720904,0.016400504787579834,0.9199193763439799,0.10599434353502661
duration,A,201505,923,0.8240899212607989,0.9592827813169384,0.25380735789828085,0.6511441569337751,0.21786146699837083,0.1372421382656328,0.07212926978462299,0.0197944245368045,0.9435851800083417,0.1124368059554451
duration,A,201506,940,0.845751615181334,0.9580140713127983,0.2874407094216442,0.6412771144164678,0.24521613046141344,0.1971212415528918,0.07195745417276414,0.02292099164498496,0.9346742738269416,0.07019666945546138
duration,A,201507,927,0.8490716598219704,0.9595195613641803,0.43268937714979466,0.7565458417531957,0.6029509353346143,0.5437414592092398,0.06766003754627392,0.024131988582330278,0.8820583191523166,0.06846085960378426
duration,A,201508,939,0.858505553027841,0.952283638676782,0.44323926137991126,0.7301907755745443,0.4026353892480388,0.379979424401172,0.06733299414036721,0.023599847580810344,0.9161795744901434,0.09897334750411045
duration,A,201509,942,0.8430877645735866,0.9598417740849418,0.46745985534424406,0.7697621975418537,0.507480243240706,0.512361034392531,0.06647997848749675,0.02187606475950216,0.9072607633182559,0.06443407941148248
duration,A,201510,956,0.8426446695519326,0.9531635214660767,0.47521617005210326,0.7849649159000036,0.3926421389983306,0.36292234360345177,0.06448610529116933,0.02298164661836706,0.9032854318718087,0.06813748433055508
duration,A,201511,940,0.8425097070093497,0.9677782483347719,0.5223253457637338,0.8387851926573124,0.44460908220304907,0.3769168949821828,0.062107787312280026,0.022495384780054823,0.9107458838932847,0.020755996149400442
duration,A,201512,849,0.7653973439670357,0.9354820759397786,0.4078574453983207,0.7513938184114235,0.10414892365373377,0.2155328198350478,0.06115196331359297,0.022307352984213737,0.908680162035429,0.11263967658317144
duration,A,201601,844,0.7514860400771585,0.9265013422065747,0.48307360577091485,0.8214513374534095,0.47016040332213616,0.48479042382771015,0.06296781920152493,0.022580514927532488,0.9456353915428046,0.11439856912588871
duration,A,201602,854,0.7146822017729755,0.9531884833813314,0.43617529785295783,0.8554147695811839,0.20406528207205307,0.22750440872376979,0.061600147619211204,0.02049033196531862,0.9231473397625181,0.010607732170574263
duration,A,201603,867,0.7641896498220884,0.9293270513703805,0.4310467064502835,0.8434225068284723,0.006098403707140661,-0.33848250860136786,0.062132400517272555,0.02061259714955324,0.9388084940939116,0.045166210634580685
duration,A,201604,875,0.7749848594087959,0.9515463865957915,0.35947141827170664,0.7924550183937585,-0.09587797964237575,-0.2852917028364167,0.06332725451019978,0.018774405752543015,0.943055179753066,0.017567044303469864
duration,A,201605,890,0.8000745259246176,0.9711207999371241,0.39510164225726474,0.820495131332962,0.41654281638356666,0.2975095341546727,0.0650744346674662,0.0205393676893928,0.921047898468509,0.0753803255131756
duration,A,201606,920,0.7712533956869048,0.9466515054029967,0.3466131992327393,0.7660237053092894,0.33699876977540194,0.31337595448498756,0.06785307849102847,0.026325471029595874,0.9079071085128091,0.11972023931865469
duration,A,201607,913,0.7982908369494871,0.9676254521970936,0.3278948560462154,0.7703029415593253,0.3579104036680051,0.2476313642509221,0.07089128028705483,0.028403094765555817,0.9305567432429201,0.08534975370029384
duration,A,201608,922,0.8052009983861254,0.9573507174520923,0.16364462858502846,0.6275434967100061,-0.05345119784865003,-0.2383217501846062,0.07621436798048291,0.0317352022078136,0.9487174097053733,0.126920245507189
duration,A,201609,916,0.7697352122848907,0.9524776574025677,-0.0019431717200877811,0.4998709910148526,0.013192383540029004,0.006571311991206201,0.0771259684294739,0.030008328254520888,0.9193692758896771,0.11158142216756449
duration,A,201610,933,0.7889238131839724,0.9451635207878766,-0.04860461756440656,0.46513886486052897,0.09303503071094008,-0.06590610129150902,0.07905396883786593,0.03243332952700038,0.9273970306266871,0.08540045741965793
duration,A,201611,940,0.7455720716362175,0.9442547146671176,-0.24094016557477108,0.28381543919294994,-0.26646817959422386,-0.30195486570729274,0.08097670387158527,0.0337104134854991,0.9466826790814324,0.06998072928246593
duration,A,201612,948,0.7690606484821597,0.9223627623128042,-0.23811636055851032,0.28775117530926997,0.03760302302883424,-0.14717108581355873,0.08103725172814312,0.03166124916901996,0.9558832625924945,0.02189902752893868
duration,A,201701,930,0.7896453691767138,0.9476226986674505,-0.2830277004673851,0.25887953217852183,0.21031600672939285,0.026651346486160236,0.08145598457580314,0.03152329838234294,0.9449814720453038,0.013010605936960705
duration,A,201702,933,0.7951134493576472,0.9574363394906735,-0.26294439684658083,0.28121049033944684,0.356634624224233,0.24260232731048545,0.08063856373302894,0.02832311584359767,0.9503302056981099,-0.03392770212033754
duration,A,201703,935,0.83805279470824,0.9525818090760436,-0.1910413346992261,0.29306319719908,0.3203405424403032,0.11162657024731786,0.08356278528657642,0.029831200916190966,0.9797078072829863,-0.03796382175686877
duration,A,201704,933,0.8330369613950726,0.9524562776550548,-0.19538069801612698,0.25593217733268153,0.19819889769632412,0.09695997767626824,0.08587239929525824,0.031173527959000927,0.9843132268511163,-0.02113193640267151
duration,A,201705,963,0.8398792069944164,0.946585390717876,-0.31182384407013947,0.13526989143673057,0.11439815140242562,-0.01833175934916815,0.0885218582157431,0.030930952716123287,0.9822557982596734,-0.03719520133199875
duration,A,201706,994,0.8365515343573144,0.9636313699373952,-0.4557837158442346,-0.006164696373239415,-0.0750862344366605,-0.24793134226691,0.09151463519866211,0.03514414898936624,0.9883561463663271,-0.002123535685828665
duration,A,201707,983,0.8381146966395713,0.9561855848045553,-0.5437499207252516,-0.11364589297231685,-0.13344578008954874,-0.27373939220157045,0.09321570968331022,0.03796511008272115,0.9947640966414492,-0.01952096456027985
duration,A,201708,973,0.8702863130458854,0.9500764332643573,-0.4550029674119314,-0.044902085713529126,0.3734042849485608,0.22293408134850645,0.09677368642862243,0.03958478107978069,1.0185972314213863,0.011312280288314965
duration,A,201709,972,0.8652360465949313,0.9604231147365712,-0.5644897646690651,-0.19976071322668681,-0.21545348521666538,-0.37183626562099353,0.09936849089745137,0.0360381940637745,1.015191226610979,0.0726617679411044
duration,A,201710,991,0.8613654118740216,0.9543450620241575,-0.5973375235378425,-0.24364983928949155,0.012817076562966996,-0.09444781315347298,0.10023814296354748,0.037370409466598524,0.9631089984468988,0.0978923499079641
duration,A,201711,1019,0.8528288547826094,0.934623038280611,-0.6308419584124902,-0.2960050500107344,0.03774462265380287,-0.0300630332704388,0.09895358348699587,0.042141114856564466,0.9452734182263419,0.09828286779943983
duration,A,201712,1057,0.8418964911429234,0.9369449892179654,-0.6160776657653186,-0.2449670140670278,0.24381262944605417,0.10717904296547516,0.09752924801310875,0.04312201828532623,0.9431066789632708,0.09835735463895805
duration,A,201801,1065,0.8388350561318946,0.9470083450641311,-0.7012077091412863,-0.36752425741776934,-0.18977756871258122,-0.27088081802358555,0.09679809423533595,0.046236010168406706,0.9373466857753813,0.1016061416445332
duration,A,201802,1057,0.7821515725023311,0.9393102834487839,-0.6789827159209969,-0.28701942242902706,0.10307618505303644,0.18536134664862638,0.09392458731663131,0.04991508916920785,0.9114147709426597,0.15650678794628087
duration,A,201803,1066,0.7790679449191559,0.9244796422577626,-0.5392839841562341,-0.07220388539233998,0.4220140446690605,0.42328482056214456,0.0904513970063274,0.05270877237379738,0.8914023929718844,0.16516512798196667
duration,A,201804,1083,0.8360319841619058,0.9450081738481815,-0.3690087914442823,0.12538543317583067,0.5925525668383088,0.46999754844309455,0.08696485007435324,0.053815414907703425,0.9224319503880073,0.13364410312626016
duration,A,201805,1061,0.833056840895554,0.9632969018410142,-0.2933664421468344,0.17153105290794754,0.40668508880675147,0.41342053012390906,0.08451406915188872,0.0504930824720323,0.935431564910433,0.09811950425403869
duration,A,201806,1094,0.8437824465384677,0.9671243089594751,-0.11811641833359443,0.3436139869134961,0.5279329603306462,0.471484368077069,0.08003899202449148,0.04644493518358918,0.9175147873608709,0.09667958707418386
duration,A,201807,1104,0.8468340798435109,0.9566410652296303,-0.09440389266195659,0.3104863904057986,0.14355640162959427,0.06744405114967371,0.07574577540350277,0.045054477451366065,0.9113154605634392,0.07570661392332217
duration,A,201808,1112,0.8561155498694587,0.9600545735322675,0.12266619824541353,0.5120173489475945,0.6159023453393448,0.5945583956353113,0.07123643464933337,0.044901076963471315,0.8985744622855923,0.034557416311128325
duration,A,201809,1132,0.8563299992093251,0.974600402341475,0.12974783949123872,0.5030106482349654,0.1787658055466379,0.1943271191955386,0.067863782169599,0.047941985350507275,0.9131749933299305,0.04511573874554873
duration,A,201810,1120,0.8410843325451342,0.970539367164645,0.16955953180994013,0.5522515323244245,0.2625623391873604,0.31443402144637617,0.06619002924017363,0.04837031506906363,0.9229250763079916,-0.0024008863851231067
duration,A,201811,1111,0.8236205961825794,0.9471054909213076,0.24378564295134325,0.5969156725689696,0.36858806270411515,0.46109411857457444,0.06477607747440399,0.047284307830577424,0.9289160288906219,-0.0764615100098307
duration,A,201812,1115,0.7845685042229001,0.9227229007224916,0.25436365089130764,0.6207955434140676,0.3018450827212765,0.34453269406962006,0.0654519266678409,0.05020022894819333,0.9487719264928666,-0.12403905578321925
duration,A,201901,1128,0.8290221480886929,0.9386606023934032,0.3418954660062295,0.7351644114313534,0.2852091019496154,0.10386061416122692,0.0658087791483893,0.049781638868706284,0.952982688337863,-0.14949505440073008
duration,A,201902,1150,0.8276427554221056,0.9454299377825698,0.2901470112067481,0.6803196151526119,0.05901758518630589,-0.0887391877569205,0.06531254077878569,0.04883874213768804,0.9532631299769275,-0.19775476925006638
duration,A,201903,1143,0.8479504672680673,0.9511512143025579,0.30729022029190733,0.6754886543632805,0.2334150379781839,0.10220144045760608,0.06580172116568078,0.04719739311316117,0.9604997906841374,-0.15575871266419664
duration,A,201904,1153,0.8261836052684789,0.9518113380779439,0.12659726205721678,0.5384182613096137,-0.24754543087854256,-0.40450057875960377,0.06495572631772586,0.044778433494313444,0.9500264623336795,-0.12818823472813975
duration,A,201905,1159,0.8471725047293708,0.9482873045527214,0.2921248993785746,0.6453010756455886,0.4809254142544266,0.4403840224461433,0.06397956220740156,0.04539214486755602,0.9487027981897791,-0.039871259680028845
duration,A,201906,1188,0.8330721620385717,0.9548127321643426,0.1078640498568893,0.5081556239127716,-0.10687078430497288,-0.17201471982178104,0.06243632307878838,0.04544867729278611,0.9258657323745031,0.037201530066020165
duration,A,201907,1224,0.8605931713054135,0.9571788541380295,0.21958607155045173,0.596243179800438,0.42829488295727125,0.3140816209177614,0.06145650906171397,0.04660317172740201,0.9300886933539833,0.024285915404705764
duration,A,201908,1225,0.853872161213097,0.9569209593335886,0.3405298835375255,0.6704482772271871,0.531789937938601,0.5156709618497085,0.05969641267322465,0.04531281854371902,0.9203917815508444,0.04921325139819673
duration,A,201909,1259,0.8732064807410765,0.9630422873011506,0.45230537541950444,0.7480190263809474,0.5898153994686838,0.5399568118845682,0.056405399591733664,0.04678904089737389,0.9015423349369641,-0.03373474023623269
duration,A,201910,1252,0.8655401953554859,0.9742724543933777,0.39081216610845515,0.703983250795235,0.0341006363880998,0.08821245682497046,0.05454049431311539,0.04699994570680071,0.9095847193895892,-0.0315417164894911
duration,A,201911,1260,0.852161584101138,0.9582928296084974,0.27628579832996686,0.6385836870690603,-0.016518402946839848,-0.14206660453750672,0.054332390954390346,0.04680794306973711,0.9285679281370596,-0.021255700319115105
duration,A,201912,1249,0.8288751739029718,0.9355568095194509,0.05332953447885929,0.44282947654784566,-0.3526082194257071,-0.4823528312242539,0.054818306511897376,0.04719077073973912,0.9668702452875088,-0.023963470728077557
duration,A,202001,1235,0.8681818434615365,0.9543250911221866,0.3163772803282946,0.6628222646694562,0.5867966837861751,0.4571644983604445,0.05622973033925277,0.049248577826069125,0.9832603368753852,-0.02556372371478641
duration,A,202002,1240,0.7782308219595664,0.9156592457994153,0.13397024150054881,0.4889626074409005,0.013680859534148389,0.0756088669030116,0.05833502436631723,0.049591954108125724,0.9863206750346407,-0.1298170139060476
duration,A,202003,1159,0.2678734154992292,0.5867466926937476,-0.24612651483607872,0.1573493173729054,-0.4035174072514812,-0.1918871600905034,0.061737897982441,0.05082850222931675,0.9949167546578028,-0.1200366195532914
duration,A,202004,1142,0.6014802549274418,0.7742088472898456,0.0506459342490982,0.7598633385598674,0.4772580338536716,-0.23838185917325366,0.06399373788076788,0.05155743666374107,0.9839394117789757,-0.059428707337835215
duration,A,202005,1105,0.775450629851873,0.8888793827368028,0.4470054509251311,0.853946652952371,0.7197084633777309,0.2741675311754521,0.06474938292414659,0.05019197210736055,0.976962017024611,-0.05042271218195405
duration,A,202006,1099,0.8273124599113948,0.9488199406315728,0.4964724830006234,0.8428748801579543,0.10996097703417325,-0.18265371536333216,0.06593066113408981,0.047757538954507614,0.9847509490641179,-0.05664076576212135
duration,A,202007,1075,0.7982685205848764,0.9514654938496906,0.3239468184630424,0.6995118360699601,-0.5940101415459991,-0.6869310642441196,0.06652917894261923,0.04651881525185969,0.9808855636247337,-0.13713134639993105
duration,A,202008,1056,0.8273147535794286,0.9617874075355268,0.3902482251435517,0.7599516812476018,0.4539351024356202,0.3463210995914913,0.06870811201321347,0.04597943850526055,0.9780670183212719,-0.0985250407478625
duration,A,202009,905,0.8269026533571827,0.9552744045841589,0.4377930438482284,0.7700287009175941,0.450418306807758,0.4430472642333271,0.06957590700340174,0.04703144071066293,0.9608692320514202,-0.035028804290986836
duration,BBB,200307,442,0.15511876412724376,0.8366557887838518,0.3848735882614897,0.8117381350873393,0.05236788238476498,0.07329071583486668,-0.07256647234551564,-0.01117017999545661,0.8126545095975801,0.20599171192387666
duration,BBB,200308,444,0.17447352239753386,0.8193097198448859,0.40752893304697896,0.7892820052659755,0.1135752080992652,0.040683603429944766,-0.07256647234551564,-0.01117017999545661,0.8126545095975801,0.20599171192387666
duration,BBB,200309,451,0.1802439737405561,0.7765353549482096,0.486666797480525,0.7351579250305775,0.047204442438631936,0.09597446513483636,-0.09052455873432576,-0.03303893841646359,0.8206472655060066,0.214783336048024
duration,BBB,200310,433,0.16235873276028234,0.7749857940094608,0.4552976471325573,0.7130999649788201,0.09602003904693318,-0.018297264079765375,-0.09052455873432576,-0.03303893841646359,0.8206472655060066,0.214783336048024
duration,BBB,200311,437,0.25717608576303586,0.8154200682213809,0.5547150027507693,0.762773390958093,0.17698734818643344,0.09592362725392692,-0.09052455873432576,-0.03303893841646359,0.8206472655060066,0.214783336048024
duration,BBB,200312,442,0.2558953082882745,0.8151131263410034,0.5965979376643867,0.749947973632933,0.1284905696954941,-0.11782389635833496,-0.09052455873432576,-0.03303893841646359,0.8206472655060066,0.214783336048024
duration,BBB,200401,441,0.3348942491295209,0.7673521425126749,0.6425707345875414,0.6944749927943206,0.23643611290670113,0.04236407849853228,-0.09052455873432576,-0.03303893841646359,0.8206472655060066,0.214783336048024
duration,BBB,200402,445,0.32177073531434386,0.8036699264123907,0.5960578152597097,0.765955599728314,0.16604279494892685,0.3019206491116723,-0.08473628420691022,-0.03666153006133623,0.7774002468382183,0.20512519845235408
duration,BBB,200403,438,0.3967200205590487,0.7717714235363262,0.6628408832307867,0.7178423366881266,0.3109883874078254,0.2411354632951502,-0.08473628420691022,-0.03666153006133623,0.7774002468382183,0.20512519845235408
duration,BBB,200404,440,0.4296421985650752,0.7557042696971106,0.6938965687745382,0.7240557685074442,0.30897370337656704,0.17605073091568374,-0.08473628420691022,-0.03666153006133623,0.7774002468382183,0.20512519845235408
duration,BBB,200405,435,0.4157776880384058,0.8168795384998914,0.6488990971474056,0.8002176584730084,0.17653822435588107,0.2658337427489696,-0.07859878792198048,-0.04230663516229233,0.789975170589095,0.21544468552971005
duration,BBB,200406,436,0.4857368515162988,0.7652150747417216,0.7171734750683567,0.72585624136266,0.2811625090400237,0.010259911087430695,-0.07859878792198048,-0.04230663516229233,0.789975170589095,0.21544468552971005
duration,BBB,200407,432,0.5698505662336487,0.8006575347685501,0.7621800814119019,0.769578240624146,0.3878858268630697,0.24351142856632535,-0.07859878792198048,-0.04230663516229233,0.789975170589095,0.21544468552971005
duration,BBB,200408,431,0.5623870633164865,0.8104991396727759,0.746247234662494,0.804363987361883,0.2602573787298333,0.24715507473155993,-0.06661499083226878,-0.047441607707405735,0.7858649436962662,0.22071204582089507
duration,BBB,200409,441,0.6010381775087658,0.8235824399689946,0.7562507520490713,0.8052244674093414,0.23244780429654377,0.061576798551588464,-0.05580511777974251,-0.05808615114398564,0.8442040512900507,0.23384467857327706
duration,BBB,200410,437,0.538983655389411,0.8068961632337953,0.7006222519267609,0.8238006401110777,0.19664406137220972,0.1805229423943168,-0.04671535866615424,-0.06799043488310817,0.7963511490862248,0.24956719565928434
duration,BBB,200411,434,0.42448095669920277,0.7663125370912344,0.5451503907160307,0.7744989125898868,-0.04049082726545753,-0.029523328626929555,-0.02919298023883958,-0.0632969363444347,0.761133814936137,0.26746055973580957
duration,BBB,200412,423,0.4385454475981407,0.7275903651086398,0.5042933391171883,0.73634499680683,0.3192596031336825,0.11880891271769523,-0.01541609372254075,-0.06170230700791184,0.8131528366753356,0.32289462093609717
duration,BBB,200501,425,0.5078723171437057,0.805022619820803,0.4881674508761783,0.8039579185864664,0.3083948976880149,0.2125565573680481,-0.0021336143674207165,-0.05938919623261108,0.7961881979078947,0.31705717505836456
duration,BBB,200502,427,0.42393623360880167,0.7980910126798414,0.36366351934188246,0.7813679996325432,0.023190313938171697,-0.04357969480742274,0.002384425701781943,-0.06059123343201962,0.7980097230756207,0.309781327862291
duration,BBB,200503,411,0.4861058057111646,0.7417027514299848,0.4034079968749514,0.7305566289988542,0.36948583616656094,0.3942579994787844,0.005955720844489036,-0.06535426048877176,0.755386548826703,0.31563689084765034
duration,BBB,200504,404,0.46707267914549927,0.7566185402659372,0.3216470530427733,0.7156212891760639,0.28703589961973863,0.31814216988282784,0.01214649059118592,-0.06939981034428482,0.7297536969949333,0.323029817088836
duration,BBB,200505,402,0.4753353309503981,0.7794281739185698,0.3354286961386209,0.7472061854917907,0.24619730995462344,0.20278375207494392,0.013776900760980409,-0.07615543482183677,0.7636838250583681,0.3265547949674361
duration,BBB,200506,397,0.6166978052086548,0.8162138476828824,0.4818955130729369,0.8037887515869542,0.46502781755832,0.31634550108883036,0.01641271338625008,-0.07599343852760668,0.7445249178281506,0.32672952517083087
duration,BBB,200507,403,0.6009509732129465,0.8518053077152866,0.46972774385693816,0.8213166115463193,0.32823646795626565,0.28316645969320836,0.017249356367800367,-0.07126331704337567,0.7366970472709081,0.32436003538852654
duration,BBB,200508,405,0.6746501415330369,0.8226924334469573,0.5259268291361157,0.778323678016406,0.4266365717031474,0.3516685001833517,0.02182219151953355,-0.062491711934861735,0.7403225588343346,0.3536376475818869
duration,BBB,200509,404,0.6879221751786426,0.8434036621197272,0.5574061789967252,0.8124921176981221,0.4590168528846267,0.3563368247494724,0.023688425432990573,-0.061536742115125886,0.7610569244088726,0.373725493854073
duration,BBB,200510,414,0.6527198446473486,0.8447312714266388,0.49577698096311984,0.7836227952128549,0.395608838131767,0.44232726251886173,0.027946632929712084,-0.05817123117181082,0.7298315813945353,0.3927888113135013
duration,BBB,200511,411,0.6507759903621289,0.8784181030893612,0.4231559534077376,0.8151994731319923,0.40428086720099,0.43285356143423703,0.03719374448534481,-0.04419796417979943,0.7156654832931932,0.38755087725004655
duration,BBB,200512,411,0.6419873096753788,0.8653575916384207,0.37058029456348707,0.7760060910792652,0.43867869902566925,0.3644008911919606,0.04012989785173992,-0.04491452569211395,0.7198655199889384,0.42611429910025655
duration,BBB,200601,413,0.6697185975290876,0.8193911401336406,0.3542990899059039,0.7091879199684109,0.4368880934835246,0.38090621700598026,0.04457265938357014,-0.03948999273332845,0.7050416524669357,0.4605279625273373
duration,BBB,200602,424,0.6382160090049669,0.8693258082036507,0.21304130162703377,0.6875522075550412,0.33966609204902354,0.40105792618131153,0.04864377886877439,-0.03853154386355265,0.7051314280257492,0.4677583569188005
duration,BBB,200603,419,0.6658032040043923,0.8114951953881998,0.23327177783904327,0.6481274786010371,0.5332016306768222,0.4717541847676253,0.05550651635106036,-0.025330390919804557,0.6794717906671884,0.485945431967237
duration,BBB,200604,424,0.6792177076075997,0.8512571414942531,0.1820660330942781,0.6341700173239359,0.33473478383887056,0.25459498329653374,0.06036955114795347,-0.01456594694220572,0.7431142881381853,0.4957857069675424
duration,BBB,200605,416,0.6773321287363067,0.8644267800765929,0.24803058387395738,0.6829638705470978,0.5251863569385455,0.5378917386990582,0.062182837580762367,-0.01686683172634553,0.7487847964858629,0.5087884201518869
duration,BBB,200606,410,0.6935784792324036,0.8304462570619318,0.350973576981857,0.6835709618852652,0.5087379257780585,0.5069619688397908,0.06114370079359458,-0.008396203162764645,0.712197891567181,0.49047369436802757
duration,BBB,200607,416,0.6642924213855603,0.8241350081066529,0.27177742514051784,0.6483267880598209,0.37997529687093695,0.38589838046152514,0.0598842031195266,-0.010678375947230808,0.7109524747677323,0.47302428293765286
duration,BBB,200608,417,0.679540772735152,0.8798779235518739,0.2888855275735246,0.7230325350838805,0.43182893876286527,0.4396296449988835,0.059276814163609415,-0.007389617006731175,0.7140956371784789,0.4570538352667801
duration,BBB,200609,416,0.6891875758090854,0.8762503044136128,0.3035744527640168,0.7267432283184964,0.45290803501776894,0.4627624244190664,0.056618064606415545,-0.00646109836825594,0.7324514226076966,0.4274872960962007
duration,BBB,200610,403,0.7145440996266853,0.9011759099842608,0.3804565727488641,0.7799150086483779,0.4876011192838109,0.5198593671448178,0.052896648934924344,-0.014824953838991716,0.7579909913925492,0.4158134723867625
duration,BBB,200611,394,0.6973841750097618,0.8660751611586017,0.3493233535069408,0.7286189870591507,0.4069912543104174,0.3851021075237781,0.05386754629226723,-0.012730575149440421,0.7935765399927213,0.4521351811287779
duration,BBB,200612,395,0.708650275809564,0.8003308936240513,0.3842754473995238,0.6866177050286071,0.34436863656808403,0.15665663477835373,0.05547383424407871,-0.018627421124395298,0.7910418945474869,0.44486329788601614
duration,BBB,200701,400,0.7297718110738192,0.8237758985993663,0.3668233551459696,0.6699898749367182,0.2550038437740235,0.07599872499203118,0.05897002996574465,-0.021960657703301918,0.8264004872775789,0.4596090101134409
duration,BBB,200702,391,0.6878959621254511,0.8620668766871413,0.20847643405188165,0.6177938064858051,0.1843548121589773,0.15681021572508605,0.059284004459419344,-0.02899532229767403,0.8312131849215117,0.39484398513267094
duration,BBB,200703,380,0.7158981718251368,0.8377283838085248,0.27256408354067685,0.6344392584603449,0.43474858778082,0.3504064040977693,0.06359485125014404,-0.020388702173124166,0.8294736163188836,0.3960367421864251
duration,BBB,200704,384,0.7047139068607696,0.8024133637826008,0.18561256959817052,0.5439015869143993,0.3783597314837441,0.22591778274704513,0.06874328978465595,-0.010917204559229628,0.8019051184220719,0.4025477766590534
duration,BBB,200705,384,0.7352874605811943,0.8682564632142268,0.15242489234003595,0.5539988128792909,0.37595728357804076,0.21123871537284264,0.07116851076738184,-0.009654944623016977,0.8018542352365938,0.3528026514443543
duration,BBB,200706,381,0.7598470761559873,0.8894190065591483,0.13569604433229254,0.5224887878268454,0.3940672578506909,0.3241226081239707,0.07470142008906358,0.007789875307622873,0.8333614850910267,0.26605021256050915
duration,BBB,200707,390,0.6170074762544584,0.7647824905935512,0.005996802689746101,0.35804847753512764,0.17729555699299088,0.19817062469939872,0.07498547238638555,0.010541176523446456,0.8155311410883411,0.20688764609577817
duration,BBB,200708,376,0.46951453242282293,0.7134552013914567,-0.18790518652294147,0.32343937713411514,0.08048174276200688,-0.006514250607497646,0.07659939154267188,0.014061586973590865,0.7399893877080804,0.26613799876137423
duration,BBB,200709,381,0.4659015411720545,0.6781586649974071,-0.3123645263548449,0.2463358379458561,0.040844856503711356,-0.15260684381936412,0.07597586574846421,0.017210109798230785,0.7430628949371254,0.2516762730175402
duration,BBB,200710,379,0.4825749510098906,0.7698185657635733,-0.2757282388028118,0.4297288956780693,0.24371460753907634,0.1943607920416697,0.07526357519555953,0.018264854150518803,0.7612534747664945,0.29398015510414793
duration,BBB,200711,387,0.08203261354305512,0.5786048830459845,-0.41993922175859383,0.24864545018258732,-0.24786615702053286,0.06310783934966702,0.07236114877228016,0.01656916754291921,0.7388372131837769,0.24577900168885616
duration,BBB,200712,381,0.172988806269704,0.6139788189193351,-0.3579229435670224,0.5004602035657639,0.07740619636653986,-0.08324086590305999,0.07253259043020932,0.019299994973641724,0.7417847693372569,0.2845683590522461
duration,BBB,200801,384,0.12271158997660303,0.6952148536841748,-0.2966953901190194,0.5924313773693669,0.02872041470279068,0.20635214980841612,0.07416178042871191,0.026491905019039294,0.7419885300434217,0.30055281916566506
duration,BBB,200802,384,-0.07201837001118985,0.6929830287206267,-0.41313006510460826,0.5685516343969347,-0.238920348580923,0.15580113424434572,0.07216104221711296,0.012306950574566948,0.7306684804982265,0.2568123580329659
duration,BBB,200803,377,-0.1436132140460827,0.7483619950604543,-0.42958325606894937,0.7039322868376426,-0.1263566058136858,0.2875258555742782,0.0738170938014754,0.011329226739107886,0.7303919065013448,0.2615810641169819
duration,BBB,200804,387,-0.1795163082207975,0.7206190535935891,-0.5157904173442004,0.6817372109172265,-0.06989621984845605,-0.2563831025060362,0.07466950122813003,0.013341585446868039,0.7431205359970864,0.22585051181612695
duration,BBB,200805,405,0.0003800708478072767,0.75400528558603,-0.4042268430455525,0.7550602350875483,0.22901111129175317,0.04307138431412929,0.07762843461613476,0.01597092168463516,0.7763688681193703,0.19803362231551982
duration,BBB,200806,413,0.08940210745238171,0.7458828380283793,-0.2638756728267428,0.7136446997827399,0.15496623558739447,0.20998616444381304,0.07783544231961141,0.015528115455599215,0.7734525305484042,0.2091753704867004
duration,BBB,200807,424,0.08204335931090596,0.7994382443242048,-0.24574587124416042,0.7474763559589569,0.05221723901013216,0.20030235122135198,0.07821227610179728,0.019570265723549977,0.7725659587645777,0.1843698231974544
duration,BBB,200808,427,0.1149179433888454,0.8022701861544631,-0.21475335851480878,0.7788741025901078,0.12038340044865485,0.09193000811672547,0.08176154050859999,0.03478481694765584,0.8611237064085484,0.10276541219903837
duration,BBB,200809,428,-0.15668397788820648,0.5538662348835477,-0.3644826140612873,0.5119123254560669,-0.22225300362269876,-0.013767142922957235,0.07976738766196123,0.03735473261504029,0.8672401313197511,0.04962767455573768
duration,BBB,200810,424,-0.3933564122352791,0.5084793298415212,-0.49371919301642775,0.49697514975480356,-0.31103486276084097,-0.00412244865830716,0.07835724547414001,0.030109406510170567,0.8661591101596714,0.056728539033555174
duration,BBB,200811,415,-0.20394470860028743,0.7173697598659595,-0.2751762904460652,0.7284952824884527,0.13115774133322589,0.07200885783975615,0.07611475483965943,0.028986435160788294,0.8296331400601774,0.07189830898562047
duration,BBB,200812,422,-0.09575957086733587,0.7555442556432963,-0.17903859356491025,0.7627851947091182,0.0848864259018899,-0.033193399116067966,0.07442465525453294,0.023460764649014577,0.8099494467713854,0.020357760882408524
duration,BBB,200901,430,-0.025309531023662568,0.767922575455085,-0.11911672205202664,0.7672282932089762,0.08877794627538327,-0.11276509601659333,0.07213374376762073,0.019333401426787026,0.8146492857387528,-0.007969255388575512
duration,BBB,200902,439,0.056029780124079116,0.8799762848316534,-0.05837363871813273,0.8842850132050368,0.13670262710734515,0.2102294357435244,0.06807862116201167,0.00374904222562958,0.8402899937178916,0.01910638742153238
duration,BBB,200903,434,0.18407277560866225,0.9122974352161516,0.061790199822450174,0.9217063279005339,0.3614415959079133,0.4304432249770539,0.06380232207663575,-0.022262577433886408,0.7875235117910965,0.09180016167014028
duration,BBB,200904,441,0.1662686053442356,0.9074068788354502,0.030559216693670475,0.8961222251138218,0.12119910901423507,0.15900206236340692,0.05685714764099671,-0.027168148160053435,0.7155094995879469,0.12552955999591164
duration,BBB,200905,451,0.16802739242195314,0.8973847693424639,0.019181236060148207,0.882305855882372,0.03849053888768975,0.07428173380687948,0.05037908287609165,-0.028999296193960085,0.7184122755475928,0.15251140916170416
duration,BBB,200906,457,0.08582938503032832,0.8736623085716357,-0.055475312649774434,0.8467251674330257,-0.06794094468587167,0.26706340804473133,0.03607177689449383,-0.03765097984963146,0.7388618279340894,0.1365420569958756
duration,BBB,200907,463,0.06960594518314037,0.8663367521731264,-0.06825411871215102,0.856429161439588,-0.004261741461041378,0.26250690361251167,0.0249456205826647,-0.0435624201223485,0.7229708567554642,0.20312183716457805
duration,BBB,200908,460,0.15009360866833257,0.871950251838648,0.0186796313042492,0.8756686817579685,0.2322371458564878,0.25340626866610083,0.01486497479504599,-0.04910386623604005,0.7674296672422293,0.276857628451816
duration,BBB,200909,477,0.21866397147001218,0.8891316217021267,0.13482363024944718,0.8910563830805865,0.2343089600251563,0.07874936506535983,0.004417399967155649,-0.04367189289666081,0.8289077085290547,0.28844113633656837
duration,BBB,200910,488,0.28247964114136415,0.8884438011243143,0.2572133439868029,0.8914454071988571,0.15551291230651268,-0.08047110831534408,-0.008732444068628345,-0.04833507875328487,0.9140296429483713,0.33174396912285053
duration,BBB,200911,506,0.246938061441853,0.886447775212304,0.27233620712212725,0.8829910776001708,0.15328951984470382,0.25286193656669503,-0.020328506826797998,-0.056156907458679274,0.8323927764247203,0.32431593568743194
duration,BBB,200912,515,0.226736938097242,0.8482918999554581,0.2815378479125467,0.8503154395376071,0.018640407712520853,-0.09085458153855074,-0.018827820506994476,-0.04676784647559241,0.8058516820438124,0.3403865254543065
duration,BBB,201001,521,0.3290856173575781,0.8467018054848827,0.3974954645813074,0.8378051119132593,0.3316142866113082,0.1567976125623885,-0.01759128128264195,-0.03814555068681831,0.8256414154316656,0.32410917764775676
duration,BBB,201002,522,0.3380471782704811,0.8935103170736869,0.3917432282655793,0.8933655903992828,0.24721445761004052,0.39681653865101485,-0.015325228720965148,-0.025588651258281997,0.8137881459449936,0.28285609142540247
duration,BBB,201003,521,0.3904012042406377,0.8870892831361042,0.42403457949159185,0.887169130267456,0.2679712041218428,0.10676528791488221,-0.009115388318097137,-0.02806271997460787,0.8088092855493845,0.2530528747666076
duration,BBB,201004,523,0.3917237118016532,0.8688054167419523,0.4344261538753196,0.8628007672342073,0.2548847596839999,0.38148427574194743,-0.011880230476992621,-0.0357229677958596,0.7606619604062165,0.21913913352804856
duration,BBB,201005,534,0.3435753746385516,0.8537992052026111,0.4474393287782182,0.8555974781308568,0.26118761745780283,0.5779210951504986,-0.03513039453440638,-0.05172538769049233,0.7664301517466148,0.1613793667736869
duration,BBB,201006,531,0.3582970057058219,0.9023325021860695,0.4904956667331904,0.8932550435891455,0.2620670640464288,0.5317258608625817,-0.05327890433033728,-0.0601804009162059,0.8069240242669501,0.1614414727028428
duration,BBB,201007,529,0.36228887476613697,0.9096732564435956,0.5599546216525565,0.8756485747729461,0.1415628536317269,0.2325978333825108,-0.07111359520953105,-0.046959084691714045,0.7822025286039999,0.152323934501503
duration,BBB,201008,540,0.477158395985964,0.930232575862362,0.6627735729927439,0.8709648066922956,0.5284917529438259,0.6275648712406041,-0.08382911968887989,-0.0439962452098181,0.746232827408995,0.12899577547652874
duration,BBB,201009,548,0.5310640632523196,0.9335711077796828,0.7301134613164791,0.8884649132113792,0.37857471982494767,0.4528168156001855,-0.09188763646903246,-0.04519241758015363,0.7869251711712222,0.13399044202459195
duration,BBB,201010,563,0.5030257381406411,0.9413943114562883,0.6721759721316848,0.91503375477319,0.25461341683140476,0.39414785016988,-0.07025667713904342,-0.038008133887947465,0.8206836002253842,0.1432658888755697
duration,BBB,201011,565,0.44232362664733493,0.9381593329225918,0.531626472957985,0.9412523378041308,0.09835583591093358,0.42390677924941433,-0.027830975385979673,-0.026036492356331827,0.8091464634201857,0.147861016928429
duration,BBB,201012,573,0.34345016405268475,0.9078297342395464,0.30284774449863355,0.8986539398963626,0.011320470031189443,0.22069104150687524,0.001648281260304812,-0.028826638223646242,0.7852009301750048,0.1400739134767896
duration,BBB,201101,568,0.4253316295830642,0.9103351625461807,0.3057758776835982,0.9096770298285188,0.2474749558340737,0.2632819634725623,0.017144433396932435,-0.023505236387647042,0.7936363320483395,0.13807634634220944
duration,BBB,201102,577,0.40933875656593494,0.9183026916526827,0.24360509761576468,0.90322523719003,0.2894072478176188,0.2728925521719211,0.026883467294106605,-0.016128111197204885,0.82099899045464,0.1373814315094866
duration,BBB,201103,566,0.494199690474779,0.9056832915927019,0.31371490837348304,0.8916893856383162,0.4884235452866398,0.35830475320700295,0.032375884080909585,-0.012360890762990188,0.794687052804051,0.15199498150152208
duration,BBB,201104,548,0.445906349915053,0.9247333186182687,0.3001356221457204,0.8935808410148087,0.2140263151734996,0.579021174015704,0.024651894441807112,-0.01812827844100462,0.7460125117729981,0.15832032906663754
duration,BBB,201105,563,0.49042947917306895,0.9380457992229483,0.35428686359203726,0.9201894657026302,0.43404420740871447,0.6397273581034655,0.023574682107623757,-0.018692639242440003,0.7700104356355445,0.1905482592185409
duration,BBB,201106,576,0.48603025393715626,0.9257350614121016,0.3653258985758421,0.9059773817597269,0.3560489036244443,0.5832785773491072,0.020715088662166366,-0.02027464318708592,0.8236235469089885,0.20274792231887956
duration,BBB,201107,569,0.45929172295822857,0.9279996508511806,0.3203562229914498,0.9053749376287324,0.28045235616827413,0.5496012798649264,0.022794356056540482,-0.027691291709243292,0.8177960126483748,0.1987844668600594
duration,BBB,201108,582,0.4058447112960439,0.9145738735945507,0.24860526030895116,0.8835767364087999,0.27550033203848623,0.6233281392748282,0.02951205823943088,-0.028165139193768847,0.8218146100116966,0.24093513887405124
duration,BBB,201109,583,0.4890820228383076,0.9338186935065448,0.35800761005401116,0.9207554921330557,0.46777947799816044,0.588031278833532,0.0341931786496999,-0.02403709588488938,0.824405594801042,0.2361127595093324
duration,BBB,201110,585,0.37140556312794387,0.9210009836262737,0.1723780256086582,0.8640815381990256,-0.19957838380859563,0.018964517151826742,0.03859348123881027,-0.024440956722088795,0.8328487509394568,0.257819244408338
duration,BBB,201111,619,0.420415721588066,0.9035131879257282,0.25863973443523214,0.8878200344351816,0.385021758521645,0.5573086218995815,0.04080990775700853,-0.021661627827473426,0.8245624033952614,0.2137348298957643
duration,BBB,201112,643,0.42641754358438205,0.9416775052290967,0.24201574782108556,0.9127437119260418,0.25377122840822497,0.3475945703880333,0.04298444305709471,-0.02201322405137955,0.8311551500502443,0.19409286929421138
duration,BBB,201201,651,0.49295046137318055,0.9533052935586086,0.33171424656878845,0.9445090393477491,0.41611293910917896,0.11404005454272621,0.04888685986325591,-0.013524248416864264,0.897289262962177,0.1859208735602181
duration,BBB,201202,654,0.5230291713368683,0.9461803157744477,0.3338155058451745,0.9191924829478432,0.2797765638977425,0.20570164455088688,0.05075021993010838,-0.012920061134902013,0.8699792631784263,0.2096800765427312
duration,BBB,201203,655,0.5527751882857905,0.9494667991612578,0.34866536052432445,0.9192318926480811,0.3586066609843212,0.2206218325051799,0.05795273601065198,-0.008395356380182453,0.8933365704336856,0.1999825829852502
duration,BBB,201204,659,0.5411211943707988,0.9570813976341501,0.3439503027563597,0.9214257298399584,0.41303451980170414,0.6345274606006599,0.06413882132387282,-0.004053695726719366,0.8891183094727748,0.19448561676759554
duration,BBB,201205,662,0.5366693365562553,0.9482315516258197,0.35682068204886785,0.9188871563227214,0.38527168565236053,0.5885460723265914,0.06892222880723067,-0.0034909103155120916,0.8987396228142738,0.20096788579678967
duration,BBB,201206,663,0.528655680211403,0.9632891207550993,0.32695865278176034,0.9217859393994894,0.35993154447155273,0.39034091554801725,0.07336827888668339,0.0005660822984021679,0.8950698398511515,0.2149241298969406
duration,BBB,201207,680,0.5045933592111626,0.9393211973921683,0.288491337313344,0.8834216896713725,0.12357631548918217,0.3400176928939522,0.07013264081474412,0.0009398643980538683,0.863149430818874,0.22895701544263508
duration,BBB,201208,652,0.586228506814855,0.9586184302443106,0.3752506086976626,0.9368060622594114,0.5443939396628942,0.39958487722116687,0.0703328333582267,0.0057706552172988364,0.8540477144888478,0.22528183277954206
duration,BBB,201209,704,0.6024207871212353,0.9591161532090985,0.38656954445028363,0.9168118604708752,0.4290583875130349,0.4046315390520318,0.06440115079255206,0.0005178075939417755,0.8290281266406537,0.20408781405968945
duration,BBB,201210,702,0.529923223684477,0.9519044732608037,0.2765972207371712,0.8818249021717749,0.016102705418720133,0.20760989234598365,0.05971822119839498,-0.007092035488100278,0.8467755208035851,0.20759444529550652
duration,BBB,201211,713,0.5629127731124347,0.9501972676759554,0.344573126079795,0.9162847298657473,0.4743982366739828,0.6070563548347399,0.05523503710573851,-0.014019360940095892,0.8416697194247829,0.22087153633255538
duration,BBB,201212,723,0.4933744331763254,0.914798487700739,0.2135013244592794,0.8320371185169358,0.024171246904445942,0.12392300663149652,0.05283301654515507,-0.023372077928824404,0.8488025216160593,0.1994880578312954
duration,BBB,201301,738,0.5995716086955983,0.9297190705468305,0.33691545154610036,0.9033288143741028,0.49423685290442143,0.19299257846069645,0.05601505570796949,-0.023192154316413593,0.883670083350213,0.22971330617352073
duration,BBB,201302,745,0.5962076052884461,0.9511847044465531,0.34958926499532467,0.8930991121298146,0.2625569755880682,0.22688673139909926,0.05694834412435298,-0.027806910846020477,0.9719437708868927,0.1604503801538417
duration,BBB,201303,745,0.6450134182117966,0.9612727573055628,0.40120452183750666,0.9099833949497513,0.14938054664482164,-0.24689646104834834,0.06001115048023527,-0.026568668728297738,1.0376016726874802,0.15209384974501156
duration,BBB,201304,776,0.656688704477198,0.9527216161003991,0.37306501047106305,0.8809154187205401,-0.20857620507105046,-0.5030648949105884,0.06724797453793996,-0.014643697094127347,1.0578007209267088,0.1524962469710459
duration,BBB,201305,797,0.639239031067493,0.9569154472096537,0.33449618067981635,0.8707798290895048,-0.05964438374739899,-0.23679711659115385,0.06808133421319065,-0.015874754783562935,0.9999214136290289,0.14036435404138492
duration,BBB,201306,806,0.6326983802912636,0.9525234810850752,0.35572748336612703,0.8589733230365034,0.16234915820939322,0.19588789243508145,0.07325027697017555,-0.012684289115501356,1.0135965461593996,0.1340173041267324
duration,BBB,201307,798,0.59578486041392,0.9671060084811113,0.2517537706181935,0.8530876730695118,-0.27364467799256487,-0.36296409417064684,0.07610963250105166,-0.01411924255446093,0.9892972845214988,0.10914315677899823
duration,BBB,201308,809,0.6003613693693098,0.9412853617222761,0.2323537504141844,0.8274475861265567,0.19044663015951369,0.12713650021780093,0.08208891226384091,-0.01573349655461393,0.9609536520043435,0.11854066751440392
duration,BBB,201309,863,0.6727978736560801,0.8998585208047493,0.3177888253205228,0.7983997268770816,0.43245112435053773,0.19339273226575524,0.08794216834609454,-0.012643421559236801,0.930518617194728,0.11047204971291912
duration,BBB,201310,891,0.6984111847757499,0.9572126426863541,0.2864417507738916,0.813684738756538,0.12229696912016656,0.020989356455673777,0.08918848071165268,-0.013843322763843658,0.912010058013898,0.12078839658385604
duration,BBB,201311,897,0.707278201306295,0.9618676270989104,0.2527542193088213,0.7847591749845236,0.2692635403354271,0.16021883815625707,0.09636104285261524,-0.01300843841006024,0.9372532428845901,0.11532912238528448
duration,BBB,201312,912,0.6308756842083748,0.9178634347894784,0.02581547678220695,0.6041911700077902,-0.29869137525211004,-0.27683382018876396,0.10209747722298228,-0.018767636194396285,0.9346727243423559,0.11496593454843021
duration,BBB,201401,911,0.7142690171345782,0.9512294467910042,0.1277412690723685,0.7306002594089717,0.500549228344017,0.3870918165548126,0.10866758630424617,-0.0206233110748306,0.9439078544061194,0.1461858792325259
duration,BBB,201402,925,0.7168419699263278,0.9626263429274428,0.07483429068742245,0.6625005628893318,0.07562316966204656,-0.10552824794725443,0.11019138429920762,-0.019296185302759863,0.9575242402788923,0.12755084344313686
duration,BBB,201403,925,0.711064185724915,0.9557595363744736,-0.03712187293180814,0.5657638297010124,-0.1529914857776629,-0.24786667690556677,0.11317752063645567,-0.017187287278141502,0.9649297718649449,0.1202867200924499
duration,BBB,201404,938,0.6962371511682303,0.9477476132041687,-0.10793187717559621,0.5164574895546972,0.06420890408566228,0.0390393260352126,0.11479677763507297,-0.013133693949021015,0.9583215612932041,0.11942619150058356
duration,BBB,201405,931,0.7529403996928895,0.9690723466168241,-0.06300490452015604,0.524442938203284,0.33066221059858764,0.258396579847792,0.1124523799835025,-0.007791023920671719,0.9425805235583301,0.15052914628972514
duration,BBB,201406,950,0.7299226026260068,0.9437991947621928,-0.10752863583869843,0.4515740521887734,0.11778602116544117,0.027203139633162444,0.10978196082308464,-0.004250368629041325,0.9291954378026944,0.1378294246763829
duration,BBB,201407,962,0.7371711647186943,0.9487590560143978,-0.06298524247919239,0.49420744066355515,0.27321869337750654,0.3177510190172306,0.10370666085459668,0.0019650312282984855,0.9078008440614876,0.1572604637071189
duration,BBB,201408,976,0.7165378355389598,0.9427130431191039,-0.017181427562822604,0.5487705111640881,0.4095138629848431,0.4193264116288766,0.10245131885553907,0.004655686893673853,0.8995191034607242,0.15927241469636294
duration,BBB,201409,1001,0.7245478995528298,0.9118490905014094,0.06159557807461999,0.5527732865936459,0.3697230434236422,0.3478740899818744,0.10094099267891013,0.002146717228470181,0.9132164000403438,0.17773155684509706
duration,BBB,201410,1017,0.7100766140604956,0.9438195366353374,0.044506686557320735,0.5978981507892095,0.21049950911751156,0.24979664376870436,0.10072570375611822,-0.0005752997575665941,0.9283154753821533,0.13549704814012722
duration,BBB,201411,1030,0.7345552169863778,0.9398262347512434,0.1517380739106988,0.6620594896266628,0.43782133410812973,0.3945592599030113,0.10368166257129685,0.0015390799326298963,0.9377360977838952,0.1496700445209782
duration,BBB,201412,1030,0.6795902380161888,0.9281732205783668,0.13583486626569333,0.6496988389504462,0.2739800153189368,0.3918175112100613,0.10409947140213831,0.00507956924289095,0.9256212214613762,0.18257314807846375
duration,BBB,201501,1046,0.6825559067583232,0.9376645250473371,0.14335011311913692,0.6918641745991783,0.2874080195395305,0.38067614033185354,0.11047337788084528,0.007417991762588684,0.9614903851928176,0.14326881665402313
duration,BBB,201502,1083,0.6951225500703606,0.9547949482566964,0.03682706933725216,0.6588729852224722,-0.1449214894348625,-0.44743967176581223,0.11125931289237607,0.009180188602409493,0.9642330937805048,0.14318633075597764
duration,BBB,201503,1077,0.7174246583181081,0.9635227262005321,0.10307416257072838,0.6717756604967644,0.3065334148393689,0.33225301142022673,0.11152597210909948,0.013474330188863095,0.9565672836353613,0.13468793885082347
duration,BBB,201504,1097,0.7468713335453974,0.9695758005985138,0.12325295641520505,0.686826347282256,0.27395074077575643,0.04787641031984299,0.11225461148141526,0.014756403433156241,0.9452657283077667,0.13746563254619243
duration,BBB,201505,1125,0.7604336738681048,0.9528327566719784,0.1377211557302959,0.6534148811059836,0.3154067453419551,0.16387949307273775,0.11291253403179284,0.015551637117649925,0.9380117663833054,0.14398210405203044
duration,BBB,201506,1143,0.7590928583090608,0.9560296932387539,0.14522992004479104,0.6397399190334532,0.21358605632637925,0.2228992540343295,0.11359809416154071,0.015088810740940994,0.9449282780858456,0.12049810436257673
duration,BBB,201507,1177,0.7667867498140316,0.9650631305553841,0.30462714039460864,0.7725272123061768,0.5248651023391457,0.55261398261363,0.10668240083698541,0.013430070121850261,0.9178410515095903,0.14085155640319227
duration,BBB,201508,1197,0.7392005579467575,0.9595117296960541,0.3106324375659614,0.7590583742364464,0.33898496583444415,0.5098842119770458,0.10745959867705739,0.01223175356433503,0.9357760923959826,0.1285342810570402
duration,BBB,201509,1190,0.7279186180098799,0.9731172885934949,0.35774403466699656,0.8304591188406265,0.45245731021476265,0.6136874207644682,0.1066155072262084,0.013140663263830482,0.9272339620216768,0.14864116833450491
duration,BBB,201510,1198,0.7224316259564151,0.9635242904578779,0.3453847414117589,0.8309330897320011,0.18642824205854172,0.12125540347569602,0.10304537025417178,0.016624246956601835,0.9321429810621105,0.186237780406089
duration,BBB,201511,1232,0.6763425367387663,0.9545455057376613,0.3455480294825199,0.8257645558489682,0.284609567816503,0.4869879059466521,0.09832694240471064,0.01583557024791999,0.9408278279445281,0.16003661082784879
duration,BBB,201512,1347,0.6551864951593088,0.9093179426837487,0.352981476624909,0.8013032200207508,0.24740898542215767,0.33708209053900506,0.0958551795342265,0.020155628910458995,0.9415369369104907,0.20523876613482794
duration,BBB,201601,1352,0.6369870217587945,0.9592439596248125,0.41720989836554284,0.899003026128681,0.4113958638548164,0.6284718789136182,0.09633998581443164,0.023021149955175166,0.9538248518526729,0.21791969267578234
duration,BBB,201602,1392,0.6045910863069143,0.9564848986352122,0.3934020140292291,0.8987160557338206,0.21237844450040488,0.27571505413843767,0.09307152054605174,0.024133103031593033,0.937508739641052,0.21836362324956907
duration,BBB,201603,1383,0.6291233106950206,0.9521826830029138,0.36106938747913847,0.8906265659924119,-0.17179328713582634,-0.5872008765522345,0.09101506059670063,0.022405581540923956,0.9487131162706087,0.21574200585923253
duration,BBB,201604,1397,0.6599223053979739,0.9700362406515638,0.33524846755655513,0.8924102558248682,-0.10844453247077437,-0.47779953297846994,0.09101770423609983,0.02202929988897051,0.9598810314979306,0.17874042997405729
duration,BBB,201605,1413,0.688726062793078,0.9790138867799532,0.36815878808119656,0.8939105029384912,0.32285036791924754,0.23224318871865218,0.09270636137415378,0.025154422122203094,0.9639485102229851,0.17174248853844096
duration,BBB,201606,1422,0.686235321667268,0.9707667679366108,0.3377644410131607,0.8668673778010367,0.05362090469640644,-0.1266874615189026,0.09556022248127445,0.02626266070001803,0.9782649005534938,0.14828317965450338
duration,BBB,201607,1432,0.7230989584423603,0.9669012905563723,0.34604154512879653,0.8593243582627773,0.060256605434341956,-0.2598574706751027,0.0998166931148548,0.029006990265277793,1.0089611415242863,0.1485414222860452
duration,BBB,201608,1465,0.741916806300824,0.9579999845220663,0.25720738968801204,0.7807024255761705,-0.3344046056926367,-0.6913795486903592,0.10503221639190756,0.02751159122638527,1.0548541646921432,0.1826862350929926
duration,BBB,201609,1486,0.7202078100769415,0.9602161534146455,0.16268566251914876,0.7162885200945115,-0.23468122620457801,-0.3543486098874952,0.10694835682411769,0.028288647713775546,0.9991416626316992,0.1837759799078344
duration,BBB,201610,1486,0.7346817650429831,0.9669378812825296,0.10657883521880292,0.6898194536395024,-0.1655987944946652,-0.442439273699116,0.10993976512261489,0.028020527111253378,1.0043400579615491,0.1927005654185574
duration,BBB,201611,1491,0.698892574723722,0.9614840577506463,-0.0452612938510418,0.5636801882111182,-0.27850568770189654,-0.36826510874254265,0.11289857574714836,0.02868004269218017,0.983329698757814,0.21181574494647168
duration,BBB,201612,1498,0.7188707089690387,0.9389015379270518,-0.06672009564740218,0.5405802440977766,-0.03565389555991273,-0.2998770139900117,0.11440883325081169,0.03144523725826387,0.9728492045561942,0.22076729863882608
duration,BBB,201701,1541,0.7546156199054382,0.9266376805961271,-0.09908961674150281,0.46729748828923523,0.07187419422867121,-0.185890175654847,0.11587528406888148,0.035381215122173605,0.9639065333164574,0.21877204817234955
duration,BBB,201702,1560,0.7862657189843515,0.9516255390239083,-0.11692316922069233,0.4605126800353304,0.3290739827656961,0.1225337427084508,0.1195632391465128,0.038672258922335785,0.9556199748343703,0.22652806829246125
duration,BBB,201703,1539,0.800630992573767,0.9687206792081106,-0.10391134952075805,0.421330056507796,0.15739763358922987,0.04757689166880166,0.12679934348879884,0.04319724465017394,1.0114343914317523,0.21555840005159463
duration,BBB,201704,1545,0.8116778893111778,0.9711433398146895,-0.18307649880017682,0.339334843831819,-0.11043735371184978,-0.27642443602599986,0.1336263969054551,0.048949394541498,1.0395833816772777,0.23450516257327725
duration,BBB,201705,1536,0.8076457175996206,0.9669843221710275,-0.2668390182061463,0.24223869624664987,-0.17847626040240258,-0.2874820119314046,0.13960410079364072,0.05230429491879765,1.037518201728622,0.20980927624978205
duration,BBB,201706,1555,0.7962730916332104,0.9519777605485411,-0.3442806197482629,0.16432357902036113,-0.24054142776813653,-0.3803921659459083,0.14498820706079688,0.051607073713018405,1.057670269099915,0.21623342837221424
duration,BBB,201707,1586,0.7955501232923562,0.9677578171907473,-0.44303431991852327,0.0952448757499972,-0.3909966583022554,-0.5430436114392228,0.1501389545463639,0.05142196109636955,1.0793157061790672,0.24752707348989758
duration,BBB,201708,1603,0.7901660960325465,0.9486893669542964,-0.37423664567940107,0.15645357287544998,-0.00690007012140734,-0.1833735451734786,0.15468766890161706,0.048955318968227475,1.1170421036796363,0.24883219264602932
duration,BBB,201709,1632,0.8185105215490187,0.9741007766833946,-0.44251599133738856,0.095840883538615,-0.3471434406654681,-0.6079147089044261,0.15633283383586116,0.04513257069644495,1.0780861033521603,0.25066211279662903
duration,BBB,201710,1640,0.8198106065651364,0.9738786196478211,-0.4726576909601571,0.03309220091332429,0.006496222734358591,-0.11323774331018595,0.1538413074215336,0.04289969238791878,0.9786794242587741,0.2254725871869659
duration,BBB,201711,1627,0.7916737012878842,0.9671431685481321,-0.4602059635248212,0.04644623306999399,0.11494363059805551,0.1287338754650615,0.1499998957260083,0.04132291342032628,0.9589597743915228,0.21407166362831906
duration,BBB,201712,1635,0.7840734498130022,0.951503689183832,-0.4398308971084142,0.07505813363212742,0.17024473791423955,0.11915844933407407,0.14782025882593558,0.04248584276377503,0.9547014599986806,0.20958733836092028
duration,BBB,201801,1652,0.79284122068832,0.959544957684886,-0.5459839915963768,-0.046170147390545126,-0.17962416463327596,-0.34952364030928146,0.1450508994404205,0.0419072179240552,0.9320918417344175,0.20545813174960526
duration,BBB,201802,1686,0.7815506168588274,0.944498158264585,-0.5728382099903806,-0.080029394774154,0.2848924243095512,0.2915570985116311,0.1402177583699982,0.043837661514759645,0.8855022052855318,0.21742412403000252
duration,BBB,201803,1672,0.785699468863428,0.9565843398990392,-0.4533886168178079,0.07226502368952452,0.4889978688476081,0.5148344220654022,0.13563924889954831,0.04784613058692715,0.8540414557190696,0.23721079423365526
duration,BBB,201804,1708,0.8013141157779965,0.9615961014745658,-0.3214486736274042,0.2197323809247768,0.54351659323913,0.4664259221771664,0.13143801456711066,0.05062803283814837,0.9117142048525327,0.20520742590661104
duration,BBB,201805,1730,0.8002630286014767,0.9473081357343431,-0.20677188258383064,0.2782310425332133,0.4124728870446861,0.41024146564871256,0.127948770192386,0.054174675878042595,0.9336401983085872,0.18416904507822143
duration,BBB,201806,1726,0.8100193650714632,0.9677647259655868,-0.02625855552575305,0.47433207333627625,0.5855964965049508,0.6028467123723236,0.12127410753591918,0.05391933824125176,0.9105863638082581,0.18427657337803033
duration,BBB,201807,1738,0.7964798639333741,0.970621042513376,-0.041788545128895044,0.4462367070848649,0.09763595650873629,0.07096151730730865,0.1144078746560227,0.05365984127956544,0.9061505818738638,0.18487577164684144
duration,BBB,201808,1749,0.8122941115668911,0.9710243511339423,0.14319291329973077,0.6239372036892932,0.6282852892541593,0.6115845912173056,0.10718431784930602,0.05390145155397598,0.8955199345960367,0.15871578847934373
duration,BBB,201809,1792,0.8047981090592425,0.972649932272845,0.13248015836826293,0.5863282883850525,0.2359396996914751,0.24345465189223453,0.10203515970763757,0.05292416780358536,0.9043644181280156,0.1782321851532418
duration,BBB,201810,1818,0.7824584332210197,0.9787951334476918,0.17849302719912907,0.6557021633205938,0.42352236980328933,0.5476510008099127,0.09934530923810217,0.05334523722985968,0.9084737725458513,0.16986893707689396
duration,BBB,201811,1849,0.7019160833009335,0.9430886798751392,0.19741455495376534,0.6722482081997977,0.2438235480041862,0.457296247659356,0.09761459569623028,0.05425447693071208,0.9245646226924061,0.13565919265062606
duration,BBB,201812,1870,0.6846189553479687,0.9583777875405199,0.23020788259497996,0.7597305684456216,0.29639149912490925,0.4424508582081365,0.09785703385513737,0.05730483426711775,0.9426830651241052,0.12847193962877176
duration,BBB,201901,1841,0.7298183682668441,0.9422169556142164,0.2771447095501519,0.7938935054811543,0.2054429311237581,-0.04718348527810644,0.09868203455526271,0.05877705944897048,0.9610797322899488,0.06766438743009356
duration,BBB,201902,1847,0.7712064823073225,0.9629142358335047,0.3104480430768969,0.797218910587244,0.22458710029532913,-0.06973370297888923,0.09848493496631289,0.06140782478680105,0.9706382419398022,0.05151817976916513
duration,BBB,201903,1828,0.784487926488433,0.974025036696299,0.3339029352229908,0.788377148510793,0.13634907876780222,0.03493500517321052,0.09876128110850838,0.06074473360316222,0.9876434265201244,0.035555504812292256
duration,BBB,201904,1860,0.7605877383046513,0.9596254136414306,0.16590940544578187,0.6687287821005866,-0.37214430211100835,-0.5190263944883255,0.09819009777435293,0.06172619355835845,0.9748156925677082,0.05588559120741409
duration,BBB,201905,1844,0.7569934036031871,0.9649947204655747,0.26958442792869575,0.7327995793937426,0.3483782218917654,0.46310237227279966,0.09708023325010205,0.0618313867848461,0.9702241122474513,0.08285300956689971
duration,BBB,201906,1865,0.7485766914509542,0.9672572989679831,0.16728273528814683,0.6887220630529547,-0.2341868396995356,-0.29805068025779685,0.09517006463053646,0.0598482196474259,0.9705457895827111,0.10459287100502859
duration,BBB,201907,1886,0.7747125732383673,0.9671270801967334,0.23718410140536236,0.746998670732665,0.34659333042981966,0.18368921730961635,0.09349831557754908,0.058359636966069675,0.9699814028039814,0.08259612548430992
duration,BBB,201908,1883,0.7550176806584983,0.9649154268757488,0.2871449520936495,0.7545875533384334,0.3550790304500455,0.4690402422456536,0.09078257635221809,0.05814926163733339,0.9516390009402875,0.0913053972254641
duration,BBB,201909,1908,0.7844030004593034,0.9727554539102449,0.35270858230213287,0.8085758694417218,0.43024379929510004,0.3287835907922858,0.08647831684008545,0.05856196890347731,0.932710683790691,0.08379404110262169
duration,BBB,201910,1911,0.7699920018545751,0.972966541179304,0.319912732445124,0.7722217521594092,0.049405643328442335,0.12245610476666358,0.08355411293312957,0.056155341429988244,0.9408402372935525,0.06881445024450013
duration,BBB,201911,1883,0.7636648548688962,0.9704562784902909,0.26086830082728246,0.750697771920576,-0.03226582786837215,-0.07642617090867275,0.08200675195337029,0.050901622920848114,0.948470880188308,0.004131861153460686
duration,BBB,201912,1829,0.7469478620662795,0.9655861766220181,0.06337195190723488,0.6105649652759653,-0.32794746198307667,-0.435854738414695,0.08237070879942437,0.04784942777824914,0.9509438141417108,-0.0032305884023152995
duration,BBB,202001,1806,0.7835857631662444,0.9696842569743143,0.19636504920312453,0.7165823119475926,0.5606593825650188,0.49432273474312105,0.08436477319914154,0.045019957491672084,0.9684141707379722,-0.0017086949348514386
duration,BBB,202002,1798,0.6564432047039206,0.9236354213834782,0.0672827801186566,0.5885177352369352,-0.00902424153922466,0.2526481569582925,0.08678381506301923,0.042938351462972674,0.9808774465932515,-0.0008638664454237717
duration,BBB,202003,1772,0.08019624098742822,0.583929657251237,-0.19452396101546804,0.3719001573293419,-0.4092071256004037,-0.008854698895622386,0.09119135183792823,0.03949379259154546,1.0005002733681096,0.0066681120758085
duration,BBB,202004,1728,0.29935380146187507,0.8692449703096419,-0.01879797159297662,0.8753474723930408,0.4443424912332053,-0.3644304223338112,0.0934154144548197,0.03781414290414544,0.9890810797033494,0.022288862785598152
duration,BBB,202005,1757,0.4871859504731297,0.9193153732227408,0.16806717834782336,0.9101105320729818,0.4581511601543766,-0.22281425163783927,0.09505058323670838,0.03674702360054438,0.9952622155605778,0.061438875999612015
duration,BBB,202006,1739,0.6116549999533366,0.95665334948341,0.24968646447142315,0.9144326360822829,0.24011459196410484,-0.35298683253290286,0.09567045057208433,0.03425256124861775,1.0040490042725814,0.09558831878132297
duration,BBB,202007,1726,0.6006735390717699,0.9654443689673674,0.15032586590425345,0.8097950913298122,-0.3028895666625816,-0.4506037922738214,0.09601138181831542,0.032898618217176906,1.007795171605991,0.07109832518553319
duration,BBB,202008,1719,0.6662868519124463,0.976267748637553,0.17705457975981947,0.8312456196124489,0.2270069183332153,-0.2308739008876936,0.09773189084985652,0.029452250622119668,1.0025291905593772,0.07360964026506174
duration,BBB,202009,1529,0.6908598853964341,0.9839823090576864,0.2535040881257533,0.8324916514977957,0.33000478918038684,0.28631996102588775,0.09877976420273261,0.02761517384833678,0.9840861263814518,0.06356172744807731
duration,BB,200307,137,-0.19381802228984263,0.8896568783019395,0.09868949166464426,0.8607584893684543,-0.13621726062687847,-0.26206433065133383,-0.12201579281223286,-0.031274888274139406,0.925489149791757,0.12354618472969196
duration,BB,200308,143,-0.01613234183656719,0.8210011819166747,0.2014839620473423,0.7426417479234381,0.3180176630880856,-0.23394152795561243,-0.12201579281223286,-0.031274888274139406,0.925489149791757,0.12354618472969196
duration,BB,200309,148,-0.13930709232722657,0.8154047760950927,0.06876510807479169,0.8220051307299631,-0.275401000233215,0.10517996424036692,-0.11483045970911554,-0.02627709084747651,0.9197946837635382,0.12619206191293814
duration,BB,200310,150,0.0223992177430108,0.8251797857682563,0.25273834392639677,0.7671149828881283,0.27523178807947024,-0.3751188941730744,-0.11483045970911554,-0.02627709084747651,0.9197946837635382,0.12619206191293814
duration,BB,200311,152,0.014916039612080453,0.870597803429493,0.24573021958870683,0.8431611752403994,0.03839556038518579,-0.02510952097813681,-0.11483045970911554,-0.02627709084747651,0.9197946837635382,0.12619206191293814
duration,BB,200312,150,-0.046997644339748436,0.7645015334014845,0.24356104715765145,0.7367598559935997,-0.0710876038935064,-0.27926752300102226,-0.11483045970911554,-0.02627709084747651,0.9197946837635382,0.12619206191293814
duration,BB,200401,139,-0.043009071004066306,0.7894633361633674,0.2640109030787792,0.7353411680593412,-0.05384512265963626,-0.17473971133652083,-0.11483045970911554,-0.02627709084747651,0.9197946837635382,0.12619206191293814
duration,BB,200402,143,-0.0096112807380413,0.8008511441610031,0.20661380872648474,0.7516497586920121,0.07649216980202894,0.33263157030762663,-0.09087466951250442,-0.04014613997489178,0.8174363896855266,0.07983756052261932
duration,BB,200403,139,0.10095178515572632,0.8519638947227309,0.30928549086196877,0.8235667366727736,0.10838732740515661,0.3612717279592475,-0.09087466951250442,-0.04014613997489178,0.8174363896855266,0.07983756052261932
duration,BB,200404,135,0.05462881670080968,0.8745098039215687,0.3587796312554873,0.8292654375182911,0.033065066822749005,-0.2442444639547362,-0.09087466951250442,-0.04014613997489178,0.8174363896855266,0.07983756052261932
duration,BB,200405,140,0.12207036802169208,0.6906606022173144,0.3577748135837835,0.6662439045723908,0.16326343180774533,0.07155758675734186,-0.08613047135891773,-0.029167886254393947,0.8196210292445189,0.09736338517478237
duration,BB,200406,146,0.2693356983794935,0.8156189447909538,0.4856448767508894,0.7444477649349774,0.3052779732582689,0.07584664475142916,-0.08613047135891773,-0.029167886254393947,0.8196210292445189,0.09736338517478237
duration,BB,200407,152,0.17121836535241491,0.8550119943411313,0.39558772271543685,0.8495957462803874,0.05083413637326663,0.15198299605656135,-0.08613047135891773,-0.029167886254393947,0.8196210292445189,0.09736338517478237
duration,BB,200408,153,0.18790626298366234,0.8108305523166203,0.3470306783000281,0.7996461742591773,0.01155629716001233,0.10415075120957473,-0.05786299498301023,-0.009496670978171615,0.8313700312997157,0.12289016291393015
duration,BB,200409,155,0.18022300280364797,0.8977764171312558,0.2913215816441623,0.8831877799619735,0.11768876285005317,0.4422126260835938,-0.05290622772545897,-0.004561739470666044,0.8387701669639452,0.11539891620964024
duration,BB,200410,162,0.31947143576911513,0.8160751156216614,0.4021516848937495,0.8062749713856676,0.18377387409129206,0.20033419846703387,-0.03417237434737148,-0.015167442538402489,0.8006211527423722,0.11928041747451384
duration,BB,200411,167,0.21798313871396624,0.8504720335576696,0.26233677223865526,0.8507322703989612,-0.04584290970554589,0.17961495253898402,-0.019477471729840396,-0.02084472829195441,0.7795492587345114,0.12403047516149734
duration,BB,200412,163,0.27826982107026493,0.9137646888491288,0.2971497608636618,0.911577745634307,0.2381360112169629,0.29973232247659903,-0.014466138241169444,-0.03408909660861843,0.7992044940201889,0.15162383274177718
duration,BB,200501,164,0.35259637927747417,0.8697896084977516,0.3338377796021745,0.8704724813793324,0.2450561431693894,0.4155267881374242,-0.009617504322468438,-0.05377870394250583,0.7990916156102091,0.17479019183639521
duration,BB,200502,169,0.285162348963254,0.8498209934861519,0.3014345383123664,0.8491646362687086,0.08208691760727961,0.2807344239470937,-0.026123929378787537,-0.05188229457690421,0.7809174609189204,0.16541834548155038
duration,BB,200503,172,0.22595944087938624,0.7335191723090492,0.24492775156064642,0.7335097388585052,0.07947682083283218,0.06935472839916702,-0.016976159131677337,-0.05355632141401319,0.7810716023497781,0.16078020901389514
duration,BB,200504,187,0.2340480586069831,0.8036695429404057,0.27059484179271015,0.809119904279176,0.1125820765693187,0.32230353924810706,-0.038290473557958886,-0.07076635904494806,0.8150588179528523,0.2066472209532379
duration,BB,200505,196,0.31385380391906864,0.8793296623608443,0.3490058889623792,0.8775159575739707,0.20985425017332202,0.15872785662488348,-0.03628140251849617,-0.07755073025322,0.7801739336666014,0.23843049450532516
duration,BB,200506,190,0.32746001128475644,0.8644814479479677,0.3320806378949118,0.8596298774860364,0.20719775004701985,0.3179055842048402,-0.03398312379245569,-0.0877998364929215,0.8138689611347332,0.21531104930419318
duration,BB,200507,190,0.35087981734440815,0.9164263188512294,0.3923674806562655,0.9121661046158154,0.23127889531857568,0.2501655534998054,-0.041187160139892404,-0.08413869880101589,0.7876064999820823,0.1761983075136182
duration,BB,200508,190,0.32799888027223384,0.9058763838041876,0.3628014189050288,0.9034864648532327,0.2211208649896994,0.5489089215184558,-0.03930940538332474,-0.09148627693646541,0.7584765280481479,0.18465081424700772
duration,BB,200509,197,0.36771108997359914,0.8347569761637927,0.4156597572116065,0.8287735952710572,0.20699955108947135,0.38464569030196305,-0.03955959454619129,-0.08903862681872002,0.7478223357727677,0.1976961138784969
duration,BB,200510,194,0.261165371672289,0.8260858846297657,0.26614866891561506,0.8325138778747025,0.17336927268020688,0.4688071396580557,-0.01843629246788597,-0.06715766168739375,0.7227229589906442,0.16516407988280335
duration,BB,200511,197,0.28279322804340934,0.8929991932167423,0.2790857921387291,0.8864177881581798,0.15767589915523203,0.5053916351958412,-0.015177259793529982,-0.056368775085587894,0.7458974867389934,0.15892607369218728
duration,BB,200512,165,0.21187187775492217,0.8977880479790561,0.1842251489327599,0.8924104399861087,0.14599684770122623,0.534934416156867,-0.007610635276695905,-0.04797729008753865,0.7215585019549422,0.15264340670820356
duration,BB,200601,164,0.3636554078870403,0.8076557887720539,0.2969978099111722,0.8052344483288668,0.23328390896848172,0.03330023261191897,0.014198615081511563,-0.039127572734892514,0.7559517270408309,0.23619614190668914
duration,BB,200602,171,0.32096623227014187,0.8439868481052152,0.2009935920512636,0.8196054431564548,0.11631266949864401,0.31906784745722033,0.030316488608635495,-0.026946300232316527,0.802262057771939,0.17302948851798772
duration,BB,200603,168,0.35816026442465876,0.9234489600680298,0.2412697850284216,0.9122853194709484,0.2694585469804263,0.32512995986049886,0.04137688724842259,0.00180569159175049,0.796084052867079,0.20301167797407946
duration,BB,200604,158,0.2980426220680024,0.8224988172368523,0.17184369575832992,0.7986944728831581,0.11898064832154119,0.1836545936086674,0.043677546532320505,0.0052435852646214665,0.8057819213079463,0.15233635033473814
duration,BB,200605,152,0.37468134692008553,0.8756757495608909,0.2198620821629453,0.8697537572017304,0.5175404424579172,0.3894231097806847,0.05676879052315757,0.0073181074304905416,0.7692409798061741,0.26426745040982375
duration,BB,200606,142,0.46021613986852233,0.8343472529867495,0.2974343606648072,0.8112956866328159,0.3800553656711883,0.26612614236228266,0.05764858282934296,0.014196687447824605,0.7651370219266593,0.2854785640934121
duration,BB,200607,141,0.28410462776659956,0.8315552891818998,0.14546855601695277,0.7813219743995891,0.09081296288368508,0.4883428228948156,0.05773363601834332,0.015869553214798597,0.7773278572844148,0.2602211611310727
duration,BB,200608,140,0.2917102184513788,0.8989394502634976,0.14292274387177192,0.8747064354595353,0.18563337779624328,0.5256609302223875,0.06529053348587861,0.015129241761034898,0.7999647624743867,0.25499776413368686
duration,BB,200609,142,0.35565423488707876,0.9289886020482366,0.22175816392178396,0.9224671043670145,0.3216007845914948,0.5261687668040681,0.06757400066760097,0.011250071659322864,0.8065442564285302,0.2629535375849334
duration,BB,200610,143,0.363262910798122,0.890463409829607,0.15066564890508552,0.8428132899963885,0.13557569191372007,0.3589948783610755,0.07447794443401255,0.01336481739928501,0.7731177314590602,0.29468608353931774
duration,BB,200611,157,0.40292050930606116,0.8972208956890082,0.24193898498502225,0.8859022941099858,0.27442802299691765,0.24532526249852707,0.07381813925604187,0.007134349918069824,0.8419438370344866,0.11824371892084329
duration,BB,200612,147,0.43602898397418943,0.9038338030510241,0.222929527234811,0.865945341483502,0.12689933433573355,0.18630288101912368,0.08873711590961655,0.011969066009400611,0.8365476222619331,0.18229829226684385
duration,BB,200701,152,0.5864310171611342,0.83850354362728,0.35867180612223976,0.8136161400775017,0.2540203254532904,-0.033720842816038925,0.09470268788355468,0.008345108032924022,0.841196126517422,0.1287856409160105
duration,BB,200702,157,0.4772542623062659,0.888792413746054,0.22170504654581089,0.7844132002803292,0.11780028405038483,0.42258076519948645,0.09997142118459397,0.022200971802585737,0.8338778086843286,0.17634892595425955
duration,BB,200703,157,0.4361010673596339,0.9199511284490725,0.19645991354448983,0.8458034346529065,0.13671010115418725,0.2935518081853646,0.10980386657061436,0.03535636465851893,0.8564250271742951,0.13678675518887895
duration,BB,200704,134,0.4581428696118406,0.9123280838913204,0.151196398957593,0.8116834374493449,0.20122196037357074,0.398770558236387,0.12287152768778778,0.03912900825635072,0.8516977802729522,0.17808458273886157
duration,BB,200705,131,0.45733198099610306,0.8905247424331393,0.14533176746917204,0.8166817914909519,0.20724390113703092,0.24390113703090802,0.1281321152156507,0.03965804788573871,0.8462725567511987,0.19025789785670197
duration,BB,200706,136,0.4774772195983015,0.9082581937884642,0.16804541768045414,0.81635895234006,0.24967797337913264,0.17339344496922854,0.1278360117202797,0.037359819376884255,0.8886151480873966,0.10741034235082385
duration,BB,200707,128,0.2545550265519136,0.7994987181834828,0.04288935176707562,0.7196598608313495,0.05263459073429774,0.37035341512543485,0.12569443962602486,0.036010814929490355,0.9041657622091843,0.12826575000384682
duration,BB,200708,125,0.10334254992319507,0.6474162826420891,-0.2021628264208909,0.5777941628264208,-0.10808602150537631,-0.34796927803379407,0.12712816293939466,0.030737423698546526,0.859386386449805,0.1802661231187497
duration,BB,200709,125,0.08219969278033794,0.7501259600614438,-0.2242150537634408,0.7081413210445467,-0.022291858678955452,0.11168049155145927,0.1236600175921357,0.015223260401979102,0.8585115189873316,0.21665495569594045
duration,BB,200710,114,0.009619084263178146,0.7916283590854782,-0.29260241793402325,0.7365950466778721,-0.0019562179785747556,0.13564326360341022,0.11606749388299976,0.008903307742486152,0.8486425411544807,0.1976267178721432
duration,BB,200711,105,-0.18775658303960188,0.8309143686502177,-0.4311320754716981,0.7622123159859008,-0.31108231391250263,0.34773999585320337,0.11107626932669523,0.0032199878438545866,0.8415068456437711,0.1916862368513793
duration,BB,200712,99,-0.12185528756957327,0.7738651824366108,-0.3752009894867037,0.7653679653679653,0.08043290043290043,-0.002077922077922078,0.1065446390984665,-0.0033593785783936417,0.8107608126720183,0.2116596440311416
duration,BB,200801,96,-0.34875203472599026,0.7528214867064569,-0.5488198589256646,0.6901383613673359,-0.4436516549104721,0.2717308735756918,0.11196769060310546,-0.008969356783085653,0.7717743810515301,0.24330883144380014
duration,BB,200802,95,-0.3779898445916362,0.8252268520027153,-0.5430711086226204,0.7998880179171332,-0.39567469204927214,0.24161534154535277,0.1010421936758782,-0.02625756960589553,0.8361446962459974,0.13771481821095954
duration,BB,200803,115,-0.1112680501854336,0.6576593104631089,-0.28479444488282174,0.6849891205511643,0.169289039690681,-0.16109871596874237,0.10109033536223112,-0.032138286890130305,0.8320873082325779,0.10359186310548239
duration,BB,200804,114,-0.40819343472185665,0.7861282679573116,-0.5597659018650899,0.7400538668718739,-0.2462769081225573,-0.48186549482594526,0.09962296661190831,-0.049399079713543695,0.9073388231060183,0.09063527042800869
duration,BB,200805,106,-0.01177418948535154,0.7049348817290979,-0.2961886288636421,0.8081870166511324,0.375449026374789,-0.37210368541703404,0.10254709379529306,-0.0556035561009039,0.9203432935263662,0.11510115986646187
duration,BB,200806,105,0.0579722164627825,0.7591644204851751,-0.18889695210449928,0.752933858594236,0.16380883267675722,-0.08312253783951896,0.1058559905215943,-0.05324942793450661,0.9307139862627384,0.15619266819353933
duration,BB,200807,100,0.0964056405640564,0.7469666966696669,-0.18018601860186018,0.7243684368436843,0.25173717371737175,-0.06966696669666966,0.10908076388671428,-0.06045494995602981,0.9323725509242834,0.15911358628520525
duration,BB,200808,100,0.08276027602760275,0.7093309330933093,-0.20274827482748273,0.684956495649565,0.013789378937893787,-0.0041764176417641765,0.12361410076256604,-0.04004047178062616,0.89096082467323,0.16814866619879146
duration,BB,200809,99,-0.32123685837971555,0.7275448361162646,-0.49103277674706247,0.6579468150896722,-0.5114409400123686,0.12447742733457019,0.12646373781106152,-0.04033431455007826,0.8856045497737957,0.1938872945271194
duration,BB,200810,99,-0.4274087816944959,0.728299319727891,-0.5210018552875696,0.7223376623376622,-0.3723438466295609,0.3983055040197897,0.12632593108116316,-0.03628952772515548,0.8744395161816034,0.16140082536308537
duration,BB,200811,96,-0.18785946825827454,0.7957948996201845,-0.2944112859468258,0.8222192078133478,0.138415626695605,0.24886055344546934,0.13140008428596375,-0.03538000449458288,0.884313591807259,0.1586494148455641
duration,BB,200812,94,0.06424881696347938,0.6491276234512157,-0.05162012787631398,0.6883430264060976,0.34956471480692125,-0.2081349564714807,0.1329103628386439,-0.031021237444066256,0.8933641546914113,0.07407991408217543
duration,BB,200901,94,-0.22590759672000868,0.7225734205107828,-0.3789979409746053,0.6867102553913954,-0.3057110862262038,-0.5125094823537912,0.13495720263434827,-0.02934835018256764,0.9025009439827485,0.025206010822775276
duration,BB,200902,97,-0.13859667578371554,0.8590758468335787,-0.2531427519461393,0.847990742688828,0.11933252682516304,-0.13799179465600672,0.12773576249010177,-0.02904965301928328,0.9802602172095797,0.002404806375371018
duration,BB,200903,101,-0.030914385556202673,0.8595806639487478,-0.154944670937682,0.860093185789167,0.3245661036691904,-0.24142108328479903,0.10919085694705094,-0.0268651039450932,0.8774698244738266,-0.03284120552980267
duration,BB,200904,113,-0.13394936456184714,0.7793016834120701,-0.27627420320713286,0.7529443076718345,-0.2059185574555859,-0.6854497970590193,0.09016403285650747,-0.021494121224448937,0.8733896807980013,0.023031155210443164
duration,BB,200905,110,-0.3181795640511237,0.7610891959515813,-0.43955999368843407,0.741974167662241,-0.1714176227937696,-0.4837048892094764,0.06580503986937959,-0.010346731863194852,0.8660895712466976,0.08942187416738888
duration,BB,200906,113,-0.151091223634307,0.7279842304877239,-0.21688901457182785,0.7481618870184311,0.23688369152970923,-0.27869452392042054,0.026608883523856083,-0.0225213301696107,0.9092766020541704,0.060509128814893655
duration,BB,200907,116,-0.10665436512512974,0.7988467304809134,-0.08985507246376813,0.7971322031292046,0.11235920501287817,-0.048383500557413604,-0.009832867006231906,-0.034418081084669726,0.8673608644487539,0.18993237438239216
duration,BB,200908,113,-0.14893705502694793,0.8700262825204605,-0.057879765786146786,0.8686373012176459,0.020685008982633576,0.32185275134739505,-0.05568496210871449,-0.05076349126548588,0.8223372072162274,0.21189256100604112
duration,BB,200909,121,-0.07725240482319468,0.811082509145102,0.06536377184663322,0.7669692453597072,0.11321636634602356,-0.03799620647608724,-0.08863134956732664,-0.05359934777802043,0.9112395767139656,0.20818863211491287
duration,BB,200910,120,-0.1416140009722897,0.8910202097367871,0.026460170845197584,0.8986110146537953,-0.15482325161469546,0.3283769706229599,-0.10830470320701428,-0.04596625613392902,0.8573505098246426,0.22803497740423975
duration,BB,200911,122,-0.1614990367489368,0.8862603718843042,0.03897614507915842,0.8617082092782723,-0.1851854299602473,0.40442996355176936,-0.13187373125115828,-0.043755344075322,0.8149602000226123,0.20627856378649398
duration,BB,200912,116,-0.342982354976358,0.7940183754276708,-0.09717448967823782,0.768123630492446,-0.2970668511897897,0.01679929266136163,-0.1150516298786085,-0.023034683598587492,0.7418528682412613,0.1947437075238672
duration,BB,201001,118,-0.19313853311859294,0.8268637311508698,-0.012164970290593421,0.7732005448854902,-0.07303729836132629,0.4145548701879709,-0.1003489099963424,-0.005054102164454914,0.7505744096681671,0.10654740556582297
duration,BB,201002,121,-0.10006774149844191,0.899972903400623,0.00499932258501558,0.8811001219346971,0.08612654111908953,0.49353746104863827,-0.06519491443618108,-0.003045485567983328,0.7481559494283989,0.14156423389232864
duration,BB,201003,130,-0.13031176173373935,0.9264990645782407,-0.08062652774174166,0.928776850701225,-0.1471138483387729,0.46550137240710643,-0.03307573748622301,-0.008815872339854213,0.6958853219056527,0.15892122997650454
duration,BB,201004,127,-0.1296751968503937,0.9483970753655792,-0.07578154293213347,0.9447471409823771,-0.16629757217847768,0.6170322459692538,-0.04438266145595786,-0.022697778162127227,0.738109021112936,0.22733101442023881
duration,BB,201005,130,-0.0829589370331426,0.8620328012126344,0.037512460910295094,0.8468530227095822,0.06240423875786914,0.1751846945882096,-0.08796156045791587,-0.02095824373053914,0.9213493020103005,0.0897424410500309
duration,BB,201006,134,-0.0550355989476178,0.9068217808202099,0.11613860521951645,0.8802977593236824,0.23685831494158285,-0.0320477811444033,-0.1255599238404887,-0.06095664155795595,0.9277047333827545,0.074030823892006
duration,BB,201007,140,-0.09277732828934422,0.9626948896809605,0.09632852988126217,0.9363014147952157,-0.14871750016400256,0.3071395770921257,-0.14811758440980505,-0.0445653434739902,0.8198369510410065,0.10017072286021081
duration,BB,201008,140,0.021936979291946386,0.9407316699831625,0.29922809472786516,0.8301502263235007,0.22579431895213317,0.5738689291727713,-0.1941572250574282,-0.03973761347517317,0.7431158410136439,0.08611293969587665
duration,BB,201009,150,0.03399084403751278,0.9359580425796703,0.3402053424596649,0.8617894128627939,0.02949997777679008,0.46916040712920576,-0.2111895048728661,-0.04683740557884723,0.7714908540078587,0.09037265672132724
duration,BB,201010,149,-0.117021585343733,0.9015998548884456,0.14873571558135315,0.864897514964629,-0.2876618900779975,0.40831851986214407,-0.16715721450237228,-0.045936401674374544,0.7446241692701722,0.0828093151277024
duration,BB,201011,159,-0.16863506090279437,0.9186470026271794,-0.06833353236207308,0.9052603295915931,-0.157562096966802,0.589586816336279,-0.08471613913435486,-0.05712812218644486,0.6658926152414059,0.08391371422699988
duration,BB,201012,164,-0.2202630827200631,0.9203025315250362,-0.1102009168446397,0.9161916939860975,-0.17711153129378476,0.4093071973664521,-0.07402365831265456,-0.0412808257755293,0.6282871192245626,0.06625234861252671
duration,BB,201101,164,-0.19299715696543468,0.9111095996626446,-0.07642457796580196,0.8994191503543589,-0.21435120318855164,0.5878497680682327,-0.07444681810584915,-0.0541172338956687,0.6253306291003501,0.07115517281175304
duration,BB,201102,175,-0.11480519480519483,0.92384460367219,-0.04495073891625616,0.9128974473802061,-0.09916927899686521,0.46516121809225264,-0.050321071576429954,-0.05554809964464984,0.6516933096318838,0.07481574426003004
duration,BB,201103,186,-0.02177734056291931,0.9275804353603214,0.039137671395735915,0.9162698320193575,0.05133783084447221,0.6987388630652387,-0.0411966832578448,-0.06024908891821187,0.6229315140555876,0.03889273864042497
duration,BB,201104,194,-0.14223845701865037,0.8770315523907746,-0.11210528694637448,0.8838096255541905,-0.2524610371733923,0.673791258685228,-0.04076295590354124,-0.059659964096107285,0.6184367044260926,0.09085864413688544
duration,BB,201105,193,-0.07334343785054216,0.9380992601890924,-0.06299743603439986,0.9335939586560548,0.026552734896640135,0.6245977111265424,-0.03233627178791789,-0.05849307591430851,0.7780166360995548,0.09019050890673969
duration,BB,201106,199,-0.07274097761534948,0.9186036241815136,-0.071597380843612,0.9180097456981878,-0.15257195066240295,0.3654728186386478,-0.028661451080883717,-0.06571689437548908,0.8621555579572087,0.0877941945114346
duration,BB,201107,221,-0.08071531012707482,0.9293105940164763,-0.042426095367271835,0.923854047383459,0.09107252048428519,0.4788664435723259,-0.04631927684391651,-0.05151696071447872,0.8416280993009969,0.11210683876145693
duration,BB,201108,221,-0.08071753365871014,0.9399991105873458,-0.012632994985936162,0.9256906845142138,0.12859239329827565,0.4011962600197894,-0.05740900494684562,-0.05426419232538856,0.8202529187611954,0.1478782378301654
duration,BB,201109,224,-0.025519965833867182,0.9126094383941918,0.05766922912662824,0.8891543882126843,0.15296070894725605,0.32205530642750374,-0.06354366884311688,-0.04022534856501204,0.8297260531278071,0.124430523083708
duration,BB,201110,221,-0.14111532346826464,0.8773588891235949,-0.06126163184986714,0.8831100536982889,-0.20938552703258584,0.1652462005403182,-0.07475579885454164,-0.04865905648450038,0.8328170912739699,0.10197526812323951
duration,BB,201111,227,-0.05643362626675067,0.9293389608284484,0.049033689052853185,0.9094823429475408,0.16199635184018682,0.20572810334674552,-0.08065706583429856,-0.05372620018342277,0.8360305835091669,0.08510242748718314
duration,BB,201112,228,-0.025728046719727202,0.8890457102878776,0.08057796222854233,0.8797359865624087,0.1470966722926625,0.20615241622514244,-0.08200963761713102,-0.04371564112846882,0.8521023672201565,0.041597546548727826
duration,BB,201201,234,0.02189567045744564,0.8809100679249525,0.09205809561941423,0.8731102884878797,0.035372018478584094,0.21816576872736132,-0.06044746408676819,-0.02962617593101255,0.9016478971078032,-0.030174448230088066
duration,BB,201202,239,-0.008482472486902712,0.9537147076403784,0.04638989487008192,0.9538623817727927,-0.07818554199922646,0.3792711226750114,-0.051339509622618226,-0.024590026989745863,0.9128032713873154,-0.03222955146231011
duration,BB,201203,232,-0.03306719919121871,0.9709103978750271,-0.0012243195608594452,0.9692199911971998,0.04532673187401617,0.03337183757488626,-0.03394904988707916,-0.02255055820399424,0.9150212782918686,-0.0003730473428303749
duration,BB,201204,234,-0.020752114898768177,0.9550379429111968,-0.004677713544483704,0.9556410958839963,0.08907698395416414,0.321069847268368,-0.013745223371101402,-0.022182048454441248,0.9250111201743111,-0.0029980144307115916
duration,BB,201205,232,0.02320537239880143,0.9264216618071877,0.030616638060770068,0.9222239947413838,0.24918362679203282,0.3911393475549165,-0.006579730667703038,-0.03430157185895246,0.9138338901553588,-0.024996615627174045
duration,BB,201206,242,0.03814286034831741,0.9613368269221408,0.028553695723317254,0.9590591357220303,0.061654729955999917,0.04924258300342798,-0.004393160950422578,-0.06562950968118254,0.9116821561438649,-0.0417635608865817
duration,BB,201207,242,0.017567434265535614,0.9685009701355737,0.017467520673857907,0.9670742379154301,-0.10776231233920158,0.4650660170589757,-0.020890525409885067,-0.08840613244059753,0.8742501834797549,-0.018529416536447883
duration,BB,201208,256,0.01178258754863813,0.9568343728541998,0.003725823987182421,0.9511873426413365,0.10438458457312884,0.3669174868390936,-0.02127159618736284,-0.10668878790853671,0.8777459074264924,-0.026411007994339385
duration,BB,201209,271,0.051305983648071776,0.9634571786894339,0.05302438318500832,0.9567668764922943,0.09185418324771484,0.6496551141982008,-0.030812448579093276,-0.12295555120752386,0.8516454435750588,-0.051766987852767364
duration,BB,201210,266,0.05078128860416889,0.974972623417777,0.019903373018086874,0.9474790431665342,-0.06810401029072576,0.6831718898688316,-0.032779538784299525,-0.14095582319419755,0.8541840124336543,-0.04696187236212235
duration,BB,201211,273,0.037772661001514586,0.9836845743350681,-0.009844224045598024,0.9545163938680469,-0.03209944842619811,0.6099785787419966,-0.04018421104604137,-0.16235148992670045,0.8544501799571169,-0.0328988457595671
duration,BB,201212,271,0.03450425680727396,0.9847315679039144,-0.04429069290692907,0.9532052673467912,-0.06371343125195958,0.6093215638038734,-0.032492015887639496,-0.17286976374656243,0.8635693267356856,-0.05292479010746195
duration,BB,201301,272,0.055605779070072525,0.9690998170485905,-0.043273255938764944,0.9395562653105521,-0.06321364765037436,0.12980128185250822,-0.020956514608899135,-0.16851761671299692,0.9169842785319118,-0.15792704416189945
duration,BB,201302,280,0.07886525520551464,0.9742542270036243,0.0033045246568378242,0.9428008374742388,0.19600286446802348,0.38985464464743536,-0.017989144217777343,-0.17459993302300764,0.9360566235068196,-0.14862236438323154
duration,BB,201303,274,0.1833322881498064,0.9835032121163508,0.12169173891801631,0.9645394022036359,0.4065356541268951,0.2431049242728075,-0.015435089415730343,-0.16141820949367205,0.9725175192158079,-0.06906029390754027
duration,BB,201304,269,0.2170939319964534,0.9805466133623532,0.14423791821561338,0.9567527911865701,-0.07141307095254829,0.3579870165899129,-0.016072037433909222,-0.1492827713432711,0.9737175755675579,-0.019316186206010638
duration,BB,201305,273,0.14952946366643233,0.961047601115131,0.07230795181632452,0.9361418462597014,-0.2958946913970529,-0.033202365008676946,-0.014676311755438078,-0.1376923746657785,0.9505294074190715,-0.0038975320207080477
duration,BB,201306,279,0.09000154714937728,0.9427477372940358,0.06140138580379936,0.9296339886616053,-0.032569152051630586,-0.3046287394047895,-0.015542118585889168,-0.11982116428923846,0.9312098171620231,0.032273264637055946
duration,BB,201307,285,0.19025229773932514,0.9561353398269632,0.13540669856459328,0.9446780054637727,0.09733239332942815,0.2395133406252754,-0.011180896929873004,-0.12018595207754108,0.9385224146495806,0.051139722479436656
duration,BB,201308,291,0.24691476462023193,0.9588860914832796,0.21220069247963222,0.9522047830766159,0.4063185114122786,0.04779862575420383,0.0007342442656844687,-0.12007627955484149,0.9325503415678964,0.05681391536918895
duration,BB,201309,275,0.21443755229220166,0.9501180000577018,0.18292086206399122,0.9402111883673292,0.24067626438937134,0.36130117423040303,0.005271394354443876,-0.12609175832139707,0.928654086310874,0.044285619316747474
duration,BB,201310,280,0.2386588385784804,0.9505010085770044,0.17261590435738067,0.9361420426280949,-0.034061476731663855,0.33620217459041934,0.007318463740371096,-0.14251846676488836,0.9215953397616289,0.030780873024938454
duration,BB,201311,291,0.24213947961762658,0.9444477450584129,0.14065809913853977,0.9310841542934224,0.07082819979644411,0.11015734189112195,0.025475708724396567,-0.14819041894216925,0.9487517259598515,0.0027365012076284285
duration,BB,201312,288,0.2719141458592046,0.931976879704536,0.12195574068938912,0.9045700059076716,0.01910699717476661,0.10016316426140041,0.04694927518825529,-0.1396810036748696,0.9743419538323257,-0.037737658964818066
duration,BB,201401,292,0.2538466395434979,0.9557085176743225,0.0970428484050719,0.9198566755336712,0.1165928338730815,0.2413982907680169,0.06548353433379017,-0.12962660963808795,0.9589563265724785,-0.029018157675409193
duration,BB,201402,297,0.22579046404549763,0.9474520279889408,-0.00964020762678481,0.8735953769510818,-0.37180575938965205,0.15415079509039242,0.07133927346833396,-0.1296819192294102,0.9663164798618561,-0.04400632844939905
duration,BB,201403,296,0.25482955991430567,0.9687437823031042,0.00542391389849017,0.9146466960026282,0.06625577812018489,0.019299731164137943,0.08169279210920818,-0.11670536378148486,0.9534798434537107,0.01253836718922597
duration,BB,201404,296,0.3179041907855467,0.9773469926012297,0.03614060902196495,0.8989607481132904,-0.10822147262825228,0.0757733079766978,0.09351111934195502,-0.1231196082418455,0.9747775029658715,0.014464005326208871
duration,BB,201405,318,0.39436915887414525,0.8994779195670357,0.09278911036606086,0.8478844836635527,0.07677088186458525,0.12529538564934653,0.09680680479771536,-0.11897557224410092,0.9804140551135933,0.0367844416623307
duration,BB,201406,323,0.36170562809410567,0.9540763673890609,0.03339016766126741,0.8404483074694409,-0.1590791414455434,0.0328830744095248,0.08710739798488086,-0.12588492651226713,0.9744971306971003,0.08229372983193288
duration,BB,201407,320,0.24621517299973636,0.9361874871824919,-0.05799043447689919,0.7960009375091553,-0.2692691090733308,-0.28029546186974486,0.07577083892950005,-0.13716951815844697,0.9940836538131109,0.07242072880429594
duration,BB,201408,325,0.33636271476762275,0.9297754006956461,0.0686753010679391,0.8830562983937218,0.25242724555608,0.13432786254872148,0.06841399798050145,-0.1445038079910012,0.9804736510347716,0.06863222980945462
duration,BB,201409,318,0.22251177974290137,0.9387169761612021,-0.060845945317107755,0.8191572788528226,-0.27710826288702406,-0.38242965460146705,0.06300353695784298,-0.14429370317627435,0.9928485660687404,-0.0013000417991354256
duration,BB,201410,319,0.23123745261184933,0.9258939460998024,-0.09159261803474729,0.8537185830682763,0.07417379581809673,0.20302613220727192,0.06844977933308465,-0.14029561835299348,0.9882037372799626,0.004520781847190278
duration,BB,201411,323,0.2222845405642552,0.9105432663785067,-0.10471618090409314,0.8235019916942113,0.22601367015150836,-0.035191701903237775,0.07766923509964062,-0.14750555510965574,0.9899712255076829,0.025115379732614913
duration,BB,201412,329,0.2635319014146207,0.9101146388639902,-0.03389158843232533,0.8440513819341012,0.17570444604694735,0.1507878473368873,0.0811586409638946,-0.14019400087001788,0.977520122724818,-0.005888421294755351
duration,BB,201501,338,0.2419618163649611,0.9038284789709387,-0.0021556355504437834,0.8347620588875566,0.045965707789795314,0.16037241700150523,0.08284061263668825,-0.12992174244526458,0.9536804430834707,0.016349480327017996
duration,BB,201502,340,0.2753813766962161,0.9593576781398986,0.005466055832968227,0.9003179856532446,0.020693034694478838,-0.05788132708251598,0.0936604894724569,-0.110046872876446,0.9650727957411475,0.001844258688691857
duration,BB,201503,335,0.25709146738505934,0.9490385965808256,-0.03500344726325601,0.872182181479259,0.03295583672739809,0.08799394813783946,0.10944156669573285,-0.10383854894281846,0.9575600872926665,0.05273447820774695
duration,BB,201504,341,0.29274367564590276,0.9253773125240219,-0.018387611256881205,0.8410805346988308,0.08560628758371693,0.06974054940698304,0.11530086807800363,-0.10096270471455043,0.9539015898561526,0.03481900239341024
duration,BB,201505,336,0.32310459149778875,0.9559796397410996,-0.006136232782674166,0.873593351597249,0.08784395107970111,-0.069438416227468,0.11803319533648156,-0.101152628685711,0.9441573001958472,0.023301012678987834
duration,BB,201506,338,0.3476465379231346,0.9453808286882726,-0.0567204226307393,0.8037863544991066,0.08080300337695001,-0.10176983381266559,0.13069232120473034,-0.09908234457534514,0.9458447503701441,0.05251235197518042
duration,BB,201507,347,0.3417670984933646,0.9249890430174296,-0.06708775178801298,0.7956033061079361,0.16646255756364958,0.3232875657921568,0.14699625712675757,-0.09740298440785301,0.9655572896994641,0.034614810674644725
duration,BB,201508,352,0.3250960193771468,0.9315153146409718,-0.05558086861203007,0.7881830948403185,0.06819199843279163,0.23819421057381393,0.15177340738281675,-0.10593674000587727,0.9707072434129773,-0.013744501698820235
duration,BB,201509,367,0.2862291905524799,0.9452056648514529,-0.03607538367056147,0.8275919076914745,0.07237775273655488,0.3722553202129712,0.14617795378192294,-0.10831123263280124,0.979491676283576,-0.006909832379188471
duration,BB,201510,370,0.3294987446851229,0.9374025790960903,0.0313458550918284,0.865724484592409,0.044832538804006825,-0.23639945250621733,0.13915279695047714,-0.11440195149940574,0.969903795529631,0.011002760426089414
duration,BB,201511,373,0.3721764192535567,0.9719694156309931,0.08725785409019456,0.8966847972118333,0.20289985436675434,0.22781636614297582,0.1383052429478691,-0.11131086396622768,0.9606509262259546,0.0021820781430388902
duration,BB,201512,379,0.38905178513566235,0.9494404436773553,0.08965928453499625,0.8684281063256204,0.14462166850723995,0.407277207971556,0.14010812149235138,-0.10125991675142494,0.9664227528620039,-0.002764886203216255
duration,BB,201601,383,0.35880427836178974,0.9392108833540662,0.10373762866868073,0.869384842385138,0.1353620579470425,0.19104671886320454,0.13833482018115387,-0.09361593111026122,0.9652261508451342,0.03240413657647451
duration,BB,201602,375,0.4129067250487392,0.9557369982783608,0.20445556946182727,0.9293662532711344,0.2183433837751735,-0.15082557742632838,0.13121100488244217,-0.07468110153531149,0.9476753000198671,0.06961195669493042
duration,BB,201603,350,0.4143764672131434,0.9574478625481491,0.21008819897072045,0.9285964083671822,-0.05268161955841038,-0.4070216316634655,0.13341333216683723,-0.05646031089130689,0.9470140731387107,0.042075310288096794
duration,BB,201604,343,0.4350184906975554,0.9730781628965626,0.21921319673174391,0.9334174306197387,-0.021313963599078375,-0.24380897664188947,0.12941772878250996,-0.05614905886229088,0.9329911951230502,0.04066029540672524
duration,BB,201605,357,0.4491095791778516,0.9596075829113895,0.2528435390225389,0.9432072873088725,0.40858027976742145,0.19782765909075328,0.1230865447216574,-0.04490854122014059,0.9467185293662668,0.021274097134929837
duration,BB,201606,352,0.4724979144242599,0.9641242452857183,0.2932107631116129,0.9348180541523315,0.07571272762490891,0.04021584333199063,0.11668543222639667,-0.037484236277002966,0.9572411288656976,-0.018125491808630084
duration,BB,201607,351,0.47665112665112663,0.9676945276945276,0.30871073371073376,0.9387695637695638,0.05666805416805416,0.012575757575757575,0.11267656086534864,-0.044839205955125985,0.9611234875343762,-0.07176034255321888
duration,BB,201608,348,0.49878259799936614,0.9480092039065063,0.3036460556374496,0.9086938533656301,0.0016563273155623865,-0.17583578754704957,0.11776608758293552,-0.05041850768316163,0.9760622659461546,-0.07235999338607521
duration,BB,201609,347,0.5083497089722034,0.9713475623801265,0.2859531196238265,0.9157975275992462,0.13594298118385958,0.13671901701362343,0.11954288927132334,-0.051848695985589555,0.9546283840547152,-0.03956502285607964
duration,BB,201610,360,0.4779514759630346,0.9697171017266079,0.21566010025797525,0.8842146415738803,-0.2133676442976669,-0.19670727911995206,0.12530543306885208,-0.05523708787631615,0.9656920941129785,-0.04448497020101186
duration,BB,201611,352,0.49448780681075283,0.9345217263064288,0.11944763609069554,0.8404042054891911,0.037792118174554426,-0.211947597570827,0.13146138497206764,-0.06019798948333615,0.9425015574977689,-0.020209793129728478
duration,BB,201612,342,0.5281356782344274,0.9523106047481503,0.20710688085345927,0.8587710523540883,0.1842863487643641,0.021356431356084872,0.1344582296244204,-0.0617373555364266,0.9300781772065376,0.014389069841464912
duration,BB,201701,319,0.48612556929082623,0.9604790175666883,0.15085171822322113,0.8111747353167327,-0.13674254746554682,0.02444401727095286,0.1389627846706324,-0.05442805743924631,0.9239028992792273,0.006514957143737764
duration,BB,201702,335,0.5135838541667099,0.9450328244124381,0.17023607369482785,0.8193519145078713,0.1898663227915172,0.30158701786193076,0.1424250731707142,-0.046135787801459875,0.9358709494193213,0.009923169011544598
duration,BB,201703,325,0.4933899638194117,0.949315273566787,0.13388845192526175,0.8186888310951067,0.013467218988691382,-0.0488160076220448,0.14754251490413786,-0.045368296130682814,0.961215418540165,0.00810032918061308
duration,BB,201704,329,0.5069450528713633,0.9432807203175652,0.18104044372855999,0.8412831330579126,0.16676787146429078,0.11863673430876338,0.15539084050729698,-0.03237094686089465,1.0232986016688301,0.020301221774095397
duration,BB,201705,327,0.514437220552765,0.9462788644884252,0.16109545375298412,0.8099830873076559,0.14895455674880945,0.26679669214095186,0.1758955634023575,-0.012748222633228971,0.9594623667896902,0.09988663374877581
duration,BB,201706,314,0.4914532622841366,0.9793209239496452,0.04513019387360568,0.7971113249434812,0.07057999284856693,0.15663712097647098,0.20725749722056688,0.004967650717611888,0.985445803749777,0.14596447219121308
duration,BB,201707,334,0.4360474694016566,0.9779922204803786,-0.1417948290591065,0.7204738566433089,-0.3327156095231884,-0.3336589427035401,0.24121543428972303,0.013729967345971057,1.0350783229323643,0.19208368151833932
duration,BB,201708,331,0.4636519160961341,0.9713553472334822,-0.18121693034152542,0.6725019275123013,0.08873704099562216,-0.10717431660175446,0.2704432365642676,0.02230782077409063,1.0266343686174075,0.1851998533646961
duration,BB,201709,321,0.44215570417764666,0.9835163355049831,-0.27606192314390204,0.6255906425959251,-0.07116626516514774,-0.029201979450862024,0.2950675129986487,0.025108940230044723,0.9656761042606746,0.1652124526846895
duration,BB,201710,322,0.3798995421004648,0.953898324152971,-0.45691235282795517,0.48781320198935546,0.002833589219601098,0.16124718193353593,0.31632541032109157,0.03040143036877315,0.9091187444262754,0.17560008813753047
duration,BB,201711,306,0.38518841936304615,0.9743752597958073,-0.4861143132962055,0.5173298069160917,0.136559251243617,0.21384558522506567,0.3190545645623851,0.03516880072162817,0.9161399090168694,0.15445019462982928
duration,BB,201712,302,0.42133221044706837,0.9233312079530324,-0.4755426962907068,0.4611200267680286,0.16618201170186328,0.1342006656717244,0.3131177722365176,0.03202764259135407,0.9109311194866015,0.14923049789028447
duration,BB,201801,310,0.45189023819186463,0.9444991707140721,-0.5524224514437229,0.3635800983461612,-0.05142217249751517,-0.06636724426322452,0.3005440226446759,0.02297671955038763,0.870748772118074,0.15171608715546844
duration,BB,201802,332,0.4810282200083096,0.9198059487070516,-0.5154561251456385,0.4162376623338295,0.3471149233170126,0.09065608395859916,0.2913620078330336,0.016266190840224785,0.8378955425595905,0.17004965552573192
duration,BB,201803,313,0.48158908509735715,0.9136472286184337,-0.44049462065985945,0.3791941712466325,0.28134230698789825,0.38637053815316363,0.28240257644154826,0.019680505019531856,0.864642151517999,0.15629235340351147
duration,BB,201804,318,0.509207496904808,0.9301346753444403,-0.4479318013426205,0.4001972938243153,0.24126064297934202,0.11306257147329828,0.27674086891266575,0.02222226407436881,0.9234598554151486,0.0834231181271106
duration,BB,201805,318,0.5690370721700959,0.9276667297631349,-0.29369519914007214,0.49485583453066007,0.311923327447855,0.12557060862836894,0.2668794649425632,0.0245309915218633,0.9339845940712417,0.08353827379792256
duration,BB,201806,315,0.6172631045484388,0.9660942245155743,-0.17419403139793369,0.5680787674256996,0.3237158444769507,0.2765893812172939,0.24859788838129668,0.0253302762059329,0.9092312994156685,0.09771587387437482
duration,BB,201807,327,0.6374674478719797,0.9389787451935419,-0.07606970719901379,0.5620281914813294,0.2653590446525279,0.21923454966524678,0.23803790293112295,0.024712014860064906,0.9071377213182077,0.10704226344042977
duration,BB,201808,319,0.662543251316023,0.947169441651387,0.0034689773466611467,0.5935071272254097,0.22005936890045544,0.24232344590997812,0.22202373692365088,0.013886595157035882,0.9032694068387004,0.0924777908303886
duration,BB,201809,321,0.6851155422007943,0.9532921570510862,0.011491046032391017,0.6286004527776167,0.24332733499738787,0.10734892900679169,0.20980148067321142,0.0073461814887855114,0.9157575395471691,0.10300465362982976
duration,BB,201810,327,0.6715689912554569,0.9143838634094092,0.09744206660214048,0.6176992473113413,0.2036637706366918,0.15552814373661972,0.1974256585640947,-0.003875697026122631,0.9038136114387458,0.08809553989241939
duration,BB,201811,317,0.6814192795938155,0.9565475683710808,0.17309623673696334,0.7496332722811103,0.4316202546713991,0.39369718047222924,0.1950639776126732,-0.010751224235832904,0.9266142443465372,0.05703699705345447
duration,BB,201812,322,0.579623513778549,0.9113637505244389,0.048346419985475314,0.6346353849822827,0.0181684342078755,0.06353317862143468,0.20094278112622915,-0.019520706124990055,0.9519387561776217,-0.0030900347855349636
duration,BB,201901,318,0.6778307904123486,0.88381502927922,0.18546981548157587,0.707417839867521,0.15393825453366244,-0.2288291382891962,0.2036941300173135,-0.020011559572790646,0.9746391747511587,-0.032075781048353506
duration,BB,201902,323,0.6751042140731197,0.9457082604208732,0.1644360261266978,0.7143875602618368,-0.06056666246462988,-0.19079241154890636,0.2047808322684266,-0.012075235785312907,0.9844063110542071,-0.019596008866570418
duration,BB,201903,317,0.6267898459931935,0.9610044308694705,0.14637841780062819,0.732369757978541,0.04153271467415667,0.16122232025067823,0.2048554799534845,-0.0107249893883646,0.9851646201489352,-0.007653554194527433
duration,BB,201904,317,0.5820652628422508,0.9558310649079808,0.07197168040781175,0.7197947831616411,-0.25457345441312634,-0.22627495801560935,0.20302794648099912,-0.012903292640834655,0.9806618400456778,0.03664573120638632
duration,BB,201905,321,0.5031673121378627,0.9093649240078227,0.07261348464619494,0.7152329918151739,0.1077131827944506,0.18103376966389972,0.19100300781107163,-0.01422092733041661,0.9695305364929153,0.04418244758597403
duration,BB,201906,322,0.4717292550160208,0.9391473765754546,0.10580033035477285,0.8205095303191143,-0.004594091534259077,0.08178303172867232,0.17689264848687083,-0.022199108506884717,0.969634842078633,0.04489727124736615
duration,BB,201907,326,0.47940221754265583,0.96993899406757,0.17474903775798692,0.8841291763901097,0.18199496906538049,0.3284206242342112,0.162384369552915,-0.03673004978364505,0.9536259755618626,0.05462415359478677
duration,BB,201908,330,0.4789550982491128,0.9702107549724812,0.2262737387415485,0.8941901039403601,0.28555068838187014,0.6127947257880114,0.15034328438058156,-0.04293807538862357,0.934677624853205,0.023105412135596824
duration,BB,201909,325,0.4567549333193506,0.9771513427283011,0.22392707950990162,0.9217230212929057,0.17268208274343247,0.3584016496952932,0.13808855881757104,-0.05535452349057558,0.9090941298878206,0.061289205621627665
duration,BB,201910,316,0.43935782834477083,0.9638556920192508,0.18451235303848812,0.8906665297592904,-0.08229312249597359,0.13101009121453958,0.13036239029662122,-0.05387910910950183,0.9084473781953847,-0.004951902408636315
duration,BB,201911,299,0.4454773181297838,0.9544230208076138,0.19359251195259367,0.9034966667414872,0.2361545195394043,0.3269210567664026,0.1292324699279522,-0.051935601595097636,0.8958374144382338,0.0004537816133084283
duration,BB,201912,290,0.4013247933162516,0.9755066996163387,0.10863182185527648,0.8732479085609693,-0.10224722832818957,0.3199645245689501,0.13344180080545542,-0.04366148453015972,0.887317928944529,-0.0545926805514469
duration,BB,202001,289,0.4023992761404765,0.964408582905779,0.09431452094022193,0.8691966949051426,0.22022232828222568,0.5197898023306686,0.14053712531913226,-0.03624169732906548,0.8984484219723738,-0.03410042503846463
duration,BB,202002,290,0.2899152107676051,0.9180699594197478,-0.05165070231266845,0.7845622831219855,-0.1812585413496655,0.18106517318874182,0.1519596616735524,-0.022929115980942102,0.920075986779983,-0.020038842298341675
duration,BB,202003,316,-0.07632890476000329,0.49545600614562,-0.2901786070815341,0.4159588365154791,-0.20176800664761377,-0.12596923767310703,0.16361725749413616,-0.01971719050099526,0.939833620580188,-0.03213765891524944
duration,BB,202004,309,0.011836770760386086,0.819566627033839,-0.22439142442274287,0.8104880399900756,0.03857016769638128,-0.29483447964500265,0.1730847300703501,-0.018091288267823732,0.9290842499924988,-0.04383986652968944
duration,BB,202005,306,0.1531723620189786,0.8956212845269368,-0.17617113593982478,0.8672654526562255,0.18426639946307996,-0.40907114390474963,0.1847360512345021,-0.009928447474173095,0.9391178274828698,-0.04816161233343155
duration,BB,202006,302,0.2117216430010254,0.9014728297322043,-0.15454854983639219,0.8279491938985103,0.19235098357473865,-0.21006955374202357,0.19603823775928136,0.007375529324543089,0.9578289749178013,-0.053545837314232084
duration,BB,202007,294,0.33219843152162243,0.8380111042508056,-0.06806506717918266,0.7800163624193241,0.16802646320285505,-0.12563056112709448,0.20042073694311696,0.015721361546679063,0.9596906252771875,-0.05406598226984827
duration,BB,202008,286,0.31918146038813555,0.9524629414231467,-0.13709294556534607,0.785853684184878,-0.16926257311366424,0.029511182014391252,0.20917623515792588,0.023546971022579948,0.9363701752525335,0.008489934969677123
duration,BB,202009,259,0.3505680994053087,0.9485526415758972,-0.10447227191413237,0.8084755596383502,0.14733079616800546,0.19498967405944148,0.2146190962285659,0.030700285371454226,0.9209697321803066,0.00736173365080984
duration,B,200307,86,-0.3853106278598047,0.8056700787773008,0.04852115665833294,0.6857398933911977,-0.13686494645973865,0.16939478277277228,-0.3153234614736008,0.07579564375625315,0.9137327596738919,0.3607287476508959
duration,B,200308,88,-0.418442464161178,0.8753302102779053,0.07044485928639357,0.7378394561656864,-0.009052164418301575,-0.24053397203339089,-0.3153234614736008,0.07579564375625315,0.9137327596738919,0.3607287476508959
duration,B,200309,94,-0.5233898060181339,0.8607809847198642,-0.13509373984033524,0.7894881335115413,-0.42104540692843984,0.2525665570928006,-0.3129420057397338,0.09421032400283982,0.849909450880273,0.2809973474784925
duration,B,200310,97,-0.4623527245949926,0.8703055964653901,0.01675257731958763,0.646065642751946,-0.14279139490847884,0.1806885125184094,-0.3129420057397338,0.09421032400283982,0.849909450880273,0.2809973474784925
duration,B,200311,98,-0.40280142047446904,0.9492378019623968,0.047032496222481485,0.8039005667871646,-0.21328156379702767,0.3755905361207275,-0.3129420057397338,0.09421032400283982,0.849909450880273,0.2809973474784925
duration,B,200312,96,-0.4465138361367336,0.7207677699403147,-0.000176342919153554,0.5921459576776994,-0.12661421595225175,-0.042810634834508955,-0.3129420057397338,0.09421032400283982,0.849909450880273,0.2809973474784925
duration,B,200401,106,-0.34538126306773814,0.7299846335995163,0.012459379802000152,0.6515605713278082,-0.10019396931758066,-0.19303725722346776,-0.3129420057397338,0.09421032400283982,0.849909450880273,0.2809973474784925
duration,B,200402,101,-0.35832265579499123,0.8877111240535818,-0.0048806057076295865,0.7564006988934187,-0.029749563191613274,0.3898194525334886,-0.32756351603247713,0.14523764320220373,0.8151029974012578,0.257097946010709
duration,B,200403,106,-0.40344106607552205,0.9087386956193163,-0.0426883643600272,0.8161170869335216,-0.2624127767841399,0.5350479885129859,-0.32756351603247713,0.14523764320220373,0.8151029974012578,0.257097946010709
duration,B,200404,107,-0.27774838848723526,0.8358804051803523,0.15566527557358098,0.691902270812516,0.2645428006034601,-0.1948705891573111,-0.32756351603247713,0.14523764320220373,0.8151029974012578,0.257097946010709
duration,B,200405,108,-0.3124982137243133,0.8238779806986958,0.18135223451179894,0.6938847447292958,-0.07707184162641592,0.056579686949231656,-0.3461050349890953,0.13589710058591906,0.8472451076056706,0.2724601985162205
duration,B,200406,106,-0.17676398720306322,0.8475552308738695,0.2186412071441167,0.6747361261556288,0.15307453963775602,0.17907146635765928,-0.3461050349890953,0.13589710058591906,0.8472451076056706,0.2724601985162205
duration,B,200407,110,-0.15973220927349369,0.8857606564028582,0.28317742262696394,0.7440569844239568,-0.13770484412686249,0.11493812411243604,-0.3461050349890953,0.13589710058591906,0.8472451076056706,0.2724601985162205
duration,B,200408,108,-0.12974553907418523,0.9378757133194242,0.24387664694618308,0.8188764087760915,-0.013499480789200415,0.5522307010774814,-0.34972305896939915,0.08868419316825883,0.8238172698676266,0.2673679549816364
duration,B,200409,111,-0.12404352404352405,0.9403036153036153,0.29890312390312385,0.7888469638469638,0.004861354861354862,0.27242014742014736,-0.3543938856944474,0.10821756117339806,0.8528403666139449,0.2853087159536598
duration,B,200410,108,-0.19484218849733723,0.9474025169815274,0.2482113426124401,0.8229634075471338,-0.15363876265874035,0.5229643602275,-0.34551619667864325,0.12329208082482578,0.8124434067369681,0.25823565608427856
duration,B,200411,109,-0.19928644240570847,0.8978500602353815,0.2522750440181633,0.8047539616346957,-0.1622370493930127,0.392530812714299,-0.3186048159300074,0.10888589001580291,0.8089837077775148,0.2734762266764395
duration,B,200412,116,-0.1302502594856418,0.9183715834390498,0.237842617152962,0.8034136777764964,0.18569176949986546,0.10934532733633183,-0.28720239472244496,0.08305004855380481,0.8449704597045051,0.31434280509888674
duration,B,200501,115,-0.026157973644756572,0.9450643099502881,0.2891107078039928,0.8536416002525054,0.24998816381283046,0.3148267971277519,-0.24650042677338074,0.030586928161271617,0.8137780834808493,0.3235355849890145
duration,B,200502,115,-0.0773376469659907,0.9034403850706226,0.16924169494200267,0.8388148031247534,-0.03884636629053894,0.4820484494594809,-0.21709637671144483,0.017199202719569595,0.8588357812664795,0.243526962832723
duration,B,200503,111,-0.039803439803439804,0.9427079677079677,0.2813882063882064,0.821928746928747,0.14195331695331695,0.06791856791856792,-0.1898612792608583,0.018776042251167545,0.8232842336038161,0.2826462281254062
duration,B,200504,100,-0.03381938193819382,0.8816801680168017,0.22281428142814277,0.8038883888388837,0.0023642364236423643,0.49969396939693966,-0.1993658883167261,-0.004934499018613735,0.8290791039089982,0.2293928926086101
duration,B,200505,98,-0.1338038495623179,0.8769772201289135,0.10739628559952565,0.8361991469502514,0.030749319409113216,0.2924787534507711,-0.2047538096318871,-0.02351192755755487,0.8587020574421472,0.20515961621665885
duration,B,200506,104,-0.0856822788861624,0.953558092393044,0.14249439880507844,0.9018990718019845,-0.17147124719940257,0.25519044062733387,-0.20429937935779857,-0.03561407161123941,0.8694320402163856,0.20885928733377138
duration,B,200507,105,-0.13908355795148244,0.9524673439767779,0.1675720505909185,0.8799709724238026,-0.22500518349574955,0.3365021770682147,-0.2235334288692518,-0.05488392392626348,0.7986958787894118,0.1849941649941666
duration,B,200508,104,-0.14782887015896726,0.9084177957964367,0.1595113624239838,0.8468046516590207,-0.17629360930331806,0.4677477861943882,-0.21715075594758787,-0.10671233935266403,0.7433194661783067,0.16938238131764263
duration,B,200509,101,-0.045777518928363424,0.914502038439138,0.26959813628421664,0.7947466511357018,0.13132207338380897,0.41002912055911467,-0.2122895084542431,-0.0975721153211468,0.7664339652782526,0.1495040177078787
duration,B,200510,103,-0.12005227781926811,0.9181566577340421,0.1905834028906559,0.8603984536308923,-0.06131661028862628,0.5396586565918376,-0.21125494842379403,-0.11042222022236452,0.7957823714626066,0.21209725474591948
duration,B,200511,101,-0.11716948165404775,0.8424927198602211,0.1388351776354106,0.7761211415259174,-0.010087361677344205,0.5192079207920792,-0.18775713487495813,-0.10884831160424477,0.7159170378113727,0.11572984691159618
duration,B,200512,116,0.06459078153231076,0.898427709222312,0.3085995463806558,0.8412255410756161,0.11713374082189675,0.5183562065121285,-0.17789256780698096,-0.10822477243411742,0.6816238568042359,0.11898604111577223
duration,B,200601,116,0.018137085303502096,0.9156652443009264,0.19842386499058162,0.9033175719832391,-0.04961365471110599,0.47113366393726214,-0.14844437762451865,-0.12397628038981363,0.745860012173511,0.1796362049124599
duration,B,200602,116,0.027409372236958444,0.967162572559874,0.23756583246838123,0.9156268019836236,0.17761888286625918,0.49749740514358204,-0.13956649510938673,-0.11296609102315254,0.7880500865664778,0.14579899243648783
duration,B,200603,118,0.0501535685982346,0.90183296265051,0.23435554143430515,0.8667952187393864,0.13377084862628233,0.09469394015754934,-0.12249762043415795,-0.12373140089811287,0.8157120790876384,0.1940280231898533
duration,B,200604,117,0.0721650257009696,0.8869981567234635,0.1884263213895008,0.8984099866624704,-0.10012138650361911,0.03658079695484721,-0.07966428506355135,-0.13027826491797098,0.802326422753668,0.20139998785428406
duration,B,200605,120,0.08767969997916521,0.8933050906312937,0.18675602472393915,0.8965900409750674,0.13476630321550107,0.011452184179456903,-0.07450341259467314,-0.1331307600865757,0.919189110522438,0.2500648481857853
duration,B,200606,128,0.2500572239516572,0.8741931422816335,0.3104628273210035,0.8587541201245193,0.1802382805347006,-0.11710309467130563,-0.06637189592302371,-0.13229750428233364,0.9316965746784677,0.17391306203434026
duration,B,200607,125,0.2678156682027649,0.8996866359447003,0.34032565284178184,0.8958648233486942,0.11738248847926265,0.11505376344086019,-0.0561242164557435,-0.13424493746582647,0.9240521615615269,0.1620268492799593
duration,B,200608,127,0.3484134795650543,0.8894884233220847,0.33817843082114735,0.8962844488188975,0.06363657667791525,0.2000492125984252,-0.031620181815301414,-0.13110430371509113,0.942056266540225,0.10635312251036778
duration,B,200609,130,0.33625749361591717,0.9196930177934972,0.30253314943533294,0.9030766499610811,0.187185404689399,0.2492482486446626,-0.027485153044239055,-0.13513539491554677,0.9074462511792937,0.1063797223330549
duration,B,200610,141,0.36382550622886245,0.9335074275439872,0.3511965409478145,0.9267605633802817,0.31158868102230397,0.2379425489104842,-0.022185805846320517,-0.121154238778308,0.868502884467852,0.1034408919206804
duration,B,200611,127,0.3091781496062992,0.9421400449943756,0.27949240719910007,0.9316472159730034,-0.032210817397825275,0.23212528121484816,-0.008569047385848912,-0.09826440093143383,0.9080688301949577,0.10044811127635411
duration,B,200612,127,0.19225135920509934,0.919449521934758,0.1498113517060367,0.9130870359955003,-0.042393138357705286,0.24923837645294333,-0.0020668483492145514,-0.1293553059825828,0.8985362676821983,0.16120186269981776
duration,B,200701,123,0.30066038100888676,0.8985438082831385,0.26944061085243326,0.9087010357147464,0.16468896312442766,-0.1852742773858199,-0.002240666006733618,-0.10912893727774288,0.9107109057341642,0.1463691201381187
duration,B,200702,118,0.2704962036966025,0.8778828350114493,0.3028460406326807,0.8875534568455805,-0.10960159813599496,0.1335079012048105,-0.02333562911854138,-0.09173474925993048,0.9063645835758233,0.1566466004985136
duration,B,200703,109,0.19790566212584562,0.9513668798072468,0.21648596052265778,0.9450653322212955,0.020405893800389215,0.25660272449263277,-0.02132597350710043,-0.0869480385255176,0.9263360150242638,0.1554457395723249
duration,B,200704,118,0.25336079673068707,0.9161709012157666,0.2623521377260161,0.9178435389801292,-0.06898352561363529,0.07854458602215333,-0.014334017407758914,-0.10208676669769709,0.9534899081271536,0.17969578093881786
duration,B,200705,113,0.13484762791935592,0.8796493446004392,0.1482384057488855,0.8748918757069667,0.02805409541552998,0.14235810765852686,-0.016769705984602767,-0.11731738461172049,0.9350053775818392,0.16905283686682407
duration,B,200706,105,0.3056396433754924,0.848921832884097,0.2640058055152395,0.8466410947543023,0.20977607298362017,-0.21263736263736266,-0.019672711153180106,-0.11507838438165113,0.9565057892401493,0.23159766216466746
duration,B,200707,101,0.19435061153174138,0.7404892253931276,0.17270821199767036,0.73472335468841,-0.15515433896330805,0.04181712288875946,0.0037487269284598784,-0.0660765170551333,0.948414953746128,0.25385773123230676
duration,B,200708,95,0.04669652855543113,0.8090845464725643,-0.011114221724524077,0.7983342665173572,-0.17901735722284434,0.2579227323628219,0.03427821567797465,-0.006524076666146789,0.954839670518438,0.2837626293218592
duration,B,200709,91,-0.07525083612040134,0.8601051122790253,-0.13785634655199872,0.8465997770345597,-0.10186335403726707,0.336741519350215,0.05044749301073285,0.016225272409604717,0.9368815459887225,0.24089462144036872
duration,B,200710,79,0.02227361246348588,0.9010710808179163,-0.07183544303797469,0.9029211295034081,-0.051144109055501465,-0.07349074975657255,0.05875784600901177,0.015251864247037946,0.8999630246523944,0.23407164921148235
duration,B,200711,77,-0.17422051632577948,0.8051422261948576,-0.26034491823965505,0.7798517272201481,-0.27706504022293493,0.2076607602923392,0.06559886113967413,0.034515006246878956,0.8690546406441356,0.23807708850808604
duration,B,200712,73,-0.10017894606935705,0.8404911761076146,-0.23318524003455512,0.8376835739849441,0.15219671726521045,0.10415895347402199,0.08457704879551857,0.05804058610104177,0.8705532779643534,0.23945592928822482
duration,B,200801,72,-0.1866357965142453,0.9278731751238022,-0.30680429609621207,0.9072930735095507,-0.2084699980706155,0.31111325487169594,0.09822806687804801,0.0490209281937814,0.861320592331501,0.2707147419325623
duration,B,200802,72,-0.2314939867515596,0.8612772525564347,-0.3749437262846486,0.8464209917036466,-0.2976075631873433,0.3821467618496367,0.11474132378111936,0.04470670998759589,0.8659311257013333,0.27724359512303365
duration,B,200803,50,-0.3686434573829531,0.872172869147659,-0.46218487394957986,0.8786074429771908,0.07870348139255702,0.15111644657863144,0.13616277505358954,0.06625708527743268,0.8748673937470736,0.19455754731788102
duration,B,200804,52,-0.3502091692990694,0.8709980363698454,-0.46640484931272935,0.8863655767096388,0.07982583454281568,-0.059079655084094594,0.1575129234297414,0.06718067725315297,0.915867756500929,0.14007288163108642
duration,B,200805,55,-0.26118326118326124,0.78982683982684,-0.4105339105339106,0.8146464646464648,0.2634199134199135,-0.060966810966810975,0.18819964030848774,0.05980780172472057,0.9332749577058953,0.21323919768087965
duration,B,200806,40,-0.30187617260787997,0.7446529080675423,-0.5694183864915573,0.8410881801125705,0.3727954971857412,-0.40093808630394,0.20014187266467873,0.06202827022109553,0.9454557700612817,0.23849412812067491
duration,B,200807,37,-0.21503082029397816,0.8624940730203886,-0.5533428165007112,0.8492176386913229,0.24656235182550967,-0.24845898530109056,0.19510585588990748,0.0448012242763356,0.9584064420545378,0.21551389753686404
duration,B,200808,38,0.049786628733997154,0.786191049348944,-0.24324324324324326,0.7664952401794506,0.26031294452347087,0.05131852500273554,0.18276884455520614,0.040314818080413345,0.9160806843961498,0.21041847099895547
duration,B,200809,38,-0.47324652587810484,0.5439325965641755,-0.5979866506182295,0.4920669657511763,-0.5859503227924281,0.05832147937411096,0.17396212204308,0.01918687973621695,0.9051977052910047,0.2068176822697875
duration,B,200810,35,-0.4142857142857143,0.7815126050420168,-0.5467787114845939,0.792156862745098,-0.08459383753501402,0.06834733893557424,0.16275992679798856,-0.015879162323729643,0.908707667840157,0.19288568576987597
duration,B,200811,35,-0.2728291316526611,0.6871148459383754,-0.37450980392156863,0.7338935574229692,0.05322128851540616,0.024649859943977594,0.1431062259375972,-0.058942681273375014,0.9067040343358698,0.15022609093030895
duration,B,200812,32,-0.20784457478005863,0.846774193548387,-0.31891495601173014,0.8629032258064515,-0.06011730205278592,0.29398826979472137,0.13198832166548946,-0.0808246135135401,0.8824810603057289,0.14936342612472425
duration,B,200901,32,-0.26722873900293254,0.7991202346041056,-0.4131231671554252,0.7624633431085043,-0.04728739002932551,-0.6253665689149559,0.13946246403005017,-0.08039987615914992,0.8761919672734875,0.16428310153685155
duration,B,200902,33,-0.27874331550802145,0.8562834224598932,-0.4395053475935829,0.8302139037433156,0.011363636363636364,-0.2466577540106952,0.14656937609054968,-0.0492178034459195,0.9371203660075601,0.11749446947885932
duration,B,200903,33,-0.23328877005347595,0.90274064171123,-0.38536096256684493,0.9107620320855615,0.14705882352941177,-0.04879679144385027,0.13513379523349775,-0.03479959007539809,0.965764788620292,0.09476791709710435
duration,B,200904,34,-0.21038961038961038,0.9214667685255918,-0.3093964858670741,0.9043544690603513,0.09824293353705117,-0.5012987012987012,0.10988784258268498,-0.03147111912656953,1.0144784783506346,0.14756100891652832
duration,B,200905,33,-0.32620320855614976,0.8636363636363636,-0.38536096256684493,0.8659759358288771,-0.00501336898395722,-0.38335561497326204,0.09138161716335927,0.003565315517169974,1.0025933048880722,0.07314789334777519
duration,B,200906,34,-0.41237585943468297,0.813292589763178,-0.4777692895339954,0.7949579831932772,0.049045072574484344,-0.333231474407945,0.066418318301454,0.0056060318812368864,1.009399127598865,0.06874305017587073
duration,B,200907,35,-0.31764705882352945,0.7711484593837535,-0.34285714285714286,0.7728291316526611,-0.03977591036414566,-0.3252100840336135,0.03458926512948998,-0.01232238873120349,1.0195210989500532,0.08150954705574878
duration,B,200908,38,-0.35616588248167197,0.8236130867709816,-0.3423788160630266,0.829740671845935,-0.29576540102855897,-0.060291060291060294,-0.0028670126388085863,-0.037722085968270265,1.017576210751613,0.11716744910542483
duration,B,200909,39,-0.2165991902834008,0.9093117408906882,-0.19696356275303645,0.9050607287449394,0.4493927125506073,-0.517004048582996,-0.03841968838782182,-0.04090008641733127,1.05314291689284,0.19032964393236043
duration,B,200910,39,-0.27732793522267213,0.9301619433198381,-0.23603238866396764,0.93582995951417,-0.31538461538461543,0.27894736842105267,-0.06823996734117341,-0.04749869449777745,0.9416532108190162,0.20916054722824914
duration,B,200911,42,-0.28401264079085975,0.9583502147313834,-0.19423061340247955,0.9593225832590552,-0.20363017583664209,0.42614050725224867,-0.0949479465142386,-0.03685440554412984,0.9367883562891218,0.25129935662624947
duration,B,200912,50,-0.26607442977190876,0.8985834333733493,-0.1624489795918367,0.9000240096038417,0.1890516206482593,-0.40753901560624245,-0.09502950626763153,-0.007616344756883794,0.966667811511702,0.30948759747860816
duration,B,201001,55,-0.40714285714285725,0.912842712842713,-0.26414141414141423,0.8996392496392499,-0.33888888888888896,-0.08282828282828285,-0.13182449924350176,-0.0547151144030871,0.9327651582652937,0.24110082685090892
duration,B,201002,58,-0.19253129902488544,0.8430588452428559,-0.03485188716970686,0.7866436986680613,0.2522686025408349,0.10332523301239659,-0.14668322046728696,-0.04715177824482463,0.9194664801032875,0.2507710284230721
duration,B,201003,59,-0.10566919929865577,0.9189947399181768,0.01963763880771479,0.8925189947399184,0.13997662185856227,0.007656341320864994,-0.11645241621518508,-0.0308054619010456,0.8545408991987561,0.26102382502000787
duration,B,201004,66,-0.17632814946247785,0.7993528859200503,-0.02440246320843336,0.7944682183488154,-0.18476150714956688,-0.36303099885189444,-0.12691756169518165,-0.047045729446338815,0.8528938749061715,0.280191346317414
duration,B,201005,66,-0.11758689072121911,0.8570504122742929,0.05366871934036114,0.8119611731552031,0.11107400062623947,0.39217200709738026,-0.15255185623136547,-0.04934811748913497,0.8213263436261381,0.258350479289902
duration,B,201006,67,-0.09023066485753053,0.916593503072871,0.1641391970628143,0.8490302498204167,0.03348232101524464,0.5868784420145263,-0.22844377155817455,-0.035635428108596545,0.6331969538117854,0.16680845622146678
duration,B,201007,69,-0.08184143222506395,0.8826452320058459,0.15728900255754477,0.842491779320424,-0.040153452685421996,0.43558640847643404,-0.2469956955786222,-0.042849591430087174,0.7989664176490304,0.18433778576416146
duration,B,201008,81,-0.07881662149954832,0.9577235772357723,0.1820460704607046,0.9038617886178862,0.0765356820234869,0.5955284552845528,-0.29585858379392366,-0.07886807989251468,0.7483590728858858,0.13689793658083238
duration,B,201009,91,-0.1918936136327441,0.964150342411212,0.20734193342888996,0.8479853479853479,-0.08498168498168499,0.6707278229017359,-0.3554591104030449,-0.03540766343172858,0.7138959290590101,0.15490401242895965
duration,B,201010,104,-0.28003840819374803,0.9239624453216687,-0.007788328176677692,0.8939187026565668,-0.26131441374159825,0.45861517123653056,-0.28314947279207636,-0.02433917818305473,0.7685057268900749,0.20991326447803677
duration,B,201011,106,-0.3278988336650125,0.9399047786986423,-0.11828097841146687,0.9047786986422147,-0.27986497720230746,0.362017280902839,-0.22642115773014854,-0.012719200488088585,0.7717224039785523,0.2104063294809685
duration,B,201012,109,-0.3941710684829951,0.9427949216940044,-0.24201649522750443,0.9296728755444352,-0.18585858585858586,0.3479473635436939,-0.17458993608022283,-0.014557482415265992,0.7692002426753562,0.16248323035344908
duration,B,201101,109,-0.4600871096283941,0.9556760263182282,-0.3244092299138171,0.9283662311185248,-0.30466129181725515,0.6801223241590215,-0.12898489652128783,0.0769160929959857,0.6952120611172123,0.13432134636506352
duration,B,201102,106,-0.562143235005164,0.9568229337229512,-0.46999521374411163,0.9350379121847999,-0.3283925737461269,0.5830314633347607,-0.06592867648206283,0.12686504638870133,0.7249822602198132,0.1881751210117888
duration,B,201103,107,-0.5873939536432924,0.9260271557044614,-0.47165892748682375,0.882864084327671,-0.354944258312271,0.5847587139246458,-0.07583115349570939,0.14246451568353283,0.7730626900424507,0.002861737983266451
duration,B,201104,107,-0.5561335449362254,0.932130331707126,-0.40805070632261603,0.9064832774936813,-0.47606732106820276,0.6277944317090852,-0.08957857384977909,0.1587725657509168,0.7333071836083513,0.07471684869360384
duration,B,201105,104,-0.522223407660301,0.9556385362210607,-0.36598741064760487,0.9131654753013977,-0.26603008641843595,0.5711405099754615,-0.11928718771338906,0.14172664750154187,0.7914976093150407,-0.04334103690219297
duration,B,201106,107,-0.525568682771998,0.9681028233311781,-0.34057289523697565,0.9345010678108897,-0.28433158956876114,0.5662924430337586,-0.15779922209873115,0.10159160971601432,0.8244792081112583,-0.007004799081249497
duration,B,201107,106,-0.4878303146333476,0.9640375847041338,-0.32467440864548963,0.9491951532861426,-0.3527470589717107,0.4290752449807291,-0.17746738713209598,0.025809802982122022,0.8636743958634387,0.1690389085856122
duration,B,201108,110,-0.2725739918400469,0.859883236030025,-0.06479724094402994,0.7732434686563128,0.1743119266055046,0.13408020197011022,-0.23853599075402082,-0.05958186268286694,0.8718905369172467,0.15889981341347517
duration,B,201109,116,-0.14907161803713528,0.8853035020951063,0.0012147772267712298,0.8308845577211394,0.12745934724945218,0.25019028947064925,-0.18234220496197778,-0.0698279109444049,0.8910996200778936,0.2848541316718028
duration,B,201110,119,-0.336426434980772,0.8178179746474863,-0.2153468166927788,0.8264634667426294,-0.2890471442814414,-0.08314342686227033,-0.15158836473806087,-0.043540173069587955,0.8502631893291144,0.18690690292893736
duration,B,201111,126,-0.24636820397450318,0.8623772028496438,-0.13070266216722912,0.8379422572178478,0.04494338207724035,0.2500037495313086,-0.1447753248558348,-0.07129501690582318,0.7922121761478582,0.23100524494048705
duration,B,201112,124,-0.25696302124311565,0.9301022816679778,-0.18212431156569628,0.9219197482297403,-0.1200881195908733,0.36561447678992914,-0.1243483719723284,-0.08544231929477011,0.795654888464873,0.23819659919376854
duration,B,201201,125,-0.24607680491551454,0.9343840245775727,-0.212036866359447,0.930242703533026,-0.03565591397849462,0.3233486943164362,-0.08655616340982585,-0.11884505207744063,0.8046265986864829,0.22201649668114176
duration,B,201202,127,-0.2801251406074241,0.9574486782902136,-0.2835875984251968,0.9586321241094863,-0.2639201349831271,0.43028801087364077,-0.0465783643846318,-0.1383264271106783,0.8266911752145965,0.13787071409537446
duration,B,201203,133,-0.27895042898970623,0.9498729864008733,-0.2872394690933575,0.9362840615786413,-0.11665357423409269,0.3843666153171259,-0.056269275226615914,-0.17785375197193412,0.8491463936659912,0.0933603684146083
duration,B,201204,135,-0.2959369817578773,0.9309628328943519,-0.27290020485806266,0.9362793873768415,0.0038093844502975326,0.26683738171885674,-0.08619631853017665,-0.18267840565946053,0.9218943079171578,0.1334353843024738
duration,B,201205,132,-0.22239150965547103,0.9364163357735071,-0.1852305990514106,0.9237632596411219,0.2748822089922933,-0.05818849691891073,-0.10908736316388984,-0.16819083317010358,0.9695762934972757,0.16508222842902312
duration,B,201206,136,-0.2441009493821859,0.9595963933018462,-0.16989170364009348,0.948800152664472,-0.08941844377653736,0.19017699537235816,-0.13950994325310048,-0.15721552004098918,0.9339849613087157,0.11689579189480684
duration,B,201207,141,-0.23610171668307714,0.9609957618048717,-0.12606275953593904,0.9530716212166617,-0.08722548054283144,0.18686587610771008,-0.176509879803348,-0.14583216113621195,0.9334695791643229,0.1311024272609894
duration,B,201208,136,-0.2552836219646009,0.9582224130528122,-0.12124421544773625,0.9438958064977815,-0.15176279757645147,-0.0911693144411049,-0.20543728494236335,-0.1624322959219855,0.9355870519460021,0.12914512393923697
duration,B,201209,155,-0.1576391350584899,0.9658116077470916,0.038761238761238756,0.9233153942831361,0.20829493087557605,0.07714865779381908,-0.2364006861431897,-0.1667258554157959,0.9253885757010955,0.09455529562119977
duration,B,201210,162,-0.1968651957982446,0.9653297316674216,0.019542424717137973,0.9289376638002939,-0.14487531772141,0.27290381491501786,-0.2649587360176998,-0.16828953595506022,0.91710673838527,0.14981180314401785
duration,B,201211,164,-0.19478459592180972,0.9443200522356588,0.004630473521690041,0.9010896031994341,-0.025508413477888264,0.3931059812550161,-0.2892323886605613,-0.16834571576946297,0.92742991136216,0.1478980365788452
duration,B,201212,167,-0.21398940501097632,0.9802683789048409,0.03015397775876818,0.9185639048924528,0.0942830346192297,0.0021566161996145407,-0.3084849760443803,-0.18619199664871577,0.9491526578930813,0.1545028029285363
duration,B,201301,166,-0.24690728072879434,0.9701425189052345,-0.003954850430573684,0.9181641098963081,0.0009064018731430894,-0.04670133992693693,-0.32579321964596375,-0.17881363950182938,0.9719136022067631,0.09463557638847653
duration,B,201302,162,-0.26692550112128666,0.9788754955466079,0.007018450069930464,0.8956278993622285,0.2687940770096012,-0.06968630788316038,-0.32025008057190407,-0.1516339955477297,0.9769312103331824,0.08203608074654466
duration,B,201303,158,-0.23357252277674756,0.9735061054918241,-0.004349221658180689,0.9131129261179965,0.20075027496390863,-0.21994222335131944,-0.276582368937098,-0.1140025275355723,0.9963604004255553,0.059667629965289744
duration,B,201304,167,-0.2768404670864811,0.9661331381986458,-0.15329238253269709,0.9551774248405084,-0.18643779566512414,0.16325868057344864,-0.21383594834889597,-0.083819117170673,1.001480431812236,0.09848805577543084
duration,B,201305,158,-0.2501327280831327,0.9741754505528942,-0.14737000634356567,0.9646829205958997,-0.2948297657748658,0.263355335516818,-0.18874439600284232,-0.10102038331477256,0.910727913910133,0.08768736916575313
duration,B,201306,158,-0.23126328231605559,0.9547005517533038,-0.14932327693087033,0.9471095702652583,-0.18300046093534883,0.0013006591527612765,-0.130970200125848,-0.08094154715735473,0.8552322029926419,0.08438528489306868
duration,B,201307,166,-0.22865856457949382,0.9590689376996282,-0.1971430632710483,0.957738848699097,-0.07431839497347037,0.5617658439965634,-0.07281984333731555,-0.0895427896779528,0.8453087003773578,0.12087221484332077
duration,B,201308,166,-0.20082113975772445,0.9614352893337094,-0.18788228581172817,0.9542627778397205,0.09635012559765466,0.16846875799332334,-0.044212339712449845,-0.08772673008153982,0.8368496813719338,0.14158080062270884
duration,B,201309,180,-0.0688416309145344,0.8963877485930636,-0.024103624597467,0.8999002026811528,0.08126794036852988,0.3668240789324773,-0.055681282199333645,-0.0804919924928507,0.8391817933105918,0.14607001121381824
duration,B,201310,171,-0.17687618499052007,0.9603259173926608,-0.14576283389732883,0.9563131494948043,-0.3011279909760722,0.602591979264166,-0.0829754835004768,-0.1031045690243427,0.8496447969838588,0.17975979776977524
duration,B,201311,175,-0.17759740259740261,0.974023734885804,-0.14690550828481863,0.9719659650694134,-0.03870577698163905,0.5221428571428572,-0.0719693695234886,-0.09087307423210637,0.8950616493994881,0.17290329512234812
duration,B,201312,174,-0.21135112047609553,0.9367954668413109,-0.17656197499928813,0.9447797488538966,-0.23996241350835726,0.26325692645006976,-0.07939473566835306,-0.10567802995020747,0.9319244056700984,0.17797738306874147
duration,B,201401,178,-0.21436949725434276,0.973276158771789,-0.17675058435264793,0.9652697171807659,-0.12306780618536083,0.3033452526733402,-0.07924263387110392,-0.1078278436878859,0.9462161695848131,0.1465049830223105
duration,B,201402,176,-0.22893817844835843,0.979817279129737,-0.2148901770748152,0.9756328149161511,-0.4196229579825644,0.30887223076406645,-0.08499805895059258,-0.11306006351177848,0.9600661551456183,0.13431645105326706
duration,B,201403,170,-0.20218257227461603,0.9851167158951257,-0.18707762353532323,0.9803170353853082,-0.09720146872667997,0.23726909170630622,-0.08652831714524957,-0.12656162456274883,0.9590315624471,0.10699514977281262
duration,B,201404,173,-0.18255373590258242,0.989880916511767,-0.19441109529923845,0.9813656822617058,-0.05186320000370833,0.41706337985732234,-0.06279797602248458,-0.14196345465160287,0.9541230412348095,0.10174434067498514
duration,B,201405,169,-0.1749763810849784,0.9787429764805331,-0.20769230769230773,0.9705509422703995,-0.1547138381980011,0.47788772313659195,-0.04132542922321796,-0.1581990480283174,0.9557110700971696,0.1067284312345462
duration,B,201406,167,-0.18010450699289893,0.9740819565687902,-0.24017799169303392,0.9602249889206098,-0.2829547445556392,0.1577061024250982,-0.030642253374513092,-0.16190230996367655,0.9828745132814538,0.12909416310238075
duration,B,201407,185,-0.2102289526553201,0.9463534361851333,-0.28966111974527126,0.9249592509760813,-0.1430650847200637,-0.1788616807550889,-0.02250213093362965,-0.17279406079951082,0.9640087338118946,0.15680042726078003
duration,B,201408,188,-0.24773571582082218,0.9676489551333105,-0.3309403709904335,0.9483282674772036,-0.016266725903772213,0.17316017316017318,-0.02128693197780501,-0.173560549648629,0.9547222367905511,0.14312770534734393
duration,B,201409,194,-0.18366547795586022,0.9583688241378545,-0.29164697809535156,0.9231303390269258,-0.01125926047671681,-0.21326030414220146,-0.020370142630326212,-0.1807717899147271,0.9610973872247582,0.1262418236839813
duration,B,201410,191,-0.1472513723009972,0.9649546039520236,-0.25836760228698413,0.9425801454344984,-0.0953973612726396,0.5395901675695284,-0.03373971680322554,-0.18741633304357885,0.9577330476582534,0.12069052999457172
duration,B,201411,187,-0.1141694713700043,0.9727959069070943,-0.20941132427264283,0.9459404901287901,0.16691685721521404,0.12906529055747837,-0.05359774939654919,-0.19436299093338807,0.9653019178274735,0.10243910144713045
duration,B,201412,185,-0.08758955308744931,0.9724782987756342,-0.17009400705052882,0.944909214965316,0.02335582426746522,0.4701262272089762,-0.07960350416826702,-0.2159976661787454,0.9394426744500552,0.10249957871079386
duration,B,201501,174,-0.057187277542071244,0.9720242603718784,-0.11489962698254506,0.9484837267575955,0.0900447051453629,0.10734132520857653,-0.09696103216707237,-0.23198800446778356,0.9480030518008415,0.05930843374296842
duration,B,201502,180,-0.08409518812309022,0.9624185931664558,-0.13672644217414115,0.9338765599761308,-0.10894986470775846,-0.14632961922693086,-0.10186034250234169,-0.24988997511383454,0.9640791971533409,0.040529786077598905
duration,B,201503,176,-0.0901452784503632,0.9595641646489105,-0.17628879594981292,0.923317191283293,-0.029522342064714945,-0.004074400176095091,-0.09908092744528862,-0.2522549501898046,0.9504178508078406,0.08364556920220839
duration,B,201504,164,-0.14016840558812727,0.9595200848829457,-0.2616435188334036,0.923768585148205,0.031232571109871717,0.13408784840776458,-0.05317088400372801,-0.2463127851545048,0.9529234665086084,0.06526069801997006
duration,B,201505,157,-0.08835021303778863,0.9109551659338002,-0.22474091255837605,0.8725246373396016,-0.035568317838736284,0.022674414998852636,-0.04216910745056426,-0.2471348465951967,0.9535596328416011,0.033635474867046156
duration,B,201506,149,-0.12796299655360058,0.9728314892073282,-0.27246145474333394,0.9235697442408852,0.039172864139307095,0.024342463268637766,-0.0238692249960265,-0.24509698402768387,0.9676171649756988,0.036684369895958795
duration,B,201507,150,-0.1046677630116894,0.9560904929107961,-0.2468643050802258,0.9107231432508112,0.055179341304057966,0.375389128405707,-0.02430998189494462,-0.2619920699830431,0.9692669798556237,0.09251071680101183
duration,B,201508,151,-0.11001394214011849,0.9614081561519692,-0.30585918438480303,0.895064482398048,-0.03850470547228999,0.2212164517253398,-0.02955563783254401,-0.27218662121532605,0.9714050496534519,0.08461064846790547
duration,B,201509,157,-0.1035171391536787,0.9208070007876505,-0.2825929210674837,0.8764132747040108,-0.03609548558351268,0.015135916248550289,-0.04609495017798192,-0.28621850668840515,0.9884020377647589,0.11003638769980742
duration,B,201510,154,-0.12485439923770096,0.8920821114369502,-0.2415288696123611,0.853060285697857,0.009464665631648553,-0.16960332520104818,-0.10170619193032844,-0.31858535068845334,1.0148854270597871,0.10872558660971307
duration,B,201511,148,-0.08489396121227379,0.9706889467196276,-0.2558442568030296,0.9182155720986019,0.19302428027260243,0.23693163098723982,-0.11108868125658992,-0.319451109918729,1.0161315478118211,0.11367454120117039
duration,B,201512,150,-0.11512867238543936,0.9557242544113072,-0.23958220365349572,0.890967598559936,-0.02304635761589404,0.20110938263922842,-0.11956618200182596,-0.3379201627530915,1.0181832676344051,0.09794633464265262
duration,B,201601,147,-0.10603782423743285,0.9511783239767584,-0.2702627144897204,0.8874490929285449,-0.07837233375393844,0.23541923248381175,-0.10951294497413197,-0.331855344896978,1.0294529173673939,0.12265656877973834
duration,B,201602,160,0.0481425055666237,0.9589681237548341,-0.07155455291222314,0.9141450837923357,-0.020719559357787416,0.20153521621938356,-0.10275893848156901,-0.34951250086177676,1.0128086860300647,0.12659412393773473
duration,B,201603,161,0.03983781918564528,0.9611341154819417,-0.12748734759604324,0.8873706004140788,0.08675235794801013,-0.7868645042558088,-0.09701098574130745,-0.3574060187745086,1.0085020642624827,0.11033517498198098
duration,B,201604,160,-0.04224774405250205,0.9342112973163014,-0.153310676198289,0.8810529708191726,-0.16120649244111096,-0.5196765498652292,-0.0793360339291718,-0.3271894978253039,0.9780053982951068,0.10003265116641008
duration,B,201605,160,0.054549982421188324,0.9423473573186452,-0.1331214109926169,0.8966131489511309,0.345414859955467,0.003044064221258643,-0.0667383771493114,-0.31368297315114585,0.9859950952316364,0.059300464562767004
duration,B,201606,160,0.036622524317356145,0.9826379936716279,-0.06138521035977968,0.9344310324622056,0.08010371498886676,0.026602601664127503,-0.05285198554897384,-0.2739506699365598,0.9866943978620618,0.036177862609580023
duration,B,201607,166,0.09773268359228969,0.9687783250585359,0.017772560027808568,0.9252054489050379,-0.020125794413363852,-0.13425635038794265,-0.042963348463134744,-0.23884918451228332,1.01970469808353,0.04953055762365134
duration,B,201608,161,0.11459627329192548,0.9463681849551416,0.07966701173222912,0.916335978835979,0.0881757533931447,-0.5700109270761445,-0.02854179975238347,-0.23814911401334193,1.0187744726147494,0.10138081955008907
duration,B,201609,152,0.04320696560255332,0.9599197643504944,-0.014403460931252946,0.9355346879079272,-0.10076613426827682,0.07858856334447337,-0.005947771859289461,-0.2105103889675251,0.9741911732534287,0.12965307241463173
duration,B,201610,147,0.06164761350671331,0.9664258891264762,-0.0698834143061149,0.9015746246666012,-0.23110865968008826,-0.24839250768800672,0.005839171253255693,-0.20207481172809083,0.9768909242484111,0.17558599192150642
duration,B,201611,147,0.10496868128962063,0.9210269816923436,-0.017499187753590884,0.879247293141618,-0.16117613280039894,-0.08123219669207928,0.01074058516136039,-0.1881018629425488,0.961052404930135,0.2071082264322691
duration,B,201612,149,0.10005441683294032,0.9522909486667878,0.03603119898421912,0.9188463631416652,0.0826446580808997,-0.008452748050063488,0.01656982219800675,-0.1762591094471464,0.9447274073596655,0.23892093430246114
duration,B,201701,166,0.13228876310905027,0.9460566271618867,0.05610116022063213,0.9295787395635893,-0.02546976146283556,0.04335644155281988,0.013169695905732247,-0.17602158696932943,0.9099009449207863,0.20811815462499822
duration,B,201702,151,0.05710700592540954,0.9496444754269778,-0.010149878006273962,0.9266573719065876,-0.13690484489369117,0.1116626002091321,0.017930478385200815,-0.14971862771120262,0.926331637194731,0.20009859590968251
duration,B,201703,153,0.10949834479246244,0.9776245426400224,0.04929770951442778,0.9575308592336456,0.1546044255022583,-0.09564352056612117,0.02151962370256406,-0.13524560082976614,0.9847612607089096,0.14274424004043826
duration,B,201704,154,0.18524359890583803,0.9728036669213141,0.15393676532196457,0.9688213115158089,0.405932460960924,0.044937857841083645,0.029087968770783654,-0.11434082779648529,1.0027958346078574,0.13439004733851878
duration,B,201705,159,0.20700382135180323,0.9827949605923096,0.19876104609505615,0.97466563171722,0.1995283018867925,0.3372611655123,0.02434817174481061,-0.09119719780533626,0.960051029714649,0.13064246398255563
duration,B,201706,161,0.19209224752703016,0.9688980906372212,0.1741459627329193,0.9609270761444677,0.005408902691511388,0.2211726478030826,0.024238925046126028,-0.07427768562954026,1.006867674420469,0.17855189890354084
duration,B,201707,161,0.15509834368530023,0.9806015642972166,0.14948527720266852,0.9752185415228896,-0.22182827237175068,-0.2687715665976536,0.010554479023779,-0.07137824291167175,1.0101420282527325,0.1980091683231886
duration,B,201708,162,0.17197531334634564,0.9710116701314354,0.19125664551111335,0.967305567198872,0.25665397897993253,0.25570840054702415,-0.015461544617246982,-0.0584378215338598,1.0163895861892993,0.17372948998992593
duration,B,201709,162,0.16970592510736549,0.9769871613029788,0.15275890149189697,0.9773286985877009,-0.08210020026504422,-0.20407981811022619,0.018045187097336553,-0.012441651592440362,0.9746748408809811,0.16179835113768648
duration,B,201710,163,0.2007664555173159,0.9568806424260562,0.1451554801846587,0.950886993532512,0.0574841637986932,0.2163394128828814,0.05862604081255516,0.016992224439902424,0.9020581888061322,0.08182468020850524
duration,B,201711,178,0.2500859107443222,0.97831538339598,0.16550079846456492,0.9756045403429409,0.21052122021982514,0.44267279762620365,0.08185596543737444,0.013523098102155207,0.891299322144363,0.07727837109741312
duration,B,201712,176,0.2737838432753687,0.9637882456526524,0.15258859784283516,0.954488223640766,0.1258353510895884,0.21572088928021135,0.10338095428274548,0.011228862671181625,0.8828600444789934,0.0805477789938758
duration,B,201801,166,0.2606043116395905,0.9665300286611882,0.0651468148041267,0.9335585127663621,-0.05283496533767078,0.012701431747676609,0.12854058434570045,0.013545606393631207,0.8811224456058202,0.08744540615930094
duration,B,201802,168,0.26429558465486613,0.942207723184232,0.026113453566240306,0.9055430980810992,0.2574546595734989,0.4646083994310619,0.1580686545846906,-0.004945819432999392,0.8636808170842707,0.11125963126554157
duration,B,201803,163,0.28195088699353255,0.939811351078746,0.05409524442892691,0.8955697430184936,0.32278140777317793,0.6024157480838612,0.15839986783526433,-0.03269676039458346,0.8414771785393408,0.10286130476783274
duration,B,201804,156,0.3358568696559245,0.93503500813959,0.11099871979263802,0.8921717690569139,0.06020767808316606,-0.020024971946073236,0.13989372023669688,-0.0373283374520766,0.9009478470536604,0.14595639621520662
duration,B,201805,159,0.3490894435156437,0.9453427274898496,0.13986446142823022,0.9088935992357298,0.3153570575591116,0.11650943396226415,0.13250004228161136,-0.04026665290663737,0.937225730871365,0.20165879097652212
duration,B,201806,155,0.35077180883632497,0.9806612742096613,0.1347168960072186,0.9415809996455158,0.27083883858077407,0.39242692791079886,0.13434931797256447,-0.047521223858187335,0.9180176129911429,0.18942044167228295
duration,B,201807,142,0.42242833582360106,0.9790901337200408,0.21680417275262945,0.9509378844110639,0.3786848452715999,0.4668046966518648,0.13393647873001369,-0.04978169346845809,0.8979058249999169,0.18295663207834065
duration,B,201808,140,0.4518991493735104,0.9544204150357527,0.2919070214952658,0.9362533073844876,0.2674946972513175,0.2588397367212613,0.12408694223251479,-0.054283671181410996,0.9011150113879995,0.22401625035995032
duration,B,201809,140,0.44236076184644996,0.9863068815464348,0.2918326736786863,0.9598740460519124,0.02292099451138178,0.10799676368327832,0.11083847710155831,-0.060619956530002954,0.9245333776981222,0.2349347601250054
duration,B,201810,125,0.47305069124423954,0.9570138248847926,0.31080184331797234,0.895305683563748,0.19245468509984637,0.3689093701996927,0.11476738448832786,-0.06450393988576412,0.9180976002350008,0.26650545929753305
duration,B,201811,123,0.5647482942306948,0.9494008848073675,0.39555145683662024,0.9095587571423045,0.3314158207684668,0.310656382608247,0.13225307145816823,-0.08078812643393068,0.9345226433624687,0.24782221851171385
duration,B,201812,122,0.4088315087188265,0.9297272826406627,0.23908783594000413,0.8729764292630054,-0.02284375505995949,0.41055643858159213,0.13763931874367916,-0.09643732590536859,0.9594479544501041,0.23103040300044073
duration,B,201901,123,0.5422669641820691,0.8757206794701474,0.3639447446827721,0.8714578684655172,0.05618397802169455,-0.46229250235389724,0.1475216783565018,-0.09724526719379098,0.9917745483889374,0.21800175801241892
duration,B,201902,119,0.5396453496652899,0.9803090727816552,0.3320182310212221,0.9317048853439682,0.11549636803874094,0.07730380287708305,0.15723992297391978,-0.10679292252227472,0.9703591875933121,0.18779065104315176
duration,B,201903,112,0.5860867188300817,0.9784227970068677,0.38841528000820036,0.9397700481771278,0.192768305600164,-0.02014213961116616,0.17448138305152708,-0.09946783616025663,0.9999813426737589,0.19814003212523043
duration,B,201904,108,0.5371021368620614,0.9700858365009954,0.3024569626644565,0.8841826478798098,-0.40558461230672493,-0.486724399096859,0.17962341169199403,-0.12804672776338658,0.997231727515854,0.20817304181076005
duration,B,201905,108,0.5617956119542331,0.9667419284155973,0.326940848076062,0.9131917650309144,0.35465431992912055,0.33694399192127045,0.1900632908891602,-0.12005702613395113,0.9898757206990303,0.19955251449926797
duration,B,201906,110,0.488835290670153,0.962365033924667,0.2690304983882965,0.8918377927552239,-0.07976466875549444,-0.1396163469557965,0.20459612599242338,-0.09820107475644145,0.976269613407123,0.202044119145773
duration,B,201907,107,0.46378259762142676,0.977860067791297,0.21505123532984582,0.8936793432473207,-0.04641548619682988,0.05397833029643998,0.21384787898536672,-0.09342437226564934,0.9520070113622248,0.1965875735987458
duration,B,201908,102,0.5246846215175487,0.952694641251675,0.315299319766357,0.9198534359432518,0.4331160129148266,0.48666391482095095,0.21430126500805854,-0.085490634172443,0.9451343344913969,0.21140128472185044
duration,B,201909,98,0.5232229724129576,0.9343827502884939,0.30205484255557885,0.8836205522508909,-0.10364745710842911,-0.3597281461788089,0.21733318576646043,-0.055084712695581656,0.9309896270500998,0.21387936095484913
duration,B,201910,93,0.4776342096624988,0.9737847274029422,0.25181283757572137,0.8857539315448658,0.04502999015248724,0.4489570588761898,0.2276683117507121,-0.028251654443139467,0.9387723218797829,0.20092090093143802
duration,B,201911,90,0.47346585998271384,0.9773963863851505,0.24634316993867553,0.918541383709923,0.08652096966703708,0.2021401819154628,0.2314443677132084,-0.017339468954106388,0.9229387757202187,0.21366300093630972
duration,B,201912,87,0.5155099511555005,0.971914412772472,0.24806809069038416,0.8956768972807465,-0.12752423999416782,-0.250619669023839,0.22838015693641525,-0.012917351336374778,0.9286362000108426,0.20848165593352017
duration,B,202001,85,0.5239593511823334,0.974047293335939,0.27183896814539765,0.884326753957397,0.11489153801055307,-0.04518272425249169,0.22638558231955452,-0.013479409465395102,0.9494756977416693,0.22824433144838538
duration,B,202002,81,0.49254742547425473,0.949096657633243,0.1299909665763324,0.7953026196928636,-0.08161698283649503,-0.06050135501355014,0.24072278228323857,-0.01289559593825755,0.9856318041395674,0.23835519034269992
duration,B,202003,68,0.19330457685994576,0.6931709737756231,-0.0760774134442875,0.57113409932435,-0.01950605031110432,0.28862083444669234,0.2504713346901133,-0.029922585570082757,0.9822719580100184,0.2304933019034414
duration,B,202004,78,0.16915995397008055,0.7747315975164076,-0.10421224345274978,0.7513119791600803,0.11668078756686351,-0.32963239292353214,0.2526543091332191,-0.03844784029896628,0.9705674864972786,0.22480038686055961
duration,B,202005,79,0.20944498539435252,0.8501703992210321,-0.09055501460564754,0.827288218111003,0.023490749756572542,-0.3890944498539435,0.24775207810201894,-0.049318159587677705,0.9933952037762541,0.18533081358099007
duration,B,202006,78,0.2634454153441495,0.9296652714374234,-0.10828412094234877,0.8406656634504734,-0.1362055665853134,-0.3146853146853147,0.25862261756532,-0.05786483043502203,1.0050901079287573,0.1673716180415116
duration,B,202007,76,0.22947368421052633,0.9289131920710868,-0.12158578263841423,0.8490772385509228,0.21547505126452499,-0.34840738209159255,0.27096108511664074,-0.04850909265775018,1.0307965167336002,0.1420659187289986
duration,B,202008,73,0.14571763544366287,0.9608786869060844,-0.20881155127730475,0.82546587683574,-0.13411699370603483,-0.2174194742687894,0.28362592791408614,-0.04315567167452748,0.9888172352505066,0.10778978066217047
duration,B,202009,59,0.033664523670368214,0.9292226767971947,-0.30479251899473997,0.8042080654587962,-0.19444769140853305,0.007890122735242549,0.2959911792172166,-0.038248241990350235,0.9894424948913895,0.0841255223860832
