y_cov,rtg,date,n,rho_level_y,rho_level_self,rho_resy_y,rho_resy_self,rho_resself_y,rho_resself_self,slope_y,log_slope_y,slope_self,log_slope_self
duration,AAA,200307,24,0.9556521739130434,0.9956521739130434,0.34521739130434775,0.5321739130434783,0.8017391304347825,0.7321739130434782,0.5796589278108109,-0.0039972535275651176,0.9728948716493632,0.041259672163348624
duration,AAA,200308,24,0.9426086956521739,0.9782608695652173,0.04434782608695652,0.13043478260869562,0.09043478260869564,0.05652173913043478,0.5796589278108109,-0.0039972535275651176,0.9728948716493632,0.041259672163348624
duration,AAA,200309,26,0.9705982905982906,0.9897435897435896,-0.05162393162393161,0.10905982905982906,0.35999999999999993,0.28820512820512817,0.588396899434621,-0.0008720586376427581,1.0035448427030595,0.018680415698919435
duration,AAA,200310,26,0.9439316239316239,0.9856410256410256,0.0947008547008547,0.24102564102564097,0.048888888888888885,0.05299145299145299,0.5268337905894332,0.03734620319302211,0.9947854857029741,0.03276344802921201
duration,AAA,200311,25,0.8823076923076922,0.9415384615384615,-0.27615384615384614,-0.13,-0.2407692307692308,-0.25461538461538463,0.5268337905894332,0.03734620319302211,0.9947854857029741,0.03276344802921201
duration,AAA,200312,25,0.93,0.9607692307692307,-0.20461538461538462,0.10999999999999999,0.4153846153846154,0.25230769230769234,0.5268337905894332,0.03734620319302211,0.9947854857029741,0.03276344802921201
duration,AAA,200401,27,0.9662647036711045,0.9800030643868073,-0.06776556776556776,0.14407814407814404,0.315018315018315,0.12576312576312576,0.5233317933651985,0.06047076434098308,1.0086514317000455,0.04163047944273011
duration,AAA,200402,28,0.9742747673782157,0.9859039369731732,-0.06403940886699507,0.04324620267677995,0.08155446086480568,0.08621869521003599,0.5177058828608436,0.07191944910214365,1.0217012537622108,0.05118780868209769
duration,AAA,200403,29,0.7527093596059112,0.7866995073891624,-0.4266009852216748,-0.28866995073891616,-0.560591133004926,-0.6275862068965515,0.5177058828608436,0.07191944910214365,1.0217012537622108,0.05118780868209769
duration,AAA,200404,27,0.918192918192918,0.9615384615384616,-0.3925518925518926,-0.20695970695970692,0.018315018315018316,-0.0586080586080586,0.5177058828608436,0.07191944910214365,1.0217012537622108,0.05118780868209769
duration,AAA,200405,31,0.948684348000965,0.972678702392488,-0.3435483870967742,-0.11895161290322583,-0.0036290322580645167,-0.10040322580645164,0.5177396211155536,0.06956552498694792,1.0169232904517247,0.05742852856108082
duration,AAA,200406,33,0.966577540106952,0.9718392279272137,-0.6968582887700535,-0.5832706630208041,-0.14605614973262032,-0.3076794529000861,0.49553796117923676,0.0805802244345605,1.019709017380289,0.06869216799660326
duration,AAA,200407,34,0.9657754010695186,0.9871657754010694,-0.7637891520244462,-0.6702826585179525,-0.08051948051948052,-0.14560733384262795,0.49553796117923676,0.0805802244345605,1.019709017380289,0.06869216799660326
duration,AAA,200408,34,0.9660809778456838,0.9935828877005346,-0.7775401069518716,-0.6773109243697478,-0.3533995416348357,-0.3894576012223071,0.4920607445735791,0.07535351565876516,1.0367873837094155,0.06175809855768192
duration,AAA,200409,33,0.9544580964217226,0.9949026524248845,-0.8175133689839573,-0.7312834224598931,-0.7058823529411765,-0.714572192513369,0.4868655630865912,0.07334067670126422,1.0257087872558528,0.042863330909340795
duration,AAA,200410,33,0.9656555561416063,0.9766003677085076,-0.8455882352941178,-0.761260134687611,-0.42914438502673796,-0.45592044949018723,0.481895123587777,0.07395973198853414,1.0268823181495312,0.04212034314995439
duration,AAA,200411,34,0.952555583802249,0.9789899944531616,-0.8710466004583649,-0.7961802902979372,-0.5449961802902978,-0.6186401833460657,0.4844627933428488,0.11751134210082868,1.0475422780535621,0.09606151223188394
duration,AAA,200412,34,0.9511803832481553,0.9860941320293399,-0.8566844919786095,-0.7580411054287708,-0.6064171122994653,-0.6562762644258356,0.4768680694293514,0.12230902716742736,1.0437061124176126,0.10612285535583504
duration,AAA,200501,36,0.9371943371943372,0.9600360403430837,-0.8416988416988418,-0.7701911335853349,-0.5621621621621622,-0.6180577913564135,0.4651625586838394,0.09688028051511764,1.0456718263978757,0.12460932190329345
duration,AAA,200502,36,0.8947232947232949,0.9619047619047619,-0.9014157014157014,-0.7840411840411841,-0.6182754182754183,-0.5747747747747748,0.4615132547974935,0.09596335278953609,1.041195678032402,0.1253421334390848
duration,AAA,200503,35,0.86218487394958,0.9711484593837536,-0.8826330532212886,-0.7084033613445379,-0.05126050420168067,-0.08823529411764706,0.45717594581549015,0.09810725624236814,1.0569569958211016,0.12944206162161054
duration,AAA,200504,38,0.5848426891387422,0.7062493201978514,-0.8866396761133604,-0.6911418733330098,-0.3990589780063465,-0.43738031471058264,0.4295869207305176,-0.02275488066023219,1.0244072983797423,-0.13616366781126932
duration,AAA,200505,38,0.707626654995076,0.9408481658917974,-0.846153846153846,-0.4592065725348357,-0.471495787285261,-0.49860465788100844,0.4252232559993072,-0.024096989204453124,1.012016712936555,-0.13903183002063546
duration,AAA,200506,38,0.7154738497645298,0.8972422903363995,-0.8743845059634533,-0.49666265455739134,-0.0408140934456724,-0.12638144217091585,0.42149010522818675,-0.02315515479181509,1.0267923732671687,-0.13826948061260974
duration,AAA,200507,43,0.751038286517862,0.8647485274127774,-0.8776804590758079,-0.44264894787529735,-0.04922983992751435,-0.18870346652002187,0.41565407051628045,-0.02851129182229061,1.0075626803354865,-0.14588038693349686
duration,AAA,200508,43,0.6836561336846567,0.9409854641406266,-0.8807006946541831,-0.5108359147690867,-0.3053458169737239,-0.1870422115126427,0.42178703186686173,-0.031115562466914805,0.9729438730172676,-0.14254355981498745
duration,AAA,200509,43,0.8439930553398495,0.7649612993936721,-0.8885533071579582,-0.4833314459592985,-0.1421020839625491,-0.5375467214160672,0.4279395885935676,-0.032747389974630114,0.9685710252758452,-0.1394098687483879
duration,AAA,200510,43,0.7768045907580792,0.9132371845110623,-0.8749622470552701,-0.6984822190116855,-0.07097553609181516,-0.10594276251604269,0.420542935222966,-0.03343852562496358,0.9708551382511992,-0.14219177393795188
duration,AAA,200511,45,0.7992358118898211,0.9419941373403026,-0.8808959156785243,-0.5942028985507246,-0.3351778656126482,-0.3354413702239789,0.40864032952622265,-0.037163373353710775,1.0065381267336848,-0.14011664417629227
duration,AAA,200512,45,0.5168176647281272,0.6910456671980535,-0.885375494071146,-0.6508119506808063,-0.6035573122529643,-0.6052900296442199,0.3968730680169106,-0.04161484390557352,1.029730670979634,-0.15575512315596934
duration,AAA,200601,46,0.5896139150229583,0.6466397338231307,-0.8888683317915509,-0.3398612222364905,0.24662349676225717,-0.08771010127409973,0.37978045051636544,-0.05012573050976614,1.0376124664112814,-0.18517968676573598
duration,AAA,200602,48,0.3210922050033752,0.6949051351722332,-0.8808076422058184,-0.44053628681301354,-0.6352583586626139,-0.49242794405712903,0.34986784267559273,-0.05118205325027147,1.0118982826672847,-0.18072361565951958
duration,AAA,200603,46,0.7110302510395904,0.6497656106685542,-0.7899475794017884,-0.22778720394180751,0.6461301264261486,0.11447956959544946,0.3182813451818851,-0.050381912855228195,1.0131081905306767,-0.20199028238352068
duration,AAA,200604,46,0.8580326857847672,0.7258934907395245,-0.8554424915201972,-0.5432791639697937,0.585445575084798,0.14505535176035358,0.31527817744362513,0.014127335789535157,1.0745694873197842,0.005344545209211346
duration,AAA,200605,47,0.7923099174851547,0.7469210767038772,-0.7719703977798335,-0.6500925069380205,-0.05781683626271971,-0.22236355226642,0.272984889547232,-0.09428001935901228,1.0032938422064184,-0.4374293836770307
duration,AAA,200606,47,0.6398381045676657,0.7119232103619753,-0.7656105457909345,-0.5251228687586789,-0.25635985198889916,-0.3639780289403087,0.24842623788140916,-0.08851139520400797,0.996356450056836,-0.4730726885815636
duration,AAA,200607,48,0.5084405370351772,0.5838671154054933,-0.7320885801128962,-0.41079085985718167,-0.12244897959183673,-0.2742224397460996,0.2250086767170768,-0.08367554357996296,0.9757770436156713,-0.4870893100195066
duration,AAA,200608,48,0.2840082526779718,0.5767330772300217,-0.741207121146331,-0.14129077804020138,-0.3644159791576205,-0.44493296488495226,0.19981693351036117,-0.0836856865614264,0.9363279113354595,-0.4662668252035157
duration,AAA,200609,48,-0.025618758141554492,0.7494843166522852,-0.7160225792444637,0.11090001151014839,-0.2351280937907078,0.15438063276302594,0.1768195699787651,-0.08940712930279276,0.9122739212272106,-0.5365368700113673
duration,AAA,200610,48,0.1184899720902072,0.6665400170718022,-0.7762700825010854,0.26411202778983933,0.0864090316977855,-0.34954407294832823,0.1558410682300273,-0.09419615510291217,0.9144242398219367,-0.6040732576345578
duration,AAA,200611,49,-0.08245108296261891,0.6616664115516097,-0.7087755102040815,0.172453378968844,-0.35581632653061224,0.07020587262163591,0.1483336578219202,-0.11220889120673373,0.8951039615168522,-0.712847417110703
duration,AAA,200612,50,-0.05258103241296518,0.6462099932233141,-0.7478031212484993,0.3994813802203129,-0.03788715486194477,-0.17757929367168132,0.1332536896088239,-0.12282140665825547,0.9110470176282288,-0.8581018690699926
duration,AAA,200701,49,0.3579865816541711,0.4584534544131595,-0.6813265306122448,0.2590816326530612,0.3638775510204081,-0.3066326530612245,0.11413459721555276,-0.13122131744194826,0.8429730975241864,-0.9266863016072933
duration,AAA,200702,48,-0.07984367794076719,0.44278580023981406,-0.5358228397742075,0.13624643823151641,-0.26400347372991745,0.05992672024206937,0.09924560173735643,-0.13698377573942194,0.778344060307102,-0.9363652918644763
duration,AAA,200703,48,0.13933669889711753,0.7257972590541276,-0.43693009118541026,0.6282736724434943,0.35193226226660873,0.1505142888713443,0.07613100262997086,-0.146176287082042,0.7712655708701655,-1.0597211668790645
duration,AAA,200704,49,0.07398336659459293,0.7747984488213082,-0.5213265306122449,0.490586255039318,-0.1553061224489796,-0.03219552022150906,0.06837452647287245,-0.14527368662653176,0.7276030328584565,-1.0934009225231918
duration,AAA,200705,50,0.4936611607689771,0.5804158862795948,-0.43654261704681874,0.46619285493630636,0.539015606242497,-0.1708125242077093,0.07779352299342261,-0.01232138309677274,0.8679470426017859,0.660515853393175
duration,AAA,200706,49,0.6063419987176752,0.5847896524596173,0.16581632653061223,0.47568753569751027,0.49061224489795907,0.35848767840938617,0.07538937206204728,-0.01326472225816947,0.8333088111777689,0.5806236739698577
duration,AAA,200707,50,0.5603688464655437,0.7474485561645896,0.007923169267707083,0.40072990959712834,0.16749501793586385,0.17326162120630043,0.07055611291676603,-0.009160646963807037,0.8499488758266892,0.7160828333291159
duration,AAA,200708,50,0.2742923000142357,0.8164157300161832,-0.14679471788715487,0.5479300796473594,-0.2512845138055222,0.2923830594174006,0.06423925166425606,-0.006516374634578707,0.8315791667658197,0.8959476136237968
duration,AAA,200709,53,0.45444283180132233,0.873344487850558,0.2666505402354459,0.8668937853274258,0.5120141912594742,0.642691555757813,0.05689447784230633,-0.012376859235353048,0.8039866400643106,0.9601855747817162
duration,AAA,200710,54,0.757552078507672,0.7302978903154115,0.5912330855727082,0.7686296931579949,0.6751667619592148,0.39165237278444814,0.0496568469305183,-0.021903652699353564,0.8672376274484453,0.992176131177677
duration,AAA,200711,56,0.5015806832701452,0.7094569192385248,0.3909774436090226,0.6374339958893074,0.2626794258373206,0.4781694834854593,0.042250072344992874,-0.016840920825673455,0.7783324503619529,1.7206678615453284
duration,AAA,200712,55,0.6750843270276977,0.6617121829791839,0.5782828282828285,0.6950702575131007,0.636868686868687,0.5798805895710583,0.03491093483630553,-0.022504281683703244,0.7836805164042355,1.67140261927552
duration,AAA,200801,54,0.8853777547028521,0.8341243068585786,0.7820468839336763,0.8921458386571431,0.8454295957960373,0.7977585912593151,0.027716132494108665,-0.03709347441844883,0.7909393298885242,1.6973516622899207
duration,AAA,200802,55,0.9054078435849743,0.9271953243379755,0.7886724386724389,0.8590497498284818,0.8780461409462477,0.8969460830869235,0.026088332967523054,-0.047197305763657355,0.7740865691571999,1.707962389127418
duration,AAA,200803,56,0.8806712351120946,0.9641984382015246,0.7402597402597404,0.8776103084520069,0.8805345273761256,0.9493309637902076,0.022182650311268117,-0.08374997439678082,0.7818593465888231,1.688928192057145
duration,AAA,200804,55,0.903010516209603,0.9668819221472634,0.7773448773448776,0.9113439998596538,0.9017117914849198,0.9479779212814313,0.01895785223650019,-0.08012257984855133,0.7471735610570074,1.629448722984009
duration,AAA,200805,55,0.9509379509379511,0.9582063170086398,0.8656565656565659,0.9189198940869725,0.9374458874458876,0.9310774005374792,0.012559630504321299,-0.08111593650574499,0.7639927445581223,1.7782037098280217
duration,AAA,200806,56,0.9225379792525912,0.9723503879148296,0.8165413533834587,0.9059621662663537,0.9144224196855776,0.9650882620729325,0.009560801340931286,-0.08403295781748739,0.7482781418372831,1.6777747357803678
duration,AAA,200807,56,0.8034313642896274,0.8450733107761714,0.7170198222829802,0.8338146586087306,0.7917428528642807,0.8295567175911686,-0.004489400353998389,-0.1856449034303921,0.7083964398858144,-0.12544087028513612
duration,AAA,200808,57,0.9036816178376977,0.9193822820477565,0.7597225823178637,0.8013482200335881,0.8938294010889294,0.8851906468404672,-0.0023631525769643577,-0.1765391827914131,0.7133953978763358,-0.16093159495624693
duration,AAA,200809,57,0.343309944787503,0.5078835216430624,0.36816178376976927,0.591068187710656,0.12072402004469449,0.2479622758018678,-0.0015913600379591781,-0.16695029760267194,0.7834839945958108,0.856280337671111
duration,AAA,200810,55,0.6646464646464647,0.7482458198515192,0.4849206349206351,0.7912841142000493,0.6607503607503609,0.7400205632618587,0.002385834622385711,-0.15843856874745532,0.8177654754653114,0.6775864668130634
duration,AAA,200811,55,0.6076479076479078,0.9219336219336222,0.47936507936507944,0.8878787878787882,0.5488455988455989,0.8256854256854259,0.014269805792453448,-0.15083713776012836,0.8234604672380249,0.7107320377505992
duration,AAA,200812,55,0.7999278499278502,0.8689033189033191,0.6297258297258298,0.8580086580086582,0.8080808080808083,0.7914862914862916,0.027812086282623577,-0.14052896222527828,0.8322427769779073,0.2149762415343531
duration,AAA,200901,58,0.807973299386523,0.9651629574945384,0.627343617897234,0.9246197149531754,0.8057584940276624,0.9553193781218251,0.039852794319423485,-0.14046684534876352,0.9041439583436517,0.6339354230535351
duration,AAA,200902,56,0.6643198906356802,0.9586288215483988,0.43465481886534524,0.8486474479613636,0.6042378673957621,0.912079837450965,0.06694711479919584,-0.09182694169398177,1.0782780042241806,0.7158392979196033
duration,AAA,200903,17,0.627450980392157,0.9803921568627453,0.41421568627450983,0.9240196078431374,0.6470588235294119,0.9142156862745098,0.11605389299541725,-0.058505286061855066,1.230924477132845,0.548834400988157
duration,AAA,200904,20,0.8360902255639097,0.9503759398496241,0.5924812030075187,0.9082706766917292,0.8330827067669173,0.7218045112781954,0.15273423696941468,-0.04538155287870012,1.1910483379316605,0.46455835634377135
duration,AAA,200905,19,0.9684210526315788,0.9122807017543859,0.8350877192982457,0.8403508771929825,0.8754385964912281,0.6842105263157895,0.18707914944989154,-0.04563198758189676,1.124506333629125,0.4550469693848627
duration,AAA,200906,19,0.9649122807017543,0.9982456140350877,0.8210526315789475,0.8842105263157896,0.5508771929824561,0.6385964912280702,0.20338398585524056,-0.045402104992118816,1.1361902481878068,0.3685371496129664
duration,AAA,200907,22,0.9559570863918693,0.9932241671372107,0.7425183512140034,0.8306041784302655,0.5731225296442689,0.6453980801806889,0.2177853425629496,-0.017890672808839443,1.0901880422932464,0.28982119117093363
duration,AAA,200908,22,0.9593450028232637,0.9649915302089217,0.8012422360248449,0.8520609824957651,0.611518915866742,0.5697346132128742,0.17804209955186107,-0.02882877698137921,1.0872234166331591,0.01241606015148157
duration,AAA,200909,22,0.9774138904573689,0.9830604178430267,0.8102766798418973,0.8577075098814231,0.7120271033314512,0.6668548842461888,0.1919113007659581,-0.03181096657502358,1.0641725180869213,0.012968756711022822
duration,AAA,200910,17,0.9877450980392157,0.9926470588235295,0.8553921568627452,0.8529411764705884,0.8799019607843139,0.8259803921568629,0.19103777225904106,-0.030011098651194775,0.9687420548397462,-0.1364563266121633
duration,AAA,200911,18,0.9690402476780186,0.9917440660474718,0.8658410732714137,0.915376676986584,0.6594427244582043,0.7316821465428276,0.205010801167906,-0.027202901762798062,0.9549855617575455,-0.039559614297901176
duration,AAA,200912,18,0.9525283797729618,0.9855521155830752,0.8059855521155831,0.8761609907120743,0.6924664602683178,0.7027863777089782,0.2112282951431774,-0.021028589837003096,0.9047025805112717,-0.055420908515294444
duration,AAA,201001,17,0.9632352941176472,0.9803921568627453,0.8504901960784315,0.9436274509803922,0.8161764705882354,0.7720588235294118,0.23295604341623544,-0.015156526149327823,0.8950639877473482,-0.052398684110567514
duration,AAA,201002,9,0.9500000000000001,1.0,0.8833333333333333,0.9333333333333332,0.43333333333333335,0.48333333333333334,0.2471724074007042,-0.009023904872254674,0.8945228204222188,-0.023351407537478445
duration,AAA,201003,9,0.9333333333333332,0.9833333333333333,0.4666666666666666,0.5499999999999999,0.5333333333333333,0.5333333333333333,0.255318143403511,-0.00048425565880829763,0.8946214150388312,-0.024954710422483106
duration,AAA,201004,9,0.9500000000000001,0.9833333333333333,0.31666666666666665,0.5,0.7333333333333334,0.7666666666666667,0.2522600741854329,-0.0009750728057949505,0.869153809204006,-0.028524130078526017
duration,AAA,201005,9,0.9333333333333332,0.9833333333333333,0.35,0.48333333333333334,0.5833333333333334,0.6666666666666667,0.2579604252534789,-0.0016765271075061098,0.8863464964816685,-0.021997818598456106
duration,AAA,201006,9,0.9333333333333332,0.9666666666666667,0.38333333333333336,0.45,0.3666666666666667,0.16666666666666669,0.2611592173620694,-0.004626047120509146,0.8828865380608255,-0.04570069684938176
duration,AAA,201007,9,0.9833333333333333,0.9500000000000001,0.5333333333333333,0.65,0.7833333333333333,0.7333333333333334,0.26301234832193576,-0.008615896355198603,0.8826409248288155,-0.038381149814642156
duration,AAA,201008,9,0.9666666666666667,0.9833333333333333,0.21666666666666667,0.3,0.45,0.41666666666666663,0.2722969494261152,-0.0004746644548073732,0.8825418443254549,-0.005800597074505115
duration,AAA,201009,10,0.9272727272727272,0.9757575757575757,0.24848484848484845,0.35757575757575755,0.9272727272727272,0.8545454545454544,0.2793479710814942,-0.007840695275329572,0.9045153502457012,-0.021737464225513675
duration,AAA,201010,10,0.9515151515151514,0.9757575757575757,0.3696969696969697,0.4666666666666666,0.9636363636363635,0.8909090909090909,0.30643096979246126,0.014637205964950698,0.9289793487781293,0.06395343203936217
duration,AAA,201011,11,0.8363636363636365,0.9,0.10909090909090911,0.22727272727272727,0.10000000000000002,0.1272727272727273,0.30639150599865805,0.011454227593601011,0.9433225737166986,-0.01151836116351679
duration,AAA,201012,11,0.9727272727272729,0.881818181818182,0.03636363636363637,0.08181818181818183,0.13636363636363638,0.045454545454545456,0.3130101523743654,0.008849531728408003,0.9926158405695605,0.01607052697138759
duration,AAA,201101,11,0.990909090909091,0.9727272727272729,0.21818181818181823,0.3090909090909091,0.39090909090909093,0.3090909090909091,0.31117119546093147,0.009108027531085975,1.0298570752291893,0.04837502043205701
duration,AAA,201102,11,0.9454545454545454,0.9454545454545454,0.08181818181818183,0.08181818181818183,-0.20909090909090913,-0.20909090909090913,0.29991788590339746,-0.004921906427140921,0.9963878765239634,0.0060126496597341225
duration,AAA,201103,12,0.8951048951048951,0.9580419580419581,0.06993006993006995,0.18181818181818185,0.3356643356643357,0.41958041958041964,0.2944253882369661,-0.0511726084846138,0.9426058489638633,-0.10392018703290426
duration,AAA,201104,12,0.9020979020979022,0.9720279720279721,-0.02097902097902098,0.0979020979020979,0.6853146853146854,0.6153846153846154,0.29470077545871287,-0.05897077741719826,0.9715522057895655,-0.05510600392701012
duration,AAA,201105,12,0.8601398601398602,0.9510489510489512,0.20979020979020982,0.34965034965034975,0.6573426573426573,0.7482517482517484,0.30214297982052957,-0.042393595113530545,0.9824114942237806,-0.0647035147894597
duration,AAA,201106,12,0.7972027972027973,0.9580419580419581,0.20979020979020982,0.3706293706293707,0.5104895104895105,0.5804195804195805,0.2971562717611644,-0.038185615297295805,0.9781218358294564,-0.06600889518453341
duration,AAA,201107,12,0.8041958041958043,0.9790209790209792,0.1958041958041958,0.4055944055944056,0.4265734265734266,0.5454545454545455,0.2981756105284114,-0.026482780410742163,0.9771314310733017,-0.04747163521804056
duration,AAA,201108,12,0.8251748251748254,0.8741258741258742,0.04895104895104895,0.27272727272727276,0.4755244755244756,0.23076923076923078,0.29862091177733935,-0.007371311264913574,0.9703644896481658,-0.009183122602690379
duration,AAA,201109,12,0.8741258741258742,0.9160839160839163,-0.7692307692307694,-0.5594405594405596,-0.6713286713286714,-0.8181818181818183,0.2953745197473269,1.8255742648540358e-06,0.9676969692011832,0.01609076253444294
duration,AAA,201110,12,0.8111888111888113,0.8951048951048951,-0.7972027972027973,-0.6993006993006995,-0.06293706293706294,-0.16083916083916086,0.28602907957601564,0.006747061877531753,0.9744512980339934,0.028119718627644827
duration,AAA,201111,12,0.9090909090909092,0.8671328671328673,-0.6993006993006995,-0.6013986013986015,0.32867132867132864,0.07692307692307693,0.28105273578323187,0.01770464518254,0.9690651165407987,0.07972840952653458
duration,AAA,201112,12,0.80910807093079,0.7880922768806397,-0.7692307692307694,-0.6923076923076924,-0.5174825174825175,-0.5314685314685316,0.28482446292510716,0.007575176021634976,0.9656777353117214,0.04787285288619775
duration,AAA,201201,12,0.965034965034965,0.7670764828304892,-0.8601398601398602,-0.7180396300468049,0.5244755244755246,0.03852895575860905,0.2865157108162094,-0.026270004711464012,0.9988851702408879,-0.05963767209871578
duration,AAA,201202,12,0.8601398601398602,0.8811188811188813,-0.8531468531468532,-0.8461538461538463,-0.7412587412587414,-0.7132867132867133,0.28096339585305985,-0.10428656056781593,1.006547484370618,-0.24927507021811024
duration,AAA,201203,12,0.8741258741258742,0.9860139860139862,-0.8041958041958043,-0.6503496503496504,0.6433566433566434,0.6293706293706295,0.292716046247536,-0.09553627689846299,1.0149296681699493,-0.13841058108611623
duration,AAA,201204,12,0.7552447552447553,0.9370629370629372,-0.9860139860139862,-0.8111888111888113,-0.8601398601398602,-0.9370629370629372,0.2970606584458176,-0.08452141912870557,0.9813133592897699,-0.14643412193175342
duration,AAA,201205,12,0.8531468531468532,0.8671328671328673,-0.8671328671328673,-0.7832167832167832,-0.7272727272727274,-0.8111888111888113,0.29587272682242444,-0.07141418593504137,0.9850750638691764,-0.14847081146345925
duration,AAA,201206,12,0.7762237762237763,0.8671328671328673,-0.9720279720279721,-0.8041958041958043,-0.44055944055944063,-0.6783216783216784,0.29980980819973885,-0.05772107639661371,0.9796109073284417,-0.14038300863572808
duration,AAA,201207,12,0.44755244755244755,0.5454545454545455,-0.965034965034965,-0.8601398601398602,0.4125874125874127,0.3216783216783217,0.3009815482194588,-0.041203160119570065,0.9938839252721201,-0.12726199862398316
duration,AAA,201208,11,0.8363636363636365,0.7545454545454545,-0.8272727272727273,-0.9090909090909091,-0.045454545454545456,-0.3090909090909091,0.29895176522535977,-0.03992296716756368,0.9733833681907667,-0.05212639475609165
duration,AAA,201209,11,0.7636363636363637,0.8363636363636365,-0.9636363636363637,-0.8454545454545455,-0.5909090909090909,-0.39090909090909093,0.30140323948705977,-0.03835007369512207,0.976738984370488,-0.07034441061558924
duration,AAA,201210,11,0.7471545580282566,0.8246035061165515,-0.990909090909091,-0.7454545454545456,0.8090909090909091,0.5727272727272729,0.29334557522319066,-0.04066689681487554,0.9821790139558795,-0.07059435329389886
duration,AAA,201211,11,0.8181818181818182,0.9384990180111028,-0.9545454545454546,-0.7972685832618591,0.8545454545454546,0.8018244037376412,0.2774764433042498,-0.04675821025303452,0.9831079448938982,-0.07294053361162778
duration,AAA,201212,13,0.8351648351648352,0.9945054945054945,-0.8021978021978022,-0.6043956043956044,0.3736263736263736,0.2692307692307692,0.2705938267042741,-0.05094161777339867,0.9736706414697417,-0.1545679452469037
duration,AAA,201301,13,0.8461538461538461,0.989010989010989,-0.8241758241758241,-0.6318681318681317,0.6813186813186813,0.5494505494505494,0.2614671473069135,-0.054677668498339174,0.9680657548196201,-0.1485537150383659
duration,AAA,201302,13,0.8846153846153846,0.967032967032967,-0.7087912087912087,-0.5934065934065934,-0.03296703296703297,-0.06593406593406594,0.2514604348723998,-0.08151488518759789,0.96390923712774,-0.17011597802110592
duration,AAA,201303,13,0.8406593406593407,0.9615384615384615,-0.576923076923077,-0.4835164835164835,-0.30769230769230765,-0.14285714285714285,0.24191615232382593,-0.09024009316344205,0.9613648513615866,-0.24288746856943402
duration,AAA,201304,13,0.8736263736263737,0.9505494505494506,-0.7307692307692307,-0.6538461538461539,-0.7637362637362637,-0.7692307692307693,0.23671941979266917,-0.07431679360140063,0.9476379965808228,-0.24013690545866073
duration,AAA,201305,12,0.8321678321678322,0.9720279720279721,-0.37762237762237766,-0.20979020979020982,0.06993006993006995,0.006993006993006993,0.23406625169923634,-0.07557325666106549,0.9633116739900494,-0.25640103543349724
duration,AAA,201306,13,0.8571428571428571,0.9615384615384615,-0.4945054945054945,-0.35714285714285715,-0.40659340659340654,-0.33516483516483514,0.22084988835325192,-0.08246936817569943,0.9579216797762113,-0.2520269569867571
duration,AAA,201307,13,0.8791208791208791,0.9835164835164836,-0.26373626373626374,-0.027472527472527472,0.2967032967032967,0.2912087912087912,0.20721994432022026,-0.06846554928290188,0.948095797207244,-0.17151285582045064
duration,AAA,201308,13,0.8076923076923077,0.9340659340659341,0.03296703296703297,0.2747252747252747,0.4945054945054945,0.45604395604395603,0.17994602737189713,-0.11645664618280077,0.9408109032954853,-0.09542358193935682
duration,AAA,201309,13,0.8956043956043955,0.9395604395604396,0.3626373626373627,0.5604395604395606,0.8186813186813187,0.5054945054945055,0.17505023217319365,-0.11354993263699498,0.9134920255047975,-0.04576774958836972
duration,AAA,201310,13,0.8461538461538461,0.9835164835164836,0.40659340659340654,0.6978021978021978,0.5879120879120878,0.6373626373626374,0.17009033754129643,-0.11295570160488375,0.9439440378871317,-0.03175621051863828
duration,AAA,201311,13,0.8351648351648352,0.9615384615384615,0.43956043956043955,0.7362637362637362,0.510989010989011,0.3736263736263736,0.16748087217536856,-0.11163199707831638,0.9452356821140335,-0.07250892501215254
duration,AAA,201312,13,0.7582417582417583,0.945054945054945,-0.03296703296703297,0.32967032967032966,-0.23626373626373626,-0.19780219780219782,0.1631317268217649,-0.11097403935735774,0.9474192807156973,-0.04970586842425529
duration,AAA,201401,18,0.9071207430340558,0.9463364293085655,0.04643962848297213,0.4447884416924664,0.653250773993808,0.5624355005159958,0.16271520688900315,-0.1105458171635094,0.9677654335918516,-0.0342322227364801
duration,AAA,201402,18,0.87203302373581,0.9876160990712075,0.05882352941176471,0.37254901960784315,0.5479876160990712,0.5479876160990712,0.1616381014669695,-0.10967030359850534,0.9687807458915382,-0.05359196687566117
duration,AAA,201403,18,0.8988648090815273,0.9752321981424149,-0.3973168214654283,-0.1475748194014448,0.03611971104231166,-0.1455108359133127,0.16153559999110742,-0.10962591728836854,0.9537623136154331,0.032432738413233055
duration,AAA,201404,19,0.9140350877192982,0.9964912280701754,-0.21052631578947367,-0.02631578947368421,0.7578947368421053,0.7385964912280703,0.1598209771624056,-0.11545753447808732,0.9223012700570764,0.029392970734711407
duration,AAA,201405,18,0.8988648090815273,0.9731682146542827,-0.5541795665634675,-0.3973168214654283,0.11455108359133126,0.19711042311661509,0.15530677008012841,-0.12070073426182128,0.9264847197018854,-0.1371095350939737
duration,AAA,201406,18,0.9133126934984519,0.9607843137254902,-0.6346749226006192,-0.45098039215686275,-0.03199174406604747,-0.11661506707946334,0.1615282187200552,-0.12170500819216098,0.9463258552797273,-0.1748586454770884
duration,AAA,201407,18,0.9112487100103198,0.9793601651186791,-0.6656346749226005,-0.48606811145510836,-0.17027863777089783,-0.12074303405572755,0.16669721509536345,-0.1204405155388963,0.9676462514122244,-0.20469520960044083
duration,AAA,201408,18,0.8968008255933952,0.9917440660474718,-0.7543859649122806,-0.543859649122807,-0.413828689370485,-0.3333333333333333,0.19347732827748607,-0.08232455737150653,0.9978600404994995,-0.49761585174662076
duration,AAA,201409,18,0.8802889576883385,0.9731682146542827,-0.7997936016511867,-0.6429308565531475,-0.15376676986584106,-0.16202270381836945,0.19921151143565868,-0.08648740446559494,1.0262456012018044,-0.5222697484706287
duration,AAA,201410,18,0.8328173374613003,0.9731682146542827,-0.7667698658410733,-0.5314757481940144,-0.2260061919504644,-0.005159958720330237,0.2074840401529717,-0.08768619708569159,1.0434602610751704,-0.5184197938903155
duration,AAA,201411,18,0.8617131062951496,0.9711042311661506,-0.8348813209494325,-0.6305469556243549,-0.28792569659442724,-0.49638802889576883,0.21481402583696826,-0.08834891496668813,1.05708979545047,-0.4798427584755426
duration,AAA,201412,18,0.8513931888544891,0.9690402476780186,-0.8864809081527348,-0.7110423116615068,-0.762641898864809,-0.5851393188854489,0.21958130244443094,-0.0975850273053913,1.0617499383816937,-0.45149913928561947
duration,AAA,201501,18,0.9091847265221877,0.9587203302373581,-0.869969040247678,-0.696594427244582,0.24664602683178533,-0.07946336429308565,0.22171069843423344,-0.08723143560552524,1.0489665728203066,-0.29218797208859765
duration,AAA,201502,18,0.8968008255933952,0.9711042311661506,-0.8039215686274509,-0.6615067079463364,0.6697626418988648,0.7192982456140351,0.22607469156504478,-0.08652665075784013,1.0488655178480448,-0.30307243211708595
duration,AAA,201503,24,0.9147826086956521,0.9878260869565217,-0.7756521739130434,-0.6643478260869564,-0.6504347826086957,-0.6295652173913043,0.22799651319467112,-0.08207989686695087,1.0361241648026243,-0.35091406519722046
duration,AAA,201504,28,0.9064039408866994,0.9857690202517788,-0.6945812807881774,-0.5812807881773399,0.29392446633825947,0.4285714285714286,0.2285209395199426,-0.0867133596058642,1.0262935863267404,-0.35310916990087077
duration,AAA,201505,28,0.933077879273056,0.9719447196534531,-0.5966064586754242,-0.4455391351943076,0.25287356321839083,0.11220580186097427,0.23052711011943794,-0.07921421782560409,1.0070350565695751,-0.29593171536379037
duration,AAA,201506,28,0.9206349206349206,0.9908307195566038,-0.5686918445539135,-0.4239770123185579,-0.337712096332786,-0.35773915758576835,0.2536061122113558,-0.08343511708103854,1.0355522036907505,-0.2848693695816051
duration,AAA,201507,28,0.9381499726327313,0.9835796387520527,-0.6376573617952929,-0.5073891625615763,-0.6201423097974823,-0.6409414340448822,0.25202216689585133,-0.08397674106539547,1.0387037188352874,-0.27100215266441546
duration,AAA,201508,28,0.9173508483853311,0.9715380405035577,-0.5194307608100711,-0.3864258347016967,0.07717569786535304,0.044882320744389706,0.2478522412199313,-0.08299868707404415,1.0252453052581938,-0.25404879988059736
duration,AAA,201509,28,0.920087575259989,0.9885057471264367,-0.04707170224411604,0.14942528735632182,0.6967706622879036,0.739463601532567,0.24229296952940468,-0.08030752487902326,1.0120466337046587,-0.24957202879929222
duration,AAA,201510,28,0.916256157635468,0.9846743295019157,0.14285714285714285,0.3399014778325123,0.2742200328407225,0.4192665571975917,0.23468632620790603,-0.08444856979656659,1.0202947257088144,-0.2734215471562846
duration,AAA,201511,28,0.9003831417624522,0.9890530925013684,0.031746031746031744,0.2386425834701697,0.19430760810071154,0.15544608648056923,0.22711938397831516,-0.09009056252189408,1.0134209368119111,-0.3121654532679955
duration,AAA,201512,34,0.9318563789152022,0.9871657754010694,0.15721925133689837,0.33231474407944994,0.4899923605805958,0.4799083269671505,0.21874071151711458,-0.10230708627253367,0.9838626058313188,-0.42644898720829577
duration,AAA,201601,34,0.9364400305576774,0.9886936592818946,0.27975553857906793,0.44751718869365925,0.5669977081741787,0.6079449961802902,0.21229659304250353,-0.09217455148997038,0.9846659125122504,-0.45113311025254643
duration,AAA,201602,34,0.9366643773993882,0.9919779996862689,0.26019862490450724,0.42918258212375854,0.0744079449961803,0.1413292589763178,0.20235725667031515,-0.08640621671110309,0.9951152483730648,-0.5079093757379894
duration,AAA,201603,34,0.9318563789152022,0.9924363998709669,0.3558441558441558,0.5560394240385602,0.3558441558441558,0.38429215483841134,0.1932101288121445,-0.07622519696255318,1.0064983509786642,-0.5573897651664749
duration,AAA,201604,33,0.9171889394436025,0.9897217382261323,0.20989304812834228,0.44151069518716585,-0.06551349567454304,0.01838388909234626,0.18435145789630747,-0.06443975586048038,1.0012991765069776,-0.46550434068404656
duration,AAA,201605,33,0.9311382379768229,0.9794400368515987,0.06684491978609626,0.271580179773297,-0.211414724561982,-0.22555574126692296,0.17890181938241811,-0.03765124660206193,1.0060000344359232,-0.31743162925135976
duration,AAA,201606,33,0.9345700709490936,0.98278312085826,0.17212566844919788,0.36119004348732975,0.17413101604278075,0.24987464831724107,0.1811407517699638,-0.02485847822443054,1.0149540330328637,-0.2612983518313864
duration,AAA,201607,33,0.9364973262032086,0.9925628847222222,0.019385026737967916,0.20339266386713997,-0.25835561497326204,-0.19102532029592523,0.1825907483017311,-0.024619703052939524,1.0189353291044143,-0.28028164023610136
duration,AAA,201608,33,0.9415106951871658,0.9906417112299466,-0.2302807486631016,-0.04077540106951872,-0.40374331550802145,-0.3823529411764706,0.1828649396254284,-0.026198143588019623,1.025173369096387,-0.3019126077856407
duration,AAA,201609,39,0.9500000000000002,0.9959514170040487,-0.1410931174089069,0.034210526315789476,0.01680161943319838,0.015384615384615387,0.18485055553378896,-0.02696983862677684,1.035521648070602,-0.31374714856905284
duration,AAA,201610,39,0.9447368421052632,0.995748987854251,-0.09230769230769233,0.07591093117408908,0.06356275303643726,-0.03097165991902834,0.18544096170826038,-0.025658991380981662,1.0440574530820965,-0.31082029051358023
duration,AAA,201611,39,0.9552631578947368,0.9923076923076924,-0.39433198380566803,-0.2742914979757085,-0.37712550607287454,-0.4777327935222672,0.18527372181704377,-0.025263323459863762,1.0687563207239532,-0.32605240916552464
duration,AAA,201612,39,0.9631578947368421,0.9888663967611337,-0.5291497975708502,-0.4404858299595142,-0.265587044534413,-0.34089068825910934,0.18558169979351682,-0.025567486731031642,1.0382338214442637,-0.3006827906301595
duration,AAA,201701,39,0.9495951417004049,0.9781376518218624,-0.35566801619433197,-0.2896761133603239,0.08886639676113361,0.09797570850202429,0.18517682911748184,-0.0238367457931431,1.0428247178705066,-0.30734619626061355
duration,AAA,201702,39,0.9537932093798099,0.9881066868264571,-0.48947368421052634,-0.4050607287449393,-0.2726720647773279,-0.38299595141700404,0.18895321447179944,-0.022058650379896072,1.0632058175329828,-0.26368190436078315
duration,AAA,201703,45,0.9715735042656676,0.9901179260820869,-0.5964426877470355,-0.5191211834562965,-0.28998682476943344,-0.38578345816244575,0.18923185591522135,-0.019508529574551847,1.0205279928852147,-0.22480371488504944
duration,AAA,201704,49,0.9623469387755101,0.9977295342413446,-0.6656122448979591,-0.5694533025654639,0.16367346938775507,0.13153396774605913,0.1911825749627098,-0.015634155552436142,1.011780685460692,-0.20670418352758432
duration,AAA,201705,49,0.9426530612244897,0.9890816326530613,-0.7556122448979591,-0.6661224489795917,-0.5990816326530611,-0.5523469387755102,0.19032224640649043,-0.012998899947732902,1.0113784853022234,-0.19739911126216242
duration,AAA,201706,49,0.9563265306122448,0.98734693877551,-0.7705102040816326,-0.6674489795918366,-0.8059183673469387,-0.8271428571428571,0.18715951289601332,-0.013137756093629438,1.0035850849382393,-0.19522524469834757
duration,AAA,201707,49,0.9503303658797895,0.9916579507806071,-0.7681632653061223,-0.6590816326530612,0.48908163265306115,0.47224489795918356,0.1856672533900349,-0.003551305372230188,1.0072386490771137,-0.16099445376541607
duration,AAA,201708,48,0.9653974546937357,0.9880855452423601,-0.791033434650456,-0.7032865636155816,-0.18844984802431614,-0.2735093767121182,0.1813538941025773,-0.0013691101114496685,1.0011862639474929,-0.1619593306963552
duration,AAA,201709,48,0.9646918341544904,0.9846387667589427,-0.8187147199305255,-0.738241919559738,-0.5192140686061658,-0.5851222625434876,0.17723157447864069,0.001964171045225292,0.998150598815865,-0.14761742121695504
duration,AAA,201710,48,0.9634172818063396,0.992916655724306,-0.8239253148067738,-0.7245637367989811,-0.42118975249674334,-0.44209840708874837,0.17354036536409953,0.00496510023447714,0.9871814642804132,-0.15756420839920096
duration,AAA,201711,48,0.9696048632218845,0.9875162831089882,-0.8987190620929223,-0.8171949630916197,-0.7812635692574902,-0.8685410334346504,0.1703513032579467,0.005968187220749756,0.9847562227430566,-0.15880654573704894
duration,AAA,201712,48,0.9518252168883029,0.9856968413729507,-0.9037913537673111,-0.8323065652914509,-0.4691706469821971,-0.4896873643074251,0.16926197774891774,0.0033253717518723375,0.9806842983808318,-0.17002720280236783
duration,AAA,201801,48,0.9651260621786415,0.963956140818759,-0.8858011289622232,-0.817098659242636,-0.553300043421624,-0.5935676502237577,0.16660658142253607,0.0035440198342964377,0.9876810411221814,-0.17234109165922837
duration,AAA,201802,52,0.9415179714846751,0.9819850595927511,-0.9060872534790403,-0.8359871939314371,0.6356185434986766,0.626510139311534,0.16391558881940163,0.0006499484245194664,0.9760024798950474,-0.21356947464156023
duration,AAA,201803,52,0.9531290019636302,0.9789976948689489,-0.8856825749167592,-0.7806710492615042,-0.21147443012037906,-0.2518569111243917,0.161793294066781,-0.001248038814077226,0.9831426201872477,-0.2467312256455902
duration,AAA,201804,52,0.9644191161403685,0.9809822631420709,-0.8878169555195082,-0.8034662340988644,0.49227354221804837,0.4119354563305729,0.16004622140845698,-0.00212416967436025,0.9872785070968059,-0.26550392274352946
duration,AAA,201805,52,0.9397827022169724,0.9808735039812586,-0.9042943737727311,-0.828456169747527,0.4265346196533765,0.44208234626193593,0.15851837410167813,-0.002621065409268778,0.9967799987286843,-0.29071318427518905
duration,AAA,201806,52,0.8358234440365406,0.8659679431140267,-0.897293605395714,-0.7988558544443732,-0.5002988132843849,-0.5707515988706084,0.1564271458413935,-0.003443038169487139,0.9978283934430408,-0.2995946141445814
duration,AAA,201807,51,0.9332126696832579,0.9627149321266968,-0.9176470588235294,-0.8209954751131221,-0.27891402714932123,-0.33122171945701356,0.15182576961635363,-0.009696919146608375,0.9880222770462471,-0.33607803732836944
duration,AAA,201808,51,0.9430530104904695,0.9858141589436864,-0.9170135746606334,-0.8149321266968325,0.7687782805429864,0.7233484162895928,0.14824485612467606,-0.016872915529092057,1.0007925936199946,-0.3894094936110262
duration,AAA,201809,51,0.9262653003569843,0.9691388750622201,-0.9226244343891402,-0.828435032678831,-0.46144796380090497,-0.4534039232817285,0.14650562120069857,-0.02132849086337096,0.9964931337350377,-0.41297101149049853
duration,AAA,201810,51,0.9352036199095022,0.9838684135643336,-0.9196380090497738,-0.798253354352592,0.6860633484162896,0.604493314483095,0.14337009828404773,-0.02797071672715207,0.9848764088070114,-0.4192109071218861
duration,AAA,201811,51,0.9472374325277922,0.9590026707859122,-0.899185520361991,-0.7930316742081447,0.47429864253393667,0.39429864253393665,0.1390973224078984,-0.032961055650063645,0.987472588869291,-0.468673362757962
duration,AAA,201812,51,0.942848093639186,0.9588198026970766,-0.9167420814479638,-0.8316665920999519,0.6095022624434389,0.5356350971591017,0.13384591616276775,-0.03252207298245084,1.0156713467985716,-0.4614864341662743
duration,AAA,201901,51,0.9204524886877828,0.9557446048067405,-0.9068778280542987,-0.8048327986881629,0.16524886877828054,0.1491017694634823,0.12833978004165697,-0.03235473031287953,0.9968199351459667,-0.4647107558121041
duration,AAA,201902,51,0.9363319616808425,0.9724874438663728,-0.8755656108597285,-0.7120361990950227,0.6082352941176471,0.4343891402714932,0.12185777857363621,-0.03059006667831108,0.9746468649219877,-0.44024402589303835
duration,AAA,201903,51,0.9102920882892748,0.9540466549945271,-0.7841628959276018,-0.6045069918854812,0.12570135746606334,0.1179691389958417,0.11503299866883887,-0.030039386769848905,0.99499614627319,-0.42343511768636416
duration,AAA,201904,51,0.8227149321266967,0.9239123059447437,-0.6763800904977375,-0.4512771783322035,0.5628959276018098,0.4850335981693461,0.10958449190828234,-0.030561853043227272,0.9872858505198774,-0.39619780434667495
duration,AAA,201905,50,0.935628706841276,0.9675622466713648,-0.4889795918367347,-0.28364945978391354,0.4502761104441776,0.40561824729891954,0.1040761194988129,-0.03282033653145618,0.9858755708128308,-0.41756286336821835
duration,AAA,201906,50,0.9485461838552518,0.9716673069535152,-0.12172869147659063,0.07054190979007569,0.5991356542617047,0.5263511730490262,0.09885982655343394,-0.03377611119862503,0.9927651342608346,-0.3474616226706572
duration,AAA,201907,50,0.952147710903758,0.9747406838263541,0.23918367346938774,0.38502725166564117,0.33138055222088836,0.20317414589639904,0.08969189655979516,-0.08767844650858553,0.960676458050892,-1.002751666680393
duration,AAA,201908,50,0.9458317337067871,0.9647273515879222,0.04364945978391356,0.16816730298491833,-0.18463385354141656,-0.19337799232446204,0.08529522324121758,-0.09116424203882904,0.9352167170208229,-1.048092002355928
duration,AAA,201909,50,0.9205762304921968,0.9804552450797864,0.184921968787515,0.3595370730230867,0.4975270108043217,0.5263157900805436,0.08159104979230258,-0.09785648257670382,0.9235133198679039,-1.1417625255468085
duration,AAA,201910,50,0.9537323828051009,0.9762059115877797,0.620360144057623,0.737719087635054,0.7866026410564226,0.7038175270108042,0.07768907896866092,-0.10484754196591368,0.9246111091831374,-1.254634893584594
duration,AAA,201911,50,0.9429504428851783,0.9742598509303586,0.5031932773109243,0.5865206849394038,0.08523409363745497,0.08413167185310591,0.07439545619113976,-0.11542652902931921,0.9090799041456966,-1.4479534916613852
duration,AAA,201912,50,0.8576436411509542,0.8924532381855715,0.42924369747899155,0.5236746068274023,0.42828331332533015,0.32645025008827877,0.07315527448234534,-0.12199212625114275,0.9165826294502845,-1.576175592704497
duration,AAA,202001,49,0.9574978327683662,0.9822180272094612,0.7065996583844735,0.7555487524873719,0.7778259652011913,0.7793254757895811,0.07277985740039439,-0.12382274670877773,0.9165931971209809,-1.630639512193215
duration,AAA,202002,49,0.9542080158211008,0.9897186012354243,0.7324489795918366,0.7962140935921537,0.7182836299181614,0.7381177133304969,0.07275762652113645,-0.1230025971504969,0.9342196705206585,-1.6262086185252431
duration,AAA,202003,49,0.9235439682588892,0.9598448900454104,0.7437755102040815,0.8125207278339767,0.8357142857142856,0.8504808798910239,0.07228694403806389,-0.11966307830684482,0.9467951543900236,-1.6812118684606965
duration,AAA,202004,49,0.9317584635292986,0.9659166283994081,0.7296938775510203,0.8252761552725004,0.8636955027173346,0.8815245675799787,0.07152620445135892,-0.11878432736433558,0.9494287796587239,-1.6770913892778054
duration,AAA,202005,49,0.9343095490170035,0.9550487269758662,0.7670408163265305,0.8401234728109425,0.8587974185809414,0.8736160008163681,0.07006544497479533,-0.11902293890123308,0.9500104870873581,-1.6696018721404957
duration,AAA,202006,49,0.9523712342699534,0.9779835705903362,0.8191836734693877,0.8762468433168422,0.8735937144096293,0.918490739323435,0.07068196001317012,-0.12037696888396421,0.9500812811780723,-1.668163333250361
duration,AAA,202007,49,0.9579326006331498,0.9841573549670902,0.8420408163265305,0.9048700224888901,0.7798668335913552,0.7981274554824226,0.07689474491432881,-0.05473105866424484,1.0314650228102242,-0.47735206190612656
duration,AAA,202008,49,0.9646938775510203,0.9832393686711813,0.8827551020408163,0.9336462667902001,0.9198979591836735,0.9522181691406911,0.07734583619479121,-0.05449549804410438,1.0180997125143534,-0.38771001714184594
duration,AAA,202009,42,0.9846041649785269,0.9959484644680335,0.9248035005266996,0.9534883720930233,0.9278826675309942,0.9358236771736489,0.07724184574091267,-0.053376040960540994,0.9944596363608238,-0.31901518089900904
duration,AA,200307,54,0.9532286352888545,0.9590988800137108,0.6876691442729178,0.7855536497045931,0.6043453401943967,0.4654469220506956,0.34302839967065346,-0.034463293406568195,0.9454845595881354,-0.0715786163750111
duration,AA,200308,54,0.8258590788440788,0.867307069362938,0.5244520678482942,0.6650911036317805,-0.05378311416047265,-0.07978196239691175,0.34302839967065346,-0.034463293406568195,0.9454845595881354,-0.0715786163750111
duration,AA,200309,53,0.9633930011288501,0.8338339348963734,0.6024028382518948,0.6851855586289463,0.393243025318497,0.17888604434460925,0.3521403922814124,-0.026300240232666246,0.9522146589470472,-0.037707679897228875
duration,AA,200310,62,0.9519528594092316,0.9632847321900734,0.46770416257460146,0.5587620558535419,-0.014781798494120018,-0.10065221223338623,0.348925592360204,-0.012529303265709021,0.926376629389903,-0.02937042165387366
duration,AA,200311,62,0.9655511067462417,0.9674649341492283,0.6081690211780111,0.6826068343783839,-0.04605776736924278,-0.11163153786104606,0.348925592360204,-0.012529303265709021,0.926376629389903,-0.02937042165387366
duration,AA,200312,64,0.9513278388278387,0.9528846153846153,0.4834249084249083,0.541025641025641,0.28685897435897434,0.1853021978021978,0.348925592360204,-0.012529303265709021,0.926376629389903,-0.02937042165387366
duration,AA,200401,67,0.9227684050304119,0.9450369646587814,0.40709553835102563,0.5303296352462288,-0.27240801340889137,-0.34280469311198025,0.3518408808244658,-0.008068434984336386,0.9520772626857076,-0.02663637175371858
duration,AA,200402,69,0.9204504973940554,0.9071046237600247,0.38607964925100485,0.5367970113213639,0.08933138472780416,0.008147681290815691,0.3486488583029926,-0.002155886188649122,0.9449328859332169,-0.027947788799939696
duration,AA,200403,67,0.9695506425093783,0.9585258054372559,0.45849628861042385,0.5251668645690434,-0.003192593183813553,-0.12602887330894327,0.3486488583029926,-0.002155886188649122,0.9449328859332169,-0.027947788799939696
duration,AA,200404,67,0.8920083809019178,0.8963982841253798,0.48966397956740365,0.5575065847234417,-0.15216697262351347,-0.22611541224359488,0.3486488583029926,-0.002155886188649122,0.9449328859332169,-0.027947788799939696
duration,AA,200405,69,0.963801276997431,0.9855220731706296,0.5153452685421996,0.6152286305124254,0.20800146145414689,0.24222218166595144,0.3452598793519486,0.009324341401580291,0.9362441640605594,0.0005232348086022539
duration,AA,200406,73,0.9671024723943714,0.9727561631468218,-0.11896828335184502,-7.713252138728605e-05,-0.5716709860545479,-0.6505819648932029,0.3421925241876247,0.013115951705466172,0.9476190701436992,0.016395088253312196
duration,AA,200407,71,0.973507268870398,0.9701110878563547,0.004661301140174379,0.10000251518543246,0.012910798122065727,-0.11606596413708306,0.3421925241876247,0.013115951705466172,0.9476190701436992,0.016395088253312196
duration,AA,200408,69,0.9764518900403579,0.970651101611312,-0.2760686883449032,-0.1977931639563509,-0.3330654000730728,-0.4264418422677657,0.344758590378066,0.010747021198900242,0.9564105106767913,0.016960871642655032
duration,AA,200409,72,0.9698372885716126,0.9802395692238985,-0.6584989388385105,-0.5722485731103857,-0.6770210302913371,-0.7236273013235374,0.3430861010021721,-0.005351571258888416,0.9486840199586566,-0.016932841557801045
duration,AA,200410,71,0.9514331944767165,0.96605437674737,-0.7390342052313883,-0.6364520456069751,-0.27488262910798117,-0.31197183098591547,0.34509892848227347,-0.001587651102660345,0.9303492090348858,0.032430536179498565
duration,AA,200411,72,0.9364986213131523,0.9724736715170028,-0.8265161746736125,-0.6895514949053525,-0.5369477136793365,-0.6125362767600722,0.34254541690166906,0.0018244691342930053,0.9326468575607887,0.04993548463111043
duration,AA,200412,72,0.9038435256862078,0.9580995256853443,-0.8556820374300599,-0.6892299282325122,-0.6459257830085537,-0.6381169055845276,0.4019560172716404,0.005084904304945617,0.9507806288069557,0.05501954083231443
duration,AA,200501,72,0.9440308707707898,0.9300661634367873,-0.8866486590777543,-0.737497085825859,-0.3612450961476623,-0.5919720880319274,0.44669312112484577,-0.0013046436325815582,0.9586455802231825,0.04810433659447104
duration,AA,200502,87,0.9376722909350571,0.9247677327439061,-0.913209885543486,-0.8311751036933265,-0.31165706787198366,-0.40667972845357453,0.43719524304305746,-0.00954950422237901,0.967551553272203,0.060238947047373766
duration,AA,200503,88,0.9043526501059475,0.9408294184299749,-0.8516607375576769,-0.761703907606347,0.09462505723644819,0.05964997248731684,0.43199292503021397,-0.018499285587709288,0.9717842460573466,0.03480436367202401
duration,AA,200504,89,0.896857284046958,0.947730416539982,-0.8453183520599252,-0.6565911499512564,-0.3659346271705823,-0.4638256036201509,0.41736594498971596,-0.024072501612670463,0.9619795923940935,0.03192537905687802
duration,AA,200505,90,0.813991966047794,0.924474407762508,-0.7903280240358891,-0.6086365994420628,-0.49855537720706256,-0.4868253171885343,0.3926940361117615,-0.08612090047842483,0.9303721176073951,-0.14654823445040968
duration,AA,200506,93,0.7458977563553366,0.8600353623145158,-0.8078242964996567,-0.48597273255929047,-0.3415445674554623,-0.542529421672629,0.3862722419001064,-0.09510093846640465,0.9791735972191588,-0.17633355282504765
duration,AA,200507,93,0.8145462414176957,0.8141891009796314,-0.7934558801587537,-0.4896375763365642,-0.2420548476619617,-0.48884677942207616,0.378179709451694,-0.10493263607155197,0.9656568474031902,-0.19481983882500079
duration,AA,200508,95,0.7572990849963329,0.886390201224847,-0.7838185890257559,-0.5247852181867547,-0.21723124300111982,-0.2584941646211178,0.38867194265473604,-0.12134571344470176,0.9719988665598208,-0.2215303512357882
duration,AA,200509,100,0.839939033552677,0.8908464650258121,-0.7991719171917192,-0.4950404148491582,0.05108910891089109,-0.24745719998969154,0.41248535142483417,-0.13896529449044154,0.9652469347193138,-0.23238666356774682
duration,AA,200510,94,0.7974930011234921,0.886609855447028,-0.7802839287649461,-0.5401982458562817,-0.035913737672940066,-0.171348274022996,0.39910288216614564,-0.14069147660589867,0.9742702060913503,-0.32834721092063407
duration,AA,200511,94,0.774673887144898,0.8640613260251264,-0.7952823032185818,-0.5165357175953188,-0.2714662428205035,-0.2669050844831647,0.3850375268977322,-0.14132741429005358,0.975142104028268,-0.34038759861669743
duration,AA,200512,95,0.5585791779448439,0.7337308961657022,-0.799300111982083,-0.44123730122567323,-0.23185890257558792,-0.26709967782389743,0.36849076477603937,-0.13721223562942841,0.947854506912708,-0.3410059408472263
duration,AA,200601,100,0.728468515767063,0.6284925588207261,-0.7500892591970729,-0.3677420130792852,-0.017677767776777677,-0.43868834578888755,0.3509425181110305,-0.13449317749255052,0.9425048585996401,-0.34868440418166546
duration,AA,200602,103,0.427448805481314,0.5745286101468985,-0.8417717348328427,-0.5516489613133067,-0.4804617141853007,-0.6692165548900982,0.3308152906250169,-0.12040409285101394,0.9416238562838618,-0.3597597773670146
duration,AA,200603,101,0.7271239452003073,0.5542162710345033,-0.8418404193360511,-0.3051574013350216,0.5642981945253348,0.014618946393688288,0.30773667698003204,-0.11053227466011574,0.9376386409490061,-0.3867107694572896
duration,AA,200604,103,0.5785180243431702,0.6987089369565755,-0.8693164345648641,-0.537736030478153,0.1287615867855731,0.06669943246857342,0.28958355371839883,-0.11229470270907996,0.9192664493607572,-0.4053447304675208
duration,AA,200605,101,0.6934252792932356,0.7578082910142578,-0.9079324403028538,-0.5414247192099465,0.03900990099009901,-0.3062953925113874,0.2802848150058473,0.05993278203021016,0.9649549390503461,0.10545559235117469
duration,AA,200606,130,0.4915626651888915,0.6113433414684146,-0.8784197517376994,-0.5582673294888819,-0.25314288055278644,-0.31498880212692876,0.25852179321992125,0.05939938849843861,0.9500133842862396,0.14887501810464773
duration,AA,200607,127,0.34303843089899816,0.6846036105908111,-0.8456482002249718,-0.3155008546681773,-0.1885252624671916,-0.16499912852975085,0.2366128873667765,0.04104394335196812,0.9599297303595145,0.15239975731036595
duration,AA,200608,134,0.40934046417242875,0.7599329139421461,-0.852462000773077,-0.16795598853068122,-0.040352124091322834,-0.05708428724635168,0.2181433847382198,0.03980678979006629,0.9358778127189396,0.22594342770945539
duration,AA,200609,128,0.2740811743566029,0.7615723023068108,-0.834594167734847,-0.0850995646790403,-0.11745788317158029,-0.021284905576201357,0.1945231488810423,0.04245632045109477,0.9368279830018771,0.3068777783698338
duration,AA,200610,164,0.4095306953913069,0.7693964168634944,-0.7953387804463502,-0.04328136903142957,0.06888033409056901,-0.11786639062199347,0.1760407253509794,0.0444169191950112,0.944572606295722,0.42617717574244113
duration,AA,200611,164,0.19725920066050612,0.7747779734635207,-0.7988437419231971,-0.07119794809597484,-0.37425217308503256,-0.13466654062380107,0.15764540070715352,-0.008993228224682077,0.9075747060055722,0.24192326131089684
duration,AA,200612,159,0.1692420107035195,0.7463164031059327,-0.7603773584905661,0.15251266974513117,0.08049617864819682,-0.09146371502729474,0.14320570170069252,-0.014943818249511152,0.8792439900985922,0.3177283659942235
duration,AA,200701,158,0.5308041732485379,0.5035214079922411,-0.6650871137384595,0.1262296541013042,0.41760894731798,-0.2020188651757824,0.1264423519686435,-0.04904681339707232,0.8848884032252714,0.24275029158057096
duration,AA,200702,184,0.10547125959330303,0.5791031808695632,-0.6795053071603322,-0.06321972213308151,-0.3512184315463004,-0.16384536959621893,0.11444233988270214,-0.046823890298715,0.8801650959060332,0.28487461781966195
duration,AA,200703,185,0.35315590566232863,0.7997403372786738,-0.38966509498558966,0.5800328176463435,0.496733679889787,0.3515823380386687,0.09916001736523614,-0.05220051817257032,0.8607351763754203,0.34428030557294975
duration,AA,200704,185,0.21220139044007746,0.8128249049436006,-0.40670179295705244,0.4130546133144468,-0.2283764830749403,0.07963962308162692,0.08259390972303325,-0.1121435028737489,0.8043921677282866,-0.5919562108891798
duration,AA,200705,188,0.6000216727223907,0.6844437240343977,-0.26158058323264827,0.42625544412312877,0.455742838721562,0.05406642785473946,0.06946489673828994,-0.14795157101223533,0.834406190350426,-0.04999229611116207
duration,AA,200706,184,0.726135625426502,0.7968213681454217,0.2772199314402838,0.6136899970297989,0.6103150634331888,0.4890066573428625,0.06333360706979622,-0.1482660267249071,0.8356428537897601,-0.06631350963225136
duration,AA,200707,184,0.6876405360309106,0.8023819121626689,0.3923948644771624,0.6127673059779375,0.34004273662750595,0.3427815179639951,0.05195028916011907,-0.19586608633973454,0.8859331275792468,0.623605054088576
duration,AA,200708,186,0.4898325503869257,0.6846531491466683,0.32148501787970474,0.6117770910896259,0.12148606360803606,0.20912743592724797,0.02648040568873008,-0.2436429248354403,0.8271477861553918,0.5218780299552176
duration,AA,200709,192,0.6778548182470179,0.8011564011106727,0.5656393969052289,0.7980569890554011,0.5828831513319906,0.456298148757502,0.02140815779195337,-0.24761226934722036,0.8241927648220608,0.6656179339496066
duration,AA,200710,183,0.742231936786694,0.8308493415998576,0.62250436662411,0.7641749397932067,0.5327316001933269,0.5084361436863691,0.013125098492312946,-0.2535435238261114,0.8088106171217272,0.6038560128710001
duration,AA,200711,185,0.5842752636786823,0.797225057311267,0.525165839050832,0.7685123719208924,0.3847977711231569,0.5658738089828729,0.010524416656177779,-0.2511033758132325,0.7447314712870174,0.5737007849442659
duration,AA,200712,186,0.5865663096732866,0.8288266824958519,0.4698861013851526,0.7809067263007808,0.49226323599967864,0.6346191861593505,0.004446867846267425,-0.25067083161790626,0.7085211799749859,0.5884632599108566
duration,AA,200801,178,0.8596457910819547,0.8150813075871062,0.7345501628314479,0.8342500760932776,0.8333893659944627,0.6777654717928205,0.0028635752057884958,-0.2476105127280958,0.7288742347393572,0.7680287071328599
duration,AA,200802,179,0.8156349828716198,0.9127564594137383,0.6923294206264516,0.8627330566936859,0.7526982288705765,0.8406426706998017,0.003878456658657654,-0.2457839074657313,0.7454911609121601,0.7922844285407681
duration,AA,200803,178,0.6765195594992373,0.9034001171383429,0.5696164284749168,0.8412028400181523,0.5629984424342072,0.7953043036995464,-0.004148148508395573,-0.2547652532310038,0.7481047900466226,0.7805038114848374
duration,AA,200804,177,0.7964121455578342,0.9244766799237208,0.6390103183809146,0.8943012895860902,0.7432990198289445,0.7870641032925201,-0.0004463872743326192,-0.23768759442219103,0.8207702165967508,1.9301875052217319
duration,AA,200805,177,0.8872659398928557,0.9558881053062751,0.7414295228558866,0.9027552200745463,0.8875770889837701,0.8761433194887712,-0.002361437413715077,-0.2309821350462902,0.8318406265351265,1.8317326635257596
duration,AA,200806,178,0.7970410452334837,0.9301609542470265,0.6472839969827509,0.8624107378442378,0.7254839064887345,0.8521465751349049,-0.004418161919905926,-0.23086164598743927,0.8394183630299753,1.9699504534242782
duration,AA,200807,176,0.7967627047404394,0.9555687872107349,0.6332907770195907,0.897165136381165,0.7606090472205902,0.8882827039952312,0.005094316657127463,-0.2132484676901538,0.8363775438762352,1.5184055792437128
duration,AA,200808,176,0.7630045207065002,0.9691518392949703,0.5740810037420206,0.9009319853246245,0.7188374629516383,0.9332190178929861,0.021779940473212283,-0.16506899920629658,0.8610914233986185,0.9765981911846497
duration,AA,200809,173,0.21101663243254767,0.6288093746759883,0.10011773922153053,0.5960782086925371,0.11478306014382113,0.5368321452191188,0.02390356731241664,-0.15905614827924208,0.8140469391641715,0.5056169433521513
duration,AA,200810,172,0.4145636397207544,0.8231361182588659,0.27203241333606903,0.8315943326100258,0.47236526363610243,0.717674270246875,0.0315764613059561,-0.14731343703063274,0.8709559948746586,0.3861239806682151
duration,AA,200811,173,0.26846080125359456,0.8583583308092912,0.1364755181221058,0.8275538389100249,0.20587584292007435,0.7786789165409966,0.03893212945212114,-0.1347361640474201,0.8933171726400687,0.358807608430084
duration,AA,200812,103,0.4818248962833265,0.8957513055798093,0.271789746518473,0.8725752113528787,0.5330580327724816,0.7397771047811151,0.034914031114447595,-0.09231376709829955,0.9509550303456288,0.2890542828517348
duration,AA,200901,101,0.5889143210019567,0.9206661677339654,0.3647651856893326,0.8482285860721379,0.5562392435645122,0.7833883715106086,0.03788253339581976,-0.09538997702827036,1.0068548304359104,0.20259702579948893
duration,AA,200902,104,0.4076923076923077,0.9137624760744336,0.22558412461325086,0.8620178279106324,0.31660087485330207,0.8073445393507562,0.050314462316013275,-0.08210258532206137,1.068272927649384,0.19409456695233931
duration,AA,200903,126,0.5810441126208747,0.9277628129409959,0.3381807274090739,0.8752215973003376,0.45014240741319084,0.7878077057492261,0.06868039242467384,-0.06275664598649604,1.1240168855325523,0.09219856858991476
duration,AA,200904,132,0.7240649719381429,0.9380177848695695,0.4835510010278993,0.9380611548759565,0.8435017068739753,0.6988030388436112,0.07994808312152087,-0.06422270129825297,1.1434119416619943,0.013344191112390867
duration,AA,200905,134,0.8395138081892668,0.9363977336235327,0.6477362560630433,0.9441162314671551,0.8438395040337537,0.6504934630992474,0.09912577816392003,-0.06315169089408981,1.0802754888816337,0.019218343797696876
duration,AA,200906,129,0.8439452256999251,0.9291951542662916,0.6525715563506262,0.879757043152596,0.6559648926654742,0.5879516657884826,0.11953564542898258,-0.0634599498572731,1.0467381479989344,-0.05287300583554896
duration,AA,200907,131,0.8733610117994909,0.9132396569150432,0.6887364543853094,0.8623441582910082,0.7208722575134788,0.6309150454168777,0.13572944210509866,-0.06665003823469666,1.0365012064667882,-0.08806387149344126
duration,AA,200908,132,0.8591308249805636,0.9276543122921599,0.7003647216584138,0.8789281656545148,0.6551736732532232,0.6115435338136276,0.15253296807638336,-0.06703976601918278,1.0436000806147094,-0.08242480041522446
duration,AA,200909,134,0.9259841145151437,0.9493260514470256,0.7897180762852406,0.9135799698250602,0.71301886557189,0.6151922093791694,0.16924325280244826,-0.0650727801920564,1.0314129034631208,-0.031956088355089514
duration,AA,200910,138,0.9414219779749208,0.9844139743401502,0.8382607782387227,0.9583688174817175,0.7476100997970268,0.6637495462214804,0.17470922017308765,-0.0641269978197463,1.0210432164604857,-0.11817638458129154
duration,AA,200911,141,0.8934655457636046,0.9508280587530431,0.7368466115843999,0.8695522812970873,0.5291884596822882,0.5497186303322709,0.18904145744180603,-0.06628530459915628,0.9752020199171015,-0.08637389121046549
duration,AA,200912,144,0.8549932782616697,0.8888607559343319,0.7178522626798488,0.8288233615667031,0.48329314363797127,0.3971842986299203,0.1978432587944026,-0.059114329281966485,0.9663066804869114,-0.06889082524566678
duration,AA,201001,141,0.9523212219789509,0.9611924803747124,0.7966993450062074,0.9080802005247922,0.6942292050173379,0.6069793376856615,0.20796001143378468,-0.05801375420666136,0.9484530639871934,-0.05522310508171798
duration,AA,201002,156,0.9366256340821489,0.9819806008152272,0.7431303440754847,0.8686575255454044,0.5551769373014492,0.5632040663291253,0.210676569800202,-0.05501833586003726,0.9403695626625429,-0.048333056930461166
duration,AA,201003,158,0.9722175739866854,0.9901027904167752,0.8407780223591675,0.92854578479414,0.5499293384588938,0.44505581433608254,0.20950698348218016,-0.05536512401558105,0.9413283429761663,-0.04590427994592038
duration,AA,201004,157,0.9286059824236071,0.9523362095041332,0.6967576082709519,0.7677264305270834,0.07221577906089718,0.04829949376318882,0.2188078091003826,-0.04751575715467103,0.9590988613136658,-0.020727853639715927
duration,AA,201005,159,0.9212770499130308,0.9327247025397044,0.559732505373776,0.6769017196083115,0.054167661810365426,0.06490625746357774,0.2268012562027802,-0.039016099486249414,0.9428937811375646,-0.0045618734406761416
duration,AA,201006,156,0.9020601081541816,0.964576894415344,0.4657394382892636,0.6866663821765497,0.0636563354459389,0.052842618012454004,0.23534852892220934,-0.03687140190214011,0.9429187200515634,0.008378298842043223
duration,AA,201007,160,0.9135127889820241,0.9664668535896153,0.4709305050978554,0.6856195693336316,0.3107611625454119,0.18257513665709857,0.24723802654244859,-0.036716356903732865,0.9289285699478342,0.0011907039594284525
duration,AA,201008,161,0.8980387307904539,0.9579600800845015,0.36144179894179895,0.5769954357805483,0.10175983436853005,0.07319000141637984,0.2621848360004457,-0.035778868519771585,0.9050253739125277,0.0014053130546659506
duration,AA,201009,163,0.9122177224388504,0.9725061723947784,0.34925820628349435,0.5818807558719457,0.3982880830853298,0.2916178856497244,0.2679634009404466,-0.035063992028649085,0.9060836469237503,-0.01679151321194939
duration,AA,201010,163,0.9361362828685048,0.9816580939023155,0.36443932119047734,0.5821901248680845,0.5906602370445475,0.45184669472309547,0.2911839725419701,-0.027067088864661606,0.8996824021899966,0.012595182788963046
duration,AA,201011,165,0.9489915315363451,0.9844862717966772,0.3603878930355569,0.5568392573661232,0.4362968503726659,0.44037509709029754,0.3033829279044291,-0.02236448194902667,0.9592297226826584,-0.011715814943773389
duration,AA,201012,165,0.9206274151524457,0.9701492936044954,0.42305185264338957,0.6375096839686909,0.44084364063793985,0.3723292282210884,0.3168954549515191,-0.027458873061663516,0.953860856708585,-0.02299244723971467
duration,AA,201101,165,0.969804029736031,0.9938162727066693,0.5062164400395374,0.6622935141372004,0.4945262201800551,0.41337645042706506,0.3220283740080541,-0.040706357353893226,0.9561686222089929,-0.0819545784492447
duration,AA,201102,174,0.9714473158942096,0.9914610130386293,0.421359378114411,0.5925809918170566,0.24095788604459123,0.15083467686136837,0.3326992724344542,-0.041318971137496295,0.9607667848862165,-0.07619063678384003
duration,AA,201103,173,0.9733782581880402,0.9958721597921479,0.3499612943897725,0.5200420663508926,0.3371814899110467,0.34887142240520425,0.3447812210664798,-0.0411196457196847,0.9578993006233102,-0.0748457971573132
duration,AA,201104,175,0.9298762482515162,0.9645867993440871,0.2391244961934617,0.4153847101182136,0.25610165696372594,0.2350530145318158,0.35194305094502454,-0.043134440655978205,0.9557096539642945,-0.07478052530106705
duration,AA,201105,177,0.9711932419763687,0.995385073173371,0.23651771956856707,0.4136919881559898,0.3323219819601461,0.3461712629257612,0.3499401340736876,-0.052330873050488017,0.9463967815603643,-0.09223442852485064
duration,AA,201106,181,0.9484158244033111,0.9841428048146312,0.24993827535263996,0.43980857254603223,0.44153765203488954,0.4847724711981633,0.34770424012901535,-0.053428899467966307,0.9471601569366835,-0.09525554595732708
duration,AA,201107,181,0.9229103518978592,0.9838341645948372,0.06679821099710602,0.2965904163741952,-0.21435047457146902,-0.09924933607969269,0.3468371935517303,-0.0558614968065081,0.9491256084359269,-0.08917531133122746
duration,AA,201108,182,0.8675442507861686,0.9693205066265151,-0.18166155916359703,0.11534248770453058,-0.4379769311387824,-0.2753975074886408,0.3433706478607166,-0.05873098004582473,0.9586968100235568,-0.1057926023683276
duration,AA,201109,182,0.8340365899115273,0.9743258744316549,-0.285546081488478,0.12520304002731164,-0.1342518544764718,0.040324346489976,0.33810838387406134,-0.056799341672704846,0.9625391961692462,-0.09554370474924344
duration,AA,201110,186,0.8603459577820027,0.9718213199412676,-0.30081276933215195,0.1912408439232671,0.2776450074362788,-0.012569420874195632,0.33175555667220613,-0.055187129129028206,0.9774641070707097,-0.11849344289558128
duration,AA,201111,160,0.8715473022726149,0.9740717763336093,-0.2676286183054026,0.09497273811343385,0.20968885503339973,0.340594868731301,0.32866417796574143,-0.05287993345965657,0.9773175644076982,-0.11670356702750578
duration,AA,201112,159,0.871729268763314,0.9546890615375422,-0.4218533556245522,-0.03431024612815731,-0.2956412705994746,-0.4509666503275008,0.329697812709789,-0.04959008335326611,0.9797372751562728,-0.10927070434827206
duration,AA,201201,159,0.8612422835880441,0.9448746377360475,-0.45743073799856704,-0.08079334964385292,0.13164258418915692,-0.043350016942395056,0.33260151974438446,-0.014193506065190008,0.9972766410228858,0.009951934628587147
duration,AA,201202,160,0.8575237313957577,0.9579030790808928,-0.5393589593343491,-0.18704908450899674,-0.25765264268135474,-0.4041184286281563,0.3327384561923997,-0.01517992394611235,1.0043598887095218,-0.02691138788239094
duration,AA,201203,161,0.8907931409545815,0.9492458514824827,-0.4823470209339776,-0.20502357948010125,0.33197032436162877,0.22358810674028068,0.3320886732065128,-0.01569837006414418,0.9966759829109479,-0.026633130801911573
duration,AA,201204,158,0.8658828218423729,0.9430119835860689,-0.546091668397235,-0.29449249876018846,-0.47886923279364857,-0.47096523434334464,0.33095098227216113,-0.01641764158790721,0.992021915305555,-0.021590121316697665
duration,AA,201205,169,0.8747419787319445,0.9379076212788743,-0.5828849883148526,-0.3329177227859501,-0.4495947491422605,-0.4333081812297382,0.33304604005376226,-0.025558082837802407,0.9965831436646511,-0.049855629790930424
duration,AA,201206,172,0.9162290422274013,0.9810469739784472,-0.6321213707746984,-0.3636597328799617,-0.29292514792829627,-0.38520102989763727,0.33636684791131327,-0.030215585563568986,0.9991268321312294,-0.047553745151346694
duration,AA,201207,178,0.9163611023202288,0.9665920508635787,-0.7632480751205676,-0.5553917722384596,-0.49651649035013407,-0.6634887602977178,0.3398170367965466,-0.03240670091495424,1.003650058940126,-0.05250128721572015
duration,AA,201208,170,0.8874412481153531,0.954863880235348,-0.7838953010152236,-0.5773996643894498,0.12570880734729273,0.02691735797106473,0.3422390878515879,-0.033651232874900426,0.9978201629509448,-0.05532695769803674
duration,AA,201209,177,0.9029253117650753,0.9441733613873668,-0.7803745067902207,-0.5635248340683734,0.06958631256384067,-0.1097747232802178,0.3434798188002306,-0.03277113349954299,1.0014985462478974,-0.03270414417236643
duration,AA,201210,175,0.9155339403654869,0.9705149362179495,-0.81807881773399,-0.6503097294112107,-0.33813703537841466,-0.41186230616047553,0.3405354162158366,-0.023275554557639622,0.9964432367507176,-0.01164678673854463
duration,AA,201211,177,0.9275422850829812,0.97856623087269,-0.8050418995094643,-0.6290911510759983,-0.10773705441387789,-0.21746530689546642,0.33404508498067376,-0.022532925968590876,0.9863540183949424,-0.005801566501524596
duration,AA,201212,173,0.8686399995377714,0.9418231122242454,-0.7969508322865051,-0.6192591098984584,0.23424310831544845,0.2169583212387056,0.3294503698956907,-0.020712309793020474,0.9904626674213416,0.0011551899041788486
duration,AA,201301,173,0.9573455816189255,0.9583148882524207,-0.6398547264880801,-0.4508492941145791,0.774914129170124,0.6294829489332133,0.32351605954707413,-0.009098061902825404,0.9860307698140558,0.012866110990069183
duration,AA,201302,180,0.930315200219883,0.9803198354680486,-0.6624998713952076,-0.5101037172998957,-0.07965472185355515,-0.08615295343786099,0.3133209688645337,-0.008835325330648703,0.975114927897737,0.028696306070760753
duration,AA,201303,182,0.9130129920412624,0.9812715854010531,-0.5698331195115907,-0.397263743859721,0.21705809813771051,0.2469846391644632,0.30316987383411453,-0.021268661632420253,0.9752812218527992,0.02831422440622677
duration,AA,201304,175,0.9219709594554508,0.9774154598162412,-0.6344849977608598,-0.4799753694581281,-0.358410210479176,-0.3660098522167488,0.29267162938671887,-0.024266203489091108,0.9739002386146812,0.036531401887054435
duration,AA,201305,177,0.941215106022884,0.9879324737927768,-0.08725394297190146,0.11000718477865688,0.8140548986340265,0.817989214175655,0.28370883250230583,-0.024649121063126594,0.9836851189119307,0.14303288443472917
duration,AA,201306,190,0.9482094384471577,0.9868597794742842,0.36681089006188244,0.5152954709979001,0.5723176056711284,0.6446922624061486,0.2728517785387898,-0.027305599189559313,0.9843059048922448,0.15936750010140083
duration,AA,201307,193,0.9378274602811488,0.9720988365302933,0.5076585118316328,0.6495871734794567,0.7113185059558784,0.7044604460660242,0.26351798207188354,-0.024567915058246927,0.9924566784785956,0.20538739174602802
duration,AA,201308,194,0.9673849891085439,0.9853989015175538,0.6323958008472307,0.7384452797451263,0.6853022666041046,0.6594930238606218,0.2534333671088327,-0.022282495538742866,0.9972382019267992,0.19880139784454998
duration,AA,201309,197,0.9500292145358019,0.9755653090095066,0.7485174965232979,0.8382954244026546,0.8368299840959117,0.8382957533535842,0.24646682116386803,-0.02382534935706489,1.001440738486093,0.1989382883822158
duration,AA,201310,198,0.9759491875426108,0.9889232177243839,0.7985528318411005,0.8662395961967564,0.8107473222132814,0.7887709452949286,0.24374383932938984,-0.025564923792369906,1.0039802742362867,0.076890399550531
duration,AA,201311,200,0.9683330714517563,0.9880806930778468,0.8093242331058278,0.8837016739300382,0.811769294232356,0.811758348368147,0.24213430283526227,-0.025884707881495626,1.0011398870603352,0.05962117923955384
duration,AA,201312,219,0.9774920624408708,0.9844147868872463,0.7870462828612885,0.8385146407722077,0.666379707513054,0.6562064598389411,0.23827366480575893,-0.028832391153778957,0.9927873864228006,0.0503028994309189
duration,AA,201401,216,0.9697045834454225,0.9847372148498673,0.7600967980378759,0.82195968926742,0.640977697096236,0.6754383170770342,0.23463415158427528,-0.036212310051780196,1.0028336327757001,0.04657933790759956
duration,AA,201402,218,0.9511029335114077,0.9764731569396066,0.7028393977073776,0.7811732082682444,0.6365753945892351,0.6674083653656282,0.2360210991506829,-0.03741072663409246,1.0064106520142395,0.05236395278209305
duration,AA,201403,215,0.9793704018099846,0.9953965238172088,0.6477891279673501,0.712644420684293,0.4155433695232286,0.44503543316118854,0.23784356931690764,-0.027632630856728346,1.0053477725187,0.04335647681836848
duration,AA,201404,214,0.9374338591561678,0.9707294733923564,0.501990841547281,0.595516889342876,0.47305147992934793,0.5171778543894879,0.23724067635950136,-0.025010517905103325,0.9957318056965998,0.05307359981261365
duration,AA,201405,216,0.9666553146094737,0.9907044881625814,0.5387644530180163,0.6114245500072115,0.5274806796937329,0.5399005463298902,0.23662225769723666,-0.019206208975980372,0.9962355705253808,0.21146883141702189
duration,AA,201406,231,0.9859924506788085,0.9948003131886656,0.5134958121984159,0.5695444926213242,0.347688817928698,0.3255610755283729,0.23971714502082084,-0.013930263093234242,1.017505317398439,0.16118094229374244
duration,AA,201407,234,0.9798751218438019,0.993179385212776,0.33945625840429,0.4052746013590888,0.19324449939005692,0.19630085862832725,0.242323869744931,-0.028357395856548288,1.034304492414898,0.04490658799177423
duration,AA,201408,236,0.9842009414023644,0.9931262881366647,0.09068002026777196,0.15015430235520552,0.0016889809966813803,-0.013051735624768303,0.24670205245340587,-0.04039609737420443,1.0455001777476611,-0.022946599460350575
duration,AA,201409,237,0.9845458892939919,0.995549283421111,0.06617445722832963,0.1230595041814142,0.33636883202111567,0.32564759990893727,0.25181363868505224,-0.04668715705933295,1.0451125720508245,-0.046199786143284224
duration,AA,201410,235,0.9567137484493885,0.9696824061561266,-0.0836948976150303,-0.009584423768341718,-0.1954275199496981,-0.20431293190713604,0.25636351345357544,-0.05892870375121768,1.0400658287804623,-0.13329736768416955
duration,AA,201411,234,0.9555537084240847,0.9774517301111241,-0.2301492194835269,-0.15097191754316122,-0.2814780994125347,-0.29344958084826633,0.25940264712466204,-0.0625448870748602,1.0193318686164776,-0.135013007294381
duration,AA,201412,236,0.9425521736327865,0.9633567471027852,-0.5254835511362195,-0.4573986568916577,-0.6595023440317345,-0.6644557717945009,0.2634401231883802,-0.067776061781389,1.0198666121895734,-0.14291396627923109
duration,AA,201501,231,0.9609354369313082,0.9710935613761597,-0.7055910356510057,-0.6309313889784374,-0.6498987519227399,-0.7193235448677698,0.27018031986535807,-0.06602023251319357,1.0167983488369674,-0.06489160198836769
duration,AA,201502,227,0.9331794114725088,0.9637365447377068,-0.7056562891771944,-0.618143943116486,0.1791886640307447,0.09366487276191855,0.2709967861505002,-0.0684080163095421,1.0036875675720869,-0.06590100580985449
duration,AA,201503,229,0.9675856138813753,0.9877701380522015,-0.7257593770945879,-0.645790364615286,-0.3447293475762694,-0.38219066964541554,0.26977098793754184,-0.07355371566993234,0.9996521655162781,-0.06988472730554153
duration,AA,201504,246,0.9784449516099057,0.984931136654811,-0.6457235246499233,-0.5714559785002488,0.40255167535563646,0.32830319630899185,0.26995634863233314,-0.0703961837006055,0.9967859049602688,-0.06688212717638502
duration,AA,201505,241,0.9759562874337713,0.9925705358650945,-0.5781488975000858,-0.4843070414115824,0.3002186139021296,0.2648754595988666,0.2662633464842531,-0.07183642820364645,0.996365142146396,-0.08019704549619756
duration,AA,201506,251,0.9594410312149639,0.9742693204912025,-0.570160500853728,-0.48259302992737035,0.10307797381900966,0.08080148860034136,0.2644887525937234,-0.0690712164701266,0.9896911390483085,-0.06957173477893434
duration,AA,201507,252,0.9815868871358295,0.9940908115223343,-0.5682806136642964,-0.4885036214126355,-0.20548710484619026,-0.23289144011965512,0.26169639004054346,-0.0656700862187943,0.9892908632740091,-0.06388409924445601
duration,AA,201508,252,0.9785573952452851,0.9923876548256022,-0.5325657655468846,-0.45734895417273663,0.09359887759333456,0.07520131257650195,0.25945413604096,-0.0591712700849078,0.9865496999897316,-0.0029202672794118464
duration,AA,201509,254,0.978706810712774,0.9918775244861996,-0.536237498329449,-0.4359519451490109,0.2860345607229229,0.2504473424732594,0.25579132742994476,-0.05503192321835708,0.981413008296941,0.008294098454989029
duration,AA,201510,253,0.9780414724465714,0.9941103970803398,-0.5146305822444132,-0.4088483866531066,0.1428623299557911,0.10113632805930549,0.25251480857495784,-0.0465722259952453,0.9815067723259403,0.006477764563805955
duration,AA,201511,252,0.9704809043176325,0.9907336186730707,-0.6619154850576989,-0.5501673247128064,-0.481723773080087,-0.5090761775031198,0.24782185523958541,-0.057019447011720785,0.9813452649104804,-0.1274877589369275
duration,AA,201512,258,0.8943972711949818,0.9309609258339219,-0.7044401719091792,-0.5774977215991286,-0.4501945874672324,-0.44203111344191137,0.243260255035058,-0.06793838110902194,0.9842661225977625,-0.14345165749621103
duration,AA,201601,251,0.9525918640778669,0.9862547460316868,-0.4307326882944412,-0.2336737944250466,0.3882944412824891,0.42614128012881286,0.23575496846860994,-0.06882405112042173,0.9738786362251954,-0.1957455481368749
duration,AA,201602,226,0.9546927467258908,0.9902911813915436,-0.5869395605109613,-0.4034128919346631,-0.35742908008784585,-0.3965510340610401,0.22891697470162894,-0.06833790472606305,0.9673290330336637,-0.2187296751259771
duration,AA,201603,234,0.9628312699447683,0.9867972819547337,-0.6363137425688792,-0.4650406778203077,-0.07438215453921784,-0.17954621977097612,0.2233127830084498,-0.07554550814684619,0.9628896040084236,-0.2408424411589888
duration,AA,201604,243,0.9396884177935416,0.9826196187062182,-0.66941312445535,-0.5112236933767684,-0.11824153105822253,-0.1586966662095633,0.21844929848369413,-0.07627516685176022,0.958664745756702,-0.2296016472055324
duration,AA,201605,244,0.9673392099068209,0.9916770580393368,-0.7127153472196407,-0.5722408399052379,-0.21098017834942112,-0.2804919528869067,0.21742880623264485,-0.07103738541034166,0.9655811737879378,-0.1983180551942956
duration,AA,201606,252,0.9643261604977705,0.9889311109580826,-0.7110215265420531,-0.5715374101323308,-0.20515866142057035,-0.21452065215784835,0.216794248642821,-0.0713524586838576,0.9765579893803887,-0.20533475152571254
duration,AA,201607,253,0.9640653479950959,0.9921893076776803,-0.7354298104041344,-0.5974886995189963,-0.2607502619484818,-0.29307965913333406,0.21542153421281088,-0.07534172840520029,0.9754326297115987,-0.2387617745583813
duration,AA,201608,257,0.9635163618616518,0.9896786597156825,-0.8261217968544782,-0.7053946602187723,-0.45207164509999087,-0.5292457870571188,0.21468027972838355,-0.0761068692422174,0.9745105043452297,-0.2390529896840278
duration,AA,201609,258,0.9529016141476778,0.9814035950757638,-0.796499626075471,-0.6663309693621913,0.1697741150279382,0.12811849058909774,0.2153173558909224,-0.07738484365892985,0.9820550174675168,-0.2435864827770542
duration,AA,201610,257,0.9673340931896308,0.9870479100437859,-0.7474521536512532,-0.6064303633020878,0.5481878054022259,0.4817795533290528,0.21528690685038088,-0.0788216838231944,0.9771345966012422,-0.2506855261435444
duration,AA,201611,258,0.9798221929688725,0.9882775425953312,-0.721108416611086,-0.6145684609788393,0.3150493202977141,0.21882685839813845,0.21690516950339175,-0.07336913135257124,0.9829707664644666,-0.2581045791310461
duration,AA,201612,259,0.9710658648601563,0.9875777298440218,-0.7781663339802875,-0.6967984348758408,-0.01884984908240722,-0.05193784394687285,0.2173280433328285,-0.06767173663259379,0.9842306259091648,-0.2032831861577494
duration,AA,201701,259,0.9735883213703758,0.9882430421697384,-0.6559653296988877,-0.5566959788473493,0.650953509093044,0.5879400603317589,0.2153892702753035,-0.07840419880840233,0.9898614287887159,-0.2877805821556792
duration,AA,201702,264,0.9796111363300812,0.9929637976518572,-0.7619602293108283,-0.6733571971074486,-0.16352744751482104,-0.23818934034895078,0.21742441972631718,-0.07495390576310379,1.0039534252136717,-0.2797520963928652
duration,AA,201703,269,0.95702769551041,0.9723147825057674,-0.7981116721226581,-0.7121100964946464,0.17824693139013728,0.13879566084786282,0.21804043717407337,-0.06466801763023163,0.9991475684061139,-0.2872806168563724
duration,AA,201704,264,0.9761963731192108,0.9951766902837126,-0.8089239478507001,-0.7120133334382899,0.028120577320663406,0.01763693448329538,0.2168596377564916,-0.06315152129815566,0.9964297019847873,-0.2884198855678764
duration,AA,201705,245,0.968293395441744,0.9934032065349201,-0.8328725652596105,-0.72802641728422,-0.20631665701066518,-0.22157825988725938,0.21261256671488862,-0.06364596271140666,0.987999381363459,-0.3042614928484245
duration,AA,201706,254,0.9736002659761714,0.9919580552726689,-0.8350324745998552,-0.7327062660801487,-0.08173927689403855,-0.1303729193118912,0.2075733684585777,-0.06327639770924112,0.9848059072103439,-0.31166581385176484
duration,AA,201707,255,0.9714170126501296,0.9927544924380285,-0.8131156664536063,-0.7055050089403396,0.569692276516906,0.5625742036157065,0.2020108338168343,-0.058783967025834064,0.9858923174688666,-0.3010253706383831
duration,AA,201708,256,0.9602072990653961,0.9801065608831061,-0.8422543774319065,-0.7365183147082837,0.2362754634927901,0.1787440572403874,0.19587591436691773,-0.05605851264117559,0.9941382911828165,-0.3053585991298179
duration,AA,201709,258,0.9548853870805911,0.9788885618287708,-0.8006372001485565,-0.7109832375610207,0.3590950206641094,0.29284790297058344,0.18849233963317158,-0.05209720953960421,0.9872222214490782,-0.29063680876087705
duration,AA,201710,261,0.979500430031116,0.9874809264382305,-0.7920417653768536,-0.7236797257069905,0.010959026153816975,-0.05619244943729281,0.18148663806441256,-0.05075655092521313,0.9798310958699191,-0.29111645139333975
duration,AA,201711,264,0.9524468706129419,0.971850361219528,-0.8193950295435136,-0.7530941353863038,-0.46638673479687026,-0.465340156383329,0.17652529665145023,-0.05033774253744788,0.9741402057437027,-0.29566975693774333
duration,AA,201712,239,0.9459198011422615,0.9642166248661743,-0.8508088786454793,-0.7864056633302408,-0.44343465419640654,-0.4745249083494142,0.1742421546208444,-0.04935532756735066,0.9807620061092303,-0.28301915445032383
duration,AA,201801,243,0.9560629822886807,0.9742483868394738,-0.8383428589588549,-0.7523674617706347,-0.08092432856466637,-0.1244839651562158,0.17408984876201045,-0.009173569644631462,0.9924153467604954,-0.07835058356799579
duration,AA,201802,249,0.959452791967262,0.9884361667937316,-0.8534854255732607,-0.7504217368906574,0.23753832832070565,0.2243475489619203,0.17197921954550696,-0.015493701460285678,0.9891621370385681,-0.10472909209492007
duration,AA,201803,247,0.9320854943235606,0.9724777491504393,-0.8833213351723435,-0.7769548249334035,-0.22898941507372497,-0.224012133065483,0.17042272590209498,-0.018340540363304198,0.9947427131391887,-0.1238053497870146
duration,AA,201804,235,0.9529584977510285,0.9777239052329317,-0.8019156337937544,-0.6609404914555839,0.5296041499070708,0.44960281950618974,0.16823473882487877,-0.03258860524029242,0.9905966625611643,-0.210164980105883
duration,AA,201805,239,0.9473621060234093,0.9897031638555109,-0.8208941317112618,-0.6859579992856254,0.29165289546781054,0.26628306392812684,0.1670791183655039,-0.034215386468569184,0.9948356569305052,-0.2108772838051765
duration,AA,201806,244,0.9189501536205477,0.9835087310612907,-0.8231603994813254,-0.6724059774179474,-0.10146421653057094,-0.05266118729645184,0.1648705184519476,-0.03603148753841846,0.9960425679119095,-0.21989232139373158
duration,AA,201807,261,0.9151025408308696,0.9775364281324586,-0.8358179338385279,-0.6545912924800411,-0.13305525745641567,-0.22287673070680203,0.16263741050219865,-0.03903304263437274,1.0013437975526094,-0.23829777332788696
duration,AA,201808,264,0.918337452487527,0.9819759006914129,-0.8529299741079639,-0.6659117515696226,0.31142967083852363,0.2690602203779424,0.16130303331204168,-0.04434255462918973,0.9960834455471224,-0.2764172273449021
duration,AA,201809,263,0.9152069428262771,0.9880018523391437,-0.8243149509064678,-0.6459138533738159,0.002491536559687373,-0.017724132585574426,0.16069757259620931,-0.04788315645980873,1.0005231405876365,-0.3018874251486721
duration,AA,201810,274,0.9276302798279414,0.9776997788913114,-0.8332277941037066,-0.6478520306453097,0.562574068267499,0.5227871500328252,0.1604572991777525,-0.05461192827342483,0.9984309493640546,-0.3168616479725321
duration,AA,201811,282,0.9224027899538417,0.9792896332984128,-0.8207246400077348,-0.6483282565044898,0.08953681258996785,0.09680099209065665,0.15716533052273113,-0.05649330866745664,0.9952447012163661,-0.3754754004904679
duration,AA,201812,282,0.8805115734441916,0.9308484259947198,-0.8123995172278542,-0.6183202992276172,0.2553525930274153,0.2799189151144268,0.15085903183433833,-0.05141806952522373,0.991312880536638,-0.4019244245282355
duration,AA,201901,281,0.8606814996746663,0.9422574797519444,-0.7932645016799201,-0.5466981598332025,0.20419420437214028,0.11398922537079258,0.1446346847950432,-0.04427043395860986,1.000623244849418,-0.41202230393917766
duration,AA,201902,275,0.8965964630783613,0.9645978418237039,-0.783531459497925,-0.5129454301243804,0.37553215429445197,0.20055604466066757,0.13673208142393645,-0.03428955190142582,0.9887244897817272,-0.40654293031211586
duration,AA,201903,277,0.8123968966229154,0.9055368307600706,-0.788814986299069,-0.5497456285731653,-0.19592544454469385,-0.24329909014543968,0.12960887892097828,-0.0287687923017241,0.9830766347354628,-0.3934641743452995
duration,AA,201904,282,0.8876822781245989,0.950889482238937,-0.7584656381937246,-0.4391084936041828,0.626723273689587,0.38173488738114153,0.1226305974240562,-0.01919401057898948,0.9819596383066221,-0.28916108706701305
duration,AA,201905,284,0.8321593969305882,0.9423018338419091,-0.6781598085533775,-0.42716452158979484,0.0889065843826208,0.10834815267297022,0.11598031615010514,-0.017354533307528255,0.9758864938089594,-0.25581176329284866
duration,AA,201906,286,0.7224180125072506,0.9191068576548198,-0.5528144648200415,-0.22302576123141793,0.0608215917586906,0.11428737777720517,0.11131651169707002,-0.01658932746322005,0.964081427601842,-0.19882204536614592
duration,AA,201907,264,0.832486755128951,0.9189720468391132,-0.6383853147106608,-0.2261844627849369,0.09468854554585238,-0.26309317281160605,0.10656813335722393,-0.01456975730509257,0.954300636605528,-0.13715406626957263
duration,AA,201908,268,0.6817564129392701,0.8960858489825411,-0.6334472483423643,-0.340299301175882,-0.5274222014691589,-0.4236280746147951,0.10149456318558583,-0.01744690196339145,0.9571865447262807,-0.13104353932110271
duration,AA,201909,279,0.7811658257594042,0.9304728576166865,-0.4899083686588163,0.03454628363286006,0.6296190697211815,0.48720485521645523,0.09717898807878342,-0.023897970539795716,0.9722000948581747,-0.1621888404366846
duration,AA,201910,275,0.8644595159054033,0.9295721943657501,-0.24303972764778858,0.15592351873591603,0.5864953655392084,0.397460067608578,0.09303993956563057,-0.02423556770448895,0.9759746897385445,-0.2201289694640443
duration,AA,201911,272,0.8674740897208925,0.9482167279940003,-0.26696959803453585,0.01737645197608952,-0.022864762144428712,-0.053844393542080336,0.08946288741288186,-0.03560720329194849,0.9803195911991642,-0.29543909266840673
duration,AA,201912,273,0.8530356520754202,0.9248493103865598,-0.02709506037114453,0.26677996631387185,0.5146280297632809,0.47973670366395726,0.08731639768835207,-0.042963402321546273,0.9931270057052275,-0.3584395817640739
duration,AA,202001,273,0.7732909427886618,0.9063838979298348,-0.08299557891657507,0.18774173295763996,0.018066229571431,0.0038572595733993745,0.08552328495387813,-0.043365920731821724,1.0024283691201192,-0.2868593186909099
duration,AA,202002,256,0.6397359645497211,0.8841372500431953,-0.09698085946440832,0.29015678201570333,0.0923484515100101,0.27981848568288864,0.08424823696960573,-0.05449741837316721,1.0067540590223405,-0.2377007165687319
duration,AA,202003,251,0.5301559614831725,0.7603964832917229,-0.16682002155948455,0.2572287618377989,-0.08424932052715635,0.08401338049226556,0.08375608800845953,-0.04970246884372505,1.0044146060920507,-0.20272517669640974
duration,AA,202004,246,0.7801007533347626,0.8691493692320248,0.40439197699421425,0.8619865495525265,0.7888698383065667,0.29163417106642464,0.0829186165506984,-0.04631074137498332,1.003961180295057,-0.21560823184030506
duration,AA,202005,218,0.8921559457585602,0.9236054221429556,0.6187259978606207,0.836946946862233,0.7888645549105329,0.6506526318840098,0.08230869209819748,-0.03986954653913047,0.9981043817128762,-0.17984430870869134
duration,AA,202006,218,0.9036009838614201,0.9625641953779284,0.6688597145312193,0.8167981726634622,0.709002167470264,0.7382178803865745,0.0807530733620071,-0.03780321953848174,0.9953536557705962,-0.19505567211463448
duration,AA,202007,217,0.8672234060768635,0.9697828960402219,0.5745972364902387,0.7589185288316865,0.5345584561018691,0.6453064601462876,0.07896863487392876,-0.046740760034487315,0.9996575948257003,-0.22011584316360563
duration,AA,202008,216,0.8899759344317797,0.9717422225783597,0.6864704271305921,0.8573383147560427,0.8595439690543021,0.8920124984098639,0.0781308860156141,-0.04600780365630014,1.0001886544428025,-0.19176885974933963
duration,AA,202009,197,0.8990371145368471,0.9675040359031643,0.747775067572022,0.9014788956794766,0.8337784523734507,0.898685359866687,0.07593301439843644,-0.04759047030501778,0.9928439765327304,-0.19244917232825587
duration,A,200307,395,0.9443398569396322,0.9414699880772829,0.73660199972166,0.8279252344094684,0.6553500364768641,0.5041947822973496,0.31646095332242297,-0.06640630076197548,0.9810618090045328,0.1596813977040721
duration,A,200308,401,0.9254048952848797,0.9362790499237722,0.6735906198673701,0.7437967857840135,0.12291091873445685,0.04243286459174954,0.31646095332242297,-0.06640630076197548,0.9810618090045328,0.1596813977040721
duration,A,200309,412,0.961342515357712,0.9535823527514738,0.7646276675607081,0.8267047036395118,0.419577552946157,0.3325158346665705,0.29941980349637376,-0.05794002744665895,0.9902336267484991,0.16204378351447438
duration,A,200310,406,0.9419845132035294,0.9494132611607028,0.7347439692267279,0.8031942228965023,0.38610406196613095,0.31044357522601074,0.2995527470902855,-0.06868098422373801,0.9699089324196797,-0.023917263923122056
duration,A,200311,416,0.9520125442674368,0.9622907345502976,0.6245581367205743,0.706132762371911,0.1748589894244518,0.12846765639035457,0.2995527470902855,-0.06868098422373801,0.9699089324196797,-0.023917263923122056
duration,A,200312,421,0.9551070971014772,0.9561990587327899,0.7080395035838519,0.7716927065736565,0.48819829628331163,0.40399053466641277,0.2995527470902855,-0.06868098422373801,0.9699089324196797,-0.023917263923122056
duration,A,200401,429,0.9534603707773569,0.9448774781912812,0.6647455782643785,0.7176463203361911,0.36814693674072074,0.2841187273874348,0.29742915048080193,-0.06811587339056459,0.9608252903385754,-0.0290176112570679
duration,A,200402,426,0.9533040984408141,0.9432900137574414,0.692820350672628,0.7401835314527326,0.5235678108600618,0.4512765631645904,0.30401190035379083,-0.06654912672045178,0.9552645227952743,-0.02485844122599206
duration,A,200403,428,0.9449621060010162,0.9513395750704692,0.6629544545684356,0.7269275007061131,0.40268799726212634,0.34869123049628536,0.30401190035379083,-0.06654912672045178,0.9552645227952743,-0.02485844122599206
duration,A,200404,423,0.9496630996892165,0.9475811519744144,0.5760432552500921,0.6352952480070034,0.2372243264713733,0.17152966894024987,0.30401190035379083,-0.06654912672045178,0.9552645227952743,-0.02485844122599206
duration,A,200405,423,0.9612383912073567,0.9483436615383903,0.5461231380192003,0.5963642701265269,0.39952957023876556,0.3487297943448756,0.305414598266403,-0.06368547275223842,0.9607246269979797,-0.021638516538806093
duration,A,200406,424,0.9353038018879136,0.9452127039695585,0.34429297189828256,0.4537873057501669,0.03541975335123201,-0.02961400852906943,0.30682175229536357,-0.060700283299967364,0.9580908651493908,-0.026082741880101328
duration,A,200407,425,0.9696591068527248,0.9850301756546007,0.2961338963072258,0.4199491245458778,0.31860484901771324,0.2576392120609862,0.30682175229536357,-0.060700283299967364,0.9580908651493908,-0.026082741880101328
duration,A,200408,428,0.9607402071112455,0.9757085599629962,0.07027743477135076,0.1963872611080208,0.09706013677834877,0.034616717681817434,0.31133764136524683,-0.051555373387182926,0.9628555152400198,-0.020436144553306307
duration,A,200409,439,0.9643875952644405,0.9668469289849698,-0.22663241961610556,-0.13211959913114985,-0.1774214497960897,-0.2594578563156029,0.3123290820249257,-0.053451418516591284,0.9611313812678892,-0.027064241672892994
duration,A,200410,436,0.9663557281241412,0.9810613675556318,-0.4063940024193601,-0.3082525768899712,0.05229755957366561,-0.002274143536725867,0.3122688477365314,-0.050891571959220554,0.9540999776792651,-0.018384411659943922
duration,A,200411,444,0.9552655464888414,0.9741521740054457,-0.6371887640856887,-0.5468780467092221,-0.3291810019468414,-0.37316948970555774,0.3148414588095991,-0.05567687390514745,0.9413792953580984,-0.043060971974653625
duration,A,200412,445,0.9542476864634919,0.9616686416897938,-0.744426373392479,-0.6767533919325893,-0.33672295765307303,-0.3946216192986109,0.3156088542130153,-0.058000961703578865,0.9511420221656268,-0.05172177746567963
duration,A,200501,444,0.9422196548109163,0.9615277163734803,-0.7830274081624677,-0.7053232986307855,-0.5261558309266732,-0.6115551126339914,0.3189115120600134,-0.053033079071320786,0.9411734771708228,-0.08586978431001877
duration,A,200502,443,0.9363550032230207,0.943966561391416,-0.7949834511099917,-0.702655220454566,-0.4876320801129444,-0.5567723225996117,0.32195248066166304,-0.05651613460935926,0.9328586504318391,-0.09995301702486978
duration,A,200503,438,0.9078745351824488,0.9206300809162677,-0.8219751340601188,-0.7232819542890473,0.017033406097837277,-0.06647344082479195,0.3263050877011409,-0.04583101838915429,0.9359489979096536,-0.01736522659213448
duration,A,200504,436,0.8888038193576356,0.9066520486121412,-0.837744291944237,-0.7016166632695355,-0.23492095942326868,-0.35425158256866635,0.32661660824980937,-0.04771696416287594,0.9311351366355092,-0.03883521689687381
duration,A,200505,431,0.8619574911772536,0.865638852521343,-0.8385278526640119,-0.7042824956003013,-0.34189433862719354,-0.4677774807607415,0.3259981257275045,-0.05044511750744332,0.9233446043732909,-0.036647521943682634
duration,A,200506,438,0.8419250578439148,0.8887549751578548,-0.849119835299103,-0.6625924167255085,-0.2541353913898915,-0.35014892712121987,0.3294107658677579,-0.05281197060858879,0.9213416149423552,-0.03210117849971436
duration,A,200507,442,0.8502067720779333,0.8924568028147289,-0.841564971459151,-0.6597061249795975,-0.20894146287672596,-0.36737017071095646,0.3300750061893291,-0.05393206986460727,0.9145288092969145,-0.040226145190153835
duration,A,200508,439,0.8249184991835008,0.8479069331703181,-0.8482457475983979,-0.6333074869766335,0.013274395277390875,-0.10335557642597017,0.32664570018129463,-0.05306195583898287,0.9137273686534995,-0.045782387895422896
duration,A,200509,449,0.870326293874356,0.8346046084074829,-0.8425398267671448,-0.632262566777167,0.1595865150068936,-0.07444726911165896,0.3239393536270065,-0.045486284384182195,0.9205810671342303,-0.038931721349632326
duration,A,200510,455,0.8335193291748864,0.854473181168765,-0.8173259733542599,-0.6478088732029047,0.1856328809145874,0.1141703750127359,0.3163316424610157,-0.04647889409545415,0.9128615855449009,-0.05788109321741474
duration,A,200511,455,0.7779764424646521,0.840593625727604,-0.8333311145534401,-0.5941484051309124,-0.2678472231821011,-0.3942076180536966,0.30966735848280197,-0.03937698363592479,0.9195437403410824,-0.038525871311964326
duration,A,200512,446,0.6596834457791639,0.7575762914583098,-0.843523249622135,-0.5582046752496992,-0.2548535306792782,-0.38891597164055286,0.3003466373913791,-0.039393321593569404,0.9294830626335447,-0.03867019658913213
duration,A,200601,430,0.7842759466958372,0.7149958829463565,-0.8537991223139487,-0.4463951037253214,0.23727942764574828,-0.14803033496118426,0.2892249483936757,-0.03547919305680512,0.9314376309622249,-0.0510972110010416
duration,A,200602,434,0.6388992105644089,0.7490316210810664,-0.873609180742943,-0.5925366507736796,-0.49516718015928085,-0.6231101375629668,0.2755588053252598,-0.03254967034953648,0.9425378169841113,-0.053598503315933146
duration,A,200603,434,0.7285843424945849,0.7205524317847206,-0.8734033819607473,-0.4568788658615496,0.4861354435754526,0.17820726984479454,0.2610917411823382,-0.028836579085624908,0.9499776111100333,-0.05919939518315147
duration,A,200604,431,0.7384621587528394,0.7941086738557749,-0.8767202047998465,-0.5152909805913025,0.4717753643566496,0.23736993767860173,0.2479051524056085,-0.02133262148696478,0.9556314243207531,-0.011991793278550029
duration,A,200605,433,0.7554433467117144,0.8165115404891237,-0.8362534278406288,-0.5650560758510514,0.003234645816408462,-0.06482781098958393,0.23279626575835488,-0.023155707836266505,0.9658160275904416,-0.0020640325330356503
duration,A,200606,421,0.6850187129852953,0.7995814731952675,-0.7953753274677277,-0.4595560131801087,-0.17571053863114067,-0.2514710071367983,0.2143557938898018,-0.035141186912865524,0.9630168687965455,0.009800793974779147
duration,A,200607,423,0.594575600823229,0.7476022392484752,-0.7882500535993585,-0.34676762717991777,-0.04290818193521956,-0.11646168816359369,0.1989184859467626,-0.031001899683367588,0.970003334790964,0.03974150768219247
duration,A,200608,414,0.5982564122601502,0.7677874901132239,-0.7686772355238409,-0.27333033631935844,0.04775822946486442,-0.0956493529864807,0.1829167795524256,-0.02931858312733528,0.9627122065426048,0.06759899315880268
duration,A,200609,415,0.5144548293724341,0.7959669145996819,-0.7554220542463362,-0.2263234758306581,-0.034854805293700136,-0.06175667165802615,0.1671565700506538,-0.03283796321567682,0.9510792684300875,-0.037106945939622424
duration,A,200610,380,0.5360579332200697,0.7996265456676347,-0.7395389211372078,-0.10646131761664283,0.060302648254234155,-0.14019830380362885,0.1534823698471823,-0.035336558445842055,0.956738844401829,-0.13751529292996947
duration,A,200611,389,0.3511273363402032,0.7432344557427795,-0.7252800917621645,-0.11049991397146496,-0.18141536993735335,-0.17709698310584784,0.14115689725847302,-0.040410455321573044,0.9272952667938555,-0.178484304685005
duration,A,200612,380,0.3640650026770387,0.7233329735814852,-0.6810764471688644,0.09973650678674005,0.17051372843632462,0.02428069830956639,0.1298570753550655,-0.04227015788468169,0.9041466761202531,-0.20645522059207203
duration,A,200701,378,0.5426282226731859,0.7071887251213594,-0.6349257803740744,0.07972413079146005,0.3108713989434579,-0.10549253270522294,0.11790199682783813,-0.044812035152293136,0.885652981438226,-0.23499281972564603
duration,A,200702,356,0.3233196120231378,0.7586301386258765,-0.5137489843223252,0.1570735911662999,-0.07513953516206293,0.11568183237419193,0.10902286386993999,-0.044301975196462985,0.877649702427086,-0.23464228438347776
duration,A,200703,353,0.4742720429470571,0.8142940204610429,-0.230484521840094,0.5490446129308036,0.486525903874778,0.3169706700043177,0.09916718655789426,-0.04264580063015879,0.8738886889498608,-0.2355081693030596
duration,A,200704,367,0.4330853556625791,0.8058985347930677,-0.26535319410915886,0.4213053252772272,0.06472166494141593,0.07711238760128343,0.09031478677760395,-0.05313042070409597,0.8464468582723222,-0.19446212804979815
duration,A,200705,371,0.6080023659724091,0.7971525574208863,-0.2511582131704444,0.3953461866508673,0.35967041169985603,0.05812519725238327,0.08368537241736192,-0.056940647842176846,0.8302729829757265,-0.30535248413308036
duration,A,200706,370,0.8023777102638058,0.7926615132049405,0.19658654978584736,0.5006026669983517,0.6050856984128958,0.3707644816602189,0.08057990141514222,-0.046705568880914004,0.8478610481565863,-0.020089771481279953
duration,A,200707,362,0.6649463800168579,0.7824129524510468,0.18517564750265642,0.4498669467190632,0.2584623755780387,0.23391107596189809,0.0775338337696617,-0.04715355416889536,0.844606595673184,-0.008206539453050232
duration,A,200708,356,0.4797588271665758,0.6558737565439805,0.13310477538063809,0.4892736498466668,0.1404373551869531,0.1387590557652867,0.07218436996229512,-0.05952307103090727,0.8370278786352603,0.024268368215426984
duration,A,200709,364,0.7079948661464321,0.7559255333692888,0.41164340018636403,0.6949388561001166,0.5997672936550955,0.26440057713447174,0.06990146124652266,-0.05760318766578989,0.843278669601318,0.07879112608502856
duration,A,200710,386,0.7529075196074486,0.8110478319335769,0.45020823195243587,0.675882452849712,0.5076327503910871,0.3925619612696659,0.06584424162659018,-0.05845350651266159,0.8401160268001513,-0.06874079153672233
duration,A,200711,379,0.5736791920120524,0.8115228350340326,0.3671701240788867,0.7101525530887781,0.3345624214897588,0.5385801587267851,0.060902314240418795,-0.05859571296804529,0.8185280840013512,-0.0864683976393083
duration,A,200712,395,0.5660931609047318,0.79477309427292,0.3622169130747169,0.7271302952086736,0.44668000996348306,0.5014321099100013,0.05410093782521438,-0.07021052721101802,0.8180184312020923,-0.09637877201928656
duration,A,200801,394,0.8258424781109664,0.8002750317279236,0.6554133149848715,0.8130067415375045,0.7987932221655379,0.6236495570298741,0.05028707299104624,-0.07184305372010884,0.8354575714163739,-0.06617388828420934
duration,A,200802,400,0.7675991686381181,0.8916976313816196,0.628162676016725,0.8383064646933611,0.6984631645304188,0.7962176723938121,0.04685734276149306,-0.07348067818801685,0.8212402024426323,-0.07815130256812594
duration,A,200803,401,0.6770096616290086,0.8761618886698217,0.5244513029204655,0.8016749560418363,0.5651837998972364,0.7601981652934443,0.04491100618601181,-0.0731485677519768,0.8509892156816287,-0.04208158924889516
duration,A,200804,408,0.7461159638589836,0.9024863893756119,0.5551048086644232,0.8445486208506156,0.6949169043101354,0.7628181564315897,0.04585436828068581,-0.06341752262679035,0.876890512607909,0.27471308193322025
duration,A,200805,414,0.8186653997672486,0.9400193823276195,0.6356187413352221,0.8726962046960938,0.7842954112971539,0.8400705820158736,0.044462926753090416,-0.06076249278848692,0.8676850313481044,0.3567236434369317
duration,A,200806,439,0.6857262810917801,0.9205657394760245,0.5056058468671673,0.81537298636796,0.538655574432917,0.791775658264181,0.04278142835193909,-0.06062097694127067,0.8763407928633895,0.9401027533379958
duration,A,200807,449,0.6479401436739396,0.9121675428873616,0.4806135327182097,0.8503639372973135,0.5753580617666993,0.830344419408395,0.04378419600115755,-0.061572938949846216,0.8986611884111612,0.976478947715387
duration,A,200808,447,0.6451219604773031,0.9449277577268611,0.4828987505857972,0.8904668699224323,0.6053971297266524,0.8834700687546676,0.0466045790209263,-0.05338007353187459,0.9102538453727774,0.565104419933047
duration,A,200809,440,0.5511600291902825,0.8390054107707616,0.390471964308606,0.7670531911206184,0.44601484963011523,0.737590011751357,0.0459436074437802,-0.057751902027038865,0.9031150218404514,0.3124351141336699
duration,A,200810,440,0.5649780476892357,0.8148230323724507,0.40052545350299984,0.7847431872552114,0.5327530005533273,0.6768988495833944,0.04837087309014593,-0.05991469970686851,0.9015750795887523,0.28136851132056706
duration,A,200811,446,0.520948829653565,0.8802186068124087,0.33427688258127697,0.8353029149145419,0.4716233791266473,0.7881400136284331,0.0516694426420471,-0.060456769649866744,0.9017466854347118,0.25102035436584225
duration,A,200812,518,0.48766287575116407,0.8413004043631297,0.28112391253456315,0.8199874039559885,0.43799812572398344,0.6079691989728658,0.05485068796036617,-0.071370413959003,0.9626930897922414,0.02545122261517811
duration,A,200901,499,0.5940380921573246,0.8376981281071066,0.39550895515148266,0.8316093582403185,0.6147477716635972,0.6321912186145104,0.0576776897897657,-0.08240357397644828,0.9701462920317563,0.14610910094751153
duration,A,200902,506,0.48723865600292965,0.9310120178204891,0.2754742324741044,0.8634299672057529,0.38135344799020215,0.7965373766506553,0.07312630618678055,-0.07437108090010602,1.0243159408714626,0.14451191687380271
duration,A,200903,529,0.5014873210501591,0.9568603632329695,0.2953484356710451,0.9193390761248581,0.5045646672817239,0.8625837307115584,0.08877308208662323,-0.06694174230672006,1.0740834119750928,0.12269848124318199
duration,A,200904,527,0.5558147838567147,0.9327163489559747,0.35179686818473704,0.9124018076343661,0.5789035177133158,0.7154501953666311,0.09943023280096568,-0.06812989491504523,1.0700246640321378,0.05395477206876243
duration,A,200905,538,0.7174998874424838,0.9058033082333493,0.49212679878005144,0.9099280779668959,0.7100706181568425,0.5552420146658767,0.11014555645488433,-0.07148087731650388,0.9864928734916055,0.015961644056985472
duration,A,200906,561,0.758819681214238,0.9478844588951659,0.5138138238148705,0.8799066345571884,0.5566472975524303,0.6372741792669858,0.12427165325094053,-0.07473156555935245,0.9750474795404452,-0.03223247874322554
duration,A,200907,575,0.8082182219602743,0.9425631611427705,0.5712784679089028,0.897673122846715,0.6469954659958873,0.5414469015898026,0.13354752499167763,-0.07936644900156754,0.9832146431961605,-0.07168920275578616
duration,A,200908,593,0.8624689173604623,0.9668035347408906,0.6444066226909297,0.9098462652119155,0.689393088077229,0.6107295668693864,0.1438913483465131,-0.08329889755701433,0.9972589722611069,-0.04157654001284342
duration,A,200909,606,0.8884482215800669,0.9800130499014701,0.671336584262167,0.913702113119097,0.5720566181862288,0.5100481814634467,0.15496001275290233,-0.08633670282897737,0.9990257657482216,-0.04222710875291445
duration,A,200910,604,0.9037439722955355,0.9774701641712191,0.7405420865207931,0.9300119103792573,0.6704796852037769,0.5709919636630993,0.15852033770286955,-0.08692403217135518,1.0446057437838243,0.038462808279125134
duration,A,200911,601,0.9015496205168115,0.9717050097722225,0.7396047387743122,0.9043630703180665,0.55937845112835,0.59573194259782,0.16581188678346362,-0.08655725036311761,1.0325469814027322,0.04223679499546847
duration,A,200912,622,0.9068897298177323,0.9662338426206696,0.7371366761565238,0.8981012294958423,0.38305889696849726,0.29235063701528374,0.1816890914035223,-0.07311563059650529,1.0415794675635324,0.05978549846966446
duration,A,201001,626,0.9331169613761138,0.9718738079159576,0.8080299423585897,0.9278529037209429,0.6719038214472582,0.5926167920020217,0.1945656003814572,-0.06584545628158808,1.0014485487789782,0.0774582348392316
duration,A,201002,638,0.925965945349417,0.9847766564061818,0.7855963496710715,0.9189621046755048,0.5554358310481486,0.5946204684574347,0.2009169605763875,-0.06304696583198498,1.0102103158259363,0.075641572052471
duration,A,201003,637,0.9321935238441921,0.9724030486085713,0.791554499770016,0.9116350150069435,0.3164823592952988,0.23648832667811043,0.20077744818846552,-0.06703406962287756,1.028561206282593,0.08919400860547062
duration,A,201004,644,0.9114823465481086,0.9720238436817824,0.7072822903446723,0.8529553346624239,-0.11338821938879824,-0.09668716281629909,0.2077885740489783,-0.07056195102743017,1.0611832865004285,0.10310904659566865
duration,A,201005,641,0.8570146439902536,0.9531139886204099,0.526276726762522,0.7363965643396923,-0.25269507158791027,-0.11199380768052519,0.21380465070919294,-0.07325267700179829,1.03509016582674,0.10212785613277545
duration,A,201006,648,0.8424287344718786,0.9592487974198544,0.45267400056225515,0.746338514663128,-0.046635638336578786,-0.05984221256896156,0.22312370933499295,-0.07114572895946615,1.0035466529599681,0.09634771048739091
duration,A,201007,669,0.8800133875930093,0.965781836958652,0.47420139975720876,0.7634497073934392,0.2376460384899166,-0.0342791788532077,0.23636101764074835,-0.07027619808576739,0.9891915515927279,0.08399247832412812
duration,A,201008,667,0.8856376873823739,0.9857441577497271,0.34692171420851003,0.6419190530414842,-0.23094515849925376,-0.1892674553108176,0.2479844703842953,-0.06744075706491541,0.982938767238895,0.07892041462493976
duration,A,201009,689,0.8984863280695099,0.980004964813185,0.3364047245500045,0.6282997401257223,0.33574466386918533,0.1583146056079772,0.26036147103088336,-0.06342994228628818,0.9779339742095294,0.08330503088926824
duration,A,201010,703,0.9206368559447284,0.9815235776566382,0.3608390213285271,0.6300176251717663,0.55334460484151,0.43707323509317464,0.2753260269704593,-0.05924006904252195,0.9629397821208281,0.08018169217253772
duration,A,201011,722,0.9100929819674012,0.9823020623305114,0.3484702588546957,0.5990892762903766,0.12226608711003542,0.1579247214984334,0.2861512135195299,-0.05803453437309858,0.9891688762993515,0.06771792692372179
duration,A,201012,732,0.9175046462367555,0.9740343096479014,0.44461664265350664,0.7009407264395257,0.2986819142594892,0.12404392010134987,0.29514652899427457,-0.05702023323461128,0.9926651338242369,0.06475274159562355
duration,A,201101,730,0.9453996957540599,0.9895105643901172,0.5101136491301042,0.715912426947684,0.4576184316734498,0.34941965167095956,0.30478726716800025,-0.05975758198982553,1.0058795171080612,0.05338627384358263
duration,A,201102,744,0.9399907796391048,0.9843636903727225,0.46527127448802763,0.6693977215116671,-0.1182807742728044,-0.2213507540016123,0.3151982213433067,-0.05907630464246644,1.0145153498705939,0.05220273137789423
duration,A,201103,729,0.950214778784535,0.992997077151871,0.4172790386513805,0.6200544529018067,0.028780705900711512,0.04013087825866071,0.32974923174715887,-0.05412279238670606,1.013501421316281,0.04257137344804747
duration,A,201104,758,0.94738336730016,0.9894694728224888,0.35160826864145744,0.5626849764819258,0.2504199905333581,0.1806288083697939,0.33696938529274645,-0.05523159713447375,0.9842628626980809,-0.0025137087088594606
duration,A,201105,767,0.9418179104066555,0.9882613203090231,0.2324831973877361,0.4531501386970314,0.06439981046188106,0.1320549400412587,0.3417113987843805,-0.05612931356934023,0.9860345892396878,-0.04547688734974065
duration,A,201106,786,0.932037417228979,0.9894147895890538,0.2415276927638066,0.49450379138828937,0.29894076618715654,0.39940161820725767,0.34239435012052427,-0.055465121788033485,0.9942354165476831,-0.050516025402904355
duration,A,201107,800,0.9068460824694089,0.9830465343521158,0.10431334060447767,0.3874873903806454,-0.18773515210495717,-0.0760338595896405,0.3426476902068699,-0.05676256342887533,0.9950138486825644,-0.05952339527536881
duration,A,201108,799,0.8082960405114751,0.9513279848679224,-0.16959230052603347,0.17470381333739757,-0.3653212021133302,-0.12360302457578513,0.3441103371351937,-0.05750447758562638,1.0013973796269782,-0.06052315834663355
duration,A,201109,820,0.7114078139138632,0.9553261836245943,-0.3473686613166384,0.1835238735848631,-0.2510830092448539,0.037398181061901924,0.3426540540378193,-0.058900640579086415,0.9992516695879518,-0.06658547506324004
duration,A,201110,834,0.787510140836324,0.9656743071739865,-0.3715731869948312,0.260675776614593,0.3347223867935738,0.015384888285307938,0.3414219942657305,-0.061772031510993315,1.002886381217828,-0.07493576020161533
duration,A,201111,823,0.7238913530188642,0.9629493983902379,-0.3559066200757572,0.18388747320184662,0.06332713549290596,0.3138002661699978,0.34220362231138185,-0.05331881692589439,1.01236642329501,-0.04460294979112161
duration,A,201112,845,0.7100601100856335,0.9791518829562299,-0.46983042029576105,0.16247344987004247,-0.1677946092995661,-0.15865833453002917,0.34095538211191007,-0.05317926634616971,1.0148257840576131,-0.05552658879675436
duration,A,201201,858,0.8074353947115686,0.9627531140274634,-0.44425166109127917,0.1901160876678022,0.43564085650175044,0.03542247869530495,0.3390324720206352,-0.057631163994082656,1.0132698467041312,-0.0498199418487104
duration,A,201202,871,0.8143593016855268,0.9781637413260069,-0.4734913763181708,0.04239802674323439,0.06483634225800991,-0.1120853798575019,0.33894465396220413,-0.05622232484911944,1.0132976899551291,-0.042929634882851765
duration,A,201203,863,0.8707958739154001,0.98479749170268,-0.3889191232367307,0.08633387067492537,0.5727858871206126,0.3416567025998729,0.3380720450793864,-0.0563659773833158,1.004149931196638,-0.043414691929373354
duration,A,201204,886,0.8541990470779915,0.987701108724531,-0.44224216731068455,-0.022815733327155523,-0.301268372162433,-0.19846308955734,0.33855975232170343,-0.053303220512219,1.0038869261126389,-0.039582411965164765
duration,A,201205,877,0.8046496252954982,0.9799993572364518,-0.5310231935309737,-0.09624031366212923,-0.4198942552271163,-0.21096535265293825,0.34038038105845386,-0.051380956115125394,1.0073335871614089,-0.02038782870182145
duration,A,201206,892,0.8181342200059987,0.9722248854379292,-0.5664747415207664,-0.06607680333776642,0.006419876626114481,-0.17861461760886121,0.34354641142022735,-0.04964037817102897,1.002038522678669,-0.015495917999450728
duration,A,201207,896,0.8088709717578565,0.9676507026358265,-0.6596565676223052,-0.19435682675114602,-0.34460098439330883,-0.5199915105058592,0.34762472769306524,-0.04502665795022698,1.007933470567391,0.03510429064826114
duration,A,201208,894,0.8391038875942636,0.9696340303015709,-0.6321096637277601,-0.18069572844326068,0.31090867517444715,0.07381287188074209,0.3491589670275487,-0.0444110290772957,1.0070570488029331,0.03127660239846337
duration,A,201209,930,0.8754635327322695,0.9671573266659933,-0.6596811058422425,-0.27023184102716324,0.03377931629376272,-0.23394012598992603,0.34703041428565434,-0.04814359652993719,1.0067003135302852,0.023018164729526856
duration,A,201210,942,0.8816599374538647,0.9697351420452525,-0.6822070871321261,-0.3665677798012077,-0.2478503203555434,-0.40690754957409403,0.3405270024939861,-0.0462129579429073,1.013816066716309,0.0553404370875314
duration,A,201211,939,0.8823944608540811,0.9662619988415391,-0.6705752679512728,-0.37464108315485606,-0.05012959023402842,-0.20087946921678454,0.332473835935352,-0.04916303313072182,1.0026048657863031,0.0637396908227834
duration,A,201212,943,0.8548091592135466,0.9364834495296788,-0.6759082692529801,-0.39591091307208726,-0.024140458899857956,-0.14719451644371645,0.32416912050191204,-0.048733508493703025,1.0080075349203235,0.07933784642652869
duration,A,201301,954,0.9173491771043886,0.9610149440066237,-0.48864883029274897,-0.18650739666964072,0.5699367820230086,0.39171415382725483,0.31499311998005586,-0.0444002995144099,1.0061914566090049,0.08210102439496494
duration,A,201302,972,0.9046329160950094,0.9752529796865903,-0.437280940243893,-0.18805750994476889,-0.1417742117212951,-0.1959122878644951,0.3045655471538924,-0.04374870721460164,0.9954023124259652,0.08508636618569064
duration,A,201303,958,0.9099209917642812,0.9820995496658046,-0.3221311867832429,-0.05831586451537107,0.16201564339493724,0.14412726523654382,0.2938348155149051,-0.044871830746728514,0.9945607231890357,0.10928171029062266
duration,A,201304,947,0.9143434353867819,0.9752686746313646,-0.45350809258430586,-0.2103412130589956,-0.529901266508789,-0.5933586608792042,0.2867172020624221,-0.042802866202946634,0.9927419857519918,0.107301710634811
duration,A,201305,948,0.9316281261852619,0.9863535640170191,-0.06032059380427367,0.20390228863782317,0.6455239707822539,0.6216575178139386,0.2799283121633569,-0.04051520281813941,0.9930181631722796,0.114864305907893
duration,A,201306,958,0.9299330163107331,0.9781739883008088,0.3366628586076152,0.5446082057913298,0.4714058985748961,0.5069179280608642,0.2728019942429786,-0.039309435609283,0.9959631741807099,0.1285660170375991
duration,A,201307,965,0.9484509909328458,0.9862680885445531,0.5556205540442032,0.7436261808129444,0.4572967676123991,0.3678214087008571,0.26437346899292086,-0.03899809470000039,0.993363909908247,0.13066757643794827
duration,A,201308,957,0.9519772921407195,0.9840311845316339,0.6580686428751795,0.8003964896044685,0.46829895329272075,0.44899770603977507,0.2550472902776407,-0.0392464576204024,0.9943900845973808,0.11964457259804145
duration,A,201309,943,0.9583528951261616,0.9838830315049806,0.7489403971202291,0.861791241080581,0.5232166655696683,0.4798882575157139,0.2501098663665928,-0.03767153049515929,1.0017377575044182,0.0993827482961871
duration,A,201310,933,0.9621965629055409,0.990076196944691,0.7520925044806706,0.8662889776940058,0.3228304245239773,0.26888032987382166,0.2487899518174063,-0.03461343235922185,0.9928292004515322,0.09501193014633207
duration,A,201311,946,0.9576467920090239,0.9849514726062335,0.8417137577256089,0.9205189962073576,0.6685074689492719,0.664002378286681,0.2449633704757259,-0.03048634158579068,1.007661636964622,0.12981258971149418
duration,A,201312,942,0.9500751852175271,0.9751326632266443,0.7717589300831835,0.851942290159748,0.3382838168519605,0.35333485101059753,0.2423991302232959,-0.031470256470222766,0.9969977493123834,0.12568315339529315
duration,A,201401,936,0.9533687709953618,0.9827764024753831,0.7492676088321942,0.8456638277752438,0.3676970795060502,0.38734965490338497,0.23923918595857205,-0.036691597106461304,1.000290743535694,0.1400083528751553
duration,A,201402,941,0.9612060994004319,0.9887534233419583,0.7176490177048884,0.8264489648210254,0.45671438746826565,0.46195274231714095,0.23802955651165042,-0.03482151305880962,1.0093780907096366,0.13080761787915982
duration,A,201403,921,0.9685167101921777,0.9940013366101688,0.619509463310071,0.7301409487684275,0.31493507013416583,0.338010069898406,0.23718968293887377,-0.030430703125485223,1.0121885633466523,0.1351451977295179
duration,A,201404,927,0.9572660786377692,0.986624263072929,0.5351256297019931,0.6555521080148006,0.4028307571456708,0.42102449980168444,0.2341946310415838,-0.03516137863030098,1.0096878619633267,0.1435202808827556
duration,A,201405,935,0.96778147466207,0.991798259629296,0.5211905357705466,0.6384915934297611,0.4290559390367856,0.42519545225849237,0.23119692960683746,-0.03660681015626269,1.000310548364399,0.1334637433796122
duration,A,201406,943,0.9679820464643952,0.9869674420237705,0.4177066049182078,0.5272543969651835,0.3428885673085638,0.3204171388284806,0.2304770207848097,-0.04275627063767618,1.0051593168757527,0.12311661772036224
duration,A,201407,960,0.9586757095072788,0.9811387430934679,0.24591004830822674,0.35077829834209096,0.14434751546190044,0.14383828967971435,0.23195200238286925,-0.04907521909644059,1.0145150192767494,0.09691179770924771
duration,A,201408,968,0.9708241224184042,0.9892951790946404,0.037387506520301206,0.13626970334471641,-0.043122946626697335,-0.056186381373929846,0.23703047976658806,-0.05171724546818568,1.0237117844674455,0.07416055859948757
duration,A,201409,985,0.9653430360774473,0.9811626704248241,0.06321626534283317,0.16041071621669412,0.370457141316086,0.36832660595101696,0.24185906885035352,-0.056608497627894175,1.0288413593523957,0.04019688956406085
duration,A,201410,994,0.9587244962464426,0.9787629817276037,-0.09374014290611034,0.019271595039556794,-0.0932284202610701,-0.10341394044376453,0.2469630918974596,-0.058830908866315944,1.03421902658965,0.01563621870805396
duration,A,201411,973,0.9698681705042519,0.9846868915711803,-0.20693237946779114,-0.0953800381689562,-0.06855293489893027,-0.10055661009041045,0.25228689325160414,-0.060603836918036766,1.0274939372359324,0.024045838751178678
duration,A,201412,967,0.9430248725683719,0.9761037643180143,-0.4491890030944824,-0.3411211848082838,-0.47913911505108775,-0.47238324315147434,0.2580944701787619,-0.0631933768978706,1.0255588066900654,0.026899089452245267
duration,A,201501,976,0.9568642470923523,0.9890627977885934,-0.6146751251160855,-0.48941676154276176,-0.516712161933526,-0.5587078606836802,0.2637974627133432,-0.06270475705384768,1.0129320053981365,0.00505394551608014
duration,A,201502,959,0.9450641446368404,0.9750754193607205,-0.623978834075528,-0.5055082290985942,0.2405754959082273,0.14474928318798683,0.2658877015822774,-0.06636393875616815,1.001701568285703,-0.0202813401488732
duration,A,201503,951,0.9532992812201,0.9859179817427874,-0.6754441868239857,-0.5617382749754111,-0.08275551562149018,-0.11846133728263414,0.26793321049456137,-0.06548162923501977,0.9977277366329533,-0.03149335889574493
duration,A,201504,928,0.9618906936560309,0.9894331521951639,-0.623286268112759,-0.5017901461660588,0.5451509525369413,0.49215775022376623,0.27023555828931356,-0.06138717091353846,0.9952478938922416,-0.04079448302762316
duration,A,201505,923,0.9614806802508681,0.9892567177247142,-0.629375440891016,-0.5053242123908398,0.3356772615426491,0.27534620715897934,0.27210020949303193,-0.06126021158663073,0.9949807621764547,-0.051860021093112926
duration,A,201506,940,0.9674963613769976,0.9892258709458835,-0.5336852605724555,-0.40647813452409304,0.5222450166513148,0.4952932503184029,0.2722836851528985,-0.055678788113217116,0.9916618505703009,-0.03629039382175453
duration,A,201507,927,0.957864832178722,0.9903709626485118,-0.5961037560666622,-0.47427562348014335,-0.14290770866218222,-0.16879325140810578,0.2702106482962773,-0.050201551851745164,0.9911946226121288,-0.03407128357663228
duration,A,201508,939,0.9648615096651427,0.991916965048385,-0.5345399839978756,-0.41230277150752415,0.32444497577435044,0.299106643028062,0.2667335519653211,-0.05144119557989586,0.9916313580277625,-0.05393680399964093
duration,A,201509,942,0.9581309928456588,0.9885540417086014,-0.5123049263763622,-0.3564656645807928,0.4337188040387985,0.4250001480448363,0.26256674851371614,-0.04768756557213048,0.9889198816617256,-0.0457938717792172
duration,A,201510,956,0.9596241811253147,0.985948348159874,-0.485303562687456,-0.32593087057369335,0.2829424353063883,0.2368729872323956,0.25845082512167916,-0.04869173234488283,0.9892224660612409,-0.07042497894452522
duration,A,201511,940,0.9582243569868678,0.9935681904099636,-0.49917913507354394,-0.3180552114497784,0.16755842335623844,0.12456181110467457,0.2544162656373355,-0.050647061296149244,0.9865218832690567,-0.06332338801178908
duration,A,201512,849,0.9284935241830999,0.9801721070152866,-0.5089386376196581,-0.2983891458522318,-0.024615013670592812,0.023225587575450783,0.25063933223969453,-0.04827327881781858,0.9806463103733783,-0.059199835539048035
duration,A,201601,844,0.907014504403854,0.9732806766727826,-0.3494647021667917,-0.07667391075223819,0.4309473513397315,0.46619849784057865,0.24501756372621258,-0.04569611247680256,0.9796116836242933,-0.06634088721240068
duration,A,201602,854,0.8825203737422057,0.9804006273409988,-0.3812102314018304,-0.028225228487991423,-0.026324734311175612,0.012630664081006084,0.23861828107442343,-0.038616284282137044,0.9787062046644158,-0.061808993896921745
duration,A,201603,867,0.9162270499818661,0.9665908564516612,-0.4048493468893086,-0.015489112734781261,0.31945277376916564,0.11503015422030279,0.23243080219666876,-0.04452100774134375,0.9777600414969247,-0.07596840224233344
duration,A,201604,875,0.9284154139438628,0.9844904231802131,-0.43206088357392985,-0.11522982151676425,0.24561039286721867,0.12170701288938492,0.22686355121490215,-0.04566170093821667,0.9779568874956839,-0.07648331379367343
duration,A,201605,890,0.9321835020847522,0.9914154891960507,-0.4702069754917594,-0.1780268983776934,0.08393435874965051,0.026442024802956685,0.22395556210534123,-0.04485190737852724,0.9768305566940476,-0.0842439977988824
duration,A,201606,920,0.9062117899902157,0.9726724896559564,-0.5050819927062151,-0.22475482826111462,-0.09202530017073855,-0.10036496063527076,0.22163476655972716,-0.04789589248678964,0.9777047934122975,-0.11758598412372559
duration,A,201607,913,0.9201508243492842,0.9867297650778458,-0.5935405972739329,-0.3063286130885241,-0.2649083277225475,-0.3402611798142145,0.22114021470586687,-0.04909872685343286,0.9827903970170209,-0.10036436687735241
duration,A,201608,922,0.9343538340172038,0.9857466437000936,-0.6592439359285673,-0.39740828829400004,-0.16610364584752943,-0.3057514962985927,0.22013592601458246,-0.053102950593053984,0.9840871968793279,-0.07889993996430791
duration,A,201609,916,0.9309429758435038,0.9841832083909473,-0.6523180352218477,-0.40668876283791666,0.1441434933077004,0.05941283604454406,0.21983136832005232,-0.052708525781500724,0.9921315974048143,-0.07828857769527521
duration,A,201610,933,0.9482791911664736,0.9826716691860028,-0.6011491193278846,-0.36023166027734926,0.4946845149692008,0.3303117188551248,0.2189817771446908,-0.052222598291713274,0.9908718896445219,-0.06499437309767606
duration,A,201611,940,0.9557392955792501,0.986026110537395,-0.5460988070133312,-0.3304128639548414,0.2739668887803956,0.19278604796675813,0.21905599342749496,-0.050530069015938955,0.9980346173107987,-0.09083821211239548
duration,A,201612,948,0.9574027357119665,0.9895474254322101,-0.5657735934071515,-0.37197808708639224,0.005817335668461313,-0.062313090902661024,0.21840672171265726,-0.04955137931071499,0.9992761811055373,-0.10179592656097364
duration,A,201701,930,0.9639411235237538,0.9922571600144884,-0.548186476061424,-0.3597741231928179,0.363280278459067,0.24837402986526502,0.21860867261272338,-0.04514625590195381,1.0074228708760646,-0.08179984592835088
duration,A,201702,933,0.9609198588675703,0.9940904690512843,-0.660574340237741,-0.4933727552297412,-0.27711265538129903,-0.3220170687724166,0.22048554998854497,-0.04258978081507753,1.0192162544884353,-0.05215356809616345
duration,A,201703,935,0.9623426854816128,0.9921214923561469,-0.6967468716664709,-0.5324626693858754,0.09954539031570192,0.015429136059293429,0.22104414818243112,-0.03370889836074298,1.0195533801607508,0.03984131721959264
duration,A,201704,933,0.9518618100790285,0.9836896436123727,-0.7479960458294894,-0.5877720939812072,-0.09325896541869509,-0.14726001542974168,0.22078597745055983,-0.03055565801878881,1.0163759826746996,0.0586785774941612
duration,A,201705,963,0.958380131129377,0.9896762520106268,-0.8022110235582696,-0.6503611193428491,-0.1995388516641535,-0.27458105637238067,0.21812417027018338,-0.03007642841656614,1.0130251401793673,0.0657424293760324
duration,A,201706,994,0.958746635273514,0.992500723947103,-0.8465341754870119,-0.7049285525835992,-0.3829751514045655,-0.4393620852210091,0.21428700163121123,-0.028821067869439578,1.0125796480113645,0.08423187805834759
duration,A,201707,983,0.9588493970510897,0.9900742943886616,-0.8145661206716706,-0.6691054249075583,0.49049762010571357,0.41657600861387056,0.20756500920316462,-0.036294589496081116,1.0060941755574468,0.020608642101829416
duration,A,201708,973,0.9593430011071873,0.9880059608843671,-0.8237726933734599,-0.6888036499536953,-0.06735216783175972,-0.10944139164298794,0.20166769728465295,-0.028970811554450696,1.006340118186581,-0.0016532439080169665
duration,A,201709,972,0.9589280657390321,0.9888681206729318,-0.7982397446504793,-0.6647558318025222,-0.023357365633493235,-0.10588517096399505,0.19458676847916115,-0.02772758440806866,1.002797634162408,0.0014184311183415824
duration,A,201710,991,0.9539639607511986,0.9822121560793593,-0.7821788286112735,-0.6588407981458595,-0.23361914118562663,-0.2948643968287143,0.18749820232231848,-0.028655744558437578,1.0035052948494918,0.008158748133854003
duration,A,201711,1019,0.953804101070275,0.9783930639849279,-0.8221639245958238,-0.7088209050808453,-0.6500137927454573,-0.6828716285557113,0.18200577142664667,-0.029573503531283227,1.0016332525639409,0.0183794407711344
duration,A,201712,1057,0.940017812974425,0.9772881189826321,-0.8625185698068621,-0.7422582815802901,-0.5357942988785035,-0.596529573932525,0.178452154146304,-0.030819903338107753,1.0066382864297219,0.016302437902333974
duration,A,201801,1065,0.9496299069892896,0.9849733841801499,-0.8213183245346802,-0.6958394142575631,-0.21439684088530445,-0.2795964435604381,0.1769981434164364,-0.02942069818444136,1.0075857906831043,0.017195920490089056
duration,A,201802,1057,0.9398044492452413,0.9858780359874815,-0.8119117364256054,-0.6724212239501047,0.11093870139573678,0.12401431405245102,0.17504436447406088,-0.02923340127204152,0.9977749060808244,-0.0014964195328830737
duration,A,201803,1066,0.9152663291156626,0.9738767868011295,-0.8411526439626542,-0.6857955795786419,-0.36787752054307105,-0.34873269631655457,0.17352896956414685,-0.027919306963461517,0.9935120552477501,-0.04399478724802775
duration,A,201804,1083,0.9270439240977094,0.9818645268470848,-0.770797220702205,-0.5728898516809217,0.3819548907340527,0.32079699511162724,0.1721124474771415,-0.028217844967677538,0.9946503605506675,-0.08633040553696886
duration,A,201805,1061,0.9222687412444698,0.986500147036486,-0.7585401411203171,-0.553917783216225,0.057861213392354345,0.05422281015623238,0.17008886485176386,-0.043652165277976336,0.9906531838221675,-0.21165518012911136
duration,A,201806,1094,0.9158105045151617,0.9862336380559374,-0.7637609903302934,-0.5577483449533605,-0.16908579622892306,-0.20068702549008377,0.16785375534269717,-0.04455107599737805,0.987870865938181,-0.23791829918246835
duration,A,201807,1104,0.9141919144673962,0.9794243750512139,-0.773872043463351,-0.5757732511621014,-0.21210918695261563,-0.29724113953062486,0.16644701569521075,-0.0373965382102878,0.9972195012212328,-0.20391680049676406
duration,A,201808,1112,0.9106383250565183,0.9760652879199417,-0.7854017603956268,-0.5697484838613495,0.23327246240967545,0.18727307863978013,0.1651589377033523,-0.03790031481746164,1.005337230271673,-0.22952967359231313
duration,A,201809,1132,0.9145132291687725,0.9859719250878931,-0.7688854748121613,-0.5644802752624459,-0.2245391565283062,-0.25158579930560143,0.1639501165642996,-0.03976696065116764,1.0133963548662601,-0.2417484077474539
duration,A,201810,1120,0.9127845248913837,0.9822604534892154,-0.7533222170820258,-0.5157069275782159,0.39065659642868367,0.3665361471821123,0.1627223128536924,-0.0424441250710848,1.0171096622847653,-0.2566343894463501
duration,A,201811,1111,0.8940128840552592,0.9665409794685448,-0.7112234502677021,-0.46699335267338554,-0.10783923275717916,-0.03709274287644522,0.15959883157236804,-0.04685923181726007,1.0082781676864898,-0.281894449694273
duration,A,201812,1115,0.8505447817149073,0.9353747916767168,-0.6528812110864606,-0.3397041648251365,0.10200221670583047,0.13245236705000663,0.15403732889081193,-0.044954887669706546,0.9976927948075629,-0.26784314570867124
duration,A,201901,1128,0.8710276732844181,0.9536573582236219,-0.6036178488862504,-0.2330851511760486,0.30816523790837647,0.18734398321577786,0.14736526275475792,-0.040444229898959294,0.9912882992170691,-0.2635660357167233
duration,A,201902,1150,0.8727197420990579,0.9562718971134077,-0.5590579554606484,-0.18157352230670087,0.22536809216622403,0.09214019616245522,0.13997529231695477,-0.03316223069556026,0.9867274082341058,-0.2588070782001835
duration,A,201903,1143,0.8506501701717752,0.9477060798772191,-0.5477061545319941,-0.18606316813949422,-0.007576139334020194,-0.045376661688868405,0.1338220373751867,-0.03023205203845055,0.9859033009632737,-0.2616450268722513
duration,A,201904,1153,0.8619246052354983,0.955281473140052,-0.5484631109969296,-0.1633659744557559,0.3499399082040841,0.172644289273372,0.12786326669934192,-0.027136890055000366,0.9799029838540112,-0.27571344882965143
duration,A,201905,1159,0.846267631541964,0.9504914472774089,-0.5039628189187461,-0.15571228415518967,0.07071173103480388,0.10485623111208252,0.12327481797837167,-0.0031790472441536066,0.9848932009475395,-0.10739372553542992
duration,A,201906,1188,0.8434985640367759,0.9611526826987046,-0.4261250583502914,-0.04562240343513952,0.23636879283392634,0.18193602421501887,0.11896799991849424,-0.0023650384698509423,0.9856907779949763,-0.11897964494293829
duration,A,201907,1224,0.8656167726156326,0.957155760427176,-0.46943199072984554,-0.08985666270666062,-0.08418704535646972,-0.2059454708904541,0.11500240072839714,-0.0016360251005917122,0.9908363376619285,-0.12140033630832077
duration,A,201908,1225,0.7944869990722873,0.9385138104938708,-0.5192507676003199,-0.16621569784779786,-0.45243837218768723,-0.3683311585896638,0.11094836337253472,-0.0028023169297503384,0.9837335904149941,-0.12877639225425813
duration,A,201909,1259,0.8587155020008678,0.9521460503333613,-0.3890294926233492,0.08266283595194084,0.5497536851142222,0.4075030185163608,0.10666115653639502,-0.014323570704520706,0.9820424310615999,-0.2273757837510184
duration,A,201910,1252,0.8937118973644411,0.9720642747861192,-0.15958848094342648,0.21175615114304447,0.5623018567361603,0.5071781862950533,0.10271987961142301,-0.017462717615802325,0.9801108164703611,-0.24128987191724863
duration,A,201911,1260,0.8873400422532458,0.9651240237206276,-0.24713565801989676,0.08917862602148391,-0.21410261541025946,-0.26395412472799373,0.0995067419300842,-0.024236755697873133,0.9887104418243382,-0.26940010931081676
duration,A,201912,1249,0.8967551993675607,0.9518237433452231,-0.045094431958634634,0.26864897864698456,0.49418809882435993,0.3601591147719686,0.09734944954011886,-0.02593144112713226,1.0081108719438117,-0.2733984222841446
duration,A,202001,1235,0.8657445722957151,0.9587723029625738,-0.06895364023657935,0.18550772280628391,-0.11593987061999282,-0.09936586811551808,0.09542759254977672,-0.027810815527664512,1.0177303085135654,-0.23354476189608012
duration,A,202002,1240,0.7916349326494062,0.9349891071713845,-0.012711729769027019,0.3243853594424479,0.07073086485052961,0.19614580860645456,0.09460178755022719,-0.025364540098745357,1.0222980722826436,-0.1795474920437634
duration,A,202003,1159,0.6274585847596357,0.8134672817476081,-0.09944640912471486,0.258197762862598,-0.08893293125620935,0.022520547592872194,0.09364307760120748,-0.024881791382141746,1.0196138965259642,-0.16251697097893897
duration,A,202004,1142,0.7931760512453616,0.8776610619949309,0.2818712961301431,0.7652355453050711,0.6373264500703322,0.28079106559376027,0.09307216806128986,-0.02233477845535899,1.0246063966891648,-0.11973587816376999
duration,A,202005,1105,0.8674197355645425,0.9387144541779423,0.5879198204092307,0.8691896237888297,0.7731797054336469,0.5889376258903916,0.09150285182225605,-0.024823914061066203,1.0173743761388598,-0.09634832424209384
duration,A,202006,1099,0.8949819798985468,0.9689702399041167,0.6146946287267873,0.8298535790982113,0.602848460354295,0.5593298964224668,0.08998015659308727,-0.027379153948971932,1.0213216600869608,-0.07649266685180002
duration,A,202007,1075,0.877573252278059,0.968195708458745,0.5342805541480409,0.7571639194215103,0.2360964987140023,0.3325182935743174,0.08857152094825671,-0.028210636437663972,1.026454250308065,-0.05790340077333478
duration,A,202008,1056,0.8991246051151978,0.9748559358219449,0.6732563366720187,0.859284276791857,0.7820868127329746,0.7819715291298893,0.08704502180657657,-0.027783774468542313,1.0190372713107663,-0.034668092408545126
duration,A,202009,905,0.8913026199381233,0.9696456100118855,0.6759078780469654,0.8511610227742759,0.7143979082130424,0.789720281922863,0.08383020978375372,-0.03353887853488206,1.0097736247500761,0.03275190431781395
duration,BBB,200307,442,0.8217513684425347,0.925793009965385,0.5978851550304153,0.86324147929861,0.579797607530597,0.39114257918572237,0.21731300661362415,-0.06322542690287578,0.894985009884448,0.1284603158261316
duration,BBB,200308,444,0.8176467481328096,0.92488525217787,0.58522085633456,0.8323133610431898,0.21332548212605026,0.07989263488061157,0.21731300661362415,-0.06322542690287578,0.894985009884448,0.1284603158261316
duration,BBB,200309,451,0.8223063821055444,0.9351741507781017,0.5754815773365509,0.820576132791011,0.31676994420788934,0.2897945037079638,0.23186914697039215,-0.06082499480192427,0.8978412963585448,0.12478540229203604
duration,BBB,200310,433,0.8047846861310057,0.9134523717579043,0.5150493332284339,0.8023894832761052,0.26748139594559917,0.08363908062111818,0.24150877271106855,-0.06024230582164106,0.9117271628437617,0.12572173978261153
duration,BBB,200311,437,0.8659810061626708,0.9563177115409807,0.5738522107044839,0.8120309071367099,0.25441079325401494,0.16907342366113925,0.24150877271106855,-0.06024230582164106,0.9117271628437617,0.12572173978261153
duration,BBB,200312,442,0.889683380664016,0.9481523074326015,0.6508999154445594,0.8577270914207016,0.4707286630575133,0.30775636691116454,0.24150877271106855,-0.06024230582164106,0.9117271628437617,0.12572173978261153
duration,BBB,200401,441,0.9000185528862201,0.9503984587943274,0.6581166962630055,0.8205533531581876,0.3596540714187773,0.2696990888973028,0.25145681535574527,-0.056440723345767226,0.9124237148824972,0.12128630234652116
duration,BBB,200402,445,0.8644630432756748,0.9415232716113676,0.5798106868898425,0.7691399025307836,0.31008920947954555,0.32495010901482324,0.2583566131868133,-0.05478168836448175,0.918269786347903,0.12566742748116988
duration,BBB,200403,438,0.8805623896566404,0.9313322328783918,0.6293051580851879,0.8023272693884377,0.38765610206805096,0.3300547501612735,0.2583566131868133,-0.05478168836448175,0.918269786347903,0.12566742748116988
duration,BBB,200404,440,0.9025885088852348,0.9511783808607825,0.646197223971386,0.7981291867271775,0.26730622669444665,0.19175378214150884,0.2583566131868133,-0.05478168836448175,0.918269786347903,0.12566742748116988
duration,BBB,200405,435,0.8681782909871183,0.9601217446209117,0.5773552090060748,0.7763363457974877,0.23841752230890007,0.23435615543480343,0.2613744484560356,-0.051121867578633885,0.9229921210017071,0.12235070494743563
duration,BBB,200406,436,0.8838154750375712,0.937237300455889,0.5108531867885419,0.7225366958265732,0.04843628403084793,-0.08983331994675041,0.26891406673037066,-0.04668306078607962,0.9284871006616942,0.11868728398995612
duration,BBB,200407,432,0.8901363549974132,0.9407296038514794,0.5523712746631834,0.7280827896822333,0.3824672974094535,0.3071067134515847,0.26891406673037066,-0.04668306078607962,0.9284871006616942,0.11868728398995612
duration,BBB,200408,431,0.8940369342246244,0.9298042653888371,0.46145484422548855,0.6464259910325149,0.21008096668405304,0.1617880440964637,0.2762191356389399,-0.04561354470274548,0.9399088818721538,0.11610139519153771
duration,BBB,200409,441,0.8962687169905017,0.9413497549435107,0.10660865744899359,0.3566176891109643,-0.10363250195182967,-0.16247015368437717,0.2898480489928907,-0.04861613336290464,0.9524925745739271,0.0897643649365769
duration,BBB,200410,437,0.8947899889997344,0.9441508793944307,-0.1398593721235686,0.12920426540832686,0.16656850364760933,0.08444108654357511,0.3012448739542491,-0.048075321279826055,0.9357701606347463,0.07164333382707368
duration,BBB,200411,434,0.8769518297820501,0.9264996809013984,-0.46394180652140754,-0.18027259104928287,-0.1643560112431093,-0.24040060982102374,0.30752647222413704,-0.04826931310459804,0.9349565817941788,0.048075351315485085
duration,BBB,200412,423,0.869123806975029,0.9083074498741173,-0.6224433729549124,-0.33923113810082983,-0.07297598368344048,-0.17234707412450012,0.3140316959072791,-0.048867459776952296,0.9705109737861342,0.0333523289417203
duration,BBB,200501,425,0.8392569421482045,0.9337339794664028,-0.7063664785605978,-0.4316155133342329,-0.3379195260352348,-0.37503361879945973,0.318099711970255,-0.04932287601192452,0.9691189190831153,0.02956807778224326
duration,BBB,200502,427,0.794496615874763,0.9167459819704328,-0.7913043139835,-0.48801220993702643,-0.3277165801502977,-0.436032969727191,0.32299630120296263,-0.048584209488426185,0.9704463319917368,0.02459055905662564
duration,BBB,200503,411,0.7395796256991827,0.8590872608552581,-0.7693653428449156,-0.44923709885185065,0.028033656497007176,0.0898654744099011,0.32436482459983823,-0.05261249839731375,0.9620653735106539,-0.006852540357258404
duration,BBB,200504,404,0.6999917286856284,0.8484358648846273,-0.7504317181097762,-0.37229412964568087,-0.08968799278604452,-0.10216968273246863,0.327165307016973,-0.054107006611760586,0.9637624740754793,-0.020655407186205725
duration,BBB,200505,402,0.673448052960727,0.8349806954336453,-0.8079053320367463,-0.3748052217818711,-0.2055280856412356,-0.34733402919350426,0.33150891612699424,-0.0559207242648748,0.9806773413918205,-0.031741914975680345
duration,BBB,200506,397,0.744496790967554,0.8809415177125193,-0.8287226763429414,-0.3545331616036072,-0.1496070991937352,-0.33363294843694125,0.3376161891444253,-0.057408601875811205,0.9841475954878788,-0.036205170185935706
duration,BBB,200507,403,0.7352736881364417,0.8899721970033923,-0.866593866527129,-0.4966530540418121,-0.26972709617864826,-0.4620680968410166,0.33908359648455977,-0.05999799396769744,0.9765638187789657,-0.04608176886513587
duration,BBB,200508,405,0.7874857975559026,0.8663569215439927,-0.865885817231064,-0.49391499284612134,0.007758756171183621,-0.12760974599943053,0.3381521207569626,-0.0589909217551578,0.9718196428137068,-0.0550658532153652
duration,BBB,200509,404,0.784817872553037,0.8791744629345316,-0.8795003225488132,-0.540457066226131,0.096222409668593,-0.10225230490169841,0.33348625296797485,-0.054028356344805815,0.9755134917736178,-0.054440862795276115
duration,BBB,200510,414,0.7635265599803103,0.8867296645789909,-0.8376715552671397,-0.47334428159298647,0.04303247308636589,-0.05694847573632162,0.3274528739022726,-0.04912786264321845,0.9769952860018184,-0.043725834999762854
duration,BBB,200511,411,0.7343338430999996,0.9062152268467538,-0.8684183416846568,-0.45194294423844317,-0.20210379906455106,-0.341075407038931,0.324202713193249,-0.04351222946528854,0.9817013015048968,-0.0330791955577729
duration,BBB,200512,411,0.6549390833984238,0.8740931342345081,-0.8834356384932207,-0.45636842859466265,-0.3179704122886314,-0.443956865449288,0.31555758516845167,-0.043295184224814126,0.9774841370336419,-0.02941052474821844
duration,BBB,200601,413,0.7017120009239859,0.8225372044551154,-0.8856633179919127,-0.390752156214533,0.12999426613123305,-0.15487500517510794,0.30467627350529436,-0.04375632452583459,0.9684812863677272,-0.03598144998845872
duration,BBB,200602,424,0.6088940310803257,0.8576877797541526,-0.8963519922330639,-0.45119462100078034,-0.4995965082138837,-0.5580641168425802,0.2912308515718667,-0.04314498418285434,0.9618875754980252,-0.03912688853078683
duration,BBB,200603,419,0.6965645182924975,0.8084168979566649,-0.8600994784640056,-0.2744443634228204,0.5227689531922669,0.2468921855994069,0.27868439315844346,-0.03405850191952043,0.961751678081499,0.0020071644554920114
duration,BBB,200604,424,0.7640291583801674,0.8682004462911298,-0.8301143457803957,-0.3247582349980375,0.4253745021439736,0.11607458033072685,0.26424281852396087,-0.03681337860037194,0.9698677958762928,0.0034915140915377455
duration,BBB,200605,416,0.7298654184411025,0.882111833410038,-0.762361399110554,-0.3385905128249126,0.16820063874757468,0.11961137643747038,0.25058061800199244,-0.03191038995480047,0.9615893246401758,0.000638534339818089
duration,BBB,200606,410,0.6870249356392826,0.8311301551624728,-0.723880831548308,-0.27870247011581123,-0.11844683860077228,-0.15450641385618227,0.2343022950261842,-0.02896018861204805,0.9401237883741959,7.598999971254385e-05
duration,BBB,200607,416,0.6795701880322195,0.8267514822575258,-0.6839360222241527,-0.16174811304788156,0.16412395570105548,0.004141952704394824,0.21757816447219508,-0.027010921552822614,0.9470154440426711,0.020667519378222303
duration,BBB,200608,417,0.6775007956070342,0.8776413725052885,-0.6749733734556439,-0.12442794122998484,0.12212980397412039,0.0024297510957376122,0.2014991337231804,-0.02480365225052096,0.9498320634281525,0.0398542492198864
duration,BBB,200609,416,0.6352450103039073,0.8696963417094943,-0.6202060019354958,-0.033118931841274304,0.14380013734240255,0.11242228624875006,0.18658302669167945,-0.022249438007254426,0.9482648120646685,0.038276867880060565
duration,BBB,200610,403,0.6693389560494737,0.9005577979017714,-0.5867586666902596,0.04618705636150662,0.18300147299274944,0.09821869828271358,0.17251112912049713,-0.022202509391622223,0.9368648490404934,0.042000474005786964
duration,BBB,200611,394,0.6030128301833131,0.8566659103178408,-0.5694707636424379,0.02145916199806813,0.017429674778145034,-0.011712388863168827,0.15921163891356227,-0.024400100538552138,0.9367771617956097,0.04562564435695209
duration,BBB,200612,395,0.6544694529432546,0.7956572284084743,-0.4998642127045803,0.1315726422704883,0.19820845478495033,-0.07295633781647261,0.14535746710141842,-0.030001416856092852,0.9381913052436077,0.06609863329917534
duration,BBB,200701,400,0.6899489034574563,0.8015994966691785,-0.4238996493728086,0.0981409160520716,0.13924999531247068,-0.11536304007034932,0.13167308331508437,-0.03825402465741997,0.9352852143976633,0.029459712919492443
duration,BBB,200702,391,0.6155652283471934,0.8376664025295452,-0.4479176285898976,0.10512974382415019,0.06721243681419058,-0.004486857740650961,0.12102535163719817,-0.044061133037548626,0.9355563525447808,0.0018736571807661125
duration,BBB,200703,380,0.6837295686096196,0.8411827734652612,-0.14845829029195315,0.4186617834022298,0.4747677474130212,0.3282831140757017,0.11026922290453796,-0.04919192049868983,0.9368481404442773,-0.00796958138547802
duration,BBB,200704,384,0.6510739268832061,0.8245861547197149,-0.20222803166941103,0.3456183102110298,0.06958755103119925,-0.039233469662476976,0.10447552492744258,-0.0516542544727691,0.9360328060162689,0.022778736997709888
duration,BBB,200705,384,0.7427597641643326,0.8520883346678455,-0.22950518802346478,0.27712783678458475,0.10889869520037354,-0.16244998262492452,0.09977419025613415,-0.0592132085689549,0.9195710001327525,-0.008703897265593622
duration,BBB,200706,381,0.8061152539254183,0.8891953253601168,-0.011030999190683968,0.4051081899717505,0.49818891128551057,0.3245739224280907,0.09693607420294834,-0.05823130407696386,0.9284819041123283,-0.019590840344102512
duration,BBB,200707,390,0.6976278454093591,0.8055799943154217,0.03744241857074067,0.35467441116990606,0.2397421315165679,0.22011605423746136,0.09275655688229283,-0.062355574616934584,0.9148992367465042,-0.15585236516032955
duration,BBB,200708,376,0.6527969717433335,0.8101568452763037,0.13318313674586602,0.5392817637166261,0.30840750701591785,0.19851635745217577,0.08789328440987432,-0.0763499392727698,0.9047091160492703,-0.24797817127813124
duration,BBB,200709,381,0.7562070263461689,0.8164072677093621,0.2683101930593122,0.5743743506686373,0.40506078631574916,0.13572510541622199,0.08416410546684104,-0.07675970321660842,0.8997516947528382,-0.26654384269264275
duration,BBB,200710,379,0.7450307718098961,0.8904519934133749,0.25857607960093726,0.6207913525050415,0.333865685203868,0.34303971746451895,0.07884158206385992,-0.07835589248051668,0.8908115149853072,-0.27019607220953074
duration,BBB,200711,387,0.6404504960794684,0.8177633680669544,0.3142252427540256,0.636452154945902,0.3324688954268268,0.36877152882331804,0.0731734158197758,-0.07935862333615108,0.8864588331852828,-0.2687117772347628
duration,BBB,200712,381,0.7234801296870111,0.8240482800998455,0.3932171718862044,0.6975875881506906,0.43955462654152083,0.3202329815318413,0.06858416825754057,-0.0800355760719072,0.8836223097198989,-0.2808984785460851
duration,BBB,200801,384,0.7847242160515596,0.8876409703328151,0.6175821976186704,0.8356167489933277,0.6763621413000552,0.6277162599586747,0.06749529201712257,-0.07412189241366274,0.88317403572218,-0.16748678341284665
duration,BBB,200802,384,0.7751311643261972,0.9109055123827499,0.6285489640907396,0.8476405347346865,0.6046116527874061,0.6681979277115865,0.0672061515053178,-0.06879828868401207,0.8809365880175795,-0.11570467119376655
duration,BBB,200803,377,0.6993438231601424,0.8934339153181058,0.49388894711712034,0.801384802800668,0.4636540596324045,0.6288124633658816,0.06562652770363717,-0.07164856196818348,0.8908833008918676,-0.12204949892543009
duration,BBB,200804,387,0.7372854353162576,0.8748948888578147,0.5169852369080198,0.8069349717009069,0.5198014643950466,0.4746292696407853,0.06388827964732655,-0.0741154950543468,0.901996025906765,-0.12215704420872171
duration,BBB,200805,405,0.7697142442960909,0.8924554279462259,0.5459789985566702,0.8175167509548131,0.5815324519925926,0.5395358703220923,0.0610769172612932,-0.07514254003155232,0.8961646021324028,-0.097887289365333
duration,BBB,200806,413,0.7411106866638949,0.9052133201967826,0.4918845145000786,0.7959073999654362,0.467551254339376,0.5381577215323884,0.05929166861026308,-0.0777806440284952,0.8829350639206756,-0.08474125034248596
duration,BBB,200807,424,0.7466276304088917,0.912832749957676,0.5223988524334215,0.8425446906256684,0.6219151139095499,0.6475308555243834,0.06068689127459878,-0.07281358768537795,0.8971046624919273,-0.009586130804873184
duration,BBB,200808,427,0.7303242157658839,0.9136881070552947,0.5389894137307375,0.860145137098475,0.5875657244304229,0.6732207456116405,0.06274845538832774,-0.05204913487564362,0.9090197709622503,0.19741936180993838
duration,BBB,200809,428,0.5555375458703681,0.7314016091337067,0.3421651123504962,0.6227658868781039,0.32864903269689677,0.4162893815279966,0.06251866454424854,-0.057545762760418964,0.9078617457046646,0.14612198665194628
duration,BBB,200810,424,0.34013074304247115,0.5713650484740164,0.14468786237072542,0.4812509578610394,0.17309773632431702,0.29504795465775346,0.06453099459795339,-0.06627257933122711,0.9030183539874851,0.12895425924644066
duration,BBB,200811,415,0.3133459828913252,0.7601708897949363,0.12650535251373388,0.7277077609666468,0.2660219469151884,0.5610026635455033,0.06595809474832333,-0.07286081607244757,0.9128732250606466,0.1564688526030568
duration,BBB,200812,422,0.3429267148060969,0.7792417883884237,0.1483522260893684,0.7632744591341645,0.3147367593666032,0.5708106260153155,0.06597190935920788,-0.08871914168888462,0.9422529593437741,-0.042780545447532015
duration,BBB,200901,430,0.47200229475542177,0.798159885488558,0.27518714491142054,0.7954765822411746,0.5079596279265007,0.5997414022492926,0.06859176017924204,-0.09732933655092135,0.9471435000256104,-0.008831706894056143
duration,BBB,200902,439,0.4912047242591812,0.9150359032941653,0.29320515038991024,0.8809460430232369,0.47700647227907506,0.7526560451338085,0.07729345988805345,-0.09644405114087289,1.0305479760582903,0.011489374621270379
duration,BBB,200903,434,0.509898941856749,0.9460813843890932,0.3018500338915375,0.9105078594509304,0.4682379601944657,0.8117648854920321,0.08990463716469597,-0.09174422426401915,1.0707886279559555,0.023722516520629934
duration,BBB,200904,441,0.605754255366731,0.9050022159236678,0.4080495135116984,0.9073225592505567,0.6215346835871773,0.6381781241388842,0.0985638193082332,-0.08944802527149058,1.0442093475991652,0.04074941317364451
duration,BBB,200905,451,0.7374133627595654,0.9254564066996118,0.552357200321802,0.9205784879259391,0.7242682239099308,0.6379080405505226,0.10701379019316763,-0.0941951897743246,1.023784448495451,0.11221218699206625
duration,BBB,200906,457,0.7014735794718254,0.943641401878268,0.47902617522469004,0.8848570511739706,0.5111924876791302,0.6129039173152145,0.11887770036932482,-0.09610002422526341,1.0232081942993934,0.09646586031581857
duration,BBB,200907,463,0.7085159436671009,0.9362837416246914,0.4851583212348832,0.8800059629818486,0.5181157606731115,0.5424362770394529,0.12957498592417888,-0.09659368993028017,1.0229565600404251,0.09189312752000853
duration,BBB,200908,460,0.7446228048503757,0.9420565115639998,0.5461447278147326,0.903625283513209,0.6106947489110549,0.5684676978263763,0.14277900748844874,-0.0989432009727826,1.021908816427319,0.0716441188411312
duration,BBB,200909,477,0.7881359750538609,0.9527482650192989,0.5900274849025423,0.9025819405330752,0.5486461764155779,0.5136242216690187,0.1546325735251299,-0.09921886076963636,1.0299509389879973,0.06597827619263462
duration,BBB,200910,488,0.8120353211613046,0.969585487737866,0.6576415408083146,0.9359643480979503,0.6026310958087382,0.5634967465717823,0.15970252984651417,-0.10198539548208511,1.0128734738284895,-0.00656527531833019
duration,BBB,200911,506,0.8339411471478189,0.9666285835863638,0.7015695189277097,0.9329488686823189,0.6719052202144361,0.6504868361711678,0.1635831673956414,-0.09071483663899246,1.0011384234514926,0.011684217597077256
duration,BBB,200912,515,0.8615210353628853,0.9664267834580644,0.7401481041561059,0.9275255945512547,0.4620286899360214,0.39000779111082684,0.17405995261156276,-0.08152689078414918,1.0040214811669628,0.01633855762117167
duration,BBB,201001,521,0.8813412273719631,0.965334845650682,0.7830989237925524,0.9246072240870951,0.5981680469996765,0.5460597768615416,0.17814694092107608,-0.0731422281055446,0.998148439800211,0.03859187044201315
duration,BBB,201002,522,0.8689248477949952,0.9642405019439432,0.7612092945677642,0.9165347081807383,0.5084797977155128,0.5249198473096728,0.17954945365413946,-0.07067744137967209,0.9798494807087796,0.037028571142928964
duration,BBB,201003,521,0.9053295767554056,0.9752395033624099,0.7907486792555293,0.9217660765911415,0.44084313053442287,0.3451718486321233,0.1840721025978272,-0.07271432632794024,0.9795613415115411,0.037188162133353464
duration,BBB,201004,523,0.8842206356352724,0.9616765754053757,0.7609639718078499,0.8986763624553041,0.3980864609803895,0.3567840099100406,0.19064428232714586,-0.06844226800641155,0.965799471950714,0.03535358805836683
duration,BBB,201005,534,0.8285203363976552,0.9435787088267353,0.6011091385981545,0.799828084739752,0.16863609954688552,0.30880865507209215,0.20207774365506112,-0.07012406654117946,0.9472073607688526,0.042550003493722004
duration,BBB,201006,531,0.7981943816136878,0.9514406875976027,0.509479457147014,0.7848903914915263,0.15921760267348903,0.2725786650870154,0.21685108565980762,-0.0700859112620747,0.934590145563137,0.03731853490855522
duration,BBB,201007,529,0.8192110518946966,0.9544373512668003,0.4770321457731211,0.7828424513394004,0.38748447668178737,0.23334912416419962,0.23153761775905188,-0.06940891193279942,0.9171074403610948,0.03582360252680117
duration,BBB,201008,540,0.8264921265215107,0.9727831068605802,0.37780716322009883,0.7047240332834499,0.17117845625899494,0.2370201546653013,0.24381357583883254,-0.06825854349253944,0.9120765412940324,0.03103407624264003
duration,BBB,201009,548,0.8575059525217796,0.9719438205555193,0.3553542268435015,0.6779896715569542,0.49493157895926576,0.4221232507622418,0.2590244246868114,-0.06570417224224864,0.9171043055615983,0.029644300150773097
duration,BBB,201010,563,0.8566762273422719,0.9784078028297631,0.3099554558303155,0.6311336622705878,0.570437107400793,0.4957628569675365,0.27862418457335936,-0.05839045590288688,0.9199396267786678,0.03827769990004379
duration,BBB,201011,565,0.8732716414351185,0.9833755729830911,0.2907995001240515,0.6087801159013422,0.2557737690891563,0.2190458007941271,0.30408835716918226,-0.05549635462991863,0.9287667983622389,0.03961474729868802
duration,BBB,201012,573,0.8646828318471481,0.9707410999807105,0.3079714824807095,0.6272491829014846,0.23897453968223292,0.12186460951346835,0.3147391988108232,-0.05384790112044564,0.9376055234477454,0.047154155383515625
duration,BBB,201101,568,0.9019065471811595,0.9701840442829726,0.37190939596799055,0.6508708301122718,0.570028384850534,0.44531010790173725,0.3247426343885432,-0.05481075060624675,0.9492920706078919,0.05109331256144235
duration,BBB,201102,577,0.8854370158346475,0.9730086272582049,0.27947268811459974,0.5713616105368291,-0.0364708274312473,-0.12001149717612963,0.33565342447150337,-0.051485199373986885,0.98158959434211,0.0533080332259093
duration,BBB,201103,566,0.9067368887177558,0.9883691747077787,0.27490708394009633,0.5634542869935959,0.33263446750412873,0.2395681582314343,0.34487032293045267,-0.04866934251947206,0.9837994873002698,0.040423560349146584
duration,BBB,201104,548,0.9095602528376232,0.9877258494865495,0.24043920896971482,0.5126215853079968,0.3545275476148652,0.364867513109192,0.3497945445007849,-0.05311234534524575,0.9700653743995469,0.023288370149081788
duration,BBB,201105,563,0.9039037103989701,0.985674045546904,0.20557569727568745,0.48127213273237085,0.1655436369727502,0.2146597109486178,0.3529290416313667,-0.04970521494278782,0.9807277227714933,0.011163970180607634
duration,BBB,201106,576,0.891811714235455,0.9843372004519003,0.2623308465041657,0.5538172040706933,0.4208003419234978,0.4697595594402415,0.3472500656244017,-0.059460150441775765,0.9826719782248878,-0.03877554685599561
duration,BBB,201107,569,0.8688709723149105,0.9852322619335135,0.1607600722392828,0.4828840854447054,-0.11393986618252451,0.0177040368416062,0.3451392264780097,-0.06646175265652586,0.9939640540187775,-0.04578109647304404
duration,BBB,201108,582,0.7994254646358255,0.9677243225143936,-0.05735663155226645,0.3450605297439552,-0.3223374961586317,-0.08677394176144795,0.34423404365082133,-0.0714157657224579,0.9908642274414491,-0.04031000787619589
duration,BBB,201109,583,0.7663539824955784,0.9751753699817898,-0.1693095361281821,0.3520658671112519,-0.08606209015356002,0.08937753760170512,0.3432943918714551,-0.07499716154745534,0.99238797669345,-0.034686380206859754
duration,BBB,201110,585,0.775441338788431,0.9726902526731713,-0.2668612350894067,0.32874727007980364,0.056936467462906294,-0.03763622347262473,0.3441365527659243,-0.07774961940136511,0.9941593287500538,-0.03523689517792658
duration,BBB,201111,619,0.7425198915939596,0.9612761021814975,-0.2029925139528325,0.3685526444707918,0.20241929415491505,0.2723494128802268,0.34482827932537546,-0.07757123798149726,0.9896566908668994,-0.03545045411859568
duration,BBB,201112,643,0.7239719519533728,0.970190537514718,-0.312399206614504,0.3181617734980028,-0.025834591246459378,0.013601005989337863,0.3474155446046563,-0.07412053042488913,0.9926685040390912,-0.03808425504658996
duration,BBB,201201,651,0.7607787142967848,0.9729357938326882,-0.2615000554561212,0.3847674289599197,0.4480818537576617,0.24451355536219638,0.34717953582009675,-0.0781470989352889,0.9941074146703599,-0.051649737329465296
duration,BBB,201202,654,0.7958511320350747,0.9706890099829174,-0.26791945296419273,0.32576522440879463,0.279536824814183,0.10839879134508983,0.3487034989514796,-0.07668431866333307,0.9922089941837254,-0.03810762268753332
duration,BBB,201203,655,0.827732834334432,0.9793689447357339,-0.15577547860800234,0.3879036543003063,0.5028389219760612,0.3323229870181515,0.34874312282669645,-0.07739876707127447,0.9860025373033622,-0.0411711558490503
duration,BBB,201204,659,0.7848878833486047,0.9704221709505073,-0.20981619736897153,0.30661850851491357,-0.09292039442815925,0.05339284141157677,0.34794411200361586,-0.07978962111319315,0.9894262286470065,-0.04476761984485188
duration,BBB,201205,662,0.7354028098958052,0.9620866732701511,-0.3087894995140924,0.24646007522255545,-0.2260016946274684,-0.010064154928961946,0.349837932942645,-0.07886015708800577,0.9925943018268183,-0.040686628991163244
duration,BBB,201206,663,0.742182019520187,0.9770710117341561,-0.3243291925236303,0.3081372832628147,0.1812803290371641,0.11169412012027986,0.3551368048765512,-0.07334510383344342,1.0001690075605114,0.0029506340106100646
duration,BBB,201207,680,0.7430284900828248,0.967485992439775,-0.4111422454153328,0.18972420675811683,-0.10090138063442326,-0.09176638696829108,0.3596232721559892,-0.0713499509561897,1.003802960663552,0.002602371932025598
duration,BBB,201208,652,0.7969114075365414,0.9730461995059503,-0.3691265793944197,0.23812967374964872,0.41987299534148265,0.16909033678755472,0.3625315762207986,-0.07145774814429845,1.0067626049266238,3.0229269324545265e-05
duration,BBB,201209,704,0.8231845557265542,0.9780543678731235,-0.38368898736846563,0.16157857455775365,0.18885004930642435,-0.020304465524860916,0.3622149866627958,-0.06716916584814,1.0065855000664055,-0.0024951453244819845
duration,BBB,201210,702,0.8070070433332898,0.9778900416448539,-0.4449465897152657,0.06660815549194772,-0.16006082144681139,-0.2199056440342348,0.35956399745127765,-0.05861529226276915,1.0115927603750883,0.0034356860775821684
duration,BBB,201211,713,0.8070130962581916,0.9724044933032755,-0.37964178133171866,0.1374532464385169,0.167815850485731,0.14221451553687575,0.3546005365534088,-0.051659737356833296,1.0055954885386225,0.004195336751564729
duration,BBB,201212,723,0.8092051790216285,0.9568161585645306,-0.4104458825113823,0.11537938856139354,-0.03928485707445714,-0.2144591042445146,0.3495666891422283,-0.04875086012764799,1.0103676378483106,0.014194279077528925
duration,BBB,201301,738,0.8648884896383511,0.9614733492041669,-0.16817647445881162,0.32648036627460153,0.5882000664297307,0.3208840995000639,0.3430197585271727,-0.04094714998066743,1.009100174315412,0.05611261448185894
duration,BBB,201302,745,0.850704581412023,0.9821140272940345,-0.11535216761168898,0.29151763683540677,0.03566187187306735,0.05477829518713933,0.3337112937985784,-0.04194129249902714,1.003438633318029,0.046049749088817364
duration,BBB,201303,745,0.858355326284997,0.9861498865961533,-0.06648621083350825,0.36692432246260076,0.16380383742378224,0.08769600056707628,0.32626163931408714,-0.03701198784522913,1.0066202201136927,0.07954067749875347
duration,BBB,201304,776,0.8597558164890545,0.9804635857613573,-0.17328693289023525,0.24655024868241296,-0.23276760916933847,-0.2767995454927921,0.320964406867279,-0.03296798878898858,1.0093285366301903,0.08241473433100602
duration,BBB,201305,797,0.8783022767493937,0.9818300785713204,0.04124468132052588,0.44529237875166433,0.5837857874088144,0.4479696926008146,0.3151240301459402,-0.03691284196399814,1.007904220519074,0.04591618405494094
duration,BBB,201306,806,0.870879083605922,0.9831595012055767,0.2880475251569213,0.6192557901683561,0.3865978536784898,0.43356831877324764,0.3075333446985797,-0.03989521100504455,1.008494507188389,0.04767972006585079
duration,BBB,201307,798,0.879539156931499,0.986524246097833,0.3900024722887648,0.7339969036575972,0.47841358850878657,0.34149064786645694,0.2994507557918184,-0.04282742811226558,1.006241696815778,0.04844742282121767
duration,BBB,201308,809,0.8799596050509002,0.9833308575742332,0.47995909285955907,0.7675913512562133,0.35274608818557024,0.35247052394421713,0.29198206095358914,-0.0422987419009804,1.0044273136528477,0.05207802768163303
duration,BBB,201309,863,0.8941528023245555,0.9680178194659979,0.5865577737270868,0.817472295706843,0.5293213574572251,0.4110615788451828,0.28897881457670116,-0.04129652953426713,0.999897259090651,0.05418620184471307
duration,BBB,201310,891,0.9080516931260858,0.9850447852015248,0.5664453341604352,0.8049126521148683,0.21418570892102118,0.14926480632084801,0.2851724979774198,-0.04213771113446037,0.9968486901049596,0.055007268107585675
duration,BBB,201311,897,0.9205279135398928,0.9900423090404894,0.6686137513717028,0.8647449450868413,0.5866704652993944,0.5010925554399914,0.28164488116809633,-0.043887719540179275,1.0038925314826443,0.05724268576571447
duration,BBB,201312,912,0.8980510226655458,0.9724028721281816,0.6381064912625564,0.8304313496719467,0.1817064885182658,0.17643072476509492,0.27686846043599317,-0.04505866710184369,0.9951075032901257,0.06145026773291344
duration,BBB,201401,911,0.916585244556203,0.9903369622478922,0.6379358213406083,0.835617028005284,0.2613786344188807,0.30275920521057825,0.2732015385386882,-0.04764685537349713,0.9923749284335683,0.04946132658383071
duration,BBB,201402,925,0.9302052183979088,0.9913005918335359,0.6000567051307841,0.8107522150848591,0.26576185951830916,0.20950825886441887,0.27274379764807855,-0.04696318653366418,0.9959022702084419,0.05334283779062219
duration,BBB,201403,925,0.9315803485972487,0.9911133218838938,0.52422412461298,0.7426990069227286,0.04232867901180392,0.03381604965969514,0.27271465072276857,-0.047695484466346735,0.999458483902093,0.04501328898222106
duration,BBB,201404,938,0.9148942399339184,0.981544752266632,0.47011210135085996,0.6986649056813062,0.20672870632636908,0.22325244608192477,0.2717743809448973,-0.047672759874850444,1.0025713232517401,0.0493901355603572
duration,BBB,201405,931,0.9326763169196411,0.9923486598563929,0.439559215665479,0.6745613326248903,0.17064743417445524,0.17219326311314576,0.2712126808018837,-0.04211541253722747,1.0019948267993066,0.09307597626767408
duration,BBB,201406,950,0.925263957484519,0.9854277922053856,0.32832973656011444,0.5684452123319894,0.08626655075459773,0.03734747999324118,0.27385072966304447,-0.039069907991728485,1.0055696254913769,0.10686910125332892
duration,BBB,201407,962,0.9359222850669215,0.9906862229197109,0.21202984669926012,0.4454557915544151,-0.02720088571348767,-0.017886298884863594,0.27949519327076133,-0.034726236317545754,1.0121239929142771,0.09846610928654177
duration,BBB,201408,976,0.929271635264718,0.9895351078787281,-0.058379294685381944,0.20261822840759333,-0.24289229839911924,-0.23766348712910113,0.28543890042779996,-0.039975636212797885,1.017300302845099,0.10162053593012076
duration,BBB,201409,1001,0.9264821489745702,0.9830722624194068,-0.003967374002754343,0.2463724476066754,0.32342103405576456,0.289319167710634,0.2921224915982128,-0.03983679496175662,1.020453943208009,0.07338930107510132
duration,BBB,201410,1017,0.9184531711263435,0.9834677764293417,-0.15147107187355716,0.12635262493381255,-0.11729697201896226,-0.102666183561619,0.2994017768277597,-0.040347342241757345,1.0222042818694235,0.061074641882165555
duration,BBB,201411,1030,0.9174874268921306,0.9866940333970419,-0.2200781103801691,0.05969905394131623,-0.025847733810151877,-0.02538188015661886,0.307501220341709,-0.040011248591252366,1.0185298341448963,0.0767641385058976
duration,BBB,201412,1030,0.8630023179650932,0.9661380753870628,-0.39403173914150724,-0.10184224918213251,-0.34942284482199004,-0.24090146493260725,0.31569740917888595,-0.0386943594018373,1.0196269599260959,0.0677319717131882
duration,BBB,201501,1046,0.8453211411834899,0.9776342570401343,-0.5016265968998443,-0.13311574994881784,-0.31087888684615367,-0.17568163052043437,0.3232685429438721,-0.04232628133036096,1.0176082686903072,0.058970026921798195
duration,BBB,201502,1083,0.8700127830684109,0.9787640606182396,-0.5457451191339246,-0.13886143155228964,0.27772182709512766,0.07795911165993369,0.32840886988262336,-0.03968059882475239,1.0099216155461188,0.05370043490304763
duration,BBB,201503,1077,0.8803784003101973,0.9901511957923275,-0.5340663417380616,-0.17869626869976582,0.12644924830940182,0.17909467293243925,0.33168881296648006,-0.03767335219036868,1.0042813173569995,0.05639469631089129
duration,BBB,201504,1097,0.9006739410400425,0.9874135667540477,-0.4954886609752838,-0.13556907802858345,0.4620403452145777,0.2969932453574353,0.3329975513369036,-0.035641456632047853,1.000485183322678,0.05317814999818907
duration,BBB,201505,1125,0.9193921030774742,0.9883595572632848,-0.45756594514753735,-0.14480055639922595,0.411550934866814,0.28465566121412533,0.3328581683372737,-0.037998493991390644,1.0017307939339826,0.03465930349140704
duration,BBB,201506,1143,0.9195752969736088,0.9904157826583666,-0.3807421994662666,-0.08730924593478329,0.3966431655392306,0.38417328296808184,0.33171677794827115,-0.036682120420129305,1.00008395589475,0.04390396482186446
duration,BBB,201507,1177,0.9111418322332844,0.9897613219545895,-0.35306038692993186,-0.0574868868471007,0.036801370872143704,0.09092137787385647,0.32624847452690936,-0.03927993247836834,0.9968467346219033,0.03991956329954557
duration,BBB,201508,1197,0.8880302619392572,0.9864827317356168,-0.2674949149792336,0.059142948466535165,0.24628953444538398,0.37197806557729385,0.3203937074095655,-0.034157351167330735,0.9978239710414668,0.0379516677420693
duration,BBB,201509,1190,0.8769722877198881,0.98971260190747,-0.2241509112576984,0.15194043178116864,0.3943721090129529,0.5088362344842876,0.3132638075932503,-0.0336542248531486,0.9957693201584096,0.04109360981913217
duration,BBB,201510,1198,0.8792530224514348,0.9846519565827808,-0.22987911845845851,0.17868572384425468,0.21502623427860276,0.20682906921612018,0.30719873825426247,-0.03014295322042087,0.9997408188786687,0.037903514751631236
duration,BBB,201511,1232,0.8419820676746618,0.9783861596177905,-0.24321016501672338,0.15852260871479992,0.12773755758581443,0.2863033897741079,0.3014182033619094,-0.028429639322045643,1.0054962350210037,0.026527541037609403
duration,BBB,201512,1347,0.8154867585349993,0.9604158585776142,-0.25209831737565347,0.1863579408828052,0.23561087429917155,0.33520345435400345,0.2960795671912063,-0.028364328608677165,1.0023638331912788,0.030700482098864647
duration,BBB,201601,1352,0.7708318569235704,0.9768702322890285,-0.1388015166234474,0.36869335591524033,0.34612107800875147,0.5445833876660533,0.2899132571112308,-0.01811978697833303,1.004939478161473,0.05278774950722538
duration,BBB,201602,1392,0.7460589735600753,0.9760754862756901,-0.17706009324855182,0.3878322488187083,0.2132050259051849,0.3737028780654342,0.2801078080710671,-0.025939901285062388,1.0089323989563206,0.09134122937181019
duration,BBB,201603,1383,0.795016228326097,0.9701007932367657,-0.20785073864754322,0.39201453675331466,0.3261482134686493,0.11920496487043522,0.2720058746057811,-0.027498971069855365,1.0120369898747623,0.09250620096174096
duration,BBB,201604,1397,0.8294206606068668,0.9841285596068867,-0.22437202556820324,0.3299584660674594,0.2885657523785785,0.06213357042319417,0.2653963271648527,-0.02721657033421501,1.0197836568608765,0.09374321767955757
duration,BBB,201605,1413,0.8397908167894017,0.9906930091898698,-0.21811273294514408,0.27965322409385784,0.17522727517042486,0.16918243632191501,0.2610120912161899,-0.024729679695792595,1.0253337703310226,0.10132044686417341
duration,BBB,201606,1422,0.8376993491627648,0.9841312335224227,-0.26694086317825233,0.2292813265079447,0.028805724566097445,-0.019893458754601002,0.25876050664906247,-0.024090895607264042,1.0289429225955933,0.09139674226181664
duration,BBB,201607,1432,0.8522198712090426,0.9830314961155618,-0.32372756121415575,0.16076482427178654,-0.06610818357388147,-0.20521748462246625,0.2593224782395208,-0.023732759122914737,1.0370613294312387,0.10518034784091364
duration,BBB,201608,1465,0.871100261585477,0.9780026323931265,-0.3870179362135706,0.07590902642621565,-0.09314233760202066,-0.3039351396284587,0.25977200297681347,-0.022411168408704638,1.040341756268545,0.11263512139238448
duration,BBB,201609,1486,0.8652371327166436,0.9765626379232761,-0.4212202293141922,0.0017528648046736396,-0.004284742880598806,-0.14090733862361735,0.2613006009040781,-0.021821600217034533,1.0536175003584942,0.1259113180575166
duration,BBB,201610,1486,0.8897406946478965,0.9809078601764597,-0.3848654123336551,0.0438317317734266,0.2482745643256037,0.0049132565001096555,0.26160483045238525,-0.021645262277113123,1.0606114698683968,0.14020630450320234
duration,BBB,201611,1491,0.9008060421692305,0.983042730666834,-0.35266357508815144,0.03921447864466629,0.13284146548496792,0.0012099789749285103,0.26177589980218285,-0.020418030863395203,1.060650279569603,0.14189748003956787
duration,BBB,201612,1498,0.9083319709196568,0.982916560920815,-0.4357544087599814,-0.0893405230603971,-0.2019614561498564,-0.3574169389907083,0.2605913523402581,-0.019821727590905315,1.069417548606642,0.14600973512459198
duration,BBB,201701,1541,0.9235691108609584,0.9818517623788962,-0.4462508016210443,-0.15534150618444664,-0.0037120924914237157,-0.19085222768584914,0.26124548925503066,-0.015546310309201549,1.0814209540407496,0.18842569199282513
duration,BBB,201702,1560,0.930254377460114,0.9885485169141949,-0.5858427694034403,-0.32125543811487917,-0.3757962434489604,-0.5004644894460981,0.2635385440511488,-0.011827069167484298,1.100873564099297,0.2109926757409193
duration,BBB,201703,1539,0.9302071989848537,0.9932222300733853,-0.5932098174164816,-0.3463123605296168,-0.29284726720856874,-0.3719429638728759,0.2651950281131884,-0.007341448173889095,1.1002571373075443,0.2290483350934646
duration,BBB,201704,1545,0.9313609693395598,0.9919809523905905,-0.6520866722952051,-0.41699432496822053,-0.34475747446107613,-0.4350373106082365,0.2646991590492851,-0.006213407992227915,1.0727672398441326,0.22356909463523816
duration,BBB,201705,1536,0.9284603612097868,0.9892114189463103,-0.6788646075096157,-0.45923014747812524,-0.4072052661712811,-0.4655902606871499,0.26249218337811026,-0.004769352495736583,1.060958528316262,0.21890421027108115
duration,BBB,201706,1555,0.9215954943479828,0.9855442495868296,-0.6905374360234595,-0.4568976195931606,-0.38592427142258107,-0.4296011736466981,0.259318248093315,-0.003130829566331823,1.0629894741537902,0.21966249707420293
duration,BBB,201707,1586,0.9286495412558539,0.9904571239737252,-0.6684943450258635,-0.4214181105129561,0.13112325793018534,0.022310206411243146,0.2537923261057048,-0.003255859231390706,1.0552774998654668,0.21676761950716059
duration,BBB,201708,1603,0.9081968984026092,0.975635695805183,-0.6313403483432711,-0.3929570964038468,-0.16547976690273974,-0.172219112919736,0.24727162774194197,-0.0032554283486756056,1.0471473707398156,0.2117572305175536
duration,BBB,201709,1632,0.9257227805111389,0.9910151044220912,-0.6650261596901905,-0.3920956177612228,-0.042923988810449044,-0.1902777483445717,0.23974111749470273,-0.0033823989107472363,1.0388857963031468,0.20666093864800536
duration,BBB,201710,1640,0.9253194968023741,0.9911286290836065,-0.6946755992087645,-0.450048805400705,-0.21592260886929918,-0.3016691640429903,0.231221349647997,-0.004614290720505171,1.0376408956537457,0.20473804396136394
duration,BBB,201711,1627,0.8961161495916043,0.9810925822969984,-0.7507875964600549,-0.508903282030695,-0.5526378100648014,-0.5379959944853914,0.22540941965753555,-0.005895369672345027,1.0420907402023984,0.20787844070057795
duration,BBB,201712,1635,0.8809825732179846,0.9765881977051932,-0.8031993019667263,-0.5337554402685464,-0.4487769477026476,-0.4693739924216599,0.22190967785782212,-0.006079662526425945,1.0468294576307524,0.2132714512091836
duration,BBB,201801,1652,0.8959367026134982,0.9831328502469271,-0.8257780877691563,-0.5577329077156186,-0.16946267589022518,-0.3290471528977798,0.21802452543441544,-0.008969233141368478,1.0377018373118563,0.221437754198068
duration,BBB,201802,1686,0.9021827190885424,0.978751886529772,-0.8391954084172437,-0.5892747320164659,0.19165421919320313,0.11391195889178746,0.2151222671259555,-0.006518740136973937,1.0172511472835224,0.21734028622782872
duration,BBB,201803,1672,0.8861733747605883,0.9804225948791548,-0.8339507077293269,-0.5814285710160186,-0.2597643475419509,-0.26158877239997097,0.2123615774507719,-0.005274477196144091,1.0044556664388409,0.2051149940542577
duration,BBB,201804,1708,0.8818252517494459,0.982265619204316,-0.7921921431506511,-0.4824782234175751,0.33705450982238905,0.2461171174156386,0.21028181343018493,-0.004448002092434022,1.0130838865909575,0.19362379742243982
duration,BBB,201805,1730,0.8768863797936726,0.9708258857860546,-0.7751454563046685,-0.4769455776788209,0.14582827545573185,0.10919867561844866,0.20795613649880798,-0.005424921805025752,1.0219762413556248,0.18785510441239608
duration,BBB,201806,1726,0.8688950551739546,0.9805603561380049,-0.733156784211446,-0.39823875473043324,0.09432516261447953,0.09805965189980283,0.20491730390104762,-0.007036880925693981,1.0169465515699012,0.1673107143352045
duration,BBB,201807,1738,0.8602547556955822,0.9821889394179436,-0.7455457272183099,-0.40090676012865983,-0.18899074042055336,-0.2709174470656645,0.2020424355929027,-0.008071359232818758,1.0166278322669757,0.14128214673869827
duration,BBB,201808,1749,0.8656118485858153,0.9799671051677068,-0.7148130365833807,-0.33323857424664427,0.3134569119009715,0.22520603394988212,0.19916988925189988,-0.010424807502549682,1.0180029140837603,0.10468036979294303
duration,BBB,201809,1792,0.8604457000109293,0.9820743527519386,-0.7193113259887862,-0.3552947509180821,-0.14629798182330347,-0.22680103437894153,0.19640250191485567,-0.014819991880702023,1.0222553305059334,0.07380156474888189
duration,BBB,201810,1818,0.8596033052406755,0.985819884296143,-0.6468389787139974,-0.23903432660287469,0.4397900619662883,0.4291600501751629,0.1943195050822229,-0.01504462134788189,1.0185319967403488,0.052340107844685686
duration,BBB,201811,1849,0.7877103668203094,0.9545741054505419,-0.6016814663352007,-0.18659062021822376,-0.1390415545969948,0.022177288085211053,0.19039816478950367,-0.013821376137317562,1.0162591993560792,0.05264576516484857
duration,BBB,201812,1870,0.7595544548609467,0.9634532113716294,-0.5202710443575155,0.021602327292364398,0.11322026329817203,0.22001881394630818,0.1843500490286258,-0.014444997540312317,1.0051474997955046,0.03827050132762053
duration,BBB,201901,1841,0.7975668972948765,0.9518727688644588,-0.5043346239472837,0.07602850594482571,0.2545500852839607,0.02365230707008465,0.17809367256208525,-0.006808511976731903,1.0031984388271402,0.04940019104450056
duration,BBB,201902,1847,0.834864326814114,0.9705725510929445,-0.4429345012358262,0.10090984388146362,0.37757038117786457,0.1369366921504476,0.1706796582589955,-0.0015066192301401713,0.9943067150954525,0.05584992538554149
duration,BBB,201903,1828,0.8245072958063332,0.9747813410510279,-0.43199350201182346,0.06179208951321723,0.0322942801694494,0.006102416858545224,0.16373302947334403,-0.0006037115768104214,0.9941360128995425,0.061502422158023325
duration,BBB,201904,1860,0.8272248908133102,0.9639097384950475,-0.4508207041809933,0.05188365916380964,0.10560926585107318,-0.07306891589756744,0.1568824298986589,0.0011790950935314402,0.987514051099075,0.07869779414294024
duration,BBB,201905,1844,0.7964113523425312,0.9644543059922387,-0.35356086044549656,0.11031003703511329,0.09121032464205715,0.24592071190380035,0.15087457681911068,0.0009090022121105296,0.9890856511685655,0.09162227567556952
duration,BBB,201906,1865,0.8018449542310506,0.9698036649513762,-0.308674630802079,0.21531065451005685,0.10292961682813889,0.02870027629814379,0.14599629693943816,-0.0003752109638569374,0.9934870009252802,0.08808768702705527
duration,BBB,201907,1886,0.8167056313181011,0.970022788602166,-0.3035643337290621,0.211655676451327,0.002624617654081327,-0.08657795679767326,0.1422102829885325,-0.0010983693211088765,1.0016464138341947,0.09240243142152754
duration,BBB,201908,1883,0.7504836400319818,0.9558191028004114,-0.3319664464310795,0.164281194337557,-0.31335735325211234,-0.1025316072623679,0.13794736040478897,-0.0020003914171953115,1.0004442657518675,0.08928043412052838
duration,BBB,201909,1908,0.8016016234434369,0.9685326580222448,-0.25459978530280775,0.3384932880163669,0.4064752618129092,0.2336303669843141,0.13464902379433422,-0.0017412373300000506,1.0038996507449265,0.10940236016709563
duration,BBB,201910,1911,0.821494836386734,0.9749798100811302,-0.1069640891395036,0.40162193146224917,0.5026531808308901,0.41961930554313775,0.13069124661733725,-0.0038094299761964544,1.0021903136196295,0.1039959819793606
duration,BBB,201911,1883,0.8195289571027256,0.9763064728401468,-0.1606136546851661,0.32190852229146844,-0.14995945632957883,-0.16025502474235453,0.12771081150047264,-0.007775465283670081,1.0179221856243825,0.10105550657901374
duration,BBB,201912,1829,0.8436677131705658,0.971963391076252,-0.08503768218699331,0.3740388953744984,0.32032234584368213,0.14278426617071538,0.12554111964330048,-0.007806088582694647,1.028815164548417,0.11473350434455254
duration,BBB,202001,1806,0.8211404199202011,0.9745269427766182,-0.09283312803362954,0.31451389977952937,-0.04381774246825418,0.017061844559021513,0.12405044539992448,-0.007911859141739627,1.0352708933490342,0.11526443139397106
duration,BBB,202002,1798,0.7136249819085654,0.9406278473765128,-0.06870719606766106,0.3903540706653054,-0.02177923769936735,0.24715571537159267,0.12301697300956264,-0.015247031521498363,1.0391070396299906,0.061254617327521015
duration,BBB,202003,1772,0.31175532182976784,0.6831566518715231,-0.233031889752747,0.2707825400479944,-0.28232462820233023,0.041613496649699884,0.12247943662876905,-0.014091323013254884,1.04208344825943,0.07555439784084739
duration,BBB,202004,1728,0.48434084260501903,0.898311160393456,-0.006677999338990242,0.8345563384486763,0.5836138651023075,0.4167611676007149,0.1219723784798954,-0.012575495830710989,1.040976155816887,0.08049344830437782
duration,BBB,202005,1757,0.638745683240842,0.9355269931875,0.2638020645190407,0.8970269337445368,0.6829535484672654,0.46249400084165176,0.12002798855968365,-0.01589587318904465,1.0305347121476003,0.06430637658365448
duration,BBB,202006,1739,0.7355239736080571,0.9661583262010394,0.36608208051514096,0.8889449742341001,0.6763312707507938,0.48777591810004406,0.1182737699167274,-0.016987837102657985,1.0391134979990517,0.07508574996619952
duration,BBB,202007,1726,0.724206971842879,0.9739691989816207,0.283427920143923,0.7922902277350938,0.2757018638663807,0.4049520165355318,0.11634800944258616,-0.017294159272345042,1.0363464713439356,0.08697440960925386
duration,BBB,202008,1719,0.7923385179001436,0.9805622049021646,0.4604991464822362,0.8994549858855874,0.7526813925339724,0.6034885084180647,0.11460672392816079,-0.01778573204907604,1.0400285033922083,0.08961587619512508
duration,BBB,202009,1529,0.7951006950588211,0.9884926196697159,0.48728122494136394,0.8766204124812863,0.4859509306652578,0.6314109583236128,0.11113910933547147,-0.020925666742015844,1.0371523333825503,0.08413535361569179
duration,BB,200307,137,0.5132300196376695,0.9097642422160099,0.26924225735994173,0.7930815614090764,0.2409739205107622,-0.09991692646592117,0.39285486158536437,-0.014634731013505434,0.8483270571788081,-0.020296343215052717
duration,BB,200308,143,0.514739135970453,0.9287477505411079,0.34736448997012376,0.8041945988690173,0.3793583177385994,0.11490927297531102,0.39285486158536437,-0.014634731013505434,0.8483270571788081,-0.020296343215052717
duration,BB,200309,148,0.45001508496707504,0.8886817911766918,0.20906799142657245,0.7504978973605484,-0.00926566890133525,0.10253353866270984,0.42446388251010764,-0.026340602601033825,0.8804653104553778,-0.013838602001829674
duration,BB,200310,150,0.5593596853916118,0.9010573850280684,0.3857895906484733,0.7951087516946681,0.38446330948042134,0.014825574159895709,0.4146018411636026,-0.027599143843697205,0.8866484959235562,-0.008017538092927032
duration,BB,200311,152,0.577873649140137,0.9254733043614611,0.34912417389402606,0.7829505642250002,0.11924288711650571,0.030923951069215284,0.4146018411636026,-0.027599143843697205,0.8866484959235562,-0.008017538092927032
duration,BB,200312,150,0.5942804416584756,0.8884789923066415,0.38495755366905193,0.7382367896127754,0.2098884394861994,-0.11326034625618371,0.4146018411636026,-0.027599143843697205,0.8866484959235562,-0.008017538092927032
duration,BB,200401,139,0.6234518044458288,0.8750312796060948,0.37109343581035786,0.7037290665252438,0.14350060324411276,-0.06274206647584211,0.4035859554487013,-0.038089107442506945,0.8883522601552242,-0.009523387217526451
duration,BB,200402,143,0.6236271205598518,0.8508474576289098,0.2937514363570702,0.6430131642885393,0.15928379132604484,0.15854590672252755,0.4181117713696777,-0.040303297017627644,0.8912102120666104,0.00019493828478392932
duration,BB,200403,139,0.6625273555402355,0.9531644834296668,0.35720094731668073,0.764911630031207,0.2739934760266321,0.3051263633100494,0.4181117713696777,-0.040303297017627644,0.8912102120666104,0.00019493828478392932
duration,BB,200404,135,0.7272008935843679,0.9629020831079514,0.31176470588235294,0.7107210664411999,0.11813481611550095,-0.15577561619318037,0.4181117713696777,-0.040303297017627644,0.8912102120666104,0.00019493828478392932
duration,BB,200405,140,0.6917372151686967,0.8839882179889353,0.27545428702630603,0.5502599454497471,0.15350637423192148,-0.0021823390169960328,0.4149418127875616,-0.051919880836558525,0.8829111059330338,0.00045045958580740265
duration,BB,200406,146,0.7432950265472937,0.8983173065340497,0.3452960967098224,0.6622379806592291,0.242285482922503,0.001694738790433949,0.425575215093567,-0.06066217228519717,0.8945806311901275,0.010336330249444055
duration,BB,200407,152,0.7178084813218066,0.9465881733823361,0.18616857687655053,0.563424512773208,0.11565141915950765,0.08533260888722134,0.425575215093567,-0.06066217228519717,0.8945806311901275,0.010336330249444055
duration,BB,200408,153,0.6985082978484582,0.9036598227010852,0.12997734979159126,0.5221841087966362,0.09699047082948012,0.0188271953962925,0.4271086892128047,-0.06447949550158709,0.9042670081142333,0.009585135285389006
duration,BB,200409,155,0.5968612033128161,0.9027485506429226,-0.027997808642969933,0.45090055396629347,0.015226708775095871,0.16079939673119084,0.442251136628031,-0.06880201990089459,0.9127416662901476,0.0064487865831223306
duration,BB,200410,162,0.6692465488093274,0.8634066722715183,0.07807231840307327,0.547547776408806,0.23803596302929456,0.14083050012631235,0.429623201097931,-0.08352265803167035,0.9048698377524665,-0.0016136038406053931
duration,BB,200411,167,0.6108797176045213,0.8898788799732849,-0.08363136034299731,0.46569988063953327,-0.07424737444216559,-0.12412548335567025,0.4272900229614835,-0.08544421544373483,0.8882273976695677,0.0165502998136527
duration,BB,200412,163,0.6525285707298397,0.9566913124249543,-0.09914598123486347,0.4970994633977418,0.07674530733037392,0.05080753654597866,0.4201529531385565,-0.08553887473263548,0.9287514799128229,0.018030033990560163
duration,BB,200501,164,0.6111561523985152,0.9088339958056416,-0.1699795750272964,0.3943574413985008,-0.10549297776788708,-0.00850056622835649,0.4105944398903128,-0.09703031744853413,0.9081754325536251,-0.01878284234788188
duration,BB,200502,169,0.5486842383329763,0.9018935591641862,-0.28798418775794343,0.38343142452845835,-0.08933916761971061,-0.010648421227993055,0.4010128974443037,-0.09894529471398475,0.8883620976181086,-0.031892170860505706
duration,BB,200503,172,0.4767163929217382,0.8090672395965155,-0.2912318435556561,0.31799491772274757,-0.03314678684882659,-0.14827043376246238,0.39498728714999604,-0.09802609752921589,0.9042057019622216,-0.04927537183702764
duration,BB,200504,187,0.39170295279152567,0.8486288241020855,-0.26972865642170013,0.5024795071920993,0.06504097864265816,0.16909096664810255,0.38864858319200657,-0.09904444234269615,0.9125836351231169,-0.05105004680139364
duration,BB,200505,196,0.45799563706000784,0.9061651067627712,-0.26075751659508006,0.6073524519142254,0.1998326546549897,0.019224830911175605,0.3847667065452568,-0.09754143953575058,0.9121611511820733,-0.053687649460480026
duration,BB,200506,190,0.43668866032694703,0.890937163752154,-0.3168017411774683,0.4869052742822804,0.09420847056559375,0.04299764025615363,0.3910320347079794,-0.09092846740589881,0.9536900198483512,-0.06167306485828225
duration,BB,200507,190,0.466638410999642,0.9289403712522151,-0.3759092320679535,0.48022058675660684,0.08076298949817827,-0.2067222274226723,0.3909526435054828,-0.09139096066886368,0.9744041200275393,-0.07288030440859483
duration,BB,200508,190,0.4215386916754822,0.9125254126382604,-0.3826643397324026,0.4244587355723699,0.04581873531997533,0.10751412674032018,0.3941850742155922,-0.08515525545625338,0.9676754976828779,-0.07699948174227304
duration,BB,200509,197,0.4564912850734639,0.8481425280271833,-0.3833837180465173,0.42279181082666206,0.12838213273311172,-0.0001498986222277151,0.3925182329924278,-0.07970941104017859,0.9460363117768347,-0.05066588526742968
duration,BB,200510,194,0.34121890367382074,0.830834417407876,-0.41875392915401455,0.4180334335376944,0.0808528472755811,-0.022367367869226513,0.3845244848752983,-0.07492372169955508,0.9387742696776775,-0.06729307983037915
duration,BB,200511,197,0.3400815181672031,0.8952094010839702,-0.38163830368326385,0.5038192741300961,0.000685922730882847,0.048057008542663295,0.3807103666511703,-0.06765400906292358,0.9327872932738862,-0.07086080468946984
duration,BB,200512,165,0.21686299600658715,0.8950585416140602,-0.5251890043544467,0.4573313466696595,-0.07343787567119922,0.1777045208199293,0.3696359409919879,-0.06260349228356729,0.9123121290383153,-0.06844428036909155
duration,BB,200601,164,0.3945838077402311,0.8040065213282753,-0.5042563900262539,0.49785513397623726,0.23389332499013776,-0.21413428282972718,0.3629987039584478,-0.043964622958261916,0.9360825311072806,-0.03074952319934799
duration,BB,200602,171,0.3147920260412864,0.8381932148671414,-0.5603763169894642,0.3188774316336945,-0.2316773465812274,-0.23159842513087586,0.35929807203753705,-0.030642197984104832,0.9468930142903299,-0.018264632856632237
duration,BB,200603,168,0.37359789431537527,0.9248339897832192,-0.5278157934865436,0.4245363123415191,0.27599070666781406,-0.02093410685225059,0.3503537055734405,-0.026238171256920094,0.9276028077253765,-0.039387301287889614
duration,BB,200604,158,0.3969517324698873,0.823498315596417,-0.46032228964690525,0.4567224279773358,0.26390298147587543,-0.10944762765508129,0.337417956652597,-0.024849289642030824,0.9043098886680963,-0.03453136007619801
duration,BB,200605,152,0.4293445713880646,0.8912581596749378,-0.3564403802650374,0.5225484132248922,0.3294274837854277,0.0735467490444669,0.32523655307860483,-0.03151206695286448,0.927317094969702,-0.046656335426278395
duration,BB,200606,142,0.4638078413415731,0.843580025839417,-0.4272230616252193,0.3597278643604274,0.033791500677925614,-0.2046403046203757,0.3114889065644956,-0.02293965931300212,0.9163339546314315,-0.024078718785167662
duration,BB,200607,141,0.31816960754993256,0.834149406060072,-0.35655207842801484,0.4361977661659311,-0.009983304079797937,0.19099358274751305,0.2954240826992804,-0.024678029363425766,0.9014660102225557,-0.017892744371192832
duration,BB,200608,140,0.3170919443972166,0.8944244299519349,-0.288976842841836,0.6319760074469527,0.053023113424154306,0.20147449697632047,0.28833922772331383,-0.019404750923330594,0.9035779729774079,-0.004326817714657356
duration,BB,200609,142,0.3498229216881463,0.9226428102911005,-0.2286275306952562,0.7053060625762045,0.10721283511214588,0.16251597896051947,0.2771020733694352,-0.019425248384721174,0.9167546550905596,-0.012877109692807464
duration,BB,200610,143,0.3418092427933623,0.8743323463465972,-0.2687013690534817,0.635977124942089,-0.0058316097048491415,-0.1103206571144208,0.27587749956515645,-0.0103654509883818,0.9028032208940272,0.041107819545272706
duration,BB,200611,157,0.3822623283799588,0.8907138266559879,-0.1344711887322546,0.7345525924716878,0.1684487003764598,-0.021319333379389065,0.26379204651782867,-0.013073769954621181,0.9008552883172682,0.000943703511708794
duration,BB,200612,147,0.4112623006111208,0.9065524982838175,-0.0920671860006498,0.699719491118467,0.02656234652320758,-0.12134039800170875,0.25658360755236553,-0.01492080783646251,0.9182743494859729,0.02829613127739951
duration,BB,200701,152,0.5712628369523823,0.8299482975449176,0.09254437222780362,0.6738581639919308,0.20062329567588622,-0.33392878042805874,0.24476583748129563,-0.019356606793999902,0.9253609321333311,0.051245277939099526
duration,BB,200702,157,0.4605878868902717,0.8796180798093661,0.01026116510273569,0.6137961884119925,-0.007333833625859748,0.18751584416691836,0.24067983150934233,-0.015047269365276308,0.9083973517885492,0.07319575132371557
duration,BB,200703,157,0.44715832887619544,0.9199105672652623,0.06982801927573354,0.772162398927985,0.14142980296330293,0.0730268003194899,0.2340138313480693,-0.012937322312579422,0.9258014807606421,0.06878845015961395
duration,BB,200704,134,0.4591800854436118,0.8996452552168032,0.072626840733675,0.7278553695879293,0.07167421040162597,0.06804831487718963,0.22995235972073422,-0.00875157471241855,0.9304621688993624,0.07329719303416826
duration,BB,200705,131,0.47481169493921027,0.876816332849334,0.09674905247424331,0.763955393996867,0.1269951422623178,-0.002781203123955305,0.22475403658762372,-0.007213561125561642,0.9350567097842242,0.09655071859194929
duration,BB,200706,136,0.5171766036121684,0.9104258653632845,0.2361194599494299,0.7773798150656189,0.301884452077668,0.13053097609086978,0.21398640621663179,-0.008583826318001222,0.9558060219627226,0.10720389499740848
duration,BB,200707,128,0.32762522782485043,0.8067633472253725,0.1396951107855704,0.7217001309069979,0.08585881706647133,0.3261378674002326,0.20536058122553716,-0.005030983369736934,0.9721015944515021,0.09959943276479997
duration,BB,200708,125,0.25440016712921015,0.6633189758462418,-0.019735791090629798,0.6378698552099387,0.023594470046082946,-0.2686490588309416,0.19074463537884948,-0.00697766701228276,0.99143720699342,0.10864462557440213
duration,BB,200709,125,0.2936827471879801,0.7780928520051346,0.02448540706605222,0.7657412157984395,0.058494623655913965,0.04166525857241958,0.18179990179041183,-0.006565400427151335,1.0063051882759977,0.12658815415809835
duration,BB,200710,114,0.21565510412360547,0.7963211975715475,-0.041882505417063245,0.7362865908985087,-0.04121018205382637,-0.10962626948446258,0.16314630265004262,-0.008586720594685305,1.0356586738562963,0.12694741717984928
duration,BB,200711,105,0.1774069812139831,0.8742982733624615,-0.03617043334024466,0.8238535343959653,0.0249533485382542,0.22455019982781366,0.15145367061525564,-0.005975463458445177,1.0526133664689674,0.19883094966680911
duration,BB,200712,99,0.2236363636363636,0.7791252829944514,-0.00045763760049474334,0.761821420236631,0.14225108225108224,0.046327103616451704,0.13739986303234036,-0.006033623520700493,1.0045278901089092,0.19256408384504778
duration,BB,200801,96,0.22553055840561062,0.7638413174437589,-0.002333152468800868,0.724864351600651,0.017146015823538037,0.1054669881550698,0.13546940791316864,-0.004440266250775343,0.9821456946812521,0.16076462970975974
duration,BB,200802,95,0.3164554747201443,0.7986016090643354,0.07971052530327818,0.7490700140374889,0.09535274356103024,0.18304999335550065,0.1279447357997563,-0.012951413269399116,0.9805836776871089,0.13879885491666336
duration,BB,200803,115,0.4361731088691285,0.7724696547970612,0.20363765485678217,0.7449000727941442,0.2847076461769116,0.10775686056373165,0.1271941578069838,-0.017874750426737772,0.9954801044651299,0.2330223763297365
duration,BB,200804,114,0.33067980000893765,0.8022016743483252,0.0032846641420789377,0.7100032603713561,0.027885219011360648,-0.2874107195298,0.12350444729914649,-0.030827643779594075,0.9881545731219618,0.20603099733109614
duration,BB,200805,106,0.5579492553626768,0.779643596680824,0.33726981887800084,0.7776546220448952,0.40734060508350756,0.004418492170709632,0.1235173703566359,-0.028464786406475633,0.9921832496726511,0.162024423867459
duration,BB,200806,105,0.5474007225904071,0.8543992784499115,0.3008811942774207,0.7470233621464766,0.1857453866887829,0.15330786496092838,0.12369496686722069,-0.029559659373094793,0.9657991532561184,0.1023353558673938
duration,BB,200807,100,0.5699044098777063,0.827583206573241,0.3511431143114311,0.7704433556691012,0.38207020702070205,0.14061248308639068,0.1265046463696554,-0.021401690590331587,0.9773781294508453,0.15693845098165085
duration,BB,200808,100,0.5008055829773005,0.7929384302924705,0.30975097509750976,0.7219305246486089,0.2813081308130813,0.24458592611257096,0.13190610874001268,-0.008455450311404229,0.9791310250954517,0.12260228623892828
duration,BB,200809,99,0.24193024715714653,0.7674630022449118,0.029053803339517625,0.6853144258363802,-0.14529375386518242,0.11562187885608416,0.12340510198254354,-0.013898808825580956,0.9186450555378913,0.07167535412691456
duration,BB,200810,99,0.001910969832797167,0.6699361462277464,-0.13323438466295606,0.6445660005163792,-0.109165120593692,0.27675410251864685,0.1234735548571556,-0.015364321804410636,0.9215755606036701,0.06627433368259278
duration,BB,200811,96,0.07736811406183955,0.8050754053486252,-0.014785675529028758,0.8184904214723111,0.008166033640803039,0.4827029575292965,0.12144567914389719,-0.021486079382548016,0.9487786797433456,0.08101438755230934
duration,BB,200812,94,0.2612480809601612,0.6470088866411386,0.17614420402413034,0.6686751558934125,0.39920961469253147,0.2914869482992896,0.11116639410372511,-0.03696187147630054,0.9671084141426931,0.11759010934188936
duration,BB,200901,94,0.18546467313877876,0.7615849782605888,0.07748437669327746,0.7518757338894638,0.031232164144059528,0.10646437281606569,0.10653686499909164,-0.04060661773308891,0.9699578475559141,0.132715799909622
duration,BB,200902,97,0.24001367561957623,0.8940596337815183,0.13287660424994738,0.8782705602777322,0.22623869135282978,0.5046631885914755,0.09569781016901723,-0.046798322702562005,0.9735891457932514,0.029470992552784698
duration,BB,200903,101,0.27240270709718833,0.8784140712925671,0.15776354105998833,0.8732116284592308,0.3015102009963833,0.4389321980117447,0.09287061859515686,-0.04922656684620812,0.9778635646270434,0.03835325819338177
duration,BB,200904,113,0.35969018038855466,0.8014185282007505,0.23759065806108196,0.8189110961682559,0.27440812100227724,-0.020383762855691295,0.10011136726363708,-0.043473559934853565,0.9583887527731754,0.03731249554812459
duration,BB,200905,110,0.550665311186167,0.796480803563378,0.379735365056466,0.7879502374922912,0.34254748900632304,-0.18005482095461434,0.09647335406929017,-0.0428915506572202,0.902783096286094,0.040506117682423154
duration,BB,200906,113,0.5920150043574504,0.8256793173213101,0.43029310000665383,0.791645266948916,0.4341024020227561,0.15719290950038126,0.09928755765913148,-0.045090680885375926,0.893175963054445,0.0539899378368938
duration,BB,200907,116,0.5984853726982663,0.8527022117845527,0.42295006342982355,0.8152401015663036,0.4180140698881329,0.2365437214930013,0.10018793194367186,-0.04808094858404338,0.8774933849477162,0.04574770540565624
duration,BB,200908,113,0.5402868632643003,0.912543717752409,0.33756404285048913,0.8500232883092689,0.30274802049371224,0.33204138665247196,0.12808278683980875,-0.059520647962119595,0.8721427562889594,0.03698639635039208
duration,BB,200909,121,0.542706078807065,0.8414499488548222,0.3213859910581221,0.7889269371639115,0.2827975253992766,0.19337925101259446,0.15180036980556097,-0.06387997440294597,0.9496927802169073,0.04062507362282569
duration,BB,200910,120,0.5468211223768031,0.9039753036690302,0.3085353149524272,0.8412384236401285,0.24321827904715598,0.2468617503374503,0.16160269293330387,-0.06301582305722203,0.9167265163606702,0.02591556270195545
duration,BB,200911,122,0.5195163539767144,0.9037628421601331,0.2911397424501274,0.8477099993437335,0.2558551056524779,0.31053187253342324,0.16604087272346285,-0.058868832285154535,0.9347387107373696,0.012622283945025443
duration,BB,200912,116,0.5924664445988814,0.8542190050235638,0.3071925575673702,0.7782467795094823,0.20633529389151578,-0.027294360064399975,0.18857362834826627,-0.04689112614621772,0.9254129703742272,-0.021579615970163002
duration,BB,201001,118,0.5898907487999141,0.8585374226676111,0.3445159028409278,0.7610223560509878,0.21862252071623958,0.14182022032866567,0.2144364273600211,-0.03938393069394059,0.8896593220982054,-0.014660853483701657
duration,BB,201002,121,0.5860530179743838,0.9233536219808358,0.3500067741498441,0.8524536859070717,0.3920606963826039,0.30118598629291643,0.23405978793705093,-0.02696601266312927,0.817794530705602,0.031433821079869924
duration,BB,201003,130,0.5925706420112494,0.9152609032513707,0.35301041936937555,0.8816710342509612,0.2609321443690341,0.2096248885346402,0.2577348322023278,-0.03159668847776758,0.826646863957431,0.033250780849009925
duration,BB,201004,127,0.532202808930913,0.9498451105718683,0.3152594206974128,0.8679157402941676,0.08002320022497186,0.20939558782551712,0.2610301962906299,-0.05612453957168653,0.8390110662263008,0.03082964991951093
duration,BB,201005,130,0.4882074924216873,0.8864978983654219,0.27582242007947666,0.8240954049570083,0.1722568927610646,0.32818190632417543,0.2780884195452489,-0.06549039639676768,0.7883233471881996,0.02266421708334598
duration,BB,201006,134,0.4904325013215844,0.9351370290898724,0.23514258282522227,0.8706624920414988,0.21944163892317864,0.18409026580360152,0.282522310524026,-0.07224071137350742,0.7777922652048961,0.02149385786868932
duration,BB,201007,140,0.49535707296325926,0.9614000675701367,0.21052677614747112,0.8857640802344894,0.3109925433513372,0.2722126007006011,0.29089545996384797,-0.07529117827422929,0.7923122047756176,0.023110802248424666
duration,BB,201008,140,0.4600422472425848,0.9652978910211507,0.21342634099407404,0.8835545370404742,0.22959480439964144,0.4972310814280147,0.3139142388326795,-0.07737198279360588,0.786468792231777,0.015224151176102017
duration,BB,201009,150,0.46364768536191964,0.9552129215240043,0.20480732476998978,0.8824725809116843,0.25842392995244234,0.27998855056330807,0.335607443305401,-0.08705003471312615,0.814991050272536,0.011566277130662323
duration,BB,201010,149,0.41440957736259754,0.9190630501210474,0.09805913295846183,0.7910836124469175,0.051409395973154366,0.20454036326905134,0.36260159250349583,-0.0903617102748375,0.8286728887583876,0.009172278290298081
duration,BB,201011,159,0.3561833594811699,0.8993893291587061,0.016169094817291615,0.7774779078098878,0.12911093861953668,0.28711786481968,0.4135992836738577,-0.09966797123084753,0.8602742624506344,0.004460869477879677
duration,BB,201012,164,0.4555573995293872,0.8768648138356996,0.018804837239671895,0.7999888454958844,0.37341150544801593,0.06865325677540499,0.4445863205055558,-0.11127053048794305,0.8634961488243916,0.004235038774530042
duration,BB,201101,164,0.5311350752111136,0.9309369624644477,0.12728088909444588,0.8013366379762166,0.3659135118958551,0.36102828351114663,0.45062680283014206,-0.1335714463314542,0.8859063994542424,-0.014997428754486326
duration,BB,201102,175,0.5493307180114108,0.9499632218350701,0.13708240035826244,0.8116137873325694,0.3091670398566951,0.32962829028944424,0.4685477228468924,-0.1438810036144956,0.9359147293536801,-0.048930423407703344
duration,BB,201103,186,0.5695972369623625,0.9657704994472993,0.14916848882693284,0.8224092618730497,0.3261138455183816,0.5151542277459278,0.47665351534318684,-0.15490012923078933,0.9559194413982799,-0.07586919286570083
duration,BB,201104,194,0.4944773957626846,0.9197495684588849,0.06372358478549386,0.7396155028283693,0.13867027155847197,0.4832446078534682,0.4906415593497436,-0.14745574870568645,0.9337522038675384,-0.11257165829950655
duration,BB,201105,193,0.441683960844069,0.936180086251875,0.004744004059612199,0.7582393231533818,0.1695405560600395,0.447951264521902,0.5140316793207625,-0.1488999994956993,0.9774885233355487,-0.12346789935158993
duration,BB,201106,199,0.4595552909329082,0.9469127112341069,-0.03333181056799148,0.7681928253948808,0.035716461093345524,0.25535796338724215,0.5165488078045766,-0.15246396546800195,1.0167731425750046,-0.12030968132751267
duration,BB,201107,221,0.45571745981162204,0.9300483147107718,-0.006507165330694741,0.7675052635243488,0.23627803039567746,0.29640829656423023,0.5203822231868234,-0.1659477183727295,1.0208386897239223,-0.10856364307855394
duration,BB,201108,221,0.3668217766139385,0.9431930558927138,-0.13859272682802096,0.7140320722933864,-0.11016265133912193,0.13943242005308695,0.515166470716832,-0.17801064958066035,1.0218559629491184,-0.10034607694541901
duration,BB,201109,224,0.3020598997011114,0.9330967324847569,-0.19247490924620972,0.7298220851069186,-0.05686739269698912,0.20617190165062818,0.5098117794979834,-0.17126299125228545,1.0282680033632359,-0.09989264955074713
duration,BB,201110,221,0.25100191029329627,0.895039930536771,-0.2371129665247312,0.7176384066603728,0.03434689317042258,-0.010370007193139245,0.5081889560954418,-0.16799904359934326,1.0264637861382202,-0.09364035298351524
duration,BB,201111,227,0.3364041624574734,0.9337171808572983,-0.19583929219954493,0.7709739214339274,0.1827875798419678,0.1273963829740135,0.5008458715933473,-0.16079692395679127,1.0188078223044377,-0.10756890650283937
duration,BB,201112,228,0.2773002954674205,0.8943840991950068,-0.20984390645929796,0.6968579255036637,-0.012175032930806328,0.038906503198716906,0.4870965537228822,-0.16612586376264715,1.021846359502939,-0.11965937000564453
duration,BB,201201,234,0.2947466810718433,0.884693336630084,-0.17076206598624646,0.7597842225075353,0.03676376586613095,0.14792217343480252,0.4790496815871684,-0.1754194015427184,1.0168121910059693,-0.12371016718276802
duration,BB,201202,239,0.2447750855778007,0.9620269660007991,-0.19922207376674517,0.7881382302642717,-0.03058348862557575,0.35388937430063183,0.4779937065802847,-0.17657939767232766,1.0192430585426289,-0.13324892786453757
duration,BB,201203,232,0.23548490559951424,0.968976760199139,-0.19270155625046845,0.8319796766512595,0.20690616176778673,0.08352533427392439,0.4743040525912608,-0.17889219162396225,0.9958787095236624,-0.13798601588789663
duration,BB,201204,234,0.2256667886560501,0.960731690984199,-0.16401031166805988,0.8155966810621315,0.08268581021754248,0.2792157968274012,0.48088315195832465,-0.18044609249380655,1.0064962454140007,-0.14411064295820117
duration,BB,201205,232,0.2029127151279358,0.9219413621431939,-0.1490979052026854,0.8217179715864861,0.1559296852326303,0.4019831324197104,0.4768838750269873,-0.18326996243981586,0.9979371872041608,-0.14633329091142108
duration,BB,201206,242,0.20193404976263812,0.9563579340347158,-0.20218319665069323,0.8350971016334631,0.13733758220115572,0.19855459412073673,0.479617472332173,-0.1835335782763141,1.012575500129475,-0.15922541646671612
duration,BB,201207,242,0.19208666414357684,0.9673614134927484,-0.19050177367793364,0.8410929796449604,0.06213314293298666,0.2865466177937199,0.4716561610263014,-0.17642516059948704,1.0003865546787403,-0.1649494431175566
duration,BB,201208,256,0.20632396761861294,0.9552740855025353,-0.20103288099266475,0.8651760014151448,0.23816094897305057,0.2945595141045679,0.47351592577872725,-0.16911178118683065,1.003259788444914,-0.17680032998304168
duration,BB,201209,271,0.23001890844734718,0.9702058949084601,-0.1533349009960688,0.8615299924396594,0.14169741697416974,0.5272420920367676,0.4579496890171329,-0.1673517640819635,1.0031087877740033,-0.16462520496974417
duration,BB,201210,266,0.25510982204180116,0.9771799176772239,-0.10944798927571207,0.8576398602212076,0.16541802334190941,0.4095672629537505,0.4431643930148053,-0.15820556452314816,1.0201830334048216,-0.14545452696959105
duration,BB,201211,273,0.23648346878162557,0.9856109708552621,-0.14322517328099124,0.8594666828272224,0.027426523669546427,0.36896138818357244,0.43090678608039745,-0.15625254157419025,1.0325923750004218,-0.13031532883277572
duration,BB,201212,271,0.23811789887820817,0.9856664245833235,-0.11584424667776091,0.8755964467712949,0.11835612473771796,0.4128169109834283,0.42179527407536527,-0.14698327521125365,1.0283535597220363,-0.10744699228176947
duration,BB,201301,272,0.29714343813119465,0.9695958930066393,-0.013673053666541835,0.8836763725023982,0.348408537414398,0.17381949871395216,0.4135839325660705,-0.14161209239718847,1.053066952191959,-0.05597463463470341
duration,BB,201302,280,0.3103693374972262,0.9791440174964694,0.03652388558034014,0.8778536580303314,0.2155285620710236,0.30279814864407234,0.40354572272301464,-0.1368369301507601,1.0567176273282077,-0.03861064913073508
duration,BB,201303,274,0.36576779806238896,0.9890195743287437,0.1373741586880273,0.9122687019660446,0.3376958807615742,0.3608119534842143,0.3885801551128377,-0.13510242933612174,1.0751758691904096,-0.02594630793370054
duration,BB,201304,269,0.37933503126805357,0.9813168909356969,0.15805333865164975,0.8989776935920507,0.07532320974483461,0.39210970072018886,0.37473694427638293,-0.13221451865920109,1.0768752335986538,-0.022874590093759143
duration,BB,201305,273,0.38177634943100486,0.9665671341612855,0.19109448945215368,0.8809018167536866,0.2759054492094423,0.10829951977600252,0.3721309892327699,-0.12317868877874857,1.084148924460969,-0.0217854200605771
duration,BB,201306,279,0.4061059992185234,0.9587147915781842,0.20810982550365237,0.8587537483859837,0.1178303440197151,-0.1435012230775358,0.37216891297325755,-0.10901980778460849,1.0859014909023503,-0.023592897859988915
duration,BB,201307,285,0.5087137933968774,0.9653609480860357,0.4012736707325291,0.9195502490200522,0.4686857486620209,0.2785703816185597,0.37929016990371783,-0.09935377762000393,1.066584068042123,-0.017173368366092182
duration,BB,201308,291,0.5654097522620707,0.9666206554660355,0.49701483815358244,0.9175737717457195,0.5110027319344141,0.2056116477930065,0.38091595053584903,-0.09496427869119974,1.0546806294834348,-0.007306163601684738
duration,BB,201309,275,0.5226095872708679,0.9649729385389955,0.46540434494099997,0.9258409065770705,0.24543088774126542,0.37739900703864115,0.38678621406688524,-0.08790549467081545,1.049483055495462,0.007228104521303544
duration,BB,201310,280,0.4988781273792692,0.9618301863740453,0.4380968780578469,0.9156027853160873,0.0671777883464257,0.30884028277377984,0.3923216596490051,-0.08422468162761404,1.0449129759786877,0.01506478538446047
duration,BB,201311,291,0.5447910839441293,0.9620987945606743,0.4766232121899791,0.906928445745972,0.36662900720237257,0.17280969239050217,0.3993850762978813,-0.07459121999209176,1.0485628896758927,0.03504455311312692
duration,BB,201312,288,0.5712287424477013,0.9561896939537713,0.5570914161934502,0.913357651446772,0.2898541769649036,0.2822490130320628,0.39911536260707703,-0.07391853505424775,1.0505660810083906,0.04075135603141544
duration,BB,201401,292,0.5236616847755493,0.959883806539711,0.48657977756412596,0.9050346996708817,0.027926970353169787,0.18814073049936597,0.40611531364111997,-0.06929136638571538,1.0462122070607032,0.04600330602821221
duration,BB,201402,297,0.4730794877440648,0.9552256666709658,0.4055093836973032,0.8991488543543383,-0.19908819741034509,0.12025697322322132,0.4062616127915772,-0.06948755394828662,1.0330383801932304,0.043195942646803015
duration,BB,201403,296,0.5156631774264352,0.9758502825330357,0.4241225817497003,0.8992141512477398,0.13664404003387054,-0.008322357393575917,0.4074666380051501,-0.0675255890545659,1.0320058507182488,0.04087867078304275
duration,BB,201404,296,0.5791193514065661,0.9818510008024497,0.5157771022177802,0.913837081115333,0.0883979511098155,0.06671648541822715,0.4146039814648041,-0.06126195308062298,1.0308166077739613,0.0448376600590379
duration,BB,201405,318,0.6214809069410014,0.947099823220866,0.4989248102301719,0.8641853913849092,-0.046776772318560686,0.015220032482416998,0.42134102904336185,-0.05541278117911828,1.0348165308226893,0.062277799947442404
duration,BB,201406,323,0.5911976292651885,0.97087491609261,0.4372959964560449,0.8484324470621882,-0.06624867083879064,-0.0025721480311627107,0.4248179857422562,-0.053044609514862714,1.0248267803126614,0.05780390479999081
duration,BB,201407,320,0.5935819359337396,0.971497548096456,0.3334590670061044,0.7757656502434095,-0.18578558376292667,-0.2638384618533994,0.43023401789624294,-0.0545248016931996,1.0300258662501476,0.04976843488953682
duration,BB,201408,325,0.5936565388282932,0.9696325240192997,0.2938108471850803,0.7697278193701482,0.0919780469473721,0.13013283274725765,0.44338399490740854,-0.0482273527420334,1.0331443421043585,0.044101703633336334
duration,BB,201409,318,0.5767444837132497,0.9727953598732257,0.2004386960844807,0.7298416348360329,-0.15420880120025698,-0.33168747453154623,0.4618757858503552,-0.047286846807006136,1.034663295287422,0.03630516944262189
duration,BB,201410,319,0.54136209710883,0.9583072985381471,0.09204065734982751,0.6844019373648418,0.03371773098030149,0.15738352264119954,0.47408283750579233,-0.04819890260487943,1.033811777466027,0.030733443377889177
duration,BB,201411,323,0.5228241677623792,0.9562953100150643,0.016662856345182366,0.6701245683231846,0.08331855498365123,-0.04866802799812672,0.4864398184379453,-0.050962385094003006,1.0296710640192093,0.01946653106054068
duration,BB,201412,329,0.4957815293089169,0.9464473593429265,-0.08008747868633702,0.6106157667717279,-0.03176932045639882,0.10461381534737721,0.5070237677236868,-0.04688464982467187,1.0268375908932903,0.01322568581690728
duration,BB,201501,338,0.43427967207858886,0.9290649503571872,-0.19074585487272616,0.5636152088412905,-0.13872842519270276,-0.0031603507820045862,0.528350418289251,-0.043083147603838995,1.0326843973156878,0.0002818936040540581
duration,BB,201502,340,0.487142600787172,0.9654375671221701,-0.15163198541815193,0.6792604249436583,0.23305432623831984,0.04539569240958511,0.5410574673156582,-0.040145008229466816,1.0268764535130783,-0.009912200677153926
duration,BB,201503,335,0.47871017988838765,0.97274806370425,-0.1868809289736093,0.6232320193559587,0.01324626971373912,-0.0870911927214389,0.5587542230827822,-0.03082583637264339,1.0298130659063738,-0.011536599317683248
duration,BB,201504,341,0.5332347644584247,0.953603812382533,-0.13178564835410936,0.6041852599368103,0.18204273837950058,0.05182222367490189,0.5711101070691035,-0.02706967709255822,1.0285616778457864,-0.013611540989544212
duration,BB,201505,336,0.5636375499490887,0.9742894320780708,-0.13632926929574257,0.5992256390108562,0.2126030508753393,-0.015342647936232016,0.5820716998609061,-0.029507153135608383,1.0263332944476087,-0.01602748790587683
duration,BB,201506,338,0.6225071406577221,0.9693125405891829,-0.07412990279673243,0.5697143340612009,0.2244208817424211,-0.034883795911925176,0.5991537942688853,-0.027084700826790608,1.0288591411653687,-0.00276007562968641
duration,BB,201507,347,0.5671302542413108,0.9436245436973901,-0.14015432114056633,0.48939163748487063,-0.07675201146074527,0.11521590812330916,0.6104698002696236,-0.023794563430561445,1.0352892665632205,0.005402595343518106
duration,BB,201508,352,0.5588668541994137,0.9487373092248345,-0.11356785329873147,0.5432029945925042,-0.023520506877447382,0.13383864108941287,0.6095482479104303,-0.02204636771722259,1.0369799423579278,-0.002708816503054889
duration,BB,201509,367,0.47406905107961267,0.9452996974352157,-0.07974410126219665,0.6276152659127471,-0.03582036325072021,0.2615118591199515,0.6025168141372841,-0.016607895975764547,1.0411571930232804,-0.0019467723967365037
duration,BB,201510,370,0.5274750045916454,0.9461196411838277,-0.044378623577887265,0.6972046935020975,0.22695395443162347,0.11062985890831639,0.5898391679561886,-0.012404587645958193,1.0385803699027434,-0.0010134237449888983
duration,BB,201511,373,0.5320415022641822,0.9773122413065819,-0.01809131190626935,0.6941746321216072,0.18620337656179875,0.2965476770841268,0.5779502004631689,-0.008377456491643582,1.043599742350471,-0.00337933109953938
duration,BB,201512,379,0.5308144426915037,0.963081910519713,0.007302998040395623,0.7117142635141391,0.2150316424306148,0.43250939161310864,0.5633777102278793,-0.0053141100286453104,1.0520513862056173,-0.017736835326868372
duration,BB,201601,383,0.4926219148469823,0.9547496793157413,-0.0020573318934288412,0.705101687351811,0.23543049706506716,0.4148058794836107,0.5457500821140376,-0.01296362119168815,1.0449986701434542,-0.058079818729076534
duration,BB,201602,375,0.518499188786662,0.9667259624818252,0.041616909865565536,0.7605234070969955,0.41336775590896396,0.42480805958337836,0.5310154676578391,-0.01098798029359738,1.0423761296386969,-0.0577340119000484
duration,BB,201603,350,0.5388726100286545,0.9632051317665009,0.05776350360877581,0.770205590160521,0.26934099305820586,0.1913641351012331,0.5208162700490713,-0.010698773112307604,1.0410694152223123,-0.04788614349197204
duration,BB,201604,343,0.5757786442601361,0.9765137503641946,0.07595311249171814,0.7511967442314135,0.3021943133666455,0.1591097129248817,0.5127207284947276,-0.010575192172298069,1.0407117084774928,-0.04607390877511011
duration,BB,201605,357,0.5756928569061712,0.9715367230156828,0.0978874758741611,0.782132771808054,0.4119933705702481,0.2763779043686911,0.5052809074295214,-0.007829657320927065,1.0345059937349252,-0.04704547278887283
duration,BB,201606,352,0.5832041827658007,0.97368414898132,0.12533017030184165,0.7532365140292655,0.227435214219666,0.2501355762921611,0.49912929397052735,-0.006743145034281696,1.0296884109689854,-0.04909000133530848
duration,BB,201607,351,0.5878753350995315,0.9748914538438402,0.1216006216006216,0.761776166856826,0.2111993561993562,0.26947129011164683,0.4961290379236612,-0.005832528239642921,1.0295482524000135,-0.04879326154906562
duration,BB,201608,348,0.5971082434058935,0.9593838062420709,0.12067499110902176,0.7345008358882937,0.19524360426163306,0.08415685294675027,0.49592973019814796,-0.0022430243290223963,1.0433980280019777,-0.03204721611941182
duration,BB,201609,347,0.6197764371540544,0.9798542690190688,0.09547997902233273,0.7262510625806582,0.26146950512350225,0.17670453195092156,0.49137290116051835,-0.000660161734198072,1.0412490649977293,-0.015276451858556184
duration,BB,201610,360,0.6209496837423352,0.9778207879958091,0.11384089897812996,0.7306952450987483,0.1607260344087017,0.01631521049433261,0.487001857582949,-0.010992931745484536,1.0802459434630145,0.06767452988911589
duration,BB,201611,352,0.6958235875645569,0.9541788772595541,0.1832673543013486,0.7363550169130944,0.33941069136909396,-0.009284257064428966,0.4979912953243812,0.0045758538265725365,1.0717711841940274,0.09503797789119856
duration,BB,201612,342,0.7075554520930111,0.973866675986381,0.180904576128857,0.7188523928102305,0.13250030130238416,-0.10236991648503269,0.5142932692978903,0.021488640149319765,1.0906283556558956,0.12282202957332304
duration,BB,201701,319,0.689482441007896,0.9778628369051866,0.15924082473613296,0.686400641600458,-0.07761762879280772,-0.17257343957680077,0.510774305960495,0.032363599294957635,1.1275022055278934,0.17783670187896392
duration,BB,201702,335,0.6858852810521452,0.9654057609161286,0.08814652848991772,0.635838566345509,-0.10120813809481252,-0.12403477495376553,0.5209506617329893,0.03711777028273024,1.1516139683858684,0.1837366355283867
duration,BB,201703,325,0.6824173034333334,0.9702648249835986,0.004340971457535875,0.5943729003336835,-0.21558841522031708,-0.4090229214695734,0.5178317754179129,0.033685796457399574,1.1509913333704906,0.17801047383231003
duration,BB,201704,329,0.6761155104178093,0.963125669212813,0.0070057083549558904,0.6007630470126525,0.028668477345176878,-0.000522648788102279,0.5153749073733781,0.033882379260099446,1.090965933002674,0.16447059886290238
duration,BB,201705,327,0.6788020257499147,0.9621831759920451,-0.008599115652888954,0.5760040634435586,-0.07800876384966923,-0.06351635415794167,0.5026516953765866,0.03361506437291383,1.0489508771812135,0.15872564173244968
duration,BB,201706,314,0.6556975012784546,0.9861794816536907,-0.08260331543537013,0.5782819101518277,-0.10479407652033361,-0.04551804333503435,0.49690143442194373,0.032848214477872326,1.047717787809034,0.15292045434323898
duration,BB,201707,334,0.6139653898726476,0.9808821556748656,-0.15789043131969224,0.5745167806212468,-0.15049578132963604,-0.156291906462527,0.4918939152384274,0.03355699946978414,1.0446758038199906,0.14974895875442013
duration,BB,201708,331,0.6180102838192825,0.9776078972209855,-0.2031675895976875,0.5102628170641266,-0.18844121335658484,-0.12328301251529065,0.48750732347182707,0.03397967359279253,1.0357045129599596,0.1487824551434821
duration,BB,201709,321,0.5931529821458787,0.9894700915046618,-0.23198653131467906,0.5201687976343273,-0.0333963400475997,-0.10533578527520808,0.48836737143615516,0.03513262935606195,1.0241077848106444,0.14702270458437572
duration,BB,201710,322,0.5666041312888562,0.9684062382932339,-0.38990831046591307,0.3741458179621983,-0.19497742851284103,-0.21502864369021849,0.48931321026534913,0.04770106197638585,1.0108307725246513,0.1431755099468871
duration,BB,201711,306,0.5414760490621203,0.9781923864181717,-0.4449689862669722,0.3739784978436267,-0.21807016607037968,-0.27302632543328625,0.47871693292172024,0.045821911990287324,1.0243253447619896,0.1385038356144297
duration,BB,201712,302,0.5500286131736123,0.9455550328616473,-0.48541514951037473,0.3011267186835477,-0.13828470699922518,-0.187164153256717,0.46233379299976946,0.04260234264579991,1.017771812689183,0.13644134920029774
duration,BB,201801,310,0.6055673148484032,0.9612127260405081,-0.5154625824376676,0.24062892520656146,-0.02977715521191352,-0.2602107850482462,0.44903233284521493,0.042208083939610036,1.0018526519293678,0.13083127248194817
duration,BB,201802,332,0.6508614032264383,0.9353968443963522,-0.4836473353198866,0.2684168897367613,0.2578823500091655,-0.14932872536056976,0.43580255719624617,0.04189299713579605,0.986520636055776,0.12546423316088
duration,BB,201803,313,0.610206502946557,0.9302775440072829,-0.47042184733725395,0.1668172180127301,-0.03237426682716766,0.04113128648075292,0.428259009725345,0.048055820671163055,0.9968903403252936,0.11883001319401344
duration,BB,201804,318,0.6372356883651326,0.9437445709728135,-0.4580540210841722,0.24237562873127672,0.20343523364690005,0.06308190975752105,0.41828387585155874,0.04401530537520171,1.0309437217558572,0.11324083267581121
duration,BB,201805,318,0.6742521174261725,0.9493511297447674,-0.388654840107853,0.2716719358033422,0.18945263558166323,0.014059488998264072,0.4143839240870445,0.040560252235328935,1.043807405038166,0.11722587899056856
duration,BB,201806,315,0.6920097238568188,0.9748598909385046,-0.3804467429155005,0.2695379665615615,0.013075561596080825,-0.061097988100053964,0.40433019349669386,0.033924710814577166,1.03620298850623,0.09980248909279578
duration,BB,201807,327,0.7054541648196673,0.9489488389301322,-0.3191172453177788,0.28229224992213076,0.10231629754807144,-0.039960415727571676,0.39618737909461477,0.03148070505434883,1.0408124162504093,0.10829051482528451
duration,BB,201808,319,0.7198483096342192,0.955774723045124,-0.312804977228367,0.2479120569578057,-0.05425859111610575,-0.10311356506372522,0.38598860237695665,0.028303688969289,1.041066326377719,0.11187715753335202
duration,BB,201809,321,0.738277240033919,0.9621097762453391,-0.32076790793521803,0.2773824080208913,0.02800908457653684,-0.19630334441931888,0.379564465329902,0.027103115594196484,1.0480220025905735,0.11685738327479295
duration,BB,201810,327,0.7380243904692544,0.9280450501035553,-0.21574237862727041,0.31364250061118504,0.08343898762015213,-0.03099354653607992,0.3720100376195258,0.024510843656977335,1.0488101129753529,0.11247515169454135
duration,BB,201811,317,0.7225533044243146,0.9641382179853147,-0.14855994858654434,0.4414766071157769,0.13986622255004408,0.08675099289386175,0.3617197609256642,0.022105926327204123,1.0550611689145089,0.11902157760310318
duration,BB,201812,322,0.6171284068910032,0.9172754059563308,-0.1931472135726194,0.40549275750221797,-0.08591758095911434,-0.057226867053437644,0.352180865868265,0.02213975963879934,1.06215415021853,0.12848932325149115
duration,BB,201901,318,0.7059093418249133,0.8881894969054795,-0.0618064792754723,0.5135840776496137,0.16478773561582674,-0.199027336454546,0.3356874334724507,0.019904950221211328,1.0636108058008167,0.13809580089044943
duration,BB,201902,323,0.7073838081767533,0.9496726940578835,-0.030965449998967293,0.5555637657669693,0.013439039485613721,-0.1362290527613877,0.3229069541966882,0.02280784353805011,1.063511439665316,0.1383740187151178
duration,BB,201903,317,0.6463868708695416,0.9615466115462614,-0.03308648746797018,0.586922024016216,-0.11331302612336967,0.04539594120222612,0.3113319752956323,0.025180908917171445,1.0670537010444303,0.1436908890893448
duration,BB,201904,317,0.6198567405571934,0.9575283244646206,-0.04092621069119604,0.6385013684030213,-0.09759101138494619,-0.11474051206330044,0.30074833597658596,0.024402457641832683,1.0705109521060925,0.1461958705673113
duration,BB,201905,321,0.5202088406368575,0.9050086460752865,-0.08260688163928719,0.5828153261794483,-0.0670190689034655,0.06170354529319733,0.28834980019073414,0.02704128330897013,1.0552463300801018,0.1451143081871358
duration,BB,201906,322,0.49723780040893645,0.9377179687344561,-0.04212643375534949,0.732731317666855,0.057722945890432996,0.1466824170561731,0.27810792881935403,0.02842153090936749,1.0479565143598049,0.1733866652106347
duration,BB,201907,326,0.4929407477943444,0.9691194223054239,-0.013359946777729441,0.785141461196508,0.04041425113975347,0.20089588821590784,0.2721818607317285,0.026281639321703697,1.0374153743365084,0.17068451939328086
duration,BB,201908,330,0.4575867934178483,0.9635008612674634,-0.003165319115206624,0.7794318662785662,0.028656914677145866,0.38708118761142407,0.26479259594161253,0.022423217284813144,1.0401695295008277,0.1631456432296975
duration,BB,201909,325,0.4537679204484355,0.9717073224446541,0.0019327775155996015,0.8425044091870328,0.15542831174733016,0.148651349559422,0.2623980356750506,0.018785382468170696,1.0400774896454201,0.15015941732420818
duration,BB,201910,316,0.4592125839322224,0.9637500696423101,0.007743253033354059,0.8137153992298173,0.1199901883046874,0.2921023543729246,0.2617010562634328,0.016069953671301773,1.0265847214321446,0.13782866227926802
duration,BB,201911,299,0.47226490119769055,0.9577094963289183,0.011038136068775111,0.8417301987953931,0.2896918138762317,0.20829252799336143,0.2639566537917419,0.019901844411962858,1.0330504695078697,0.12442584802404574
duration,BB,201912,290,0.46676296542978457,0.9790896200786562,0.007265082901063648,0.8298407293881962,0.20118825472933993,0.2798663150283313,0.266217881266242,0.02391024474048618,1.0446211844816775,0.11239573976562095
duration,BB,202001,289,0.43442198635743895,0.9660732431954386,-0.06180447838364555,0.777879156340274,0.05257924670882553,0.29956308615584903,0.2712479724156975,0.029210187275898275,1.051769146694693,0.10794551269964339
duration,BB,202002,290,0.3330218360162073,0.9229394662244492,-0.14664859272999678,0.7308545367078406,-0.14364625524997582,0.10972252991276757,0.27442805517571145,0.027224596481696117,1.0574699799341478,0.10778638893280884
duration,BB,202003,316,0.0017978614290940444,0.5138739806319739,-0.2778611264814995,0.4140196435806567,-0.16624282424705697,0.010678413339684752,0.28329426645207867,0.028009588112960566,1.0621671547796965,0.10956185443998928
duration,BB,202004,309,0.0999895164245305,0.8198716244213948,-0.20716016439778726,0.7992255374561009,0.17257315568007392,0.2971677469527718,0.29120441677473613,0.034613692773906586,1.060239467515885,0.1325291388039753
duration,BB,202005,306,0.25984249412774807,0.8943439712100314,-0.140873039555973,0.8777906935596282,0.3715034883578506,0.20659840613753502,0.2921618383582505,0.03518033477634763,1.0511525200456724,0.1336522028945669
duration,BB,202006,302,0.31437561655403656,0.9056423295510322,-0.0990593503917068,0.833818914907376,0.3010072211375062,0.3200067704405722,0.28791589070520923,0.014880435189731445,1.0424632414879746,0.122811287856412
duration,BB,202007,294,0.4273415641360989,0.8499465031937021,-0.0030186656718567567,0.7899609107232507,0.348835015675934,0.19891452892220918,0.2856837201531557,0.012754707766637528,1.0358416101246166,0.14330184702625143
duration,BB,202008,286,0.4441066846684936,0.9579760839440823,-0.006821676398056372,0.8258196563644132,0.18297032658873066,0.3158617344761425,0.2853857517219511,0.014374236867717195,1.0384454337167215,0.17960706471125695
duration,BB,202009,259,0.4652210565142845,0.9548942029403573,0.028616323965161172,0.8255368673524356,0.1700040354058975,0.287363798458221,0.28351963328991153,0.020068518411282016,1.0453370345912858,0.20522786340349655
duration,B,200307,86,0.129506108778716,0.8513595109536019,0.2854002547289966,0.8093099609772034,0.14784659653757254,0.2854029473493435,-0.13996751553258405,0.05497402282409204,0.9255428591606514,0.22852155229457638
duration,B,200308,88,0.11935225381969031,0.9126211882745096,0.3396851114789899,0.833979077876792,0.15416857454827235,-0.11595223838540385,-0.13996751553258405,0.05497402282409204,0.9255428591606514,0.22852155229457638
duration,B,200309,94,-0.004580444967862012,0.8391666997854822,0.20255752627966622,0.8289768376247675,-0.1124083372466857,0.10615255682505714,-0.10789997268006442,0.06908854456508762,0.8927339525394076,0.2573595351084328
duration,B,200310,97,0.06519566589522406,0.8535821243935653,0.2506180307174416,0.8007468991565043,0.04480065221965074,0.15318007436200212,-0.1239907632758478,0.09381512397749972,0.941613523686785,0.23610541405949423
duration,B,200311,98,0.08894598592448448,0.9657885341418363,0.2619780808293326,0.9064833055996531,0.07216494845360823,0.26836639060497675,-0.1239907632758478,0.09381512397749972,0.941613523686785,0.23610541405949423
duration,B,200312,96,0.07969370487601739,0.7811433881130502,0.22209712425393383,0.757124108537006,0.11272381985892566,-0.030588817786454333,-0.1239907632758478,0.09381512397749972,0.941613523686785,0.23610541405949423
duration,B,200401,106,0.10505659160885142,0.8045726838168851,0.23064211401365342,0.7483355123471671,0.10557472856890948,-0.24171660759481084,-0.08666370853868939,0.10830431522742441,0.9182057984515719,0.2512083920380332
duration,B,200402,101,0.10684364252707658,0.8958753159769414,0.2122073383808969,0.8528845622156761,0.1474898078043098,0.4072021596150698,-0.03581571509383581,0.09130066552084833,0.8990637906855646,0.2535279115667309
duration,B,200403,106,0.03372060216483417,0.8998480982074919,0.10428495856110034,0.8722293176572948,-0.017900597022445022,0.5269076426639452,-0.03581571509383581,0.09130066552084833,0.8990637906855646,0.2535279115667309
duration,B,200404,107,0.2088756092209917,0.8491530903141745,0.2878876937244068,0.8055643996080082,0.3988910441035287,-0.0038255247239076637,-0.03581571509383581,0.09130066552084833,0.8990637906855646,0.2535279115667309
duration,B,200405,108,0.20813932165062565,0.8761161432221379,0.26041517810359444,0.8437310951685039,0.1374146160221784,0.1227534499116021,-0.009821011145146335,0.08074031364886278,0.9154556630306193,0.2600427090231724
duration,B,200406,106,0.17166162427089895,0.8787966576312588,0.20470564526286622,0.8640380488890154,0.21985595852642628,0.2769426873757017,0.017415437174793817,0.03376284392360047,0.9184687728409318,0.19912238019763565
duration,B,200407,110,0.22563499148164054,0.8745404339272711,0.2591844555147308,0.8564717657146381,0.1563419967089692,0.22793472895543349,0.017415437174793817,0.03376284392360047,0.9184687728409318,0.19912238019763565
duration,B,200408,108,0.17848466660950582,0.9162589969284594,0.2233844922689988,0.9005158788858577,0.11533148513342287,0.4633430666026949,0.036418647708160154,-0.003856124199394637,0.9316461920828082,0.14983261772254694
duration,B,200409,111,0.18451291906512743,0.9411984082154834,0.18942611442611443,0.906010881010881,0.07198139698139697,0.3139083889083889,0.076952441672507,-0.017518574119890676,0.9245055058081144,0.10546699794882056
duration,B,200410,108,0.16023721911023156,0.9564311300910673,0.15827831604218465,0.9199865671774528,0.015652538416835764,0.4929608661804501,0.07096104189857337,-0.02354247782048436,0.8932241912978878,0.04571431265122765
duration,B,200411,109,0.1943299578164661,0.9393096929342915,0.17899175238624782,0.8970639681244941,0.062450189973125764,0.3511700804232749,0.07604238390297646,-0.04668819401529427,0.8890574989259018,0.038758603598274655
duration,B,200412,116,0.16251905301043557,0.9459996617119971,0.1629569830469381,0.886853997173841,0.16501749125437282,0.10320668439039302,0.0894777822870886,-0.07579523644893767,0.9251723868646445,0.004122406310524517
duration,B,200501,115,0.19390080072001892,0.9550538745911566,0.17841079460269865,0.9029055924139568,0.16640101002130517,0.30020575279343664,0.1041625860273808,-0.08442427498048818,0.8931379558558111,-0.0034837336563813374
duration,B,200502,115,0.07600455301494073,0.9064223658428145,0.058668034403850704,0.8665684261210465,-0.06235303400931114,0.468599519845305,0.1462927506633141,-0.08566363950211067,0.8948485950253116,-0.010381210774334034
duration,B,200503,111,0.14048850688318307,0.9222854761065113,0.03727623727623727,0.8443412886806801,0.19348016848016847,0.020235303409332196,0.17158192485965204,-0.1020556316091827,0.9024863961085081,-0.0319934403698559
duration,B,200504,100,0.08432668564900134,0.8967647473614982,-0.027362736273627355,0.8409231378677522,-0.009372937293729372,0.3911634633341551,0.18007503919095388,-0.1160427521626687,0.9381338578290347,-0.03177059801082456
duration,B,200505,98,-0.05375267775280113,0.8696663957072512,-0.13286026688088542,0.8183565670098992,-0.001804283100306664,0.2386825503603172,0.1922861646014664,-0.12142409161073853,0.9337469409366536,-0.008868135785191966
duration,B,200506,104,-0.012295989267058747,0.9555768343427329,-0.13813080123759738,0.8993966680842155,-0.07980923879586374,0.3793853039486232,0.19992072523569104,-0.12742421027837567,0.9258632989472,-0.019714589674587907
duration,B,200507,105,-0.05082430754813759,0.9530269180329567,-0.17408252125233256,0.902143121875106,-0.12583454281567488,0.10262829833203224,0.21459311920104335,-0.1316466241190528,0.9369956051448712,-0.01896796266252915
duration,B,200508,104,-0.07054857182509845,0.9158055894889016,-0.19983996585938335,0.8702626434007361,-0.10598527685906327,0.08009196653172235,0.22512885956819273,-0.14107928079364546,0.9216904344216327,-0.0031632953330671004
duration,B,200509,101,0.024508219400084828,0.9151237354797099,-0.15075131042516016,0.8410391410610529,0.17642399534071052,0.08619128186198999,0.24265952763276877,-0.1526921075864762,0.9459069000507112,-0.0005385247736128643
duration,B,200510,103,-0.04747313333734396,0.9220842337373953,-0.1999956069059439,0.8408662202915952,-0.04896103325572201,0.21771923901635204,0.25559422616518374,-0.16003922898352477,0.9752891168768196,0.004326693314815928
duration,B,200511,101,-0.054228621017932056,0.8430208855082761,-0.17207920792079204,0.8476519956579154,0.029039021549213742,0.07391423363103596,0.2591372851661585,-0.15561696806276779,0.9810847951332227,-0.008655226896654643
duration,B,200512,116,0.0680740480197072,0.9013118566873287,-0.08388113635489948,0.870010648569257,0.029969630569330715,0.11376278692578937,0.2714631813525687,-0.14036161415215648,0.9691159889686495,0.00969837586184414
duration,B,200601,116,0.05127071568375133,0.9187340823267108,-0.15340022296544034,0.8340608583973197,0.011102141237073771,0.09629471588240603,0.28418969621097706,-0.13847716925853357,0.9907254468126926,0.026757407873718223
duration,B,200602,116,0.025625648714104488,0.9673526737907749,-0.18240110713873833,0.9011853757043056,0.14781071002960058,0.05755232510182045,0.28811925425544865,-0.13217270523299554,1.024341286105742,0.016118289283375598
duration,B,200603,118,0.06749361347034918,0.8953814296711461,-0.17428666381806962,0.8536332394757121,0.1672455161986568,-0.144938809943795,0.2885268371142535,-0.13650070278046303,1.008207977996599,-0.008587002904776845
duration,B,200604,117,0.16759985838244124,0.890496974692318,-0.17405475880052151,0.7991930030304507,0.21800116890707186,-0.24237258608103882,0.2940622857418284,-0.12464132326358707,0.9883437428640209,-0.02248265846085592
duration,B,200605,120,0.14585811093734358,0.8945995874738807,-0.1931523022432113,0.7241730748206533,0.04691992499479129,-0.0812036967910398,0.28531853852449984,-0.11991055650088063,1.0366143238751488,0.031664714005744686
duration,B,200606,128,0.2357296953990219,0.8795035765379113,-0.06132690899102728,0.7367969282127607,0.13841349228276542,0.002855495613063725,0.2790602321371746,-0.12620501580524154,1.0577480423923629,0.08461225176798044
duration,B,200607,125,0.2936998270361849,0.8956764578517645,0.04940092165898617,0.8134796527321161,0.20728725038402457,-0.023932558725851004,0.2694863612139289,-0.11857565867504564,1.0580559288143572,0.12393876935508505
duration,B,200608,127,0.36103645399313133,0.883197192527044,0.08121250468691413,0.8199018674513391,0.05203060554930633,0.16290882460707024,0.25285809422457056,-0.12255685401161275,1.0836330440056676,0.1427386130796793
duration,B,200609,130,0.30132638889865304,0.9170313906130313,0.06072184517062912,0.7517267749115787,-0.0510316950934739,0.007557115350475905,0.23223893676714344,-0.11789325554224231,1.0752730036122353,0.17781075307342473
duration,B,200610,141,0.34025752469520615,0.9286514683407654,0.12876407380452928,0.8417997345776789,0.15374373902992422,0.06481441842544629,0.21209855214788617,-0.12007753681121813,1.068336981256681,0.19043173962261933
duration,B,200611,127,0.23106588219319685,0.9296868820908508,-0.006151574803149606,0.771158947146144,-0.05293283652043494,0.1207325093127866,0.19977295706579093,-0.12233727873733997,1.0626738404468024,0.20704216345481952
duration,B,200612,127,0.13945075064138923,0.9196173692461094,-0.008407152230971129,0.823465138733894,-0.005401676453061154,0.17586576599347808,0.17703265808908228,-0.13417971463200795,1.077717798336403,0.19212532817789146
duration,B,200701,123,0.281670248605267,0.890611875071886,0.16592072848280046,0.8736856021688448,0.22454889012137086,-0.18655501204457836,0.15857732566243934,-0.11125447535562036,1.0895430567461175,0.19059446311337502
duration,B,200702,118,0.24734128029065108,0.8552802652972179,0.15764063121989344,0.764903310711057,-0.11512349398690376,-0.011672114385044728,0.13663680080360055,-0.07681930021973617,1.0796787398310976,0.20548317105937156
duration,B,200703,109,0.18502541481717855,0.9338649590792816,0.11940505977203225,0.8755566059126771,0.01986840885923455,0.13849696735144962,0.12650198861139816,-0.05090660450695021,1.0757116078420672,0.2699634319493483
duration,B,200704,118,0.23919990359162197,0.9106407222429036,0.1861192977843028,0.8738651220942221,-0.04265226299124604,0.02737950025217479,0.11274061035169719,-0.04547130142816186,1.0699652491683436,0.2610417635542469
duration,B,200705,113,0.1356644112872309,0.8959947433943544,0.05736409608091025,0.8445409254145115,-0.011086898662585668,0.21103126482253,0.10701377038831672,-0.0366345026023833,1.0344422663904709,0.2285669179755369
duration,B,200706,105,0.3340572986635105,0.8419964077977268,0.22373004354136428,0.8206150298095966,0.35500725689404933,-0.08677802688406022,0.10759001680492723,-0.02079176054878394,1.0205073765261443,0.21071882423183763
duration,B,200707,101,0.2374846752621463,0.7434776657952239,0.16005824111822944,0.6879422710790588,-0.029656377402446126,0.09760685851568289,0.10559341847134276,-0.0022485625239095836,0.9965686271297219,0.1844343741734546
duration,B,200708,95,0.10112052856160715,0.8105138281876495,-0.007586786114221725,0.787649732821637,-0.08517637178051511,0.2890827585500573,0.11786477864696818,0.013702288256881284,1.0022543931015302,0.16052975551871285
duration,B,200709,91,0.040436536218413435,0.8617319047516713,-0.0936454849498328,0.8506756703221638,-0.0031852205765249245,0.36720311518217247,0.1353388276430463,0.019613096594941933,0.980080000332722,0.1016454496311158
duration,B,200710,79,0.11750243427458616,0.8992995332416609,-0.029844206426484908,0.882162135861856,0.13405550146056475,0.45046525357001144,0.14687534535488783,0.023839213859881754,0.9851092244287829,0.10865836016186425
duration,B,200711,77,0.0546032914453967,0.837898943162101,-0.12445449287554548,0.7719911667280088,-0.06496135443503864,0.1097323728902676,0.16836134303211372,0.03008892589869974,0.988183800066866,0.102539192154147
duration,B,200712,73,0.10449994601925305,0.8596485816242805,-0.1039738368505492,0.8459829692706407,0.13797359002838458,0.08901024311983217,0.18995638314828148,0.04965174840134742,0.9958682394296965,0.15331269979371145
duration,B,200801,72,0.2111389799987138,0.9278880940181606,0.020355006752845847,0.9149127744570335,0.25258859090616764,0.3318112388884558,0.19199948938775266,0.052008714806621247,0.9954739813056782,0.18952261533021691
duration,B,200802,72,0.20125250219717625,0.89017694209049,0.022670268184449165,0.8392822689562031,-0.014856260852787961,0.39967200463052294,0.18934448310009466,0.023971626663426716,0.976794805504258,0.1861879333357405
duration,B,200803,50,-0.05671068427370948,0.8550780312124849,-0.22237695078031214,0.8648739495798319,0.1288355342136855,0.3938055222088835,0.1934900149386073,0.02492369882796138,0.9699660961069093,0.1693457043086906
duration,B,200804,52,0.059251670201966686,0.8305905959075403,-0.16340817894646972,0.8361649449329803,0.24913022139674176,0.15577042115776402,0.19421469358075147,0.02608502493894869,0.9952421162676107,0.17552157942249136
duration,B,200805,55,0.16403614786485018,0.7466358815253075,-0.05295815295815297,0.7772145963493143,0.29105339105339106,0.16226843921180914,0.19975137517912078,0.024520930485167534,1.0105526849280637,0.18940659631688705
duration,B,200806,40,0.03977485928705442,0.5446784564367224,-0.08011257035647282,0.5125943999259819,0.11388367729831146,0.05403630570229971,0.20296386723689575,0.02525982269698616,1.01045542969703,0.19837987259697465
duration,B,200807,37,0.23436666510259285,0.823069173397725,0.05144618302513039,0.8696064485538169,0.2719298245614035,-0.09174964438122332,0.2102136951605297,0.02709748699945961,1.0116952900709044,0.21604756462548677
duration,B,200808,38,0.35857314804683227,0.8966460592290505,0.24805777437356386,0.8970837678252082,0.39927782033045195,0.09432620247198456,0.20425632673555175,0.023821446398328137,1.0056484384214428,0.21962755203387008
duration,B,200809,38,-0.04519093992778203,0.5957982273771747,-0.16883685304737936,0.5093555093555093,-0.40343582448845605,-0.04059525112156691,0.19555279656846042,0.015503991895957461,1.0112199919733933,0.22959844083048772
duration,B,200810,35,0.14229691876750702,0.6857142857142857,-0.03753501400560224,0.6915966386554622,0.15938375350140058,-0.04005602240896359,0.1815577015674114,-0.005265528520856661,1.0479850310731709,0.22736931435050986
duration,B,200811,35,0.017789606561975806,0.6323014489823526,0.01596638655462185,0.6417366946778711,-0.15070028011204484,0.08459383753501402,0.16722255584543064,-0.011073589485476177,1.0642014109843245,0.25086103163617735
duration,B,200812,32,-0.01686526151161384,0.8050233785770662,-0.049853372434017586,0.8129410720606067,0.0502199413489736,0.37760058814990977,0.16252155889449632,-0.026196874867216325,1.0615574602203943,0.22626174511031547
duration,B,200901,32,0.1224340175953079,0.7844179783499524,0.07991202346041056,0.7703024877369712,0.26099706744868034,-0.060494959769919206,0.16429185690521791,-0.027532824114438335,1.06451009973535,0.21947076018244216
duration,B,200902,33,0.23195187165775402,0.7780748663101605,0.08255347593582889,0.8044786096256685,0.2058823529411765,-0.06751336898395723,0.1847188817596941,-0.011054878441002237,1.0961358378241426,0.2009624124726473
duration,B,200903,33,0.12399732620320857,0.8830213903743317,0.09358288770053476,0.8125000000000001,0.09993315508021391,0.15675133689839574,0.19322518211661047,-0.009546030666113425,1.1123625028297095,0.21198747162839998
duration,B,200904,34,0.34789915966386553,0.8224598930481282,0.24980901451489684,0.8343773873185638,0.388235294117647,-0.21527883880825052,0.18673169091318947,-0.014772575947820301,1.1027268359319027,0.1879740914391747
duration,B,200905,33,0.48562834224598933,0.8014705882352942,0.40006684491978617,0.7393048128342247,0.36764705882352944,-0.3208556149732621,0.17545589102563716,-0.017239728226736292,1.0935388268497426,0.18357961997471478
duration,B,200906,34,0.5453017570664629,0.9101604278074866,0.4756302521008403,0.8594346829640948,0.20244461420932008,-0.1419404125286478,0.1800689341083761,-0.014207376542133238,1.1127602034400468,0.20320712638106203
duration,B,200907,35,0.5106442577030812,0.8030812324929973,0.3988795518207283,0.7406162464985995,0.111484593837535,-0.21372549019607845,0.16067549782753818,-0.021117087606552107,1.10482206003856,0.1738058382410503
duration,B,200908,38,0.43319838056680154,0.8474669000984789,0.3345004923952292,0.7975708502024291,-0.16205274100010944,-0.06247948353211511,0.14787861991090326,-0.02557296705783637,1.1030904851838508,0.1746173072921584
duration,B,200909,39,0.3734817813765182,0.9190283400809717,0.2840080971659919,0.8518218623481781,0.2251012145748988,-0.08846153846153848,0.1502148846491475,-0.034291761998098864,1.0949844936257973,0.1831801465293769
duration,B,200910,39,0.2868421052631579,0.9279352226720649,0.22995951417004049,0.910931174089069,0.09291497975708501,0.1360323886639676,0.13823316082615575,-0.032736776869035096,1.0874135443847877,0.1404685309566076
duration,B,200911,42,0.33344137428085246,0.9542986791994167,0.2514382951138482,0.9390649055992223,0.19860627177700346,0.2806093509440078,0.1268360164444185,-0.03722507346968785,1.0886568367467564,0.1385308316063264
duration,B,200912,50,0.389483793517407,0.9123169267707082,0.3047779111644658,0.8866746698679471,0.3485714285714286,-0.17522208883553422,0.12886375713662088,-0.03920478922187714,1.0390354459446245,0.14135656895922766
duration,B,201001,55,0.26551226551226553,0.9244588744588748,0.19502164502164507,0.9131313131313132,0.09711399711399714,-0.0940836940836941,0.14259972751860403,-0.04243003482105022,1.0406039414981607,0.12088290485565724
duration,B,201002,58,0.38291523759854706,0.8640949920019688,0.32424866959918797,0.8486703478555845,0.3666984527361654,0.2581786302349458,0.11765208451302138,-0.054569994648015055,0.96830949415238,0.09525479240833419
duration,B,201003,59,0.41104617182933967,0.9363666916062608,0.36744593804792525,0.9237715338732136,0.43512565751022797,0.3003258376392717,0.08953735245482894,-0.06384219066947978,0.8744528542111042,0.09146108633952696
duration,B,201004,66,0.434965034965035,0.8763803360818287,0.34562154263646805,0.8391399645130988,0.2585325122638556,-0.22229412378666114,0.07571374015829926,-0.07079603700984143,0.9253561596227655,0.13003439407917414
duration,B,201005,66,0.33546259192345956,0.9236806949240347,0.24625821939254777,0.8730403924433776,0.177580628326897,0.4231082350485337,0.059599485709691744,-0.11524626504386414,0.9401998069350372,0.11514894940385631
duration,B,201006,67,0.3177092687452819,0.9249418831337651,0.17826642190118927,0.9149464736914149,0.36798627184930965,0.3730582354946174,0.05400978420318995,-0.18757565095410766,0.8475458400432836,0.023983287026124952
duration,B,201007,69,0.3192546583850932,0.8956502677831363,0.12824260138838145,0.8440782624401254,0.1555352575812934,0.38809623857843534,0.08495147706603765,-0.19392994185922263,0.8855621375011413,0.05106847650921931
duration,B,201008,81,0.24540840239070827,0.9563616859255276,0.01973803071364047,0.8697478517701255,0.038505185779666204,0.4512836147928994,0.10789366873659574,-0.21214416315582307,0.9058159929116604,0.03406839004224573
duration,B,201009,91,0.15015368935953272,0.9487720583550996,-0.04910833376505626,0.9034381159689718,0.12286988373944897,0.3250250840527518,0.10044560441976519,-0.24742167090127934,0.9078026598255661,0.02700465557455393
duration,B,201010,104,0.10404914128155351,0.9005881333390489,-0.15351541662221277,0.842097963325035,0.05125360076816388,0.22563987667854862,0.13284354003342355,-0.3026509998130068,0.9390902748983366,0.07576153740349457
duration,B,201011,106,0.03703078593540465,0.9137054558944683,-0.2197999848855077,0.8489378263820835,0.12545532407990528,0.16497006063498104,0.151432339738601,-0.2818959941073351,0.915999983681151,0.0737699292214837
duration,B,201012,109,0.008150348208539942,0.9085247755052868,-0.24194235937355207,0.882554362693019,0.3318691502177741,-0.09041372631793061,0.2022098059977034,-0.2036517815248697,0.9547999182565724,0.06585103554989911
duration,B,201101,109,0.025090469328734395,0.8970150775190205,-0.2791770920211288,0.8410149245522796,0.25209897136502646,0.1415445350053884,0.23734764848997075,-0.1793334685085925,0.9477220505933326,0.06355175092644334
duration,B,201102,106,-0.020762274227271584,0.9105899956952481,-0.4038844245157065,0.8245933561588906,0.15124064790790237,0.08582030334889651,0.2601753508115686,-0.12498952455395375,0.9606405706523193,0.04678592365827564
duration,B,201103,107,-0.16652665764999885,0.8516385955324602,-0.5148024060032524,0.7477615157036775,-0.08377907090656166,0.10359724916240522,0.29104600474137615,-0.17989426428747105,1.0401191372888117,-0.07359076103988267
duration,B,201104,107,-0.028174740209768866,0.8891101281881725,-0.46757381610141263,0.785654981909923,-0.03152491232194988,0.09495259717774156,0.3325442391391873,-0.17674292095776475,1.0450403433531648,-0.152007335406827
duration,B,201105,104,-0.0857891971335526,0.937988776165871,-0.4899818627973968,0.8156098550073471,-0.052139123012909426,0.19369087025214862,0.3295078456491409,-0.17775380201915358,1.02565362477886,-0.12690822939146304
duration,B,201106,107,-0.07898977728341545,0.9500055106576797,-0.48825408021317035,0.8554704624686761,0.02266893943846862,0.25343426946692676,0.32099835793030335,-0.17374672063496074,0.9995445931566882,-0.10665647070298116
duration,B,201107,106,-0.046583099897812154,0.9599231161152588,-0.4944000806106255,0.7863685372871525,-0.10987732070433534,-0.08145323002512427,0.32438657594541187,-0.21925854822408422,1.0113334670305276,-0.13595195572817687
duration,B,201108,110,0.036837086845182616,0.8589152598939381,-0.3379618150260352,0.742545556194261,0.11408155444852693,0.21605940112205285,0.30957783473329825,-0.229880905803871,1.0308657458426354,-0.15002947792329305
duration,B,201109,116,0.08284767499322249,0.9013118567006488,-0.2284011840233729,0.7970376293360923,0.08294314381270902,0.3340566909949104,0.30895713264875846,-0.23023331121641713,1.0009890101734003,-0.15315531885941702
duration,B,201110,119,-0.0200934346496667,0.8235799961200294,-0.34318473151972656,0.7230409044662681,-0.05125338270901582,-0.18762451596417065,0.3103209626941367,-0.22644672087588563,1.0488413649419188,-0.14704172842766206
duration,B,201111,126,0.019167661545377714,0.8516522083476639,-0.28155980502437195,0.79016597026376,0.1285071293696674,0.06826297910064676,0.3059236940591597,-0.22392590791059874,1.04513769141536,-0.15147666656357367
duration,B,201112,124,-0.07177059844579631,0.9222133927107619,-0.3056616837136113,0.8251701814995435,-0.12417309205350117,0.20614069595915133,0.30686466921547223,-0.21863940100155554,1.029109106039564,-0.15867244594195307
duration,B,201201,125,-0.048408750871966916,0.9228689577201704,-0.2879815668202764,0.8601009526951577,0.08466359447004607,0.08788045431824673,0.3076383343094194,-0.22949088568513204,1.025193783407421,-0.1575774210816321
duration,B,201202,127,-0.0948046945373488,0.9471738515921571,-0.3060437757780277,0.86432515562436,-0.08571780089988751,0.2415496155264849,0.3147905705296225,-0.23959818107988964,1.041677685843909,-0.16525954630385542
duration,B,201203,133,-0.09754032299201192,0.9369866367758366,-0.25129819120392566,0.8867957973245054,0.07515736423827546,0.32946553476518403,0.3059022522443408,-0.2319946931633526,1.021661141046787,-0.13138166797587503
duration,B,201204,135,-0.1288635091591486,0.9288566805374334,-0.24615647253926445,0.8894351770558971,0.020300458491854457,0.277260755048288,0.2722531046183649,-0.24244988272360088,1.0636313473973282,-0.14010672916142072
duration,B,201205,132,-0.09528679436272844,0.921178853894759,-0.2238472656311145,0.9036940604732068,0.10905647185277557,0.2648468776149962,0.25725791249648605,-0.2520571265557511,1.1052049466658216,-0.160825704934752
duration,B,201206,136,-0.11203704035079716,0.959533035881229,-0.19904584704928197,0.9043509374552738,-0.08967606507323124,0.3298792996517341,0.24574165670755538,-0.2599381423843664,1.1083920050130007,-0.16120037850416777
duration,B,201207,141,-0.09979889956649789,0.9580909203794387,-0.16404383749304335,0.9249077172905587,0.08899363092777789,0.21467620478753224,0.22300586231854516,-0.2713489274412958,1.1161691202314161,-0.1562780081750195
duration,B,201208,136,-0.10326094086756649,0.9489002168317755,-0.155154811316254,0.9220301059475405,0.0064453031821000905,0.20822981755395942,0.2099082173392384,-0.27610761219706326,1.0982117670658516,-0.1593599620250317
duration,B,201209,155,-0.008286907797543135,0.9653779470731946,-0.02283522928684219,0.922858406576138,0.2547599616190779,0.1831770912222133,0.22952690096284364,-0.273093224647007,1.1380332905114423,-0.15988697706093313
duration,B,201210,162,-0.02382862695375312,0.9622189887343984,-0.024445319457322656,0.9165298278180873,0.06988953668068097,0.16128661218616575,0.23876783925652953,-0.26733564764055606,1.1437281623904274,-0.13084634672643655
duration,B,201211,164,-0.04284279164420321,0.9331857853334857,-0.032688095983023406,0.8873387441805859,0.01955572483778379,0.292888930303271,0.23524803099416094,-0.2793795241925299,1.1230934044325682,-0.15172162404956835
duration,B,201212,167,-0.055729368970355506,0.975684571929169,-0.03704896575180104,0.9316046896772225,0.1565749739763159,0.31315401457462577,0.2332410414005565,-0.2991649310010345,1.124639302049486,-0.10220023213533122
duration,B,201301,166,-0.05021554961061253,0.96314174667199,0.027623613670796413,0.9229813689040351,0.2055039974814883,0.17356361115469043,0.2283709172181772,-0.2943843832396207,1.142687128486683,-0.09712230688474904
duration,B,201302,162,-0.08767224206314249,0.9727171433271519,0.04939729959735295,0.9121683414257702,0.13221303458700098,0.173258439652425,0.2193509320714913,-0.29424734410782916,1.1283125100108042,-0.08722846758456787
duration,B,201303,158,-0.07571521149823626,0.9686448677394751,0.08290294952986116,0.9059742986146054,0.05024803798228974,0.15565807038067778,0.21053112664459528,-0.2944635341432806,1.1124910808402382,-0.08208175861592402
duration,B,201304,167,-0.1460139510593256,0.9622931864681316,-0.018775701608830533,0.9269429217428123,-0.19798870417512654,0.3270975180848228,0.2135657397297101,-0.2887495901469297,1.121785730211011,-0.05702944682522948
duration,B,201305,158,-0.0900927351398888,0.973150671594789,0.03870792063393062,0.900518972588361,0.14824928235560783,0.167349071623686,0.2026827248560747,-0.2827881140641255,1.1006032745457788,-0.050883109720946625
duration,B,201306,158,-0.016587650688901463,0.9551375325455507,0.17204932472127954,0.8436719885032697,0.24078623704855337,-0.02043793621742239,0.19679598232302045,-0.26019459417773555,1.1004226937359547,-0.05156017807669742
duration,B,201307,166,0.01911711561634886,0.9494648458962133,0.23679534914536327,0.8383941003637256,0.17166554404811432,0.28313317413445194,0.18257083766436968,-0.26886951751294774,1.109619923818787,-0.05745693738433958
duration,B,201308,166,0.11434481709325214,0.9498360662207237,0.31780600901154976,0.7966146938410797,0.40542398226548004,-0.02638277387070294,0.17011162230211485,-0.2489533424832502,1.097918898941021,-0.05879715312928252
duration,B,201309,180,0.23537914828521547,0.9355290571167492,0.4432811712295647,0.8436387243640019,0.19095651100342603,0.09095782058487697,0.1455540786128065,-0.2503093747505539,1.096726831506385,-0.04983880375370644
duration,B,201310,171,0.07329558954490965,0.9553301429435426,0.2551371589027288,0.9142376802716234,-0.23062855497156023,0.3749523002681984,0.1417012026382467,-0.2337598005470882,1.101075158778616,-0.048015017145021405
duration,B,201311,175,0.08119830362062443,0.9691774687270291,0.2553649798477385,0.91092344586759,0.15377742946708464,0.21975194749707466,0.15117100970029154,-0.2100736830345555,1.1252932639107138,-0.021975497111090595
duration,B,201312,174,0.08276554886596543,0.9543219016650811,0.23926079899769356,0.8937459210021101,-0.04829864176087018,0.1006969478501198,0.14361262599381502,-0.19981747162254618,1.1611139069254,-0.03373762864701191
duration,B,201401,178,0.05713653444401872,0.965736555024422,0.18805356574805118,0.9416848950137682,-0.18245527055766977,0.20955647666641644,0.14390393144572514,-0.19704277964358444,1.1601943481970831,-0.035979804454662714
duration,B,201402,176,-0.008178547903308157,0.9741127215381761,0.11106439694518702,0.9583197363474287,-0.303292211415597,0.3253593045554301,0.14665414487448833,-0.19371085819879633,1.1600125232543685,-0.03501772106183931
duration,B,201403,170,0.019518724578000676,0.9818423524182288,0.14342373545824663,0.9517648955489004,-0.06947690199554424,0.14084235260877973,0.15356703923711038,-0.19487494431998859,1.1674809344538772,-0.041264542768884
duration,B,201404,173,0.02581112440576489,0.9872346441711592,0.14027654810852405,0.969340253997821,0.019355122814987188,0.1561935421817364,0.14713727236556756,-0.19710091818733186,1.1665329588790738,-0.046495725076901674
duration,B,201405,169,0.004229034146781333,0.969106984694461,0.10038287504350853,0.9555671440406399,-0.2771020834369251,0.2123046074998858,0.1465997153698084,-0.19994325030877594,1.1662225150301277,-0.044383939600007576
duration,B,201406,167,0.010798568436059933,0.9654328351689313,0.09618972038710875,0.9532455870826511,-0.2157878734785163,0.11403663029148267,0.15235287340800385,-0.20513626186122583,1.142726297631263,-0.038890484656288
duration,B,201407,185,0.0015541517648179327,0.9289429094534304,0.07992305068041393,0.900737084905687,0.044293241347939806,-0.11495321434616444,0.16832025544912868,-0.20366262268805385,1.1336918900777981,-0.029132604046437027
duration,B,201408,188,-0.049484878667735724,0.9600887478622595,0.0010908296264992134,0.9261205405049543,-0.119104508341054,0.07562497065241895,0.1969666697252835,-0.21199501925418954,1.1273926708924114,-0.027521519583026902
duration,B,201409,194,0.07119955722188463,0.9639961655305217,0.07699375033384968,0.9123720066477428,0.19014023741335315,-0.10726870798703375,0.2238065989779534,-0.21842978953997508,1.1212865883528456,-0.028006293646201746
duration,B,201410,191,0.04519069060923344,0.9649049838313539,-0.01574211893002649,0.9154753411481492,-0.22160556524077438,0.36720625966506404,0.26396547788642594,-0.229463834232369,1.1170835499843117,-0.03245992131987007
duration,B,201411,187,0.07773855156681134,0.9773304509355896,-0.02947415941481104,0.9128808889048895,0.14190024921180802,0.04513158178459517,0.27920271942079455,-0.24915865414567023,1.1141071647761354,-0.03763382777769032
duration,B,201412,185,0.07665099089089139,0.9777636998054113,-0.07789507600166787,0.899638137995816,-0.07604905045297752,0.32862301484255657,0.30614034782015886,-0.2734727103601139,1.1010080937591296,-0.0551833947348632
duration,B,201501,174,0.06496198638913409,0.9745009388110788,-0.12249209829437056,0.8942912286090023,-0.058394601213018586,0.19449675872933433,0.31897669409201357,-0.29582581629143867,1.09646675082145,-0.060304113427074424
duration,B,201502,180,0.056079949010753125,0.9656023157106515,-0.12026091340267704,0.8865191312489069,0.07773902486702264,0.011331625461691204,0.3216394583615333,-0.3183945277149759,1.1091964121220392,-0.056515289229801605
duration,B,201503,176,0.06650132044030707,0.9735064351897491,-0.1702575390710984,0.8765226042938837,0.0031752163632056112,-0.18950384052810976,0.3170843409829461,-0.32495433563582404,1.1201735134988926,-0.040509111853143855
duration,B,201504,164,0.017105852922347828,0.9586486135381637,-0.1749023982152816,0.8756066970682413,0.10654442071470349,-0.06903559652222171,0.31988766745758096,-0.329235733856743,1.1156020125206922,-0.006539768064972059
duration,B,201505,157,0.10802957735021583,0.9126104153659852,-0.07556490331505762,0.8224422380860551,0.292609108218235,-0.09725964952586014,0.3362469094854757,-0.33950633627639476,1.136365984728473,0.0180997025734212
duration,B,201506,149,0.12463506546049363,0.9672108101934979,-0.09829493923453654,0.860844517577688,0.23837837837837836,-0.038766762743705184,0.35630566748363196,-0.34019936099835135,1.1352460268981026,0.020209822035091626
duration,B,201507,150,0.09936468118088895,0.9580902837672549,-0.11987555002444554,0.8487757179323713,-0.10242055202453443,0.2224162070167621,0.36625781613737635,-0.34777275513630274,1.1360778638757059,0.015552812773592238
duration,B,201508,151,0.07555078036843262,0.9616807990962151,-0.21369815266643427,0.8443827890964185,-0.02594283722551411,0.20568003778357793,0.37565830082556356,-0.3421136578893755,1.114428729435322,0.014076002095185227
duration,B,201509,157,0.06199817196423646,0.9167134400293829,-0.1969901822760002,0.7938904312005306,0.040982640676263185,0.09622989493076445,0.3671129153124959,-0.34476619404946784,1.116982071803657,0.01198333613174057
duration,B,201510,154,0.05403615991851287,0.8918428050072794,-0.1759678651519259,0.8110257629810879,0.05324428891791322,0.09083374200248222,0.352891667700994,-0.3507819240783123,1.1086844936259939,0.01099955003555695
duration,B,201511,148,0.06612027623083366,0.9633944320758054,-0.1798753965580428,0.8739713552752865,0.12693756032829553,0.26862135566534756,0.353792338803327,-0.3304103769442442,1.1109319765102976,0.007705193016963202
duration,B,201512,150,0.020950301702867373,0.9409180529554307,-0.19240855149117742,0.8610389102443231,0.03235521578736833,0.3784388256174266,0.3563195783713586,-0.307735493504024,1.1080567838534294,0.01240051543364883
duration,B,201601,147,-0.0029599826216771897,0.9370024971949059,-0.23262359368034516,0.8525392192990211,-0.05477757177764627,0.3379445763038335,0.36609419947652283,-0.287596926736497,1.1289588333812102,0.03671169241556414
duration,B,201602,160,0.13273955796540282,0.9636534231638479,-0.058549162076643624,0.8995076460627928,0.18133023554970726,0.5636988885024675,0.37022765119780504,-0.27665903558294586,1.1314359712783457,0.045860663261255166
duration,B,201603,161,0.15234146134756196,0.9605011545428135,-0.08883863069262037,0.8728959896055883,0.26471224663820736,-0.016042788437344985,0.38406949191580947,-0.2629685158617298,1.1091622627729938,0.04184928728690695
duration,B,201604,160,0.14482053445665827,0.9477758595581705,-0.0970174616195945,0.8623608611724359,0.03978085081448494,-0.17114672303859466,0.38688564618010823,-0.23710800827580614,1.0908468651717822,0.03267801566134537
duration,B,201605,160,0.17723836868627682,0.9593569656583695,-0.04672448142505566,0.8647388039224642,0.369547638579632,0.1818326976874285,0.39556860956245754,-0.20227030646668295,1.0772628711540277,0.020314698049048594
duration,B,201606,160,0.14565217391304347,0.9853714988866754,-0.028193484120473455,0.892444040782843,0.17875014649009727,0.26599378881987573,0.3981962439207266,-0.1813490173546671,1.0746714679307952,0.01950796330021758
duration,B,201607,166,0.19267283134031687,0.9643177812948674,0.028633641807294503,0.9009700205284942,0.07104957664080383,0.23697752359465082,0.3839912165292402,-0.1600716614314622,1.091842593976377,0.02402056146692723
duration,B,201608,161,0.24510256399424574,0.9525798453441147,0.07422935357717968,0.8614452937698437,0.19849033816425124,-0.3032050143814149,0.3894970811498174,-0.1258085642023883,1.1093740781295787,0.03545766809931513
duration,B,201609,152,0.18401932081564887,0.9649770278200047,0.02203404889317177,0.8790181000928513,-7.85953977268844e-05,0.0019546417188040064,0.3863473749293792,-0.11606139557246456,1.10235469158692,0.05126258334188521
duration,B,201610,147,0.22793253034150496,0.9672700621346604,0.06190451004541024,0.8658687125224988,0.036052406893894176,-0.15046973387578008,0.3815794159445598,-0.11217002996927097,1.111291708629407,0.06062535841074488
duration,B,201611,147,0.28345375381382093,0.9401162653456515,0.08899953909738646,0.8286690335353412,0.21454638871468618,0.06671030150614579,0.3655104040338256,-0.11030994504640582,1.0966609679698225,0.052960270399471765
duration,B,201612,149,0.2750397470708904,0.9518780694637939,0.1337928532559405,0.8649897786877621,0.12768728460003628,-0.03409402157455559,0.35501427283115994,-0.11810177271081658,1.105812415236631,0.05725007089351602
duration,B,201701,166,0.3293692956293481,0.9479853479855518,0.14403657088889038,0.8487545475966892,0.0692026680483502,-0.18316568363662042,0.3317602261129263,-0.1204348518964163,1.1088225551402866,0.050749522260726126
duration,B,201702,151,0.2191502933101263,0.9445910796088376,0.09288261840594185,0.8434765484080662,-0.05849778537627296,-0.032915707416708635,0.3110590814519866,-0.11815593907911076,1.1140409482704487,0.053232697239272285
duration,B,201703,153,0.28748820994129237,0.9806005868690597,0.1383706592684921,0.880398390024601,0.2018046453030973,-0.28401623380792557,0.3090041100392379,-0.08823730354531015,1.1369426137487462,0.06525913272304357
duration,B,201704,154,0.31608026496549874,0.9731690547549066,0.22303654599669784,0.9056971409637208,0.32614406466398876,-0.012738989538988558,0.30885581632677683,-0.06968190190049317,1.0046008252215937,0.05011896392177613
duration,B,201705,159,0.3347780364336292,0.9862453212525185,0.24068844041079535,0.9297676286247949,0.14486804394554575,0.11958759193288929,0.3031607025981541,-0.06996874539452609,0.9687084611870502,0.0456146490131036
duration,B,201706,161,0.3263735426354056,0.9718022911000438,0.2160282953761215,0.905704161717431,0.05276627559236255,0.19943107192737877,0.29741078477531413,-0.06602577185059334,0.9788829937063401,0.04230203560600502
duration,B,201707,161,0.29200310559006215,0.9806417941144742,0.19595410628019325,0.9191107647679803,-0.09487865194386935,-0.1854974486680211,0.3023419701310475,-0.06896803697960392,0.9926840582108087,0.0381047112372572
duration,B,201708,162,0.2773074968953874,0.9738949418548707,0.18828442434737447,0.9214774733579748,0.134008222298433,0.2510510739371769,0.32318393346581753,-0.05899038314319422,0.9860909936824254,0.035862384926772156
duration,B,201709,162,0.2894703973349586,0.9747331905080461,0.20837867170222465,0.9256032838476793,0.08664462198738006,-0.1426739744513009,0.32443823774688224,-0.05511116563645991,0.9701317439205301,0.02918304773651106
duration,B,201710,163,0.3224239502108722,0.9585175178836446,0.23314268930010365,0.9062122235519475,-0.012901724109265633,-0.011837688990517589,0.3352039290086029,-0.05158256901263375,0.9672856583316105,0.02333532427083374
duration,B,201711,178,0.3468783280439267,0.9833625731305239,0.22244552514072874,0.9365483988684251,0.08762257574774264,0.10859862819425722,0.34516079073096373,-0.05110166957330275,0.9842333683025356,0.03193274075224317
duration,B,201712,176,0.35469092818128206,0.9641750848422576,0.17762491745542594,0.8991569447501652,-0.0765463350209113,-0.21028175214615893,0.36958496395385665,-0.04146513657794896,0.9621758529937681,0.028760608099403416
duration,B,201801,166,0.37413581530698886,0.9677379579822317,0.17659107410007938,0.8703725565813257,0.06179929298030447,-0.1965266814848371,0.38006426017516803,-0.03917916751877629,0.96089993016893,0.02862124639904737
duration,B,201802,168,0.38584791532741797,0.9426085746223205,0.15315016627775727,0.8498203077654931,0.229422811182369,0.23985498076840983,0.3937531005579272,-0.03794200583335986,0.9512376884648968,0.02599261284591505
duration,B,201803,163,0.36610216927198214,0.9451543963563689,0.17502951103130662,0.8502840611919933,0.18054932083063163,0.38167349831359726,0.31250748600349854,-0.04127583413178183,0.9373959629843647,0.008065690273954804
duration,B,201804,156,0.4216117968737652,0.9454298895712676,0.2322801915569534,0.8637952044315516,0.06370691153925179,-0.06671945554757831,0.2947943563674869,-0.050989730008314804,0.9813045628130346,0.02126520661214219
duration,B,201805,159,0.43997805700261955,0.9494154130985214,0.20336458084547407,0.8779555767852879,0.2407959159302603,0.06970085980415573,0.29595474427646373,-0.05408722746478549,1.0207311244857862,0.028052454451194125
duration,B,201806,155,0.40841548263394906,0.9801962728939214,0.15043988269794722,0.8854358763722558,0.09773452354097516,0.21888038929147524,0.2971760638090781,-0.05805394930942618,1.0099496896563025,0.035021090983067805
duration,B,201807,142,0.46648455910191466,0.9813941450858805,0.19299400030595715,0.892369690004883,0.26799960602777506,0.288856197442126,0.298846610834526,-0.058336062188311485,1.0236333433911593,0.043957286281383505
duration,B,201808,140,0.48946773407156907,0.955123292045219,0.24153856246309946,0.8790545571439918,0.14233233474011067,0.10639840195760003,0.2933662541790998,-0.06113372346104513,1.0167317897401107,0.04570724966204975
duration,B,201809,140,0.47591068174147383,0.987460297502818,0.18943823664472678,0.8838203490440084,-0.05149242308281035,-0.10961297503464801,0.29731673021624405,-0.06335009423038084,1.0399164605793418,0.058284576863423906
duration,B,201810,125,0.5230607113073932,0.9622270524453357,0.21032258064516127,0.8070587223422536,0.0982242703533026,0.32414331271464547,0.301268777867864,-0.06604075347239659,1.039058615019613,0.07746214653322604
duration,B,201811,123,0.5920982837496405,0.9522091306051658,0.3146354361481214,0.8347706639462553,0.24474081335207856,0.21208647522708046,0.31366844324327214,-0.060045952619874554,1.0382872824995517,0.08256389324578359
duration,B,201812,122,0.42883082937268674,0.9315277626373067,0.1602301228269023,0.817174702896006,-0.1411104979495805,0.2680362633637173,0.3174405260385599,-0.05652113840675179,1.04024657828448,0.0886668688954611
duration,B,201901,123,0.563161832041377,0.8753835165679249,0.30070552424191616,0.8354187928368434,0.1875120919374186,-0.2015326152325807,0.32145463549195324,-0.0510092516150057,1.043632049946118,0.11071326622054657
duration,B,201902,119,0.5560526779705327,0.9824365249206769,0.26895741347386415,0.8784076342401369,0.12191283292978207,0.12903432559464467,0.31794985813188925,-0.04703857052304426,1.0320959941577683,0.09998176087660848
duration,B,201903,112,0.5937916424642089,0.9806351036884454,0.3089657293197116,0.8902641638452226,0.15326989442033692,0.05992269417271218,0.32167467010606965,-0.042334952914159875,1.0325579978666035,0.09573166999431917
duration,B,201904,108,0.5581468461516476,0.9734773786047043,0.2605009193365534,0.8692827269522801,-0.18674440538454942,-0.23942762963598083,0.326035887206878,-0.03957761495446422,1.028009237481983,0.0941600029168616
duration,B,201905,108,0.5679621593620475,0.9695617173208082,0.27143768994064804,0.8663961054426629,0.29282536416206995,0.333209484885726,0.3320557880543938,-0.03441843699270872,1.0233082392924433,0.0931508502918283
duration,B,201906,110,0.505416676058878,0.9635775920463634,0.2676870364943759,0.8795702705960069,0.029975429975429974,0.12238632367783764,0.3434910370632935,-0.026529881144892416,1.0237690554709027,0.099245119846763
duration,B,201907,107,0.4684626876694047,0.977835413868412,0.2270714551617391,0.8825576582582413,-0.010325437410607576,0.059508560876569264,0.3500741133554562,-0.01860906015881577,1.0212633297368185,0.10351123950396937
duration,B,201908,102,0.514201220236244,0.9572548565069173,0.3112280959677921,0.9038877469989559,0.2802528682337109,0.33353029819104696,0.3618301480382503,-0.012145531450084075,1.0442820324408402,0.11612502837455156
duration,B,201909,98,0.5191936193408947,0.9343317458192273,0.2859374302673271,0.858271331025381,0.08927694789255908,-0.22899094033114648,0.36254720842177596,-0.008992335341064153,1.0278271954446763,0.11759200799336919
duration,B,201910,93,0.49421269961214737,0.9751610484723942,0.2789681000268568,0.8678642833696397,0.02308197308346513,0.29988660439855563,0.3664037304621918,-0.001300853678440233,1.021081711675995,0.11106912413002203
duration,B,201911,90,0.49432643671010396,0.9786803200421454,0.23952751368481703,0.8922619758151704,0.17224348685022842,0.1080384740449289,0.3623755853518545,-0.001894022244612248,1.0269450409776264,0.12013836266530199
duration,B,201912,87,0.5556021324329663,0.9711531013592466,0.3076292192170299,0.8957447681107785,0.13353867463731134,-0.2327961325210636,0.360731951226769,0.0013688545475432534,1.0316057421054758,0.1305115340554334
duration,B,202001,85,0.5395108414449613,0.9745258406351562,0.2511823333984757,0.847156537033418,0.010084033613445377,-0.16951338675004884,0.3633423316859007,-6.120637305739044e-05,1.0629974825680675,0.12046669687333142
duration,B,202002,81,0.5280939476061427,0.9535338023846655,0.040808491418247515,0.7133775223752267,-0.11323396567299007,-0.09953816100635719,0.376200720774437,0.0020275913953588017,1.0608952949583885,0.10935182229039762
duration,B,202003,68,0.2486925983891285,0.7088597931060808,-0.012558689926327441,0.5836927892506775,-0.030423330915753707,0.26877123334732983,0.3789033141382411,0.0040623008109662,1.05266725900468,0.1144790505264322
duration,B,202004,78,0.23312130907067616,0.761099659833837,-0.0659214203518001,0.7230617483782041,0.23989934116516395,-0.06690777576853527,0.3861167630361011,0.0067343661384843614,1.0551891668025288,0.11001007499731776
duration,B,202005,79,0.2729795520934762,0.8540165530671859,-0.04754138266796495,0.8294547224926972,0.2041626095423564,-0.050925024342745866,0.3874771357225051,0.004271247860924999,1.057614862031445,0.10618447741133553
duration,B,202006,78,0.3179225837453685,0.9289571188305364,-0.09384286599476473,0.835329227734291,0.09907813705282058,0.24078453192377242,0.3859007642655677,0.0021590410594921343,1.0568635134421305,0.10823518267660032
duration,B,202007,76,0.2889952153110048,0.9297334244702666,-0.09788106630211893,0.8391524265208475,0.1475598086124402,0.22195488721804513,0.39614050308336995,0.00887751391293833,1.0657932202026128,0.10057911191721988
duration,B,202008,73,0.22686042206590157,0.9648586943107492,-0.16145254843884985,0.8219178082191783,0.13013698630136988,0.1867209675428854,0.3900211120344539,0.0009145265437232672,1.0481862793537473,0.09666869625247619
duration,B,202009,59,0.10935445225161057,0.940822350558084,-0.2887784921098773,0.7813559322033901,-0.09018118059614261,0.24383401519579198,0.3938779341075764,0.009937178789526224,1.0545945445004448,0.11585829862061145
spread,AAA,200307,24,0.8034782608695652,0.9956521739130434,0.3947826086956522,0.8017391304347825,0.3991304347826086,0.7321739130434782,1.9124241426041042,0.5706752598174223,0.9728948716493632,0.041259672163348624
spread,AAA,200308,24,0.8617391304347826,0.9782608695652173,0.47478260869565214,0.7765217391304347,-0.014782608695652172,0.05652173913043478,1.9124241426041042,0.5706752598174223,0.9728948716493632,0.041259672163348624
spread,AAA,200309,26,0.6464957264957265,0.9897435897435896,0.14735042735042733,0.7709401709401709,0.0010256410256410254,0.28820512820512817,1.8170006456105972,0.7268600793068454,1.0035448427030595,0.018680415698919435
spread,AAA,200310,26,0.7429059829059829,0.9856410256410256,0.16034188034188035,0.7647863247863247,0.1623931623931624,0.05299145299145299,1.9607511657792103,0.7436446423986829,0.9947854857029741,0.03276344802921201
spread,AAA,200311,25,0.6407692307692306,0.9415384615384615,0.04230769230769231,0.6761538461538462,-0.03923076923076923,-0.25461538461538463,1.9607511657792103,0.7436446423986829,0.9947854857029741,0.03276344802921201
spread,AAA,200312,25,0.54,0.9607692307692307,-0.08846153846153845,0.6538461538461537,-0.05384615384615384,0.25230769230769234,1.9607511657792103,0.7436446423986829,0.9947854857029741,0.03276344802921201
spread,AAA,200401,27,0.3773469743246398,0.9800030643868073,-0.14468864468864467,0.7258852258852259,-0.3492063492063492,0.12576312576312576,2.168446475938213,0.7110807148680035,1.0086514317000455,0.04163047944273011
spread,AAA,200402,28,0.645320197044335,0.9859039369731732,0.15873015873015872,0.7453127208156443,0.0010946907498631637,0.08621869521003599,2.2349832348121614,0.7183194984637933,1.0217012537622108,0.05118780868209769
spread,AAA,200403,29,0.4970443349753693,0.7866995073891624,-0.10591133004926105,0.5275862068965517,-0.43004926108374375,-0.6275862068965515,2.2349832348121614,0.7183194984637933,1.0217012537622108,0.05118780868209769
spread,AAA,200404,27,0.6013431013431013,0.9615384615384616,-0.07448107448107448,0.6031746031746031,-0.038461538461538464,-0.0586080586080586,2.2349832348121614,0.7183194984637933,1.0217012537622108,0.05118780868209769
spread,AAA,200405,31,0.6571226971594356,0.972678702392488,-0.08306451612903226,0.5362903225806452,-0.07459677419354839,-0.10040322580645164,2.3414644363667887,0.7433713752715456,1.0169232904517247,0.05742852856108082
spread,AAA,200406,33,0.5334224598930482,0.9718392279272137,-0.19451871657754014,0.5221024502226338,-0.5564839572192514,-0.3076794529000861,2.3991797566220097,0.7592841666439144,1.019709017380289,0.06869216799660326
spread,AAA,200407,34,0.7271199388846448,0.9871657754010694,0.026126814362108473,0.5862490450725745,-0.22200152788388078,-0.14560733384262795,2.3991797566220097,0.7592841666439144,1.019709017380289,0.06869216799660326
spread,AAA,200408,34,0.7130634071810542,0.9935828877005346,-0.12146676852559204,0.45882352941176463,-0.3420932009167303,-0.3894576012223071,2.495027080820574,0.7321535758727497,1.0367873837094155,0.06175809855768192
spread,AAA,200409,33,0.713127770518559,0.9949026524248845,-0.2359625668449198,0.4535427807486631,-0.44217914438502676,-0.714572192513369,2.5960161010682175,0.7494539596193853,1.0257087872558528,0.042863330909340795
spread,AAA,200410,33,0.7256622403542496,0.9766003677085076,-0.22894385026737968,0.29731762450258176,-0.38335561497326204,-0.45592044949018723,2.564438269421558,0.22303685244874322,1.0268823181495312,0.04212034314995439
spread,AAA,200411,34,0.6726258710133943,0.9789899944531616,-0.43101604278074857,0.146524064171123,-0.6131398013750954,-0.6186401833460657,2.658140388645516,0.18361917715296133,1.0475422780535621,0.09606151223188394
spread,AAA,200412,34,0.44800978051142026,0.9860941320293399,-0.4902979373567609,0.46191458611392344,-0.44629488158899916,-0.6562762644258356,2.756513145422459,-0.04769735659603214,1.0437061124176126,0.10612285535583504
spread,AAA,200501,36,0.4658944658944659,0.9600360403430837,-0.5086229086229086,0.2838020470514143,-0.3891891891891892,-0.6180577913564135,2.663895097228954,-0.2417564369987734,1.0456718263978757,0.12460932190329345
spread,AAA,200502,36,0.7824967824967826,0.9619047619047619,-0.4625482625482626,0.12072072072072072,-0.27232947232947236,-0.5747747747747748,2.491040520372842,-0.2976621291356835,1.041195678032402,0.1253421334390848
spread,AAA,200503,35,0.6243697478991598,0.9711484593837536,-0.57703081232493,0.049579831932773114,-0.3072829131652662,-0.08823529411764706,2.524110092589158,-0.28502532066354386,1.0569569958211016,0.12944206162161054
spread,AAA,200504,38,0.6884815414243687,0.7062493201978514,-0.7085020242914979,-0.5556710628222015,-0.27563190721085457,-0.43738031471058264,2.469786837861315,-0.393904152887495,1.0244072983797423,-0.13616366781126932
spread,AAA,200505,38,0.8336798336798338,0.9408481658917974,-0.46799431009957326,-0.1429274985058378,-0.4329795382426961,-0.49860465788100844,2.5187992041239493,-0.4543065855490121,1.012016712936555,-0.13903183002063546
spread,AAA,200506,38,0.7599037033901643,0.8972422903363995,-0.7168180326075062,-0.5062917168180326,-0.19378487799540434,-0.12638144217091585,2.4504273104291223,-0.48913120060935933,1.0267923732671687,-0.13826948061260974
spread,AAA,200507,43,0.8005738903742584,0.8647485274127774,-0.7003926306251886,-0.5901985971670631,-0.2207792207792208,-0.18870346652002187,2.6016357573824687,-0.42343548626848254,1.0075626803354865,-0.14588038693349686
spread,AAA,200508,43,0.8968928159825882,0.9409854641406266,-0.6387798248263364,-0.577059580290519,-0.1516158260344307,-0.1870422115126427,2.789075709175277,-0.45128228362209694,0.9729438730172676,-0.14254355981498745
spread,AAA,200509,43,0.6925168033033694,0.7649612993936721,-0.7182120205376019,-0.6230226153116968,-0.5466626396858955,-0.5375467214160672,2.750822432093231,-0.39858247961210364,0.9685710252758452,-0.1394098687483879
spread,AAA,200510,43,0.8719420114768952,0.9132371845110623,-0.7346723044397463,-0.6560447047322727,-0.1236786469344609,-0.10594276251604269,2.7304127619421408,-0.32745229483970156,0.9708551382511992,-0.14219177393795188
spread,AAA,200511,45,0.8927830302283922,0.9419941373403026,-0.9052700922266138,-0.8491436100131751,-0.31857707509881417,-0.3354413702239789,2.5442969638894737,-0.311820717479775,1.0065381267336848,-0.14011664417629227
spread,AAA,200512,45,0.6939878203188887,0.6910456671980535,-0.8781291172595519,-0.8223591031833691,-0.5666666666666665,-0.6052900296442199,2.4023281444114244,-0.3677287713694862,1.029730670979634,-0.15575512315596934
spread,AAA,200601,46,0.6757123486392815,0.6466397338231307,-0.8733271662041321,-0.874880503847982,-0.04791859389454208,-0.08771010127409973,2.409116466923726,-0.36234538477352735,1.0376124664112814,-0.18517968676573598
spread,AAA,200602,48,0.632413218645701,0.6949051351722332,-0.8645245332175424,-0.8410682311690051,-0.5415762049500651,-0.49242794405712903,2.5508061009961014,-0.5434039486712283,1.0118982826672847,-0.18072361565951958
spread,AAA,200603,46,0.6959203185645535,0.6497656106685542,-0.7127351218008017,-0.7508404098520507,0.17187789084181312,0.11447956959544946,2.2936052179420474,-0.6080891326922452,1.0131081905306767,-0.20199028238352068
spread,AAA,200604,46,0.7254394079555968,0.7258934907395245,-0.8238667900092507,-0.8258040646560947,0.14646931853222325,0.14505535176035358,2.2573555499247577,-0.39433381194899036,1.0745694873197842,0.005344545209211346
spread,AAA,200605,47,0.7350101197600004,0.7469210767038772,-0.6855920444033303,-0.6295097132284921,-0.20652173913043478,-0.22236355226642,2.099232015830915,-0.8824918677556995,1.0032938422064184,-0.4374293836770307
spread,AAA,200606,47,0.7177218861375775,0.7119232103619753,-0.7763644773358003,-0.7783174340850666,-0.3434320074005551,-0.3639780289403087,1.7860023519889965,-0.8512061546231737,0.996356450056836,-0.4730726885815636
spread,AAA,200607,48,0.5648374323036249,0.5838671154054933,-0.717216673903604,-0.7118276078444874,-0.2736647850629613,-0.2742224397460996,1.593645231836876,-0.820552418248126,0.9757770436156713,-0.4870893100195066
spread,AAA,200608,48,0.40011942478771595,0.5767330772300217,-0.8383630047763787,-0.7686587429225091,-0.5256187581415545,-0.44493296488495226,1.3733526437497678,-0.764777237356269,0.9363279113354595,-0.4662668252035157
spread,AAA,200609,48,0.19159791576204951,0.7494843166522852,-0.7757273122014763,-0.21143198474401761,-0.29081632653061223,0.15438063276302594,1.2305600894066984,-0.8529110578856934,0.9122739212272106,-0.5365368700113673
spread,AAA,200610,48,0.49686541663479467,0.6665400170718022,-0.6596830221450282,-0.2748588797221016,-0.2381676074685193,-0.34954407294832823,1.0926861403437387,-0.8682090584637546,0.9144242398219367,-0.6040732576345578
spread,AAA,200611,49,0.18270874262941728,0.6616664115516097,-0.6341836734693876,-0.0690833950070458,-0.36795918367346936,0.07020587262163591,1.095837631274427,-1.086029752297218,0.8951039615168522,-0.712847417110703
spread,AAA,200612,50,0.29027611044417767,0.6462099932233141,-0.6496518607442977,0.0027851809175114977,-0.15803121248499397,-0.17757929367168132,1.014126707744045,-1.1570305503522895,0.9110470176282288,-0.8581018690699926
spread,AAA,200701,49,0.5723397215528558,0.4584534544131595,-0.5160204081632652,-0.3201020408163265,-0.002040816326530612,-0.3066326530612245,0.9461836805292896,-1.2097660274527775,0.8429730975241864,-0.9266863016072933
spread,AAA,200702,48,0.14497788156341887,0.44278580023981406,-0.5288753799392097,-0.213651785210856,-0.19116369952236215,0.05992672024206937,0.8764184096400943,-1.284780423455525,0.778344060307102,-0.9363652918644763
spread,AAA,200703,48,0.48602290686590977,0.7257972590541276,0.02312201476335215,0.30813906163816135,0.0650238818931828,0.1505142888713443,0.8484218829333406,-1.3819333979256785,0.7712655708701655,-1.0597211668790645
spread,AAA,200704,49,0.42415429413851796,0.7747984488213082,-0.4315306122448979,-0.005765600293233794,-0.2682653061224489,-0.03219552022150906,0.8378802100177289,-1.4148738279909918,0.7276030328584565,-1.0934009225231918
spread,AAA,200705,50,0.6516039193068336,0.5804158862795948,-0.25493397358943576,0.1309066463284272,0.24081632653061225,-0.1708125242077093,0.917832656805104,0.5194133853879038,0.8679470426017859,0.660515853393175
spread,AAA,200706,49,0.5764942985115291,0.5847896524596173,0.05204081632653061,0.11056686580033302,0.32806122448979586,0.35848767840938617,0.8980556982326253,0.8091671790239018,0.8333088111777689,0.5806236739698577
spread,AAA,200707,50,0.723369520523142,0.7474485561645896,0.2524910562806112,0.294131771033423,0.13666594640065036,0.17326162120630043,0.8907635757327313,0.84566517501955,0.8499488758266892,0.7160828333291159
spread,AAA,200708,50,0.6451055249284388,0.8164157300161832,0.1479471788715486,0.3959273886066115,0.1640816326530612,0.2923830594174006,0.8477276241681566,1.0149739590666544,0.8315791667658197,0.8959476136237968
spread,AAA,200709,53,0.6495726495726496,0.873344487850558,0.34696016771488464,0.6742999981211608,0.4157393968714723,0.642691555757813,0.7684487067899523,0.8889652280567117,0.8039866400643106,0.9601855747817162
spread,AAA,200710,54,0.47018239349864815,0.7302978903154115,0.18071278825995804,0.5110348770726129,0.12651038688774535,0.39165237278444814,0.7459616689379936,0.515701363756113,0.8672376274484453,0.992176131177677
spread,AAA,200711,56,0.6327859328663625,0.7094569192385248,0.43000683526999317,0.5606042482747473,0.4045796308954204,0.4781694834854593,0.7087497281760833,0.9411986963451914,0.7783324503619529,1.7206678615453284
spread,AAA,200712,55,0.2540810621095535,0.6617121829791839,0.11139971139971143,0.5861577590736938,0.2061327561327562,0.5798805895710583,0.6486932608378684,0.9206940753232429,0.7836805164042355,1.67140261927552
spread,AAA,200801,54,0.5004955405023658,0.8341243068585786,0.3936419600859782,0.7774643592284822,0.4610810402069014,0.7977585912593151,0.6129974302318711,0.9267179971994017,0.7909393298885242,1.6973516622899207
spread,AAA,200802,55,0.7372199579096685,0.9271953243379755,0.6685425685425687,0.8988058738126489,0.7150201123117067,0.8969460830869235,0.5993410146076082,0.9882770434277152,0.7740865691571999,1.707962389127418
spread,AAA,200803,56,0.6178164357777605,0.9641984382015246,0.4785796066933662,0.9030196354515077,0.5819990089538908,0.9493309637902076,0.5084313119233018,-0.4527370162691128,0.7818593465888231,1.688928192057145
spread,AAA,200804,55,0.6694925955742005,0.9668819221472634,0.46038961038961046,0.8580962861476416,0.6304587024601104,0.9479779212814313,0.4875260308443894,-0.3806821631171883,0.7471735610570074,1.629448722984009
spread,AAA,200805,55,0.5624819624819625,0.9582063170086398,0.3831168831168832,0.8724904851795472,0.5140692640692642,0.9310774005374792,0.47140051209915074,-0.4053282639950692,0.7639927445581223,1.7782037098280217
spread,AAA,200806,56,0.8453322853641162,0.9723503879148296,0.7257689678742311,0.9181291547675919,0.8445659603554342,0.9650882620729325,0.455487476158124,-0.5493009949934526,0.7482781418372831,1.6777747357803678
spread,AAA,200807,56,0.6905107743792595,0.8450733107761714,0.5559220083178101,0.7900816842680884,0.6676122286044572,0.8295567175911686,0.4027880966007333,-0.9384382514970322,0.7083964398858144,-0.12544087028513612
spread,AAA,200808,57,0.7867513611615247,0.9193822820477565,0.6951646357272493,0.8447764581167801,0.7488981073373088,0.8851906468404672,0.42999091680763596,-0.882736874372044,0.7133953978763358,-0.16093159495624693
spread,AAA,200809,57,0.5385101522315822,0.5078835216430624,0.46507105708493046,0.4578438204486977,0.2892191019809003,0.2479622758018678,0.5159077237463482,-0.9002177069330317,0.7834839945958108,0.856280337671111
spread,AAA,200810,55,0.2941558441558442,0.7482458198515192,0.14675324675324677,0.6467288372054474,0.2894660894660895,0.7400205632618587,0.6280245181986394,-0.7986274558123497,0.8177654754653114,0.6775864668130634
spread,AAA,200811,55,0.5481240981240982,0.9219336219336222,0.4102453102453103,0.857792207792208,0.46298701298701306,0.8256854256854259,0.6332113664956444,-0.6357967590027906,0.8234604672380249,0.7107320377505992
spread,AAA,200812,55,0.2152236652236653,0.8689033189033191,0.09126984126984128,0.8056277056277058,0.11075036075036078,0.7914862914862916,0.7205164845829641,-0.5277500556527812,0.8322427769779073,0.2149762415343531
spread,AAA,200901,58,0.6157774121342959,0.9651629574945384,0.5113353225260697,0.9304807899350949,0.6030422813208481,0.9553193781218251,0.740988488948484,-0.020706099640669516,0.9041439583436517,0.6339354230535351
spread,AAA,200902,56,0.8580314422419686,0.9586288215483988,0.8009569377990431,0.9557579590930504,0.8431305536568695,0.912079837450965,0.9161969602334963,0.26529070949250094,1.0782780042241806,0.7158392979196033
spread,AAA,200903,17,0.6348039215686275,0.9803921568627453,0.5245098039215687,0.9436274509803922,0.5465686274509804,0.9142156862745098,1.2337541076550058,0.42722592447028146,1.230924477132845,0.548834400988157
spread,AAA,200904,20,0.6481203007518795,0.9503759398496241,0.3233082706766917,0.78796992481203,0.3714285714285714,0.7218045112781954,1.228221271149113,0.1093051780061014,1.1910483379316605,0.46455835634377135
spread,AAA,200905,19,0.5263157894736842,0.9122807017543859,0.28070175438596495,0.7771929824561404,0.2964912280701754,0.6842105263157895,1.3405962290137319,0.15719002245201047,1.124506333629125,0.4550469693848627
spread,AAA,200906,19,0.6438596491228071,0.9982456140350877,0.37894736842105264,0.9385964912280702,0.5842105263157895,0.6385964912280702,1.351030710038527,0.1322478904562308,1.1361902481878068,0.3685371496129664
spread,AAA,200907,22,0.365330321852061,0.9932241671372107,-0.02992659514398645,0.8870694522868439,0.3675889328063242,0.6453980801806889,1.4829059406119323,0.19976290555041248,1.0901880422932464,0.28982119117093363
spread,AAA,200908,22,0.48164878599661215,0.9649915302089217,0.09203839638622249,0.8486730660643705,0.2896668548842462,0.5697346132128742,1.564846687171162,0.01016909440877125,1.0872234166331591,0.01241606015148157
spread,AAA,200909,22,0.5844155844155845,0.9830604178430267,0.24675324675324675,0.8825522303783175,0.2603049124788256,0.6668548842461888,1.6715109983653553,0.16023367443883085,1.0641725180869213,0.012968756711022822
spread,AAA,200910,17,0.7598039215686275,0.9926470588235295,0.5514705882352942,0.9215686274509804,0.5588235294117647,0.8259803921568629,1.5767874814470528,-0.07746762171695601,0.9687420548397462,-0.1364563266121633
spread,AAA,200911,18,0.8390092879256965,0.9917440660474718,0.7234262125902993,0.9422084623323013,0.7688338493292053,0.7316821465428276,1.3055565079977955,0.034145946746160345,0.9549855617575455,-0.039559614297901176
spread,AAA,200912,18,0.7089783281733747,0.9855521155830752,0.37254901960784315,0.8740970072239421,0.5810113519091847,0.7027863777089782,0.9870273702749,-0.019418784803243806,0.9047025805112717,-0.055420908515294444
spread,AAA,201001,17,0.465686274509804,0.9803921568627453,-0.002450980392156863,0.8014705882352942,0.22549019607843138,0.7720588235294118,0.6916705004056285,-0.04205711068925157,0.8950639877473482,-0.052398684110567514
spread,AAA,201002,9,0.8499999999999999,1.0,0.7999999999999999,0.9500000000000001,0.43333333333333335,0.48333333333333334,0.6543708193868967,-0.06346569502417547,0.8945228204222188,-0.023351407537478445
spread,AAA,201003,9,0.9,0.9833333333333333,0.7999999999999999,0.9333333333333332,0.6666666666666667,0.5333333333333333,0.7318313856698989,-0.03742809147206213,0.8946214150388312,-0.024954710422483106
spread,AAA,201004,9,0.9166666666666666,0.9833333333333333,0.8666666666666667,0.9333333333333332,0.6333333333333333,0.7666666666666667,0.6937142763137891,-0.04164378557199821,0.869153809204006,-0.028524130078526017
spread,AAA,201005,9,0.8499999999999999,0.9833333333333333,0.7999999999999999,0.9666666666666667,0.7666666666666667,0.6666666666666667,0.7167582289758636,-0.02816408637617172,0.8863464964816685,-0.021997818598456106
spread,AAA,201006,9,0.7166666666666667,0.9666666666666667,0.5666666666666667,0.9333333333333332,0.09999999999999999,0.16666666666666669,0.6742505263462646,-0.035950216851660236,0.8828865380608255,-0.04570069684938176
spread,AAA,201007,9,0.8833333333333333,0.9500000000000001,0.8333333333333333,0.9166666666666666,0.5833333333333334,0.7333333333333334,0.6591177762690867,-0.03314506538960344,0.8826409248288155,-0.038381149814642156
spread,AAA,201008,9,0.8666666666666667,0.9833333333333333,0.8166666666666667,0.9666666666666667,0.39999999999999997,0.41666666666666663,0.6586024733502654,-0.01169593520198783,0.8825418443254549,-0.005800597074505115
spread,AAA,201009,10,0.8545454545454544,0.9757575757575757,0.7454545454545454,0.9030303030303028,0.7696969696969697,0.8545454545454544,0.6900162232469329,-0.007950525153192261,0.9045153502457012,-0.021737464225513675
spread,AAA,201010,10,0.9393939393939393,0.9757575757575757,0.8787878787878788,0.9151515151515152,0.8666666666666665,0.8909090909090909,0.6948729593304888,-0.002670867877371169,0.9289793487781293,0.06395343203936217
spread,AAA,201011,11,0.9727272727272729,0.9,0.9636363636363637,0.8909090909090911,0.20909090909090913,0.1272727272727273,0.8129436830126386,-0.08185356686342352,0.9433225737166986,-0.01151836116351679
spread,AAA,201012,11,0.8363636363636365,0.881818181818182,0.8363636363636365,0.8909090909090911,0.0,0.045454545454545456,0.9289934887614453,-0.07122540275586647,0.9926158405695605,0.01607052697138759
spread,AAA,201101,11,0.8909090909090911,0.9727272727272729,0.7363636363636363,0.8545454545454546,0.08181818181818183,0.3090909090909091,1.072937810947018,-0.055855158900309745,1.0298570752291893,0.04837502043205701
spread,AAA,201102,11,0.9181818181818183,0.9454545454545454,0.9181818181818183,0.9454545454545454,-0.28181818181818186,-0.20909090909090913,1.2638079330719227,-0.06214256956964134,0.9963878765239634,0.0060126496597341225
spread,AAA,201103,12,0.9440559440559443,0.9580419580419581,0.8461538461538463,0.8671328671328673,0.3916083916083916,0.41958041958041964,1.4207768509151648,-0.06254434031768766,0.9426058489638633,-0.10392018703290426
spread,AAA,201104,12,0.9160839160839163,0.9720279720279721,0.7552447552447553,0.8251748251748254,0.5244755244755246,0.6153846153846154,1.9649091028777839,0.0472157855996444,0.9715522057895655,-0.05510600392701012
spread,AAA,201105,12,0.9230769230769231,0.9510489510489512,0.7762237762237763,0.8461538461538463,0.7552447552447553,0.7482517482517484,2.466895953391571,0.5349802524474427,0.9824114942237806,-0.0647035147894597
spread,AAA,201106,12,0.9720279720279721,0.9580419580419581,0.8461538461538463,0.8811188811188813,0.6013986013986015,0.5804195804195805,3.1294740770907787,0.6082415484018628,0.9781218358294564,-0.06600889518453341
spread,AAA,201107,12,0.9230769230769231,0.9790209790209792,0.6153846153846154,0.7762237762237763,0.6503496503496504,0.5454545454545455,3.238358784376302,0.7024380966623169,0.9771314310733017,-0.04747163521804056
spread,AAA,201108,12,0.7762237762237763,0.8741258741258742,0.3426573426573427,0.6503496503496504,0.07692307692307693,0.23076923076923078,3.3060425880250093,0.7525573232899326,0.9703644896481658,-0.009183122602690379
spread,AAA,201109,12,0.8741258741258742,0.9160839160839163,0.4825174825174825,0.6013986013986015,-0.8251748251748254,-0.8181818181818183,3.326313521173191,0.2717836911086075,0.9676969692011832,0.01609076253444294
spread,AAA,201110,12,0.9160839160839163,0.8951048951048951,0.0979020979020979,0.1188811188811189,-0.11188811188811189,-0.16083916083916086,3.9786226574687062,0.5175348672557045,0.9744512980339934,0.028119718627644827
spread,AAA,201111,12,0.8461538461538463,0.8671328671328673,0.4685314685314686,0.5524475524475525,0.06293706293706294,0.07692307692307693,4.146994821051499,0.902665705094145,0.9690651165407987,0.07972840952653458
spread,AAA,201112,12,0.8056054385890983,0.7880922768806397,-0.5034965034965035,-0.5594405594405596,-0.3706293706293707,-0.5314685314685316,4.192803234401318,0.8630391528198529,0.9656777353117214,0.04787285288619775
spread,AAA,201201,12,0.7342657342657343,0.7670764828304892,-0.46153846153846156,-0.3537658665108649,-0.055944055944055944,0.03852895575860905,4.503413862560268,0.926122709323608,0.9988851702408879,-0.05963767209871578
spread,AAA,201202,12,0.8671328671328673,0.8811188811188813,-0.9300699300699302,-0.7972027972027973,-0.6573426573426573,-0.7132867132867133,4.900965279664029,-1.5366166390340092,1.006547484370618,-0.24927507021811024
spread,AAA,201203,12,0.9160839160839163,0.9860139860139862,-0.6923076923076924,-0.5034965034965035,0.5034965034965035,0.6293706293706295,4.931844394584154,-1.589968613568352,1.0149296681699493,-0.13841058108611623
spread,AAA,201204,12,0.9860139860139862,0.9370629370629372,-0.8461538461538463,-0.8391608391608393,-0.8741258741258742,-0.9370629370629372,5.013283253384955,-1.4809575318696633,0.9813133592897699,-0.14643412193175342
spread,AAA,201205,12,0.8461538461538463,0.8671328671328673,-0.965034965034965,-0.9440559440559443,-0.8461538461538463,-0.8111888111888113,5.011235400358502,-1.6136248262534858,0.9850750638691764,-0.14847081146345925
spread,AAA,201206,12,0.6293706293706295,0.8671328671328673,-0.9300699300699302,-0.7132867132867133,-0.8041958041958043,-0.6783216783216784,5.238869667386099,-1.738494937701274,0.9796109073284417,-0.14038300863572808
spread,AAA,201207,12,0.6993006993006995,0.5454545454545455,-0.7902097902097903,-0.8531468531468532,0.46153846153846156,0.3216783216783217,5.2811964540948795,-1.5729580369479024,0.9938839252721201,-0.12726199862398316
spread,AAA,201208,11,0.7727272727272727,0.7545454545454545,-0.22727272727272727,-0.045454545454545456,-0.28181818181818186,-0.3090909090909091,5.254000821842361,-1.511949897089615,0.9733833681907667,-0.05212639475609165
spread,AAA,201209,11,0.790909090909091,0.8363636363636365,-0.990909090909091,-0.9545454545454546,-0.30000000000000004,-0.39090909090909093,5.168991660987896,-1.2584496633613709,0.976738984370488,-0.07034441061558924
spread,AAA,201210,11,0.4783611499571155,0.8246035061165515,-0.8727272727272729,-0.4090909090909091,0.14545454545454548,0.5727272727272729,5.045253687441639,-0.815337835983514,0.9821790139558795,-0.07059435329389886
spread,AAA,201211,11,0.7727272727272727,0.9384990180111028,-0.5636363636363637,-0.2733492285469231,0.6000000000000001,0.8018244037376412,4.828237988935905,-0.745769712006302,0.9831079448938982,-0.07294053361162778
spread,AAA,201212,13,0.9615384615384615,0.9945054945054945,-0.6758241758241759,-0.6098901098901099,0.3186813186813187,0.2692307692307692,4.686100047300778,-0.7707767765194402,0.9736706414697417,-0.1545679452469037
spread,AAA,201301,13,0.8846153846153846,0.989010989010989,-0.4450549450549451,-0.1868131868131868,0.3626373626373627,0.5494505494505494,4.265959714260862,-0.7074695083864,0.9680657548196201,-0.1485537150383659
spread,AAA,201302,13,0.8516483516483516,0.967032967032967,-0.7252747252747254,-0.576923076923077,-0.2802197802197803,-0.06593406593406594,3.870532421774649,-0.6827453737482934,0.96390923712774,-0.17011597802110592
spread,AAA,201303,13,0.9560439560439561,0.9615384615384615,-0.38461538461538464,-0.30769230769230765,-0.1758241758241758,-0.14285714285714285,3.7080662215939095,-0.995917823475587,0.9613648513615866,-0.24288746856943402
spread,AAA,201304,13,0.9175824175824175,0.9505494505494506,-0.6593406593406593,-0.5604395604395606,-0.7802197802197801,-0.7692307692307693,3.6769456564430234,-0.9214931305869223,0.9476379965808228,-0.24013690545866073
spread,AAA,201305,12,0.9300699300699302,0.9720279720279721,-0.39860139860139865,-0.30069930069930073,-0.02097902097902098,0.006993006993006993,3.6060987997840273,-0.8030976951619762,0.9633116739900494,-0.25640103543349724
spread,AAA,201306,13,0.9560439560439561,0.9615384615384615,-0.3626373626373627,-0.2912087912087912,-0.24175824175824176,-0.33516483516483514,3.4610009776187596,-0.7600505961140067,0.9579216797762113,-0.2520269569867571
spread,AAA,201307,13,0.901098901098901,0.9835164835164836,-0.016483516483516484,0.18131868131868134,0.24175824175824176,0.2912087912087912,3.15039701634486,1.124963938776099,0.948095797207244,-0.17151285582045064
spread,AAA,201308,13,0.9230769230769231,0.9340659340659341,0.03296703296703297,0.23626373626373626,0.45604395604395603,0.45604395604395603,3.0249043823983666,1.5999314826276303,0.9408109032954853,-0.09542358193935682
spread,AAA,201309,13,0.9285714285714285,0.9395604395604396,0.43956043956043955,0.4725274725274725,0.4835164835164835,0.5054945054945055,2.7798853855386563,0.4975133308792284,0.9134920255047975,-0.04576774958836972
spread,AAA,201310,13,0.945054945054945,0.9835164835164836,0.576923076923077,0.7472527472527472,0.6153846153846153,0.6373626373626374,2.7792007443796005,0.4937124508990743,0.9439440378871317,-0.03175621051863828
spread,AAA,201311,13,0.9505494505494506,0.9615384615384615,0.5384615384615384,0.5989010989010989,0.33516483516483514,0.3736263736263736,2.789314841922717,0.5005858169566983,0.9452356821140335,-0.07250892501215254
spread,AAA,201312,13,0.9615384615384615,0.945054945054945,0.2912087912087912,0.43956043956043955,-0.12637362637362637,-0.19780219780219782,2.7722352308716074,0.4984716108539781,0.9474192807156973,-0.04970586842425529
spread,AAA,201401,18,0.7089783281733747,0.9463364293085655,0.2053663570691434,0.5190918472652218,0.28792569659442724,0.5624355005159958,2.770689230647568,0.48650410900058544,0.9677654335918516,-0.0342322227364801
spread,AAA,201402,18,0.9566563467492261,0.9876160990712075,0.36016511867905054,0.5356037151702786,0.5892672858617131,0.5479876160990712,2.864271190965456,0.44313021240129263,0.9687807458915382,-0.05359196687566117
spread,AAA,201403,18,0.9112487100103198,0.9752321981424149,-0.10216718266253869,0.11455108359133126,-0.1475748194014448,-0.1455108359133127,2.8768964703381585,0.43058212489062136,0.9537623136154331,0.032432738413233055
spread,AAA,201404,19,0.9,0.9964912280701754,-0.06315789473684211,0.14736842105263157,0.6035087719298246,0.7385964912280703,2.8537496335173125,0.36477310127370527,0.9223012700570764,0.029392970734711407
spread,AAA,201405,18,0.9009287925696594,0.9731682146542827,-0.2631578947368421,-0.11042311661506708,0.09184726522187822,0.19711042311661509,2.8492330608432392,0.29407428480298203,0.9264847197018854,-0.1371095350939737
spread,AAA,201406,18,0.8637770897832818,0.9607843137254902,-0.44685242518059853,-0.2961816305469556,-0.20330237358101136,-0.11661506707946334,2.828795711370981,0.20786089046635972,0.9463258552797273,-0.1748586454770884
spread,AAA,201407,18,0.9236326109391124,0.9793601651186791,-0.5273477812177503,-0.3065015479876161,-0.1847265221878225,-0.12074303405572755,3.1337245971032734,-0.9795214335798244,0.9676462514122244,-0.20469520960044083
spread,AAA,201408,18,0.9793601651186791,0.9917440660474718,-0.6738906088751291,-0.6119711042311662,-0.3085655314757482,-0.3333333333333333,3.2579738861180414,-1.8936156904692751,0.9978600404994995,-0.49761585174662076
spread,AAA,201409,18,0.9649122807017543,0.9731682146542827,-0.7378740970072238,-0.6821465428276574,-0.17440660474716205,-0.16202270381836945,3.7301449934047795,-1.713537903034617,1.0262456012018044,-0.5222697484706287
spread,AAA,201410,18,0.9649122807017543,0.9731682146542827,-0.739938080495356,-0.6718266253869969,0.027863777089783277,-0.005159958720330237,3.7205873748180434,-1.3545589157166071,1.0434602610751704,-0.5184197938903155
spread,AAA,201411,18,0.890608875128999,0.9711042311661506,-0.7997936016511867,-0.632610939112487,-0.37254901960784315,-0.49638802889576883,3.6929833777350627,-1.3293040097951174,1.05708979545047,-0.4798427584755426
spread,AAA,201412,18,0.9174406604747163,0.9690402476780186,-0.8307533539731682,-0.7192982456140351,-0.4406604747162023,-0.5851393188854489,3.619075498988016,-1.2227985127368486,1.0617499383816937,-0.45149913928561947
spread,AAA,201501,18,0.9071207430340558,0.9587203302373581,-0.8307533539731682,-0.7378740970072238,-0.1331269349845201,-0.07946336429308565,3.6357852998239903,-1.1649764568707153,1.0489665728203066,-0.29218797208859765
spread,AAA,201502,18,0.954592363261094,0.9711042311661506,-0.6388028895768835,-0.6099071207430341,0.6883384932920537,0.7192982456140351,3.671366003728285,-1.2308812865238452,1.0488655178480448,-0.30307243211708595
spread,AAA,201503,24,0.9756521739130434,0.9878260869565217,-0.7,-0.6643478260869564,-0.6443478260869565,-0.6295652173913043,3.5502287355319506,-1.2194508036269105,1.0361241648026243,-0.35091406519722046
spread,AAA,201504,28,0.9638752052545155,0.9857690202517788,-0.7805145046524357,-0.7142857142857142,0.38040503557744937,0.4285714285714286,3.539286062849167,-1.1676162043632377,1.0262935863267404,-0.35310916990087077
spread,AAA,201505,28,0.9489530675974435,0.9719447196534531,-0.7301587301587301,-0.6852764094143404,0.05309250136836344,0.11220580186097427,3.7686019082534146,-1.2965221451528386,1.0070350565695751,-0.29593171536379037
spread,AAA,201506,28,0.9726327312534209,0.9908307195566038,-0.7312534209085934,-0.6623785473278954,-0.36836343732895455,-0.35773915758576835,3.832365873587842,-1.2813730365794656,1.0355522036907505,-0.2848693695816051
spread,AAA,201507,28,0.9540229885057472,0.9835796387520527,-0.7153804050355775,-0.6327312534209085,-0.6896551724137931,-0.6409414340448822,3.6835356213020125,-1.3750643041797754,1.0387037188352874,-0.27100215266441546
spread,AAA,201508,28,0.9578544061302682,0.9715380405035577,-0.6436781609195401,-0.5610290093048714,0.043787629994526546,0.044882320744389706,3.600422921635486,-1.317326925045946,1.0252453052581938,-0.25404879988059736
spread,AAA,201509,28,0.9567597153804049,0.9885057471264367,-0.3223864258347017,-0.1893814997263273,0.6710454296661192,0.739463601532567,3.468372533133014,-1.243311748173458,1.0120466337046587,-0.24957202879929222
spread,AAA,201510,28,0.9781061850027366,0.9846743295019157,-0.21072796934865898,-0.16091954022988503,0.44718117131910234,0.4192665571975917,3.4223153866969698,-1.3468270243573337,1.0202947257088144,-0.2734215471562846
spread,AAA,201511,28,0.9846743295019157,0.9890530925013684,-0.34865900383141757,-0.29775588396278047,0.1444991789819376,0.15544608648056923,3.2866242362245495,-1.584172794289693,1.0134209368119111,-0.3121654532679955
spread,AAA,201512,34,0.9663865546218486,0.9871657754010694,-0.13949579831932774,-0.08938120702826584,0.43284950343773865,0.4799083269671505,3.0049663404899682,-2.3796635548993237,0.9838626058313188,-0.42644898720829577
spread,AAA,201601,34,0.9679144385026738,0.9886936592818946,0.31336898395721924,0.3986249045072574,0.5758594346829641,0.6079449961802902,2.82156628575713,-2.4593451833740723,0.9846659125122504,-0.45113311025254643
spread,AAA,201602,34,0.9715027914364291,0.9919779996862689,0.27700534759358286,0.3747899159663865,0.12116119174942705,0.1413292589763178,2.6922305074713653,-2.379127090865078,0.9951152483730648,-0.5079093757379894
spread,AAA,201603,34,0.9706646294881588,0.9924363998709669,0.34973262032085556,0.4429673784797433,0.33384262796027503,0.38429215483841134,2.546635402099602,-2.5257589831091143,1.0064983509786642,-0.5573897651664749
spread,AAA,201604,33,0.9561293590664813,0.9897217382261323,0.14723823900324595,0.2657307605166414,-0.06334085423635666,0.01838388909234626,2.3167625104308676,-2.1199564375074798,1.0012991765069776,-0.46550434068404656
spread,AAA,201605,33,0.94384089568392,0.9794400368515987,-0.09843736977629043,0.04103292662543874,-0.3187097863554938,-0.22555574126692296,2.397045438874753,-1.5208467713938922,1.0060000344359232,-0.31743162925135976
spread,AAA,201606,33,0.9584691267691436,0.98278312085826,0.2306149732620321,0.3459802822854107,0.21189839572192515,0.24987464831724107,2.3305442441590687,-1.2831078093924322,1.0149540330328637,-0.2612983518313864
spread,AAA,201607,33,0.9742647058823529,0.9925628847222222,-0.05213903743315509,0.0462939752598174,-0.19719251336898397,-0.19102532029592523,2.239993030169573,-1.181122623772392,1.0189353291044143,-0.28028164023610136
spread,AAA,201608,33,0.9682486631016043,0.9906417112299466,-0.4552139037433155,-0.3592914438502674,-0.39572192513368987,-0.3823529411764706,2.305679628907526,-1.0602096478975114,1.025173369096387,-0.3019126077856407
spread,AAA,201609,39,0.9678137651821863,0.9959514170040487,-0.28117408906882596,-0.15668016194331985,-0.039271255060728746,0.015384615384615387,2.2997209605858955,-1.0594431744601562,1.035521648070602,-0.31374714856905284
spread,AAA,201610,39,0.9795546558704453,0.995748987854251,-0.13036437246963564,-0.02854251012145749,-0.04008097165991903,-0.03097165991902834,2.319388116573634,-1.0416957898422314,1.0440574530820965,-0.31082029051358023
spread,AAA,201611,39,0.9682186234817816,0.9923076923076924,-0.30121457489878545,-0.2034412955465587,-0.49716599190283395,-0.4777327935222672,2.330112864955905,-0.8819974401963597,1.0687563207239532,-0.32605240916552464
spread,AAA,201612,39,0.9649797570850203,0.9888663967611337,0.026518218623481783,0.15546558704453442,-0.3591093117408907,-0.34089068825910934,2.3430320477720703,-0.8723275103468163,1.0382338214442637,-0.3006827906301595
spread,AAA,201701,39,0.9607287449392714,0.9781376518218624,0.2935222672064778,0.42793522267206474,0.09149797570850202,0.09797570850202429,2.250145605496544,-0.8626297936479183,1.0428247178705066,-0.30734619626061355
spread,AAA,201702,39,0.9600688306237394,0.9881066868264571,-0.06518218623481782,0.09352226720647773,-0.45384615384615384,-0.38299595141700404,2.2135579316333454,-0.7851200157786512,1.0632058175329828,-0.26368190436078315
spread,AAA,201703,45,0.9771731617014273,0.9901179260820869,-0.15204216073781288,-0.07503540963917789,-0.38498023715415014,-0.38578345816244575,2.136934219462725,-0.7334029384026467,1.0205279928852147,-0.22480371488504944
spread,AAA,201704,49,0.9725510204081632,0.9977295342413446,0.024795918367346938,0.17709635455646675,0.07826530612244896,0.13153396774605913,2.074184143806047,-0.6945351544817364,1.011780685460692,-0.20670418352758432
spread,AAA,201705,49,0.975,0.9890816326530613,-0.13795918367346935,0.023061224489795914,-0.5391836734693877,-0.5523469387755102,2.022881890116893,-0.6421631843271743,1.0113784853022234,-0.19739911126216242
spread,AAA,201706,49,0.9628571428571426,0.98734693877551,-0.4274489795918367,-0.29459183673469386,-0.8273469387755101,-0.8271428571428571,1.981029801801808,-0.554331231939251,1.0035850849382393,-0.19522524469834757
spread,AAA,201707,49,0.969208398488805,0.9916579507806071,0.141734693877551,0.346938775510204,0.4992857142857142,0.47224489795918356,1.9715450904836467,-0.5147414907372563,1.0072386490771137,-0.16099445376541607
spread,AAA,201708,48,0.9503080308544882,0.9880855452423601,0.16869300911854102,0.3470567483026958,-0.2930959617889709,-0.2735093767121182,1.943222596747492,-0.5490349248985426,1.0011862639474929,-0.1619593306963552
spread,AAA,201709,48,0.9487339542669408,0.9846387667589427,-0.0821754233608337,0.10383477627511056,-0.6150673035171516,-0.5851222625434876,1.890394961922996,-0.5049371406828743,0.998150598815865,-0.14761742121695504
spread,AAA,201710,48,0.9653712548849327,0.992916655724306,0.067629179331307,0.23263766393890428,-0.460377768128528,-0.44209840708874837,1.8640567330199405,-0.4837299831130678,0.9871814642804132,-0.15756420839920096
spread,AAA,201711,48,0.9585323491098567,0.9875162831089882,-0.22394702561875815,-0.06719496309161962,-0.8871037776812853,-0.8685410334346504,1.8505682493916193,-0.4775860931845063,0.9847562227430566,-0.15880654573704894
spread,AAA,201712,48,0.967132585645788,0.9856968413729507,-0.25955275727312205,-0.13449848024316108,-0.5145462440295268,-0.4896873643074251,1.87704593788524,-0.48215169898312804,0.9806842983808318,-0.17002720280236783
spread,AAA,201801,48,0.9281081231197678,0.963956140818759,-0.7190620929222752,-0.609580677824673,-0.6605514546244029,-0.5935676502237577,1.871064890875859,-0.5213965960066699,0.9876810411221814,-0.17234109165922837
spread,AAA,201802,52,0.9781439426278493,0.9819850595927511,-0.46077008452147183,-0.3964140878745505,0.6188849995731238,0.626510139311534,1.8579730361998699,-0.6120914867272151,0.9760024798950474,-0.21356947464156023
spread,AAA,201803,52,0.9606420216853069,0.9789976948689489,-0.6662682489541535,-0.5941261845812343,-0.2817382395628788,-0.2518569111243917,1.8690499742731352,-0.6567512617942747,0.9831426201872477,-0.2467312256455902
spread,AAA,201804,52,0.9560094770699165,0.9809822631420709,-0.6109451037308973,-0.5302655169469819,0.37548023563561855,0.4119354563305729,1.9305383045361488,-0.7032324205612484,0.9872785070968059,-0.26550392274352946
spread,AAA,201805,52,0.9772664260413717,0.9808735039812586,-0.7286775377785366,-0.697231649429915,0.4448049176129087,0.44208234626193593,1.9502492222379282,-0.7185786330739792,0.9967799987286843,-0.29071318427518905
spread,AAA,201806,52,0.8815845641594808,0.8659679431140267,-0.8384700759839494,-0.8238734651062161,-0.560232220609579,-0.5707515988706084,1.9964066137667922,-0.7873845380407825,0.9978283934430408,-0.2995946141445814
spread,AAA,201807,51,0.9619909502262443,0.9627149321266968,-0.8495927601809954,-0.835656108597285,-0.3256108597285068,-0.33122171945701356,1.9848414097268634,-0.8406046208016688,0.9880222770462471,-0.33607803732836944
spread,AAA,201808,51,0.9726916901061913,0.9858141589436864,-0.7870588235294117,-0.7478733031674207,0.701628959276018,0.7233484162895928,2.0267801168683484,-0.9176323165494835,1.0007925936199946,-0.3894094936110262
spread,AAA,201809,51,0.9659042062247283,0.9691388750622201,-0.822443438914027,-0.800289599517031,-0.4324886877828054,-0.4534039232817285,2.123127011669268,-0.9094208884793143,0.9964931337350377,-0.41297101149049853
spread,AAA,201810,51,0.9660633484162896,0.9838684135643336,-0.8120361990950226,-0.7671666781754916,0.5528506787330317,0.604493314483095,2.145937798100287,-0.9861987285260785,0.9848764088070114,-0.4192109071218861
spread,AAA,201811,51,0.9184125987953982,0.9590026707859122,-0.8086877828054299,-0.7431674208144796,0.3278733031674208,0.39429864253393665,2.1927661006820784,-0.9807782412863827,0.987472588869291,-0.468673362757962
spread,AAA,201812,51,0.9148377764015849,0.9588198026970766,-0.6473303167420814,-0.5149554283746369,0.5178280542986424,0.5356350971591017,2.2185642859409613,-0.9256401451500526,1.0156713467985716,-0.4614864341662743
spread,AAA,201901,51,0.9021719457013574,0.9557446048067405,-0.6071493212669683,-0.460020815892492,0.13791855203619907,0.1491017694634823,2.195948740665656,-0.8959569465791059,0.9968199351459667,-0.4647107558121041
spread,AAA,201902,51,0.9231639450150235,0.9724874438663728,-0.850426480454771,-0.7116450600251242,0.31782805429864247,0.4343891402714932,2.1341105595873366,-0.6965053950429185,0.9746468649219877,-0.44024402589303835
spread,AAA,201903,51,0.9186633184097457,0.9540466549945271,-0.7857918552036198,-0.6767727053401643,0.0967420814479638,0.1179691389958417,2.0763846128828924,-0.6532659616016304,0.99499614627319,-0.42343511768636416
spread,AAA,201904,51,0.8625339366515837,0.9239123059447437,-0.765972850678733,-0.6043575648054658,0.3980090497737556,0.4850335981693461,2.062284990435562,-0.6047467789954156,0.9872858505198774,-0.39619780434667495
spread,AAA,201905,50,0.9181012752052122,0.9675622466713648,-0.5419927971188475,-0.3812244897959184,0.3037214885954382,0.40561824729891954,1.9965185792039366,-0.4930184489775483,0.9858755708128308,-0.41756286336821835
spread,AAA,201906,50,0.915844318254815,0.9716673069535152,-0.2615606242496999,-0.08249897959111643,0.43990396158463385,0.5263511730490262,1.968454824776835,-0.5935095060781392,0.9927651342608346,-0.3474616226706572
spread,AAA,201907,50,0.9030228819621329,0.9747406838263541,-0.08100840336134453,0.16682273288680932,0.15140456182472986,0.20317414589639904,1.845150754842359,-1.7625694496533735,0.960676458050892,-1.002751666680393
spread,AAA,201908,50,0.9071263936698419,0.9647273515879222,-0.4176230492196878,-0.22204614763057176,-0.17647058823529413,-0.19337799232446204,1.793271854032788,-0.7231411142412145,0.9352167170208229,-1.048092002355928
spread,AAA,201909,50,0.938343337334934,0.9804552450797864,-0.1059783913565426,0.07121590480743123,0.46967587034813923,0.5263157900805436,1.6422087678144521,-1.9274880465825734,0.9235133198679039,-1.1417625255468085
spread,AAA,201910,50,0.9392302338897823,0.9762059115877797,0.34924369747899153,0.4776470588235293,0.6315966386554621,0.7038175270108042,1.550613362972027,-2.0529447719131366,0.9246111091831374,-1.254634893584594
spread,AAA,201911,50,0.9186035354425839,0.9742598509303586,0.24187274909963982,0.4277653726412486,-0.04912364945978391,0.08413167185310591,1.4704320138226563,-2.3283567995644163,0.9090799041456966,-1.4479534916613852
spread,AAA,201912,50,0.8594684148555306,0.8924532381855715,0.2781752701080432,0.3603534387558759,0.26626650660264106,0.32645025008827877,1.4436415099468394,-2.497672593716806,0.9165826294502845,-1.576175592704497
spread,AAA,202001,49,0.940303077911554,0.9822180272094612,0.6831632653061225,0.7802239855596339,0.7053241156406211,0.7793254757895811,1.5083970416982986,-1.205513760147947,0.9165931971209809,-1.630639512193215
spread,AAA,202002,49,0.9522181691406911,0.9897186012354243,0.5516326530612244,0.6631971027562199,0.6553738617913613,0.7381177133304969,1.501639939594358,-1.1788827665161206,0.9342196705206585,-1.6262086185252431
spread,AAA,202003,49,0.9523202125601992,0.9598448900454104,0.8654081632653061,0.8899206615309401,0.8615306122448978,0.8504808798910239,1.4694846376371489,-1.1023756596367755,0.9467951543900236,-1.6812118684606965
spread,AAA,202004,49,0.9120130618544635,0.9659166283994081,0.8174489795918366,0.891502334533317,0.8125207278339766,0.8815245675799787,1.4366835836797567,-0.9415844652433936,0.9494287796587239,-1.6770913892778054
spread,AAA,202005,49,0.8928288989869235,0.9550487269758662,0.8428276234279095,0.9172916985560488,0.8018061687856164,0.8736160008163681,1.4076170201908111,-0.7865412286525364,0.9500104870873581,-1.6696018721404957
spread,AAA,202006,49,0.8619097428759415,0.9779835705903362,0.8295619788918445,0.9568090208684117,0.7854792216643056,0.918490739323435,1.402711721521414,-0.7714180697168267,0.9500812811780723,-1.668163333250361
spread,AAA,202007,49,0.9085435855911849,0.9841573549670902,0.7444577670220126,0.8654778305015562,0.6473124316502142,0.7981274554824226,1.406646974367366,-0.6857017878562083,1.0314650228102242,-0.47735206190612656
spread,AAA,202008,49,0.9483673469387754,0.9832393686711813,0.9044897959183673,0.9539018855625763,0.9113265306122449,0.9522181691406911,1.4478623639654609,-0.4506197506087812,1.0180997125143534,-0.38771001714184594
spread,AAA,202009,42,0.9447370553439753,0.9959484644680335,0.9158901223563731,0.9833076736082976,0.8513896766874646,0.9358236771736489,1.4133892797729257,-0.3955283548251597,0.9944596363608238,-0.31901518089900904
spread,AA,200307,54,0.5816878863721325,0.9590988800137108,0.19885648942252712,0.7741947779683628,0.009338669716028206,0.4654469220506956,1.2682904019360175,0.5025241459639306,0.9454845595881354,-0.0715786163750111
spread,AA,200308,54,0.5924260040337244,0.867307069362938,0.16401753382885456,0.6984828853134311,0.012616733371450351,-0.07978196239691175,1.2682904019360175,0.5025241459639306,0.9454845595881354,-0.0715786163750111
spread,AA,200309,53,0.3944525076600548,0.8338339348963734,-0.004999193678438961,0.6603906708056568,-0.07232704402515722,0.17888604434460925,1.2379652668351568,0.4658037654848709,0.9522146589470472,-0.037707679897228875
spread,AA,200310,62,0.557200775603737,0.9632847321900734,0.059202739795019006,0.7213870212283751,-0.40913097126740705,-0.10065221223338623,1.3053681083168551,0.4251971434508383,0.926376629389903,-0.02937042165387366
spread,AA,200311,62,0.43763692679610183,0.9674649341492283,-0.024703482662234644,0.7580015612802498,-0.3258291153584649,-0.11163153786104606,1.3053681083168551,0.4251971434508383,0.926376629389903,-0.02937042165387366
spread,AA,200312,64,0.49542124542124544,0.9528846153846153,0.04624542124542124,0.7647893772893772,-0.23127289377289373,0.1853021978021978,1.3053681083168551,0.4251971434508383,0.926376629389903,-0.02937042165387366
spread,AA,200401,67,0.5367600842321998,0.9450369646587814,0.044496767499401395,0.759797270332828,-0.34464043419267304,-0.34280469311198025,1.3178402736479482,0.452350321542284,0.9520772626857076,-0.02663637175371858
spread,AA,200402,69,0.5135962148206107,0.9071046237600247,0.0031786627694556087,0.7315740918654825,-0.15056631348191452,0.008147681290815691,1.2994533059076079,0.44404281069926416,0.9449328859332169,-0.027947788799939696
spread,AA,200403,67,0.4729826801819779,0.9585258054372559,-0.03675472902865353,0.7276391535915018,-0.473820735892729,-0.12602887330894327,1.2994533059076079,0.44404281069926416,0.9449328859332169,-0.027947788799939696
spread,AA,200404,67,0.6632944229595475,0.8963982841253798,0.2606752334583766,0.7474259717455505,-0.23234096895203132,-0.22611541224359488,1.2994533059076079,0.44404281069926416,0.9449328859332169,-0.027947788799939696
spread,AA,200405,69,0.7725865234750816,0.9855220731706296,0.4200219218122032,0.8700743529832018,0.2630982827913774,0.24222218166595144,1.3058843587237194,0.43523166152562703,0.9362441640605594,0.0005232348086022539
spread,AA,200406,73,0.6771259980986785,0.9727561631468218,0.07281253856596324,0.6776400533958628,-0.6130136986301371,-0.6505819648932029,1.2912338050443966,0.42768804094092805,0.9476190701436992,0.016395088253312196
spread,AA,200407,71,0.6059457738238421,0.9701110878563547,0.07582159624413144,0.7416014824985423,-0.42588866532528497,-0.11606596413708306,1.2912338050443966,0.42768804094092805,0.9476190701436992,0.016395088253312196
spread,AA,200408,69,0.7156506331233113,0.970651101611312,0.14307636097917428,0.660424925666024,-0.6070515162586775,-0.4264418422677657,1.3429544420974864,0.4567438422654421,0.9564105106767913,0.016960871642655032
spread,AA,200409,72,0.7035179111196863,0.9802395692238985,0.07746478873239439,0.6656965994911438,-0.6296224837610137,-0.7236273013235374,1.3463152409620007,0.41767625043090606,0.9486840199586566,-0.016932841557801045
spread,AA,200410,71,0.7225915710479548,0.96605437674737,0.10281690140845069,0.6460429242119383,-0.2803822937625754,-0.31197183098591547,1.3466402884485884,0.4115972965898765,0.9303492090348858,0.032430536179498565
spread,AA,200411,72,0.6566069892728517,0.9724736715170028,-0.13666473728214035,0.5511331205811942,-0.5295517396617146,-0.6125362767600722,1.4061349749817131,0.4346959294567473,0.9326468575607887,0.04993548463111043
spread,AA,200412,72,0.39753679929896807,0.9580995256853443,-0.2664480030870153,0.6978157583973513,-0.09598688018522092,-0.6381169055845276,1.4493013216547064,0.4332416412922788,0.9507806288069557,0.05501954083231443
spread,AA,200501,72,0.24564675620186208,0.9300661634367873,-0.49054601582095325,0.47826611251555523,-0.6040902951958326,-0.5919720880319274,1.4960302203307707,0.42732600734013587,0.9586455802231825,0.04810433659447104
spread,AA,200502,87,0.47234917008636784,0.9247677327439061,-0.32904425165852585,0.4177245181747239,-0.45747976962892756,-0.40667972845357453,1.524880434399136,0.48105940470158765,0.967551553272203,0.060238947047373766
spread,AA,200503,88,0.43189242976939274,0.9408294184299749,-0.24136169913000602,0.6481364887742056,-0.03034412313761404,0.05964997248731684,1.3984198772010914,0.4781665222360289,0.9717842460573466,0.03480436367202401
spread,AA,200504,89,0.7233609698183051,0.947730416539982,-0.27133129043241405,0.24802625139078652,-0.4449438202247191,-0.4638256036201509,1.538114099689717,0.5108271185161528,0.9619795923940935,0.03192537905687802
spread,AA,200505,90,0.8417980968972428,0.924474407762508,-0.2673169527102111,0.033650798881769466,-0.34724451578384163,-0.4868253171885343,1.5456252020192605,0.543067605273999,0.9303721176073951,-0.14654823445040968
spread,AA,200506,93,0.7038737714225527,0.8600353623145158,-0.566127540210677,-0.23723072907466694,-0.551699441974277,-0.542529421672629,1.726470470856411,0.5812719933530386,0.9791735972191588,-0.17633355282504765
spread,AA,200507,93,0.7219107516465453,0.8141891009796314,-0.6859538658947808,-0.5024917563711189,-0.49531497120348533,-0.48884677942207616,1.7792108460024416,0.5586489226113278,0.9656568474031902,-0.19481983882500079
spread,AA,200508,95,0.7759304300325178,0.886390201224847,-0.4334406494960807,-0.2176409861927891,-0.277981522956327,-0.2584941646211178,1.951864221184115,0.48096414619557676,0.9719988665598208,-0.2215303512357882
spread,AA,200509,100,0.8053093628069546,0.8908464650258121,-0.6342754275427541,-0.48926173296375947,-0.3061266126612661,-0.24745719998969154,1.8994666508833509,0.5903943951007198,0.9652469347193138,-0.23238666356774682
spread,AA,200510,94,0.8405093471975187,0.886609855447028,-0.5328396488819853,-0.41750111983981497,-0.18166383701188454,-0.171348274022996,1.9536574121356158,0.5134372987805267,0.9742702060913503,-0.32834721092063407
spread,AA,200511,94,0.807048598618148,0.8640613260251264,-0.742224469891269,-0.6342418496473913,-0.2652096954809811,-0.2669050844831647,1.9203525496270208,0.5858011225505413,0.975142104028268,-0.34038759861669743
spread,AA,200512,95,0.7145056872266766,0.7337308961657022,-0.6258398656215005,-0.5736112912336228,-0.26952687569988804,-0.26709967782389743,1.9464541238578463,0.5528979903120379,0.947854506912708,-0.3410059408472263
spread,AA,200601,100,0.6435397297802821,0.6284925588207261,-0.8052085208520852,-0.8033628476962329,-0.4122172217221722,-0.43868834578888755,1.9424396802978618,0.7052773845344719,0.9425048585996401,-0.34868440418166546
spread,AA,200602,103,0.5582528138948967,0.5745286101468985,-0.8478168948342422,-0.8094992286369669,-0.6342107647597951,-0.6692165548900982,1.9039714961613505,0.8298528554312957,0.9416238562838618,-0.3597597773670146
spread,AA,200603,101,0.6504481733346975,0.5542162710345033,-0.7423063482818869,-0.7227642042728081,0.15824111822946998,0.014618946393688288,1.8908287649729876,0.7840785599231338,0.9376386409490061,-0.3867107694572896
spread,AA,200604,103,0.6845267187303644,0.6987089369565755,-0.7587827801251533,-0.7462966879558369,0.04610564871093443,0.06669943246857342,1.9283473963499997,0.6722026802948387,0.9192664493607572,-0.4053447304675208
spread,AA,200605,101,0.7306947476380542,0.7578082910142578,-0.7807221898660454,-0.7410962335942001,-0.30759464181712287,-0.3062953925113874,1.824295201031937,0.5694990536619257,0.9649549390503461,0.10545559235117469
spread,AA,200606,130,0.6082495767009614,0.6113433414684146,-0.6765197893187825,-0.6553394876887891,-0.3057481404202559,-0.31498880212692876,1.6900404639995026,0.634539698433435,0.9500133842862396,0.14887501810464773
spread,AA,200607,127,0.6031573059831764,0.6846036105908111,-0.8235025309336332,-0.7295863890853201,-0.24639693475815522,-0.16499912852975085,1.5588007104840094,0.688916093158122,0.9599297303595145,0.15239975731036595
spread,AA,200608,134,0.6267517735795701,0.7599329139421461,-0.8239180039651367,-0.6486311244420315,-0.15009414082469857,-0.05708428724635168,1.3878410075006944,0.7333721811404227,0.9358778127189396,0.22594342770945539
spread,AA,200609,128,0.4693085739549469,0.7615723023068108,-0.6433631660867972,-0.2581198953945795,-0.24167391503387659,-0.021284905576201357,1.337390453785876,0.7378397115806795,0.9368279830018771,0.3068777783698338
spread,AA,200610,164,0.6743543057292973,0.7693964168634944,-0.614149878252826,-0.3401442348851373,-0.0683035653557874,-0.11786639062199347,1.2529719142251392,0.7822437894751441,0.944572606295722,0.42617717574244113
spread,AA,200611,164,0.44110301269844676,0.7747779734635207,-0.6874212724280059,-0.31177924136603585,-0.41498782528260303,-0.13466654062380107,1.1486068229058464,0.5411802067480225,0.9075747060055722,0.24192326131089684
spread,AA,200612,159,0.48142550390302685,0.7463164031059327,-0.6051170288989731,-0.09324904279809781,-0.07399689515165991,-0.09146371502729474,1.0942642540724294,0.6682226661538891,0.8792439900985922,0.3177283659942235
spread,AA,200701,158,0.5352295443629418,0.5035214079922411,-0.5607392611951765,-0.3791438192712203,-0.005751803808877645,-0.2020188651757824,1.0479648275417102,0.16785783829303094,0.8848884032252714,0.24275029158057096
spread,AA,200702,184,0.3102204088637901,0.5791031808695632,-0.594182350561538,-0.28244917069101577,-0.38987690470227887,-0.16384536959621893,0.9885054203167681,0.15000878694486636,0.8801650959060332,0.28487461781966195
spread,AA,200703,185,0.617640926923292,0.7997403372786738,-0.13360474091428137,0.2644285374020032,0.3303051108303273,0.3515823380386687,0.9049066237466342,0.008796141705468939,0.8607351763754203,0.34428030557294975
spread,AA,200704,185,0.5391509291538097,0.8128249049436006,-0.29670406732117816,0.08905559317776253,-0.22450437815094199,0.07963962308162692,0.8271441717620194,-0.8295860551889686,0.8043921677282866,-0.5919562108891798
spread,AA,200705,188,0.7638076921397559,0.6844437240343977,-0.08076112456588051,0.05489178678212296,0.33627532250811343,0.05406642785473946,0.8516209092495205,-0.1708378819871103,0.834406190350426,-0.04999229611116207
spread,AA,200706,184,0.8150139833313685,0.7968213681454217,0.4465984536981119,0.4686282745448759,0.5451669902174499,0.4890066573428625,0.8437849168136472,-0.17684963973021126,0.8356428537897601,-0.06631350963225136
spread,AA,200707,184,0.7693919931703154,0.8023819121626689,0.3394458873541946,0.39106545332220094,0.32650818372632096,0.3427815179639951,0.8965961636121863,0.6034920301811209,0.8859331275792468,0.623605054088576
spread,AA,200708,186,0.5610121573030094,0.6846531491466683,0.07419404920255421,0.25358587330729776,0.07298656153611194,0.20912743592724797,0.8567945065248553,0.5928056683458527,0.8271477861553918,0.5218780299552176
spread,AA,200709,192,0.6598098864854532,0.8011564011106727,0.30858855763231424,0.5304841503120292,0.29987652756345756,0.456298148757502,0.784314299043575,0.5762915500613166,0.8241927648220608,0.6656179339496066
spread,AA,200710,183,0.6856038465836638,0.8308493415998576,0.3980788793234272,0.6315850278998038,0.3645695907263387,0.5084361436863691,0.7527818116105026,0.5798809708073422,0.8088106171217272,0.6038560128710001
spread,AA,200711,185,0.6956750412648883,0.797225057311267,0.43008604677608886,0.6073480419377878,0.48379894621128844,0.5658738089828729,0.7143439978248587,0.5899943238162708,0.7447314712870174,0.5737007849442659
spread,AA,200712,186,0.5852394264408478,0.8288266824958519,0.376723457484321,0.7418391704948843,0.4428359696003398,0.6346191861593505,0.6659844529318463,0.5930874097174875,0.7085211799749859,0.5884632599108566
spread,AA,200801,178,0.47803256747807676,0.8150813075871062,0.31405261144868124,0.7181333760491064,0.32487488403385456,0.6777654717928205,0.6446128685015704,0.7275479603450035,0.7288742347393572,0.7680287071328599
spread,AA,200802,179,0.6167400650662019,0.9127564594137383,0.4464842618003634,0.8536018258019029,0.5733034753581986,0.8406426706998017,0.6537159671603137,0.7438934797208003,0.7454911609121601,0.7922844285407681
spread,AA,200803,178,0.61413918315072,0.9034001171383429,0.42033919583287677,0.858637200507482,0.6273757138848228,0.7953043036995464,0.5880636832558069,-0.035693774445655586,0.7481047900466226,0.7805038114848374
spread,AA,200804,177,0.5118627617019216,0.9244766799237208,0.3208048687722661,0.8355335875796235,0.41744822000662013,0.7870641032925201,0.6529758767729054,0.19578863893354045,0.8207702165967508,1.9301875052217319
spread,AA,200805,177,0.42627965482752794,0.9558881053062751,0.2605174771904919,0.8848695618333484,0.3340956344331193,0.8761433194887712,0.6162174736437249,0.019767544972890537,0.8318406265351265,1.8317326635257596
spread,AA,200806,178,0.673078160901132,0.9301609542470265,0.5069733990546095,0.8845975436421413,0.6743661884920924,0.8521465751349049,0.6636578064143569,0.22724891718570708,0.8394183630299753,1.9699504534242782
spread,AA,200807,176,0.7414169962971875,0.9555687872107349,0.593553045098618,0.8999380363373212,0.6937049822282485,0.8882827039952312,0.6749082042791372,-0.4117957316416815,0.8363775438762352,1.5184055792437128
spread,AA,200808,176,0.7805788591787725,0.9691518392949703,0.6237749677121109,0.9222696763636299,0.7811234659078756,0.9332190178929861,0.7262168311759191,-0.47084459456653477,0.8610914233986185,0.9765981911846497
spread,AA,200809,173,0.7150004780277861,0.6288093746759883,0.5966473273703712,0.5491542394073111,0.6657890299662677,0.5368321452191188,0.7543013200687037,-0.4742333727837676,0.8140469391641715,0.5056169433521513
spread,AA,200810,172,0.6624589422623263,0.8231361182588659,0.5310968167966478,0.7220172078438268,0.5408392243339903,0.717674270246875,0.8220201225066761,-0.45511190614045194,0.8709559948746586,0.3861239806682151
spread,AA,200811,173,0.7010845695391202,0.8583583308092912,0.5664878946465738,0.79556831067818,0.6717772037602303,0.7786789165409966,0.8610108998658839,-0.4223090625074302,0.8933171726400687,0.358807608430084
spread,AA,200812,103,0.6042278155028035,0.8957513055798093,0.48743575099942893,0.8067170592578053,0.44550366823353693,0.7397771047811151,0.9719170580253923,-0.39206876465426543,0.9509550303456288,0.2890542828517348
spread,AA,200901,101,0.6106150880423191,0.9206661677339654,0.43081206064831223,0.8409683252947011,0.5350976560816401,0.7833883715106086,1.0208876472995836,-0.3242213571808805,1.0068548304359104,0.20259702579948893
spread,AA,200902,104,0.746740638002774,0.9137624760744336,0.6075109356662755,0.8780319963423572,0.7064867171663289,0.8073445393507562,1.0782094243142881,0.09414486436749495,1.068272927649384,0.19409456695233931
spread,AA,200903,126,0.7464439338434298,0.9277628129409959,0.6007919010123736,0.8870341207349082,0.6993786267403842,0.7878077057492261,1.188315401559353,0.002053213418097279,1.1240168855325523,0.09219856858991476
spread,AA,200904,132,0.7478241813388379,0.9380177848695695,0.5009848554040608,0.7829623706485455,0.45755006789991476,0.6988030388436112,1.2591834171648875,-0.0073524854852734375,1.1434119416619943,0.013344191112390867
spread,AA,200905,134,0.5797468291314157,0.9363977336235327,0.2673203747185643,0.7691839622989406,0.23890601990818947,0.6504934630992474,1.149960290925874,-0.0634586658822494,1.0802754888816337,0.019218343797696876
spread,AA,200906,129,0.4765498561899659,0.9291951542662916,0.12733117173524153,0.799018333574045,0.23804785330948125,0.5879516657884826,1.0600120584006172,-0.11313088837524389,1.0467381479989344,-0.05287300583554896
spread,AA,200907,131,0.4172401874238854,0.9132396569150432,0.060540223135642994,0.7950589736295166,0.18450862114984254,0.6309150454168777,1.0797755310518473,-0.10516982225007729,1.0365012064667882,-0.08806387149344126
spread,AA,200908,132,0.48523633859109944,0.9276543122921599,0.09640339572039047,0.7910243917717277,0.19740364095526808,0.6115435338136276,1.1275473891526842,-0.053765523730324276,1.0436000806147094,-0.08242480041522446
spread,AA,200909,134,0.5811668474669262,0.9493260514470256,0.1814162271350017,0.8006309305602316,0.3030137532886944,0.6151922093791694,1.1924046794577716,0.02719990440488632,1.0314129034631208,-0.031956088355089514
spread,AA,200910,138,0.7262359628168484,0.9844139743401502,0.3465817634689455,0.8320186123395792,0.35249972031261056,0.6637495462214804,1.283807220161469,-0.048843551659587904,1.0210432164604857,-0.11817638458129154
spread,AA,200911,141,0.717401844063121,0.9508280587530431,0.3229419067597072,0.8021820306760347,0.4242887369846354,0.5497186303322709,1.1703036080264284,-0.06362615874858127,0.9752020199171015,-0.08637389121046549
spread,AA,200912,144,0.6205502382261509,0.8888607559343319,0.22235752752994134,0.727273640684439,0.1348645607266297,0.3971842986299203,1.0748124576018685,-0.04624764377061166,0.9663066804869114,-0.06889082524566678
spread,AA,201001,141,0.5572152828123337,0.9611924803747124,0.2144569544929149,0.8384002705620272,0.25078128344535294,0.6069793376856615,0.921965247177933,-0.031868714932865264,0.9484530639871934,-0.05522310508171798
spread,AA,201002,156,0.6311611113192287,0.9819806008152272,0.32282720361619066,0.8871605170494429,0.3298477975691865,0.5632040663291253,0.9043426400090666,-0.03773921707769494,0.9403695626625429,-0.048333056930461166
spread,AA,201003,158,0.6937467863790014,0.9901027904167752,0.4065647538103228,0.8899914506261078,0.13004005421694992,0.44505581433608254,0.8826755459891673,-0.042298712161758144,0.9413283429761663,-0.04590427994592038
spread,AA,201004,157,0.7134378159130236,0.9523362095041332,0.4790900464527813,0.8738113511805901,0.010075105898696965,0.04829949376318882,0.8973517403372732,-0.03205104617134131,0.9590988613136658,-0.020727853639715927
spread,AA,201005,159,0.6549105190336276,0.9327247025397044,0.4582487461189397,0.892521495103893,0.27390136135657994,0.06490625746357774,0.8631541119825079,-0.012168249009903164,0.9428937811375646,-0.0045618734406761416
spread,AA,201006,156,0.6337537210996914,0.964576894415344,0.2948775900491536,0.8537115798900833,0.00884133331225996,0.052842618012454004,0.8535272531983512,0.0006546635381993266,0.9429187200515634,0.008378298842043223
spread,AA,201007,160,0.6792497053727842,0.9664668535896153,0.3636440876596742,0.8331674331768856,-0.12941814133364585,0.18257513665709857,0.8573429840071057,0.0033945973441238627,0.9289285699478342,0.0011907039594284525
spread,AA,201008,161,0.7108633984125682,0.9579600800845015,0.5203904991948471,0.9093388601474597,0.04275649873475961,0.07319000141637984,0.8588584044787189,0.003065715492944416,0.9050253739125277,0.0014053130546659506
spread,AA,201009,163,0.7974819989394752,0.9725061723947784,0.635299072827129,0.9070498210640173,0.06796681463747152,0.2916178856497244,0.8584909419813189,-0.0026951230411192922,0.9060836469237503,-0.01679151321194939
spread,AA,201010,163,0.839461956721482,0.9816580939023155,0.6902366978680012,0.9141089249526967,0.20533734388069713,0.45184669472309547,0.845753181167804,0.0060762714895797485,0.8996824021899966,0.012595182788963046
spread,AA,201011,165,0.8602730211310877,0.9844862717966772,0.7664814468517085,0.9413024211943576,0.3776053215077606,0.44037509709029754,1.009888503274867,0.02643721221114053,0.9592297226826584,-0.011715814943773389
spread,AA,201012,165,0.787727122762868,0.9701492936044954,0.6390297331231802,0.918935164159966,0.1001976865332728,0.3723292282210884,1.0912713442691926,0.03911453210302384,0.953860856708585,-0.02299244723971467
spread,AA,201101,165,0.7635246730992227,0.9938162727066693,0.5937461598055193,0.9330856905488656,0.07243608580664121,0.41337645042706506,1.2015519604592046,0.045375449853897756,0.9561686222089929,-0.0819545784492447
spread,AA,201102,174,0.6992614241784018,0.9914610130386293,0.5188746832199094,0.9332047798656258,-0.11662177169053786,0.15083467686136837,1.2567733811554485,0.060786341674882345,0.9607667848862165,-0.07619063678384003
spread,AA,201103,173,0.7636583818372978,0.9958721597921479,0.6453152305417396,0.9686455040878675,0.2660350158298993,0.34887142240520425,1.326429182841683,0.0667802603034214,0.9578993006233102,-0.0748457971573132
spread,AA,201104,175,0.8023000460704605,0.9645867993440871,0.650423197492163,0.9212968897744012,0.08981191222570535,0.2350530145318158,1.4882417260041167,0.12011990344522519,0.9557096539642945,-0.07478052530106705
spread,AA,201105,177,0.8028431829237073,0.995385073173371,0.5918093523311577,0.9206595500531279,0.3045978255224113,0.3461712629257612,1.5924010931602406,0.05449454400820424,0.9463967815603643,-0.09223442852485064
spread,AA,201106,181,0.8607656802354644,0.9841428048146312,0.5771133102624815,0.8606595737254322,0.47065954303523366,0.4847724711981633,1.7853993173952727,0.11607716671813444,0.9471601569366835,-0.09525554595732708
spread,AA,201107,181,0.8766562594715835,0.9838341645948372,0.45929411288527305,0.7898166319853552,0.09780017404326795,-0.09924933607969269,1.8957797326276784,0.14738860675885404,0.9491256084359269,-0.08917531133122746
spread,AA,201108,182,0.8570130423396566,0.9693205066265151,0.18448221464252618,0.5588140887677985,0.012577495867052972,-0.2753975074886408,1.930805741640648,-0.01045366224526684,0.9586968100235568,-0.1057926023683276
spread,AA,201109,182,0.8624511747181033,0.9743258744316549,0.05993942657288368,0.48386229905224815,0.2853549855633,0.040324346489976,1.9621068578290262,-0.0005631094245360378,0.9625391961692462,-0.09554370474924344
spread,AA,201110,186,0.8468589939060438,0.9718213199412676,-0.14820533836484523,0.22375071507265984,-0.22933297278648324,-0.012569420874195632,1.9912017037829128,0.011174809498383429,0.9774641070707097,-0.11849344289558128
spread,AA,201111,160,0.8524683341831982,0.9740717763336093,0.05273350521504746,0.49022761698211387,0.4507705379116372,0.340594868731301,1.9847156009862372,0.029774216980485504,0.9773175644076982,-0.11670356702750578
spread,AA,201112,159,0.8191258943254504,0.9546890615375422,-0.1749940291378075,0.22407867249433136,-0.4767255791736327,-0.4509666503275008,1.986402512128809,0.03703278242368436,0.9797372751562728,-0.10927070434827206
spread,AA,201201,159,0.8169399457698311,0.9448746377360475,-0.18901361356579893,0.16685599303815019,-0.21849176021017438,-0.043350016942395056,2.0282226264365204,0.30356182246621616,0.9972766410228858,0.009951934628587147
spread,AA,201202,160,0.8594574006797141,0.9579030790808928,-0.2760430094925583,0.038272058877427205,-0.5083001289112856,-0.4041184286281563,2.0551596036303135,0.35809624744595636,1.0043598887095218,-0.02691138788239094
spread,AA,201203,161,0.8451380586743462,0.9492458514824827,-0.061119737750172536,0.26131815044858525,0.027504600874166098,0.22358810674028068,2.058551505948372,0.42959976171204095,0.9966759829109479,-0.026633130801911573
spread,AA,201204,158,0.8549816081962193,0.9430119835860689,-0.11543007702031917,0.22326173617598685,-0.4096802508218492,-0.47096523434334464,2.0872510984502366,0.4828579487796426,0.992021915305555,-0.021590121316697665
spread,AA,201205,169,0.8690858666190995,0.9379076212788743,-0.3462682114265825,-0.06971815140743218,-0.31284123116702306,-0.4333081812297382,2.117149984855585,0.5295486866840151,0.9965831436646511,-0.049855629790930424
spread,AA,201206,172,0.9271211593274055,0.9810469739784472,-0.5047084710027521,-0.30594231087841994,-0.4191612247448841,-0.38520102989763727,2.1750554069668926,0.5088267327388669,0.9991268321312294,-0.047553745151346694
spread,AA,201207,178,0.9015833668033748,0.9665920508635787,-0.6320353090688112,-0.44725069074538554,-0.7189483029827223,-0.6634887602977178,2.25755275547735,0.5684100538559215,1.003650058940126,-0.05250128721572015
spread,AA,201208,170,0.8814434720921579,0.954863880235348,-0.41352092378527244,-0.1539748596280393,-0.11499074871306356,0.02691735797106473,2.3208520566395126,0.5980719802768989,0.9978201629509448,-0.05532695769803674
spread,AA,201209,177,0.8573928098038401,0.9441733613873668,-0.5198144076452971,-0.2897374900523145,-0.2142124443828881,-0.1097747232802178,2.332612372653391,0.6591826318828418,1.0014985462478974,-0.03270414417236643
spread,AA,201210,175,0.9205720113888566,0.9705149362179495,-0.47420286609941786,-0.2583713147911547,-0.4681124048365428,-0.41186230616047553,2.3109930130184404,0.6450632117343974,0.9964432367507176,-0.01164678673854463
spread,AA,201211,177,0.8734031001786497,0.97856623087269,-0.2190123959072731,0.12174642248499026,-0.33028990149062515,-0.21746530689546642,2.1711254313430244,0.5450434185617935,0.9863540183949424,-0.005801566501524596
spread,AA,201212,173,0.8768516292032521,0.9418231122242454,-0.08949107916803799,0.18079280676243986,0.12816192387742142,0.2169583212387056,2.110956578333627,0.549902994561004,0.9904626674213416,0.0011551899041788486
spread,AA,201301,173,0.7667133876874499,0.9583148882524207,-0.05117020734155037,0.37641387262528303,0.31162188095359505,0.6294829489332133,1.9969390466827674,0.5418074917060388,0.9860307698140558,0.012866110990069183
spread,AA,201302,180,0.8977329021127879,0.9803198354680486,0.06737244976696811,0.38008722500429076,-0.1742872722409128,-0.08615295343786099,1.8934582560723692,0.5353736324729661,0.975114927897737,0.028696306070760753
spread,AA,201303,182,0.9101296317769922,0.9812715854010531,0.15646874636096628,0.432851396469057,0.22258594588999442,0.2469846391644632,1.8049767016482658,0.5790110910687992,0.9752812218527992,0.02831422440622677
spread,AA,201304,175,0.9246209833302967,0.9774154598162412,0.02106359158083296,0.2670264218540081,-0.3837259292431706,-0.3660098522167488,1.7596596723037967,0.5768527918982518,0.9739002386146812,0.036531401887054435
spread,AA,201305,177,0.9235853185747112,0.9879324737927768,0.540964058793996,0.7596020671387269,0.713818580010734,0.817989214175655,1.7239129640366297,0.6245612655674212,0.9836851189119307,0.14303288443472917
spread,AA,201306,190,0.931156304647322,0.9868597794742842,0.7148117741176371,0.8883970631602398,0.6689833960921249,0.6446922624061486,1.6730672583412864,0.6614224745199724,0.9843059048922448,0.15936750010140083
spread,AA,201307,193,0.8860543124736395,0.9720988365302933,0.6135108190296604,0.834031010502326,0.5834927118496748,0.7044604460660242,1.610979681797053,0.6502278995554724,0.9924566784785956,0.20538739174602802
spread,AA,201308,194,0.8508024321566178,0.9853989015175538,0.6087717207742847,0.8808423301747421,0.5178078578182314,0.6594930238606218,1.5533414730224158,0.663782104722523,0.9972382019267992,0.19880139784454998
spread,AA,201309,197,0.8621690016718493,0.9755653090095066,0.6616438915206138,0.899996389875806,0.6753343580322377,0.8382957533535842,1.5184000156907944,0.624001499097049,1.001440738486093,0.1989382883822158
spread,AA,201310,198,0.9190618988891839,0.9889232177243839,0.7507812868372009,0.9055215767215963,0.6524152836169773,0.7887709452949286,1.5430518965309343,0.6689559860307277,1.0039802742362867,0.076890399550531
spread,AA,201311,200,0.9204571065991447,0.9880806930778468,0.7666511662791571,0.9151274713596501,0.6921068026700669,0.811758348368147,1.6081267381109823,0.6653944361038305,1.0011398870603352,0.05962117923955384
spread,AA,201312,219,0.8926678541117188,0.9844147868872463,0.737676374147406,0.9182883333966847,0.5494386159238562,0.6562064598389411,1.6026991543166724,0.7550923192132916,0.9927873864228006,0.0503028994309189
spread,AA,201401,216,0.863368317330761,0.9847372148498673,0.660729468081306,0.9071754928923099,0.5660256034323128,0.6754383170770342,1.6912052420602557,0.8017846323912664,1.0028336327757001,0.04657933790759956
spread,AA,201402,218,0.9147444673789431,0.9764731569396066,0.703441713495754,0.8712577468620233,0.5848793254526489,0.6674083653656282,1.7617416076075922,0.8860605247740034,1.0064106520142395,0.05236395278209305
spread,AA,201403,215,0.9222130722954298,0.9953965238172088,0.7073196648071675,0.8903208785053656,0.4007343818581122,0.44503543316118854,1.844635709069504,0.7925577623738169,1.0053477725187,0.04335647681836848
spread,AA,201404,214,0.9009585505651285,0.9707294733923564,0.625973533004154,0.8215566384002759,0.44745998267369924,0.5171778543894879,1.9015596634583745,0.8394768754995776,0.9957318056965998,0.05307359981261365
spread,AA,201405,216,0.9219351527592631,0.9907044881625814,0.6481775205706187,0.8445006358771633,0.48482477762297715,0.5399005463298902,1.9395920150516626,0.8731941724990067,0.9962355705253808,0.21146883141702189
spread,AA,201406,231,0.9212364066328053,0.9948003131886656,0.609214548569871,0.8054126885386015,0.21704569793025566,0.3255610755283729,2.0203987837470385,0.7892588401543318,1.017505317398439,0.16118094229374244
spread,AA,201407,234,0.923895597234881,0.993179385212776,0.565085497402181,0.7778780172635174,0.1456197654353074,0.19630085862832725,2.1604236240205283,0.677710444788944,1.034304492414898,0.04490658799177423
spread,AA,201408,236,0.8885808144867451,0.9931262881366647,0.438933294380258,0.7230429643225117,-0.06698772521648627,-0.013051735624768303,2.2718400070954576,0.5430100455758688,1.0455001777476611,-0.022946599460350575
spread,AA,201409,237,0.9000307847227664,0.995549283421111,0.4175250018479823,0.6947503070020558,0.2117084551048482,0.32564759990893727,2.342970248954563,0.5182114910750439,1.0451125720508245,-0.046199786143284224
spread,AA,201410,235,0.887672488145392,0.9696824061561266,0.3970151737912286,0.6619804460330455,-0.25119698188576656,-0.20431293190713604,2.4269202455887195,0.4836220500883275,1.0400658287804623,-0.13329736768416955
spread,AA,201411,234,0.9036197415764284,0.9774517301111241,0.3222227685564368,0.603631049007065,-0.2740454565676007,-0.29344958084826633,2.5108708882061195,0.5167684902097005,1.0193318686164776,-0.135013007294381
spread,AA,201412,236,0.9009826235506874,0.9633567471027852,-0.08345209456467655,0.17608339745027018,-0.6211615624443663,-0.6644557717945009,2.572197192992931,0.5158885573110451,1.0198666121895734,-0.14291396627923109
spread,AA,201501,231,0.8662103516184366,0.9710935613761597,-0.5324626647715103,-0.22956336935711227,-0.6710274732763488,-0.7193235448677698,2.650985518793465,0.5403917802039249,1.0167983488369674,-0.06489160198836769
spread,AA,201502,227,0.9037550641870203,0.9637365447377068,-0.44615783933733993,-0.20733978414204923,-0.040147198529245816,0.09366487276191855,2.7489085206359563,0.5587079283857659,1.0036875675720869,-0.06590100580985449
spread,AA,201503,229,0.9073230151844583,0.9877701380522015,-0.41890819701617826,-0.14342804852388197,-0.4412548839347277,-0.38219066964541554,2.779825042516544,0.5578937137928563,0.9996521655162781,-0.06988472730554153
spread,AA,201504,246,0.9064619198045802,0.984931136654811,-0.3605399185446865,-0.12358692392774859,0.18808680774571107,0.32830319630899185,2.84206981639494,0.6139699508118719,0.9967859049602688,-0.06688212717638502
spread,AA,201505,241,0.9378102393797253,0.9925705358650945,-0.2755752546208978,-0.06459233285934925,0.17655344466925005,0.2648754595988666,2.949877134505177,0.6331827713291867,0.996365142146396,-0.08019704549619756
spread,AA,201506,251,0.9162802751371208,0.9742693204912025,-0.26465186871561375,-0.04575381635947802,-0.005614114968696642,0.08080148860034136,3.0139877643485127,0.621999615026126,0.9896911390483085,-0.06957173477893434
spread,AA,201507,252,0.9342377042527799,0.9940908115223343,-0.3022549365871729,-0.06336566843110714,-0.2786677494801521,-0.23289144011965512,3.0810937659495536,0.6212140261312807,0.9892908632740091,-0.06388409924445601
spread,AA,201508,252,0.9480053390947534,0.9923876548256022,-0.3722375914585753,-0.18773680744354765,0.042080501633593614,0.07520131257650195,3.276629645072986,0.6976176679851444,0.9865496999897316,-0.0029202672794118464
spread,AA,201509,254,0.9331421793502407,0.9918775244861996,-0.40291944664746354,-0.19538447117853655,0.17326605971510012,0.2504473424732594,3.3331640819601893,0.5745315505153197,0.981413008296941,0.008294098454989029
spread,AA,201510,253,0.9597932120742307,0.9941103970803398,-0.414393759473434,-0.28314566193892504,0.06109142483671755,0.10113632805930549,3.369493762804116,0.5815306626295185,0.9815067723259403,0.006477764563805955
spread,AA,201511,252,0.9482659391922765,0.9907336186730707,-0.6283104947503272,-0.46567202232438876,-0.4984196472157671,-0.5090761775031198,3.407500560276872,0.15059044430635865,0.9813452649104804,-0.1274877589369275
spread,AA,201512,258,0.8898748813649002,0.9309609258339219,-0.7613275350107562,-0.6155586879544703,-0.40575338837939506,-0.44203111344191137,3.399856211492239,-0.0052417733323162005,0.9842661225977625,-0.14345165749621103
spread,AA,201601,251,0.921887218995724,0.9862547460316868,-0.5546022679951281,-0.3346389709107997,0.4065801555682033,0.42614128012881286,3.2871721063521555,-0.2747129236281311,0.9738786362251954,-0.1957455481368749
spread,AA,201602,226,0.9520168207036966,0.9902911813915436,-0.6720755121051483,-0.5279656849750848,-0.3823221966654971,-0.3965510340610401,3.1323871326041095,-0.08055188158867946,0.9673290330336637,-0.2187296751259771
spread,AA,201603,234,0.9276323938360254,0.9867972819547337,-0.7105355028466189,-0.5482464818070142,-0.2891149151581989,-0.17954621977097612,2.96101722727093,-0.10755131447676516,0.9628896040084236,-0.2408424411589888
spread,AA,201604,243,0.9421798042576401,0.9826196187062182,-0.7173260490270359,-0.566901462930946,-0.2137428265098409,-0.1586966662095633,2.845223069237546,-0.19340146353011964,0.958664745756702,-0.2296016472055324
spread,AA,201605,244,0.9291732400010605,0.9916770580393368,-0.7041784520019848,-0.4974169622818221,-0.34811510517989824,-0.2804919528869067,2.7454384793289504,-0.10156899316562552,0.9655811737879378,-0.1983180551942956
spread,AA,201606,252,0.9258029955512455,0.9889311109580826,-0.7264216238752876,-0.5206049150067723,-0.24107372505086005,-0.21452065215784835,2.668877656640877,-0.09614208586721938,0.9765579893803887,-0.20533475152571254
spread,AA,201607,253,0.9473143073767868,0.9921893076776803,-0.7723612117655255,-0.6183052982592934,-0.31182910436590683,-0.29307965913333406,2.5901663781708057,-0.15312728828326191,0.9754326297115987,-0.2387617745583813
spread,AA,201608,257,0.9425054143665105,0.9896786597156825,-0.8781084573794224,-0.7481504823998024,-0.5677611189032666,-0.5292457870571188,2.548726785522698,-0.22435161535015144,0.9745105043452297,-0.2390529896840278
spread,AA,201609,258,0.9063954300932238,0.9814035950757638,-0.7757969456458281,-0.5390919299213034,0.06702760001104041,0.12811849058909774,2.499957449549416,-0.23365180390747808,0.9820550174675168,-0.2435864827770542
spread,AA,201610,257,0.8847692892031196,0.9870479100437859,-0.49176969278798294,-0.1717974286049187,0.2909854029047145,0.4817795533290528,2.4458184052424388,-0.2276002265472964,0.9771345966012422,-0.2506855261435444
spread,AA,201611,258,0.8721817173072949,0.9882775425953312,-0.2413391195401873,0.08046842231882716,-0.001221783594419555,0.21882685839813845,2.407421030214498,-0.10651682676003936,0.9829707664644666,-0.2581045791310461
spread,AA,201612,259,0.8504754264339704,0.9875777298440218,-0.13758158874437942,0.27090065495625953,-0.15128918849849082,-0.05193784394687285,2.324540763466276,-0.11355851285432224,0.9842306259091648,-0.2032831861577494
spread,AA,201701,259,0.8248256932148664,0.9882430421697384,0.15121252097996282,0.5659243306662721,0.3699166327073304,0.5879400603317589,2.26332407250338,-0.25900083330025014,0.9898614287887159,-0.2877805821556792
spread,AA,201702,264,0.8721603508285054,0.9929637976518572,-0.043701452432351344,0.34053485764164776,-0.29425614202140493,-0.23818934034895078,2.267574884344146,-0.4028539282710291,1.0039534252136717,-0.2797520963928652
spread,AA,201703,269,0.8749318770859662,0.9723147825057674,-0.007782031601595491,0.3443449966341883,0.07351593950939232,0.13879566084786282,2.1970229639919876,-0.4065497943361251,0.9991475684061139,-0.2872806168563724
spread,AA,201704,264,0.9215532465382944,0.9951766902837126,-0.06385680464882702,0.26462901946688755,0.061541521825616806,0.01763693448329538,2.0932071940186696,-0.3965360601257657,0.9964297019847873,-0.2884198855678764
spread,AA,201705,245,0.9298539518248844,0.9934032065349201,-0.2316754930680789,0.0744941342651671,-0.1586793853887017,-0.22157825988725938,2.0507891748994758,-0.5164622488019405,0.987999381363459,-0.3042614928484245
spread,AA,201706,254,0.9032043926253835,0.9919580552726689,-0.24475355484075298,0.09098661468363281,-0.22834059832267536,-0.1303729193118912,2.021252153838385,-0.5364316165139394,0.9848059072103439,-0.31166581385176484
spread,AA,201707,255,0.9192160924087901,0.9927544924380285,-0.0752091535433071,0.22955037993457025,0.5011818260768874,0.5625742036157065,1.9858025691700085,-0.5287607749383278,0.9858923174688666,-0.3010253706383831
spread,AA,201708,256,0.8922904268334129,0.9801065608831061,0.03397731174181734,0.34376676968381376,0.10068665598535131,0.1787440572403874,1.9426426966688495,-0.5114361192088955,0.9941382911828165,-0.3053585991298179
spread,AA,201709,258,0.933263550164158,0.9788885618287708,-0.08319692936469698,0.1274141155284926,0.20559609728010778,0.29284790297058344,1.893225418676813,-0.4877263493671624,0.9872222214490782,-0.29063680876087705
spread,AA,201710,261,0.9186326240696527,0.9874809264382305,-0.11329162195179569,0.14397865828018583,-0.15136104497152722,-0.05619244943729281,1.8769196989906016,-0.5065246313577547,0.9798310958699191,-0.29111645139333975
spread,AA,201711,264,0.9177683861822701,0.971850361219528,-0.13175654964162029,0.10769368231929911,-0.43771765903998827,-0.465340156383329,1.8516371403460816,-0.5362319674823308,0.9741402057437027,-0.29566975693774333
spread,AA,201712,239,0.9000537738828654,0.9642166248661743,-0.3281640783033548,-0.07500028018686596,-0.4963420977510795,-0.4745249083494142,1.8365920903089554,-0.5436174067873747,0.9807620061092303,-0.28301915445032383
spread,AA,201801,243,0.9165808221037605,0.9742483868394738,-0.4397736263111324,-0.2426901031104623,-0.20484527339966982,-0.1244839651562158,1.8627222216782835,-0.2881344960840004,0.9924153467604954,-0.07835058356799579
spread,AA,201802,249,0.9139213020281619,0.9884361667937316,-0.27413913719393707,0.023092972943508733,0.22624178512277632,0.2243475489619203,1.8506294528051797,-0.3293809448916147,0.9891621370385681,-0.10472909209492007
spread,AA,201803,247,0.8823619936981121,0.9724777491504393,-0.3886408738058909,-0.045555527020453214,-0.1477310734319306,-0.224012133065483,1.8950337203592402,-0.27366847885988893,0.9947427131391887,-0.1238053497870146
spread,AA,201804,235,0.8996733829490913,0.9777239052329317,-0.45056913275449156,-0.20584821493680247,0.32820512820512815,0.44960281950618974,1.9263393221427207,-0.3908831487735759,0.9905966625611643,-0.210164980105883
spread,AA,201805,239,0.9449048168603186,0.9897031638555109,-0.6789872015751907,-0.48070943653052844,0.24718100629373085,0.26628306392812684,1.9641302611183982,-0.4458864855033399,0.9948356569305052,-0.2108772838051765
spread,AA,201806,244,0.9609471483482057,0.9835087310612907,-0.8105952277693105,-0.6805431127712721,-0.002835912750042336,-0.05266118729645184,1.9815710469098264,-0.46535721250460815,0.9960425679119095,-0.21989232139373158
spread,AA,201807,261,0.9486516311756531,0.9775364281324586,-0.8773334413239652,-0.789365915151339,-0.2500280100701264,-0.22287673070680203,2.0025411603172967,-0.34270065454664983,1.0013437975526094,-0.23829777332788696
spread,AA,201808,264,0.9531861483111228,0.9819759006914129,-0.8677530017152658,-0.7703287386273785,0.2502625074186879,0.2690602203779424,2.0710841160648217,-0.40783142252244775,0.9960834455471224,-0.2764172273449021
spread,AA,201809,263,0.9684757039667499,0.9880018523391437,-0.9021446872287147,-0.8398676717756023,-0.049789832261605396,-0.017724132585574426,2.147701523707964,-0.4527326579351721,1.0005231405876365,-0.3018874251486721
spread,AA,201810,274,0.9534615035824483,0.9776997788913114,-0.8842121382267368,-0.8171939636839561,0.47749826815520247,0.5227871500328252,2.169021180619189,-0.4890391124917004,0.9984309493640546,-0.3168616479725321
spread,AA,201811,282,0.9574162418995076,0.9792896332984128,-0.8762265958187163,-0.8114665564419054,0.09598376489600566,0.09680099209065665,2.175820162465547,-0.5053067950583126,0.9952447012163661,-0.3754754004904679
spread,AA,201812,282,0.9098170012802059,0.9308484259947198,-0.8732800368152968,-0.8256028292299339,0.2611413638928494,0.2799189151144268,2.181842059371048,-0.46354491463898423,0.991312880536638,-0.4019244245282355
spread,AA,201901,281,0.9258127650594171,0.9422574797519444,-0.7549311992194684,-0.7047094122986305,0.07397646269835259,0.11398922537079258,2.166461626593586,-0.45620947879160173,1.000623244849418,-0.41202230393917766
spread,AA,201902,275,0.9598179271772468,0.9645978418237039,-0.8832645696596003,-0.8548769837607458,0.19332737082023022,0.20055604466066757,2.1142580140189806,-0.5577262706124388,0.9887244897817272,-0.40654293031211586
spread,AA,201903,277,0.8915949786380782,0.9055368307600706,-0.9200741162001748,-0.8975662719446229,-0.2561500007339913,-0.24329909014543968,2.0789236279576304,-0.575005868192686,0.9830766347354628,-0.3934641743452995
spread,AA,201904,282,0.9566987263914448,0.950889482238937,-0.8967452201692004,-0.8386030787011287,0.4364205667275969,0.38173488738114153,2.0587826970503564,-0.4074972427071251,0.9819596383066221,-0.28916108706701305
spread,AA,201905,284,0.9146391376410079,0.9423018338419091,-0.7897557383838149,-0.7265950370334646,0.06846087645879305,0.10834815267297022,2.0248391746422367,-0.39266514316074247,0.9758864938089594,-0.25581176329284866
spread,AA,201906,286,0.8163027194424689,0.9191068576548198,-0.6842296005558726,-0.5530413610479893,0.019633770547010345,0.11428737777720517,1.98791179014982,-0.33474525568092234,0.964081427601842,-0.19882204536614592
spread,AA,201907,264,0.8956707189987216,0.9189720468391132,-0.7498398052031271,-0.6257649656035688,-0.1813095013515897,-0.26309317281160605,1.9282850442237798,-0.21725535216555408,0.954300636605528,-0.13715406626957263
spread,AA,201908,268,0.7966484548143455,0.8960858489825411,-0.7165282563416159,-0.6153858382734394,-0.5113185586207886,-0.4236280746147951,1.8081615578033308,-0.17156576149879577,0.9571865447262807,-0.13104353932110271
spread,AA,201909,279,0.8843035725450863,0.9304728576166865,-0.6339371088783379,-0.37166671571208293,0.5894664806587708,0.48720485521645523,1.7317934693313948,-0.18592795466710504,0.9722000948581747,-0.1621888404366846
spread,AA,201910,275,0.9372774504582044,0.9295721943657501,-0.446338793652131,-0.347493534481675,0.4902134200744779,0.397460067608578,1.6421642609138307,-0.24920440174445324,0.9759746897385445,-0.2201289694640443
spread,AA,201911,272,0.9419643729101592,0.9482167279940003,-0.3597969465050297,-0.31576476544825155,-0.0462358082873242,-0.053844393542080336,1.576672107833123,-0.2936135907320206,0.9803195911991642,-0.29543909266840673
spread,AA,201912,273,0.9079058769900754,0.9248493103865598,0.034263106699201955,0.0850820758910659,0.44361916099962634,0.47973670366395726,1.5300121190879095,-0.2893619235375275,0.9931270057052275,-0.3584395817640739
spread,AA,202001,273,0.8822526759860995,0.9063838979298348,0.13595185407121863,0.21289206061103627,-0.0016590863583055156,0.0038572595733993745,1.4977317953682587,-0.112535843562225,1.0024283691201192,-0.2868593186909099
spread,AA,202002,256,0.7792712059103492,0.8841372500431953,-0.10805177601635557,0.08225455565175507,0.12512447877168867,0.27981848568288864,1.459356697617383,0.20649530871711264,1.0067540590223405,-0.2377007165687319
spread,AA,202003,251,0.7274597892645516,0.7603964832917229,0.099478694547036,0.17595242156656068,0.05460181441955007,0.08401338049226556,1.4302628454708846,0.2506077319774292,1.0044146060920507,-0.20272517669640974
spread,AA,202004,246,0.5629820300093414,0.8691493692320248,-0.18791844871264834,0.32773300606150363,-0.15598036929790107,0.29163417106642464,1.3905580546477332,0.22289902723553398,1.003961180295057,-0.21560823184030506
spread,AA,202005,218,0.8395507174550983,0.9236054221429556,0.4781039325151496,0.6475975362927959,0.5173200839077154,0.6506526318840098,1.3808495531981404,0.2591908911300286,0.9981043817128762,-0.17984430870869134
spread,AA,202006,218,0.9358249158645436,0.9625641953779284,0.6631811491320123,0.7291522844070291,0.6925015962832748,0.7382178803865745,1.3826124940701612,0.27318325758291,0.9953536557705962,-0.19505567211463448
spread,AA,202007,217,0.9608693073662194,0.9697828960402219,0.6536920152704221,0.6887624331259177,0.6347743675483847,0.6453064601462876,1.3532850724414829,0.19284748704675786,0.9996575948257003,-0.22011584316360563
spread,AA,202008,216,0.9515646192085947,0.9717422225783597,0.7805582347967944,0.8350535105644076,0.8568730616423847,0.8920124984098639,1.3629673729619245,0.24662172737386767,1.0001886544428025,-0.19176885974933963
spread,AA,202009,197,0.9453606249057435,0.9675040359031643,0.8590077939715687,0.9076024043554021,0.8762077271057446,0.898685359866687,1.3424479230567037,0.21187091913042136,0.9928439765327304,-0.19244917232825587
spread,A,200307,395,0.6365423821817046,0.9414699880772829,0.4389392868477878,0.8571315360201018,0.14657210217766428,0.5041947822973496,1.0730963619522167,0.2057680798974484,0.9810618090045328,0.1596813977040721
spread,A,200308,401,0.6388611260796278,0.9362790499237722,0.43851267354003054,0.864182262450342,-0.18053449308326655,0.04243286459174954,1.0730963619522167,0.2057680798974484,0.9810618090045328,0.1596813977040721
spread,A,200309,412,0.6437492988932484,0.9535823527514738,0.481526204529112,0.901554667309598,0.03375768991698043,0.3325158346665705,1.0746277111089948,0.20069509628018894,0.9902336267484991,0.16204378351447438
spread,A,200310,406,0.6538953211877413,0.9494132611607028,0.4851806575944507,0.8980648251222964,0.014909042495249393,0.31044357522601074,1.0625488982966125,0.20085698252239328,0.9699089324196797,-0.023917263923122056
spread,A,200311,416,0.7101426857045644,0.9622907345502976,0.5344740556501351,0.9032471021824979,-0.04881451853962,0.12846765639035457,1.0625488982966125,0.20085698252239328,0.9699089324196797,-0.023917263923122056
spread,A,200312,421,0.606804370195838,0.9561990587327899,0.4262339241288032,0.9035986786618578,0.04024029577833993,0.40399053466641277,1.0625488982966125,0.20085698252239328,0.9699089324196797,-0.023917263923122056
spread,A,200401,429,0.5897379330262326,0.9448774781912812,0.41505099985865035,0.892649821781761,-0.053904213586891264,0.2841187273874348,1.0543661012696954,0.17748466952072153,0.9608252903385754,-0.0290176112570679
spread,A,200402,426,0.6392473098460556,0.9432900137574414,0.469118976151994,0.8818154163850462,0.11125383394887496,0.4512765631645904,1.055857993981471,0.17910123010036452,0.9552645227952743,-0.02485844122599206
spread,A,200403,428,0.737747657896095,0.9513395750704692,0.575333047525479,0.8884405941144673,0.12930031961302518,0.34869123049628536,1.055857993981471,0.17910123010036452,0.9552645227952743,-0.02485844122599206
spread,A,200404,423,0.7539238445798926,0.9475811519744144,0.5941971109500174,0.8864798544335162,0.029510584828176444,0.17152966894024987,1.055857993981471,0.17910123010036452,0.9552645227952743,-0.02485844122599206
spread,A,200405,423,0.7112856882895388,0.9483436615383903,0.5475768491353112,0.8890157323204118,0.16540122366278662,0.3487297943448756,1.0632947528771004,0.1737039310125039,0.9607246269979797,-0.021638516538806093
spread,A,200406,424,0.7263918938830429,0.9452127039695585,0.5035916360538453,0.8648532980441306,-0.1823291336645184,-0.02961400852906943,1.0960905895392523,0.17416143680997767,0.9580908651493908,-0.026082741880101328
spread,A,200407,425,0.8106297509381901,0.9850301756546007,0.5890092385612231,0.9042441268154439,0.05444365628345881,0.2576392120609862,1.0960905895392523,0.17416143680997767,0.9580908651493908,-0.026082741880101328
spread,A,200408,428,0.8156973516201657,0.9757085599629962,0.5744341130322209,0.8785595573723752,-0.10357890183808117,0.034616717681817434,1.0936392617902675,0.16910527502549175,0.9628555152400198,-0.020436144553306307
spread,A,200409,439,0.7805201351360956,0.9668469289849698,0.48506795416958615,0.8309594039207412,-0.3965198982077426,-0.2594578563156029,1.166651247799978,0.18711087857240302,0.9611313812678892,-0.027064241672892994
spread,A,200410,436,0.8626935644015625,0.9810613675556318,0.574187121794004,0.8313438860627411,-0.10063814061100788,-0.002274143536725867,1.1880994513355463,0.20114543946194535,0.9540999776792651,-0.018384411659943922
spread,A,200411,444,0.8362008895964014,0.9741521740054457,0.3988394562924707,0.7339320227794234,-0.3987865497161211,-0.37316948970555774,1.2491325765844712,0.20603763129587022,0.9413792953580984,-0.043060971974653625
spread,A,200412,445,0.6866616750982315,0.9616686416897938,0.1523406764450751,0.6936097046580029,-0.41865255692534376,-0.3946216192986109,1.431784221046591,0.1966692976925793,0.9511420221656268,-0.05172177746567963
spread,A,200501,444,0.7207913286919009,0.9615277163734803,-0.004528108396016174,0.5133104315950968,-0.574978595406221,-0.6115551126339914,1.6032421096192742,0.13564170829578068,0.9411734771708228,-0.08586978431001877
spread,A,200502,443,0.7842904383602474,0.943966561391416,-0.15667438608824302,0.24956212639453731,-0.5460152970637273,-0.5567723225996117,1.761071203682766,0.15970447967690346,0.9328586504318391,-0.09995301702486978
spread,A,200503,438,0.6764470601097414,0.9206300809162677,-0.1752341990860391,0.3495461105036723,-0.21483671168457294,-0.06647344082479195,1.8583751190568434,0.3541836538054697,0.9359489979096536,-0.01736522659213448
spread,A,200504,436,0.7941204629265112,0.9066520486121412,-0.4997400382377619,-0.25917329693470165,-0.41295365401390305,-0.35425158256866635,2.0049323664088567,0.4063552071392947,0.9311351366355092,-0.03883521689687381
spread,A,200505,431,0.7669509476507675,0.865638852521343,-0.6959945322757604,-0.5166021457139434,-0.4991593074215963,-0.4677774807607415,2.2234283117980453,0.452853781623096,0.9233446043732909,-0.036647521943682634
spread,A,200506,438,0.7760912595701773,0.8887549751578548,-0.7683239698214984,-0.5570314144023208,-0.40412761890984056,-0.35014892712121987,2.3422883733839295,0.4760444918591395,0.9213416149423552,-0.03210117849971436
spread,A,200507,442,0.836667600890247,0.8924568028147289,-0.8110024372663648,-0.7076026790898963,-0.3967568615841711,-0.36737017071095646,2.4421860828914213,0.45568172454919154,0.9145288092969145,-0.040226145190153835
spread,A,200508,439,0.7601059002836705,0.8479069331703181,-0.7862631017178998,-0.6465065308277287,-0.16662948760731716,-0.10335557642597017,2.4964571189631046,0.4504726173058846,0.9137273686534995,-0.045782387895422896
spread,A,200509,449,0.7699081491130728,0.8346046084074829,-0.8342997556938555,-0.7477302732641748,-0.14414387422737557,-0.07444726911165896,2.563530678575457,0.44533360524432125,0.9205810671342303,-0.038931721349632326
spread,A,200510,455,0.8250139258054008,0.854473181168765,-0.7920076023679768,-0.7311828559746952,0.09979369168815559,0.1141703750127359,2.588696494734639,0.43360678410306913,0.9128615855449009,-0.05788109321741474
spread,A,200511,455,0.7989313128274863,0.840593625727604,-0.8497679787967883,-0.7830075093939542,-0.4130732040033074,-0.3942076180536966,2.6042364896024273,0.4570876380294349,0.9195437403410824,-0.038525871311964326
spread,A,200512,446,0.7310888490885601,0.7575762914583098,-0.8736033930442647,-0.829275069057523,-0.38800375814604265,-0.38891597164055286,2.606883642796805,0.4757051227405785,0.9294830626335447,-0.03867019658913213
spread,A,200601,430,0.7244985264828604,0.7149958829463565,-0.8831733107027504,-0.880118274424051,-0.13178247773353693,-0.14803033496118426,2.6049913814044943,0.4779578624777981,0.9314376309622249,-0.0510972110010416
spread,A,200602,434,0.7374446644301784,0.7490316210810664,-0.9158437951833714,-0.8968673702467128,-0.6044095484090499,-0.6231101375629668,2.5909275625236394,0.46551334462050176,0.9425378169841113,-0.053598503315933146
spread,A,200603,434,0.7413102658955052,0.7205524317847206,-0.884146437462713,-0.8721190635202044,0.22253075497264213,0.17820726984479454,2.528513146873704,0.44385498590599626,0.9499776111100333,-0.05919939518315147
spread,A,200604,431,0.7848669684218851,0.7941086738557749,-0.8786884236035586,-0.8664944830418913,0.22345007879713655,0.23736993767860173,2.4667780011687124,0.39351024989583905,0.9556314243207531,-0.011991793278550029
spread,A,200605,433,0.7890757535120307,0.8165115404891237,-0.8538885834241141,-0.8066461769107396,-0.08080798301097679,-0.06482781098958393,2.3613310615617316,0.38710567631399057,0.9658160275904416,-0.0020640325330356503
spread,A,200606,421,0.7878391044084576,0.7995814731952675,-0.8635497607636081,-0.8392766911612028,-0.2519889292187251,-0.2514710071367983,2.231085290439715,0.20243600221259347,0.9630168687965455,0.009800793974779147
spread,A,200607,423,0.7215473174979581,0.7476022392484752,-0.8189305859594678,-0.7831149005875742,-0.13639997643966795,-0.11646168816359369,2.1391443702429056,0.25272675183713,0.970003334790964,0.03974150768219247
spread,A,200608,414,0.7021486003089298,0.7677874901132239,-0.8189813645100863,-0.7298974413325033,-0.1283048032333179,-0.0956493529864807,1.9659166277819307,0.28129375753461966,0.9627122065426048,0.06759899315880268
spread,A,200609,415,0.6445865083391289,0.7959669145996819,-0.7482440837541009,-0.5376183613902705,-0.1620301711914841,-0.06175667165802615,1.8303208430100524,0.2620942884483056,0.9510792684300875,-0.037106945939622424
spread,A,200610,380,0.6986730443620881,0.7996265456676347,-0.7771613266466803,-0.5851477120306044,-0.13909542404359337,-0.14019830380362885,1.7000673233672718,0.2387594171660956,0.956738844401829,-0.13751529292996947
spread,A,200611,389,0.5438814928670952,0.7432344557427795,-0.7111845284564792,-0.4800379510711261,-0.2944503071633198,-0.17709698310584784,1.565382349484778,0.2007703520372549,0.9272952667938555,-0.178484304685005
spread,A,200612,380,0.5617389777366931,0.7233329735814852,-0.6831891986993494,-0.3710539505126806,0.018945205439008954,0.02428069830956639,1.4074539099200918,0.21948090519719596,0.9041466761202531,-0.20645522059207203
spread,A,200701,378,0.6865529784502415,0.7071887251213594,-0.6559108703348892,-0.5055603827982846,-0.014073231304757823,-0.10549253270522294,1.3123171304747236,0.17079844701006913,0.885652981438226,-0.23499281972564603
spread,A,200702,356,0.5807084692771277,0.7586301386258765,-0.48039751540240294,-0.2803045495773083,-0.06610144663781498,0.11568183237419193,1.2313752136119964,0.1548864562903249,0.877649702427086,-0.23464228438347776
spread,A,200703,353,0.6929908953400864,0.8142940204610429,-0.09374648543606168,0.19706754548810418,0.30364727592437907,0.3169706700043177,1.1485647737817928,0.12828717531926762,0.8738886889498608,-0.2355081693030596
spread,A,200704,367,0.6572246555236811,0.8058985347930677,-0.2644685901353597,0.0046066036806786245,-0.06441881937127363,0.07711238760128343,1.0857325682885304,-0.023420857612053345,0.8464468582723222,-0.19446212804979815
spread,A,200705,371,0.7956471947671686,0.7971525574208863,-0.09999530593081853,0.1051243913775268,0.2309080327807037,0.05812519725238327,1.032342445437838,-0.10708110432788327,0.8302729829757265,-0.30535248413308036
spread,A,200706,370,0.8034947706312409,0.7926615132049405,0.293491426633185,0.3117061660174935,0.40836644514211434,0.3707644816602189,1.0253275753721793,0.09146622776465983,0.8478610481565863,-0.020089771481279953
spread,A,200707,362,0.755305887800918,0.7824129524510468,0.18129644341364393,0.23624632268061058,0.1987742372785315,0.23391107596189809,0.9878633634343688,0.07435455627050208,0.844606595673184,-0.008206539453050232
spread,A,200708,356,0.5572465986022586,0.6558737565439805,0.048451186195240706,0.19913003224049833,0.04554039977344607,0.1387590557652867,0.9327370577998851,0.05005726721224538,0.8370278786352603,0.024268368215426984
spread,A,200709,364,0.6136382311837296,0.7559255333692888,0.09835147397452859,0.3349046604122118,0.09875756210090578,0.26440057713447174,0.9052248319496162,0.09952508902119891,0.843278669601318,0.07879112608502856
spread,A,200710,386,0.6652809014813382,0.8110478319335769,0.24638188501017502,0.5290921217404695,0.2618726369511284,0.3925619612696659,0.8737773549486153,0.060605982903081175,0.8401160268001513,-0.06874079153672233
spread,A,200711,379,0.7276126077533981,0.8115228350340326,0.4302948918354475,0.6081432150816908,0.4768647024987945,0.5385801587267851,0.8337643150785266,0.037866995041061745,0.8185280840013512,-0.0864683976393083
spread,A,200712,395,0.5349712147002021,0.79477309427292,0.21432916983844555,0.5914920441760362,0.28142228827726606,0.5014321099100013,0.7983755316023987,-0.08638999632920634,0.8180184312020923,-0.09637877201928656
spread,A,200801,394,0.48164878259042365,0.8002750317279236,0.22986018311984344,0.6322681162231962,0.2799227998078509,0.6236495570298741,0.7824196693837687,-0.0423615678692864,0.8354575714163739,-0.06617388828420934
spread,A,200802,400,0.6328993317970422,0.8916976313816196,0.38304055093864475,0.7983505026098214,0.5583157097758612,0.7962176723938121,0.7654682312723591,-0.057235960468637326,0.8212402024426323,-0.07815130256812594
spread,A,200803,401,0.6222478236644339,0.8761618886698217,0.3976821562254137,0.8053950722118246,0.5939723802331823,0.7601981652934443,0.7745085868662451,-0.0781702450045541,0.8509892156816287,-0.04208158924889516
spread,A,200804,408,0.5702982691336869,0.9024863893756119,0.335715215211734,0.7953022897182188,0.46795409329760124,0.7628181564315897,0.7995761705190257,0.19393773137869313,0.876890512607909,0.27471308193322025
spread,A,200805,414,0.47112213254847435,0.9400193823276195,0.2411458540103189,0.8490530172511865,0.3934061772157065,0.8400705820158736,0.7911989470337273,0.2457799128403949,0.8676850313481044,0.3567236434369317
spread,A,200806,439,0.733970158864976,0.9205657394760245,0.5145897584080893,0.8540175646986999,0.7169729764384221,0.791775658264181,0.7877459706649685,0.26248260511419913,0.8763407928633895,0.9401027533379958
spread,A,200807,449,0.7401400546931015,0.9121675428873616,0.5790468620112739,0.8449028458700268,0.6958983616931537,0.830344419408395,0.7966823606595124,0.23596402929722188,0.8986611884111612,0.976478947715387
spread,A,200808,447,0.7615702282524975,0.9449277577268611,0.6112185651570446,0.8745506378662666,0.7281300362966634,0.8834700687546676,0.8181762886054517,0.10091397652602933,0.9102538453727774,0.565104419933047
spread,A,200809,440,0.7416480395272562,0.8390054107707616,0.6033036522477682,0.7793925786093546,0.6985168119811599,0.737590011751357,0.8195043557189814,0.0004140477851766694,0.9031150218404514,0.3124351141336699
spread,A,200810,440,0.6173247957660274,0.8148230323724507,0.46422548635800415,0.7201418739645435,0.49595758166376824,0.6768988495833944,0.8512611702478562,0.04303502647078868,0.9015750795887523,0.28136851132056706
spread,A,200811,446,0.5750618912953123,0.8802186068124087,0.3949036293591719,0.8268348464081813,0.533729112857387,0.7881400136284331,0.8923783936999656,0.0941432493650358,0.9017466854347118,0.25102035436584225
spread,A,200812,518,0.6402277743810548,0.8413004043631297,0.40826611040729655,0.718658427440904,0.42259731629470526,0.6079691989728658,1.0061261532659094,0.3877916422873599,0.9626930897922414,0.02545122261517811
spread,A,200901,499,0.5291241318747956,0.8376981281071066,0.3150039481380068,0.7194470633389249,0.3068224938380384,0.6321912186145104,1.0457037359072496,0.3958645142749109,0.9701462920317563,0.14610910094751153
spread,A,200902,506,0.6892731121451736,0.9310120178204891,0.5133998580326019,0.8785051576674844,0.6326718330499708,0.7965373766506553,1.0438008385519537,0.3044311428356967,1.0243159408714626,0.14451191687380271
spread,A,200903,529,0.7262773184189213,0.9568603632329695,0.5707304967292975,0.8958338838777413,0.6227163187078425,0.8625837307115584,1.1418666691646226,0.24042550172941454,1.0740834119750928,0.12269848124318199
spread,A,200904,527,0.7968744888551703,0.9327163489559747,0.6009489102187926,0.809915765749824,0.55378034386071,0.7154501953666311,1.234017389188436,0.21655181450581718,1.0700246640321378,0.05395477206876243
spread,A,200905,538,0.6310159925055687,0.9058033082333493,0.30062290525879737,0.7040180144561945,0.27670833034400916,0.5552420146658767,1.1667502177386362,0.16643014807096815,0.9864928734916055,0.015961644056985472
spread,A,200906,561,0.5894903656693421,0.9478844588951659,0.23867471288796704,0.8172239645599498,0.4042917639485018,0.6372741792669858,1.1065636683223858,0.16202022653669224,0.9750474795404452,-0.03223247874322554
spread,A,200907,575,0.5652429391583925,0.9425631611427705,0.1742552402299559,0.7624723913202989,0.1906191507336971,0.5414469015898026,1.1635345566100908,0.16316435903655205,0.9832146431961605,-0.07168920275578616
spread,A,200908,593,0.5493969721184189,0.9668035347408906,0.1272191954876231,0.7939552911488266,0.21924764046297887,0.6107295668693864,1.2278041604245344,0.21325610598944145,0.9972589722611069,-0.04157654001284342
spread,A,200909,606,0.6150655349280459,0.9800130499014701,0.1762544227858308,0.810933845889306,0.2391268762351895,0.5100481814634467,1.2258099512506861,0.1695328183639432,0.9990257657482216,-0.04222710875291445
spread,A,200910,604,0.6370734658478258,0.9774701641712191,0.21257379857558845,0.8079908743687643,0.1975407048488702,0.5709919636630993,1.3455076139776307,0.2272309160418436,1.0446057437838243,0.038462808279125134
spread,A,200911,601,0.7019686095818038,0.9717050097722225,0.31734169518134236,0.8366429831244465,0.42462453768907427,0.59573194259782,1.2062729391641738,0.1646329700584377,1.0325469814027322,0.04223679499546847
spread,A,200912,622,0.6169349855549954,0.9662338426206696,0.19803950799353054,0.800241699351638,0.05023992274241109,0.29235063701528374,1.0992777994342524,0.14180648859788528,1.0415794675635324,0.05978549846966446
spread,A,201001,626,0.5806613879148999,0.9718738079159576,0.22998328214337643,0.8537179211960029,0.17883736513978724,0.5926167920020217,0.9747292295868982,0.13277394498240164,1.0014485487789782,0.0774582348392316
spread,A,201002,638,0.7093226242099813,0.9847766564061818,0.4088592646249024,0.9006978568663624,0.46111205992222776,0.5946204684574347,0.9299245896961797,0.10737474747960239,1.0102103158259363,0.075641572052471
spread,A,201003,637,0.6921422431880432,0.9724030486085713,0.36946574199106963,0.8639423019392887,0.0443446583399401,0.23648832667811043,0.966649844621794,0.10977828975084827,1.028561206282593,0.08919400860547062
spread,A,201004,644,0.7341109497605893,0.9720238436817824,0.4456311584730413,0.8838585294181437,-0.029598950589318558,-0.09668716281629909,0.998708928429004,0.10564371991332279,1.0611832865004285,0.10310904659566865
spread,A,201005,641,0.7201653740084216,0.9531139886204099,0.41748582092816433,0.887293570746012,0.22049541093793287,-0.11199380768052519,0.9665507963528879,0.09213562124911934,1.03509016582674,0.10212785613277545
spread,A,201006,648,0.6924859285114833,0.9592487974198544,0.28314028481467945,0.8196748087130473,-0.05640440742447933,-0.05984221256896156,0.9344394375185813,0.08550663989566325,1.0035466529599681,0.09634771048739091
spread,A,201007,669,0.7228751927881113,0.965781836958652,0.30841461444956947,0.776511489063055,-0.3523205646801571,-0.0342791788532077,0.9426139379053843,0.0850905352635057,0.9891915515927279,0.08399247832412812
spread,A,201008,667,0.7782074095719187,0.9857441577497271,0.45792842371499154,0.882225443424095,-0.060613446924108826,-0.1892674553108176,0.9490546708415157,0.08282978694685955,0.982938767238895,0.07892041462493976
spread,A,201009,689,0.8067641465730578,0.980004964813185,0.4837872666437788,0.8375873198732229,-0.12798987454149008,0.1583146056079772,0.9499672049402993,0.08545162733726369,0.9779339742095294,0.08330503088926824
spread,A,201010,703,0.8320098925337068,0.9815235776566382,0.5774161851981506,0.8649335812384743,0.17305672045325923,0.43707323509317464,0.9387330116331226,0.07867983316619469,0.9629397821208281,0.08018169217253772
spread,A,201011,722,0.8410614701235989,0.9823020623305114,0.6061674869393071,0.8948671979371069,0.2104473236003584,0.1579247214984334,0.973630440916493,0.07989876314044357,0.9891688762993515,0.06771792692372179
spread,A,201012,732,0.7493370563856279,0.9740343096479014,0.4186327678613469,0.8365760389071959,-0.11747710424194091,0.12404392010134987,0.9803492358689466,0.07701612448342018,0.9926651338242369,0.06475274159562355
spread,A,201101,730,0.717127561567034,0.9895105643901172,0.42178023367850576,0.8826310486663331,0.009167508668731325,0.34941965167095956,1.0557911763737249,0.07428556012548486,1.0058795171080612,0.05338627384358263
spread,A,201102,744,0.7224000800544846,0.9843636903727225,0.40842089129777914,0.8761446449240345,-0.3260362648630489,-0.2213507540016123,1.0962708068400666,0.07919167482230757,1.0145153498705939,0.05220273137789423
spread,A,201103,729,0.7699231337191007,0.992997077151871,0.49042697254265,0.9048394987444837,0.06542657089189109,0.04013087825866071,1.1270654936946172,0.07816475208160603,1.013501421316281,0.04257137344804747
spread,A,201104,758,0.7737336272597799,0.9894694728224888,0.4501620367661277,0.8750818748145988,-0.058287098928109966,0.1806288083697939,1.1626725968793408,0.04886246282081414,0.9842628626980809,-0.0025137087088594606
spread,A,201105,767,0.7779646502971922,0.9882613203090231,0.45211681966802947,0.8716263823981909,0.18766873412696547,0.1320549400412587,1.2546340581710134,0.04087679315085087,0.9860345892396878,-0.04547688734974065
spread,A,201106,786,0.7944954816419838,0.9894147895890538,0.42456608283848,0.8475249381851603,0.4381305020539689,0.39940161820725767,1.4299105363164721,0.0489735210472878,0.9942354165476831,-0.050516025402904355
spread,A,201107,800,0.7998844318148184,0.9830465343521158,0.32277390655423577,0.7756873153942281,0.07534419415140281,-0.0760338595896405,1.4897995818421976,0.06882183568625842,0.9950138486825644,-0.05952339527536881
spread,A,201108,799,0.8427183343412242,0.9513279848679224,0.2866439016816133,0.6592434562496279,0.22746549188833598,-0.12360302457578513,1.5542160421412277,0.1181715298716507,1.0013973796269782,-0.06052315834663355
spread,A,201109,820,0.8629699756948387,0.9553261836245943,0.1724326284150456,0.5649892333865882,0.30596124875964464,0.037398181061901924,1.5979569290588473,0.14216135464565682,0.9992516695879518,-0.06658547506324004
spread,A,201110,834,0.844248881213741,0.9656743071739865,-0.05806468525657736,0.2832252825764658,-0.15466258254814136,0.015384888285307938,1.6001460073011402,0.14865014187611547,1.002886381217828,-0.07493576020161533
spread,A,201111,823,0.844310916253017,0.9629493983902379,0.13417433292278222,0.5480326737567336,0.36582173105939847,0.3138002661699978,1.6043268816485607,0.21453139114702008,1.01236642329501,-0.04460294979112161
spread,A,201112,845,0.8812263027471793,0.9791518829562299,-0.021790288476718152,0.34486085870377925,-0.11322030104910351,-0.15865833453002917,1.6097377805576596,0.22224180292157303,1.0148257840576131,-0.05552658879675436
spread,A,201201,858,0.8149244214070234,0.9627531140274634,-0.20099030689801792,0.18289357203801074,-0.24273964564019665,0.03542247869530495,1.6232979658654116,0.24075859220457446,1.0132698467041312,-0.0498199418487104
spread,A,201202,871,0.8842395880668015,0.9781637413260069,-0.1524732800972734,0.18204271436427163,-0.2481204208090479,-0.1120853798575019,1.644492799920871,0.24235218944957476,1.0132976899551291,-0.042929634882851765
spread,A,201203,863,0.8648143253178239,0.98479749170268,-0.040183756978140785,0.3343797311085139,0.0971049087995671,0.3416567025998729,1.640487440584177,0.24015946551562706,1.004149931196638,-0.043414691929373354
spread,A,201204,886,0.8923928795724716,0.987701108724531,-0.045117551158292885,0.3276273813746526,-0.12048567881766076,-0.19846308955734,1.6642029863820842,0.2679807286928958,1.0038869261126389,-0.039582411965164765
spread,A,201205,877,0.9279310783328065,0.9799993572364518,-0.021272019097876616,0.26166488539852983,-0.041623212400515364,-0.21096535265293825,1.672219578651766,0.26194630153534515,1.0073335871614089,-0.02038782870182145
spread,A,201206,892,0.90104274143545,0.9722248854379292,-0.22073719560608923,0.03393332782195213,-0.2542782368331357,-0.17861461760886121,1.7067316221329005,0.2714441043111656,1.002038522678669,-0.015495917999450728
spread,A,201207,896,0.9018634222070975,0.9676507026358265,-0.42971179432138373,-0.2118545898375615,-0.5554949892832453,-0.5199915105058592,1.7897633888716569,0.29528035838466643,1.007933470567391,0.03510429064826114
spread,A,201208,894,0.8742730498941536,0.9696340303015709,-0.3626392111950242,-0.071445801177105,-0.12426894175722038,0.07381287188074209,1.845288348270957,0.3412475804936593,1.0070570488029331,0.03127660239846337
spread,A,201209,930,0.8806030865310837,0.9671573266659933,-0.4676028326678966,-0.2200697726297001,-0.3894859414294689,-0.23394012598992603,1.8718270545806308,0.35725013677111706,1.0067003135302852,0.023018164729526856
spread,A,201210,942,0.8983468098654379,0.9697351420452525,-0.41687089902602,-0.17885612447305513,-0.4618408179066854,-0.40690754957409403,1.8660368367799927,0.3680747975851488,1.013816066716309,0.0553404370875314
spread,A,201211,939,0.8531333718996833,0.9662619988415391,-0.18451353415369448,0.16482982041072747,-0.3325003271905122,-0.20087946921678454,1.7575276518769825,0.2636133703461219,1.0026048657863031,0.0637396908227834
spread,A,201212,943,0.8518078764969803,0.9364834495296788,-0.12323779605749259,0.15718514291752575,-0.23627714090132262,-0.14719451644371645,1.7258262588080915,0.260517941605303,1.0080075349203235,0.07933784642652869
spread,A,201301,954,0.7946990829671903,0.9610149440066237,0.004743605417917886,0.40511099996949107,0.11726858014569505,0.39171415382725483,1.6202344714865669,0.23296273029343784,1.0061914566090049,0.08210102439496494
spread,A,201302,972,0.8653383144690138,0.9752529796865903,0.13756372013206294,0.4873942670678913,-0.2599564293440041,-0.1959122878644951,1.4794210834259456,0.2617812970193716,0.9954023124259652,0.08508636618569064
spread,A,201303,958,0.8938402939518721,0.9820995496658046,0.2096644487590261,0.5117215378421932,0.1030470100661196,0.14412726523654382,1.424256794132056,0.2895760650783744,0.9945607231890357,0.10928171029062266
spread,A,201304,947,0.9033862141759954,0.9752686746313646,0.06579628627319765,0.34036477720323344,-0.5949265630027235,-0.5933586608792042,1.3940843589203646,0.30208659639737234,0.9927419857519918,0.107301710634811
spread,A,201305,948,0.9090216230532423,0.9863535640170191,0.46353243211803236,0.7028610613040361,0.5207719952313273,0.6216575178139386,1.375154474443101,0.3033763397073231,0.9930181631722796,0.114864305907893
spread,A,201306,958,0.8909109038037413,0.9781739883008088,0.6211013419561516,0.852576179704671,0.4909540159055965,0.5069179280608642,1.362219570180399,0.3053638583959917,0.9959631741807099,0.1285660170375991
spread,A,201307,965,0.8695368356683971,0.9862680885445531,0.5070008128396163,0.8041559259807768,0.18043533191517416,0.3678214087008571,1.3237162425390208,0.2932181426160708,0.993363909908247,0.13066757643794827
spread,A,201308,957,0.8444256950627353,0.9840311845316339,0.5874786938385015,0.881260955254871,0.3305012799518995,0.44899770603977507,1.2826441622864386,0.2905226984703665,0.9943900845973808,0.11964457259804145
spread,A,201309,943,0.8400867970117973,0.9838830315049806,0.6040082500201202,0.897158683937405,0.2967298981656022,0.4798882575157139,1.262387769361013,0.29170560680691004,1.0017377575044182,0.0993827482961871
spread,A,201310,933,0.8788523401598738,0.990076196944691,0.6429765780784942,0.8877918484142177,0.08696023419823758,0.26888032987382166,1.2366962006754514,0.29610774259801115,0.9928292004515322,0.09501193014633207
spread,A,201311,946,0.8810693507068236,0.9849514726062335,0.7211752771062608,0.9228354219086548,0.5513191284168951,0.664002378286681,1.277845898074422,0.3216716974039281,1.007661636964622,0.12981258971149418
spread,A,201312,942,0.8784915470141859,0.9751326632266443,0.7103645507225534,0.8982610356250426,0.32161867395735433,0.35333485101059753,1.2750597665451828,0.3559371131156149,0.9969977493123834,0.12568315339529315
spread,A,201401,936,0.8174461665518287,0.9827764024753831,0.6314528295066935,0.9257882437539918,0.2926443647052411,0.38734965490338497,1.325657622424489,0.4020937825095134,1.000290743535694,0.1400083528751553
spread,A,201402,941,0.889503780414598,0.9887534233419583,0.6976064999922952,0.9138306183178699,0.348544853702496,0.46195274231714095,1.407050759106599,0.4621012376088486,1.0093780907096366,0.13080761787915982
spread,A,201403,921,0.9000164440941391,0.9940013366101688,0.7200143816466976,0.9299967787668983,0.2908985138685519,0.338010069898406,1.4743615851095053,0.4940784435725988,1.0121885633466523,0.1351451977295179
spread,A,201404,927,0.8887791236237462,0.986624263072929,0.679029499200158,0.9057083467967401,0.3485017386826813,0.42102449980168444,1.5349143961312752,0.5196070739471131,1.0096878619633267,0.1435202808827556
spread,A,201405,935,0.8859689665713875,0.991798259629296,0.6388042595184553,0.8916086197882013,0.3158696090871688,0.42519545225849237,1.5804411774834757,0.547374442475189,1.000310548364399,0.1334637433796122
spread,A,201406,943,0.8917009527390308,0.9869674420237705,0.6388990148682839,0.8708523693466305,0.20395308135748214,0.3204171388284806,1.6247038564155005,0.5646769910183114,1.0051593168757527,0.12311661772036224
spread,A,201407,960,0.8892984025549296,0.9811387430934679,0.6122972858334894,0.8513864666846928,0.08389224304567719,0.14383828967971435,1.731576443198289,0.5805706587236503,1.0145150192767494,0.09691179770924771
spread,A,201408,968,0.8814493439822652,0.9892951790946404,0.5249475777075296,0.8165403445657102,-0.08570945529897755,-0.056186381373929846,1.8399343853277141,0.5776778778094014,1.0237117844674455,0.07416055859948757
spread,A,201409,985,0.8760521963380498,0.9811626704248241,0.48447244163559533,0.7710893587157616,0.2434562179830525,0.36832660595101696,1.9441171905344463,0.5485446184527936,1.0288413593523957,0.04019688956406085
spread,A,201410,994,0.8982085160096049,0.9787629817276037,0.4245877116352349,0.7019392944297692,-0.1333746192716696,-0.10341394044376453,2.0434978813360574,0.5319310343210459,1.03421902658965,0.01563621870805396
spread,A,201411,973,0.8863625574198816,0.9846868915711803,0.3572617151544564,0.6715449251866702,-0.15194346365704908,-0.10055661009041045,2.1347021947427813,0.5375077216990096,1.0274939372359324,0.024045838751178678
spread,A,201412,967,0.9161963829950855,0.9761037643180143,0.12854422926801737,0.40518298800519936,-0.42162383109273494,-0.47238324315147434,2.2151672723452536,0.568907881680185,1.0255588066900654,0.026899089452245267
spread,A,201501,976,0.901015583145379,0.9890627977885934,-0.29972399713789155,0.03405407865799067,-0.5469036920640808,-0.5587078606836802,2.3035004068692846,0.566151783889659,1.0129320053981365,0.00505394551608014
spread,A,201502,959,0.915800446848605,0.9750754193607205,-0.3228264312401665,-0.0753701329921917,0.02637096713131779,0.14474928318798683,2.370943347026032,0.5745636146331456,1.001701568285703,-0.0202813401488732
spread,A,201503,951,0.9015951073359953,0.9859179817427874,-0.2999346493202341,0.03395247645850361,-0.16296040249073232,-0.11846133728263414,2.4267794929104887,0.5948001271537731,0.9977277366329533,-0.03149335889574493
spread,A,201504,928,0.9147926021870932,0.9894331521951639,-0.21151489113618444,0.08978855939299678,0.3810627672561499,0.49215775022376623,2.472154258908149,0.5668859500568397,0.9952478938922416,-0.04079448302762316
spread,A,201505,923,0.9221359848497481,0.9892567177247142,-0.19424830837620768,0.09718406284732634,0.17383725315044246,0.27534620715897934,2.5680150089266482,0.6113323225488613,0.9949807621764547,-0.051860021093112926
spread,A,201506,940,0.9167318675767113,0.9892258709458835,-0.06975484843725543,0.2238296643856727,0.3743068489742616,0.4952932503184029,2.619013145835652,0.6030966582122664,0.9916618505703009,-0.03629039382175453
spread,A,201507,927,0.9267770603127871,0.9903709626485118,-0.14145906622269616,0.13526606003803518,-0.2017593856200219,-0.16879325140810578,2.6504089635880814,0.5907962543108045,0.9911946226121288,-0.03407128357663228
spread,A,201508,939,0.9323526287478296,0.991916965048385,-0.22268783361651678,0.01118446097272816,0.2545041004465136,0.299106643028062,2.7426653067389917,0.600787915312929,0.9916313580277625,-0.05393680399964093
spread,A,201509,942,0.9409336141633222,0.9885540417086014,-0.20941394977668276,0.014114344180782435,0.40220901275507215,0.4250001480448363,2.7730167455250636,0.5798952674710462,0.9889198816617256,-0.0457938717792172
spread,A,201510,956,0.9293589576123749,0.985948348159874,-0.2827087600087476,-0.06975326648818744,0.17632515805195823,0.2368729872323956,2.809974617616388,0.4965398989235745,0.9892224660612409,-0.07042497894452522
spread,A,201511,940,0.9360814269631669,0.9935681904099636,-0.3501884187290338,-0.12035589034189477,0.08334909695846675,0.12456181110467457,2.8450853100821742,0.41420055339297157,0.9865218832690567,-0.06332338801178908
spread,A,201512,849,0.9412025242401051,0.9801721070152866,-0.43463267670015643,-0.25942850536813417,0.057186773516208794,0.023225587575450783,2.8344079303350442,0.3622468522088576,0.9806463103733783,-0.059199835539048035
spread,A,201601,844,0.9149729136441239,0.9732806766727826,-0.25968707303654426,-0.025153715021086993,0.45374993028442867,0.46619849784057865,2.802674630378184,0.3172388513998536,0.9796116836242933,-0.06634088721240068
spread,A,201602,854,0.9326677568081906,0.9804006273409988,-0.40452774882588766,-0.22839419841148023,0.03428917123429292,0.012630664081006084,2.7259475694156787,0.23606608567593482,0.9787062046644158,-0.061808993896921745
spread,A,201603,867,0.8780236684018926,0.9665908564516612,-0.4664294213035876,-0.26762748342836773,-0.038748416706480555,0.11503015422030279,2.6233930219655712,0.08486675704373096,0.9777600414969247,-0.07596840224233344
spread,A,201604,875,0.9152887121504476,0.9844904231802131,-0.4884901765814874,-0.2805282126291605,0.002900043450944411,0.12170701288938492,2.553930407277661,0.04185253993098333,0.9779568874956839,-0.07648331379367343
spread,A,201605,890,0.9275100885992463,0.9914154891960507,-0.47541748315042903,-0.23945826188203892,-0.04520385771153758,0.026442024802956685,2.48703468842963,0.021469119522790465,0.9768305566940476,-0.0842439977988824
spread,A,201606,920,0.9220985393102773,0.9726724896559564,-0.6145700335826438,-0.41026970275552643,-0.10098654597674754,-0.10036496063527076,2.4496100065761066,-0.0015896987317634695,0.9777047934122975,-0.11758598412372559
spread,A,201607,913,0.9361813734805712,0.9867297650778458,-0.7008961433616837,-0.525076286338907,-0.3608331555356445,-0.3402611798142145,2.4184860035449383,-0.04185247664922949,0.9827903970170209,-0.10036436687735241
spread,A,201608,922,0.934777080941135,0.9857466437000936,-0.7749787684685585,-0.6217114838892006,-0.3761463076235047,-0.3057514962985927,2.3731925501146867,-0.06500353994533174,0.9840871968793279,-0.07889993996430791
spread,A,201609,916,0.9339691553385093,0.9841832083909473,-0.7360481283194733,-0.549248214512046,0.026352182280800322,0.05941283604454406,2.325428488729579,-0.09684159857064964,0.9921315974048143,-0.07828857769527521
spread,A,201610,933,0.8952911491408545,0.9826716691860028,-0.5131748552462129,-0.22756824957668859,0.14625195832519752,0.3303117188551248,2.289606902406724,-0.08897899651027377,0.9908718896445219,-0.06499437309767606
spread,A,201611,940,0.8922900188926465,0.986026110537395,-0.25918483790837865,0.06152191687707964,0.021378091329088984,0.19278604796675813,2.2353072418562436,-0.06193832927263461,0.9980346173107987,-0.09083821211239548
spread,A,201612,948,0.8494045619502275,0.9895474254322101,-0.14482635809238756,0.289571565070751,-0.19576009651940598,-0.062313090902661024,2.1784911849930375,-0.07454925500991472,0.9992761811055373,-0.10179592656097364
spread,A,201701,930,0.8763665354069187,0.9922571600144884,-0.02186353397241399,0.35807690692883565,0.06834895498480849,0.24837402986526502,2.137767145872123,-0.024849308912220452,1.0074228708760646,-0.08179984592835088
spread,A,201702,933,0.8924434710723874,0.9940904690512843,-0.024583852815025245,0.3530425091216894,-0.343109377789072,-0.3220170687724166,2.131341077435459,0.008672025598901354,1.0192162544884353,-0.05215356809616345
spread,A,201703,935,0.896127053021098,0.9921214923561469,-0.03240943359962995,0.31497229108939523,-0.08741984926710598,0.015429136059293429,2.0776435849906045,0.15524655131521145,1.0195533801607508,0.03984131721959264
spread,A,201704,933,0.9195320008781118,0.9836896436123727,-0.04098199553304473,0.24559953064411377,-0.1638142706828275,-0.14726001542974168,1.9749572517552159,0.18107316056649994,1.0163759826746996,0.0586785774941612
spread,A,201705,963,0.9219277980578894,0.9896762520106268,-0.1399612382372354,0.13875560761418387,-0.3150748941865993,-0.27458105637238067,1.9101039477806114,0.18267622370364817,1.0130251401793673,0.0657424293760324
spread,A,201706,994,0.9317774595251821,0.992500723947103,-0.2367161909056114,0.034036059245673496,-0.49357036092491635,-0.4393620852210091,1.8622005729227584,0.188361531721879,1.0125796480113645,0.08423187805834759
spread,A,201707,983,0.9275925516784987,0.9900742943886616,0.02876569240505326,0.2940808923106616,0.31071584713809397,0.41657600861387056,1.800252269204762,0.12251556070699415,1.0060941755574468,0.020608642101829416
spread,A,201708,973,0.9242027159609155,0.9880059608843671,0.17818507547921794,0.4356029124095683,-0.1368461577457252,-0.10944139164298794,1.7572719147472544,0.13172991579267682,1.006340118186581,-0.0016532439080169665
spread,A,201709,972,0.9462783149807265,0.9888681206729318,0.03983908513317563,0.2468542979815917,-0.17518463397875447,-0.10588517096399505,1.7075577803664657,0.13692434406965617,1.002797634162408,0.0014184311183415824
spread,A,201710,991,0.9367363619931256,0.9822121560793593,0.09088671880555693,0.30240551152274964,-0.34100810237523893,-0.2948643968287143,1.675620846004644,0.14061387204035766,1.0035052948494918,0.008158748133854003
spread,A,201711,1019,0.9345328082185114,0.9783930639849279,-0.14785231077571898,0.058858720186182795,-0.676317483916523,-0.6828716285557113,1.6543449247608362,0.12067047936922375,1.0016332525639409,0.0183794407711344
spread,A,201712,1057,0.9310832978118028,0.9772881189826321,-0.3246771917800419,-0.11840424303594994,-0.6145766496772083,-0.596529573932525,1.637459468257083,0.1352626161219118,1.0066382864297219,0.016302437902333974
spread,A,201801,1065,0.9404356949567659,0.9849733841801499,-0.42058031039724464,-0.25781089457812456,-0.34458158480583295,-0.2795964435604381,1.6419483397258983,0.12873747407586297,1.0075857906831043,0.017195920490089056
spread,A,201802,1057,0.9361987335052476,0.9858780359874815,-0.1870254403074939,0.03519672017452619,0.11725025717926628,0.12401431405245102,1.643529138320002,0.11227375765215775,0.9977749060808244,-0.0014964195328830737
spread,A,201803,1066,0.9129996097178881,0.9738767868011295,-0.3945344521233201,-0.13989550806729428,-0.3078755701972819,-0.34873269631655457,1.6756024544638823,0.06175027461722006,0.9935120552477501,-0.04399478724802775
spread,A,201804,1083,0.9184424394767953,0.9818645268470848,-0.42775483427669453,-0.21617226198595343,0.2144046066011508,0.32079699511162724,1.7355780893110595,-0.03934132949622827,0.9946503605506675,-0.08633040553696886
spread,A,201805,1061,0.9586232306246504,0.986500147036486,-0.6656603696507518,-0.5344247166628299,0.05222820425197333,0.05422281015623238,1.75706696194776,-0.21871300032025498,0.9906531838221675,-0.21165518012911136
spread,A,201806,1094,0.9604737688004381,0.9862336380559374,-0.7518974101855478,-0.6441159836480927,-0.21205022278332128,-0.20068702549008377,1.7718027326675878,-0.2553987923230184,0.987870865938181,-0.23791829918246835
spread,A,201807,1104,0.9559847399500931,0.9794243750512139,-0.8005050120906038,-0.7283449024510825,-0.32967402271214896,-0.29724113953062486,1.7920200130691442,-0.2146573873517603,0.9972195012212328,-0.20391680049676406
spread,A,201808,1112,0.9563996954680821,0.9760652879199417,-0.8117658045660532,-0.7382099306278644,0.16280827947464455,0.18727307863978013,1.8509774360277993,-0.29020098917770626,1.005337230271673,-0.22952967359231313
spread,A,201809,1132,0.9736353128100532,0.9859719250878931,-0.8326311969641573,-0.7892082117157685,-0.2613579846935664,-0.25158579930560143,1.9410500916467603,-0.33396754369331083,1.0133963548662601,-0.2417484077474539
spread,A,201810,1120,0.9677400360610926,0.9822604534892154,-0.8260550164390952,-0.7729083123422419,0.33606019414268984,0.3665361471821123,1.9726466179498265,-0.3591775822379597,1.0171096622847653,-0.2566343894463501
spread,A,201811,1111,0.9499777120144959,0.9665409794685448,-0.7943076261815201,-0.7398005693881343,-0.013678301309603643,-0.03709274287644522,1.990524145263826,-0.38714270288558417,1.0082781676864898,-0.281894449694273
spread,A,201812,1115,0.918777991919271,0.9353747916767168,-0.7367244071699695,-0.6755335273606132,0.1353713084564564,0.13245236705000663,1.9724588465802009,-0.36911484420452195,0.9976927948075629,-0.26784314570867124
spread,A,201901,1128,0.9252687568203966,0.9536573582236219,-0.6385389993290818,-0.5463022849291905,0.11651644569471663,0.18734398321577786,1.9441358265180342,-0.32982948819350727,0.9912882992170691,-0.2635660357167233
spread,A,201902,1150,0.9387267545633002,0.9562718971134077,-0.6556106288558546,-0.598219017020473,0.05764858892377311,0.09214019616245522,1.904340873612546,-0.3215116431876236,0.9867274082341058,-0.2588070782001835
spread,A,201903,1143,0.9330027014197282,0.9477060798772191,-0.6634297374717112,-0.6135349361221625,-0.0795253253466627,-0.045376661688868405,1.8845433565680323,-0.32832556338057506,0.9859033009632737,-0.2616450268722513
spread,A,201904,1153,0.9457492730664335,0.955281473140052,-0.6483646530195326,-0.6032893275373443,0.16067991055377143,0.172644289273372,1.8474903034670103,-0.3544732392866448,0.9799029838540112,-0.27571344882965143
spread,A,201905,1159,0.92774956786666,0.9504914472774089,-0.5895757075501691,-0.5112423433909841,0.07176348644257423,0.10485623111208252,1.812027868609982,-0.08152715798031646,0.9848932009475395,-0.10739372553542992
spread,A,201906,1188,0.9193017052781833,0.9611526826987046,-0.5202311510834224,-0.40790056541692965,0.11561337260442772,0.18193602421501887,1.7609006965957725,-0.08861102161950374,0.9856907779949763,-0.11897964494293829
spread,A,201907,1224,0.9448577649335669,0.957155760427176,-0.5142143523866791,-0.4215317356558025,-0.17226978726518877,-0.2059454708904541,1.70614296777298,-0.08936004744603493,0.9908363376619285,-0.12140033630832077
spread,A,201908,1225,0.9089000868407311,0.9385138104938708,-0.5941566602012809,-0.5199397619379685,-0.3755307659438602,-0.3683311585896638,1.6293891141063936,-0.10368282150954784,0.9837335904149941,-0.12877639225425813
spread,A,201909,1259,0.9434143202393026,0.9521460503333613,-0.4723835577439995,-0.36662729014274575,0.4554564850924794,0.4075030185163608,1.5661634061294887,-0.2455704816415601,0.9820424310615999,-0.2273757837510184
spread,A,201910,1252,0.9663721362109832,0.9720642747861192,-0.2515882624809239,-0.18741712023551504,0.5115432935420133,0.5071781862950533,1.5047472495565242,-0.2488746939869246,0.9801108164703611,-0.24128987191724863
spread,A,201911,1260,0.9516522344119427,0.9651240237206276,-0.2870929948771174,-0.2045149293023643,-0.2664242148850377,-0.26395412472799373,1.4679951678774654,-0.2948804021009593,0.9887104418243382,-0.26940010931081676
spread,A,201912,1249,0.9337768126495958,0.9518237433452231,0.05689391732208526,0.14734622450423623,0.3062541490693959,0.3601591147719686,1.439597591095888,-0.2764527063748599,1.0081108719438117,-0.2733984222841446
spread,A,202001,1235,0.939887923988789,0.9587723029625738,0.19926394190747362,0.304013809764493,-0.11768748864947338,-0.09936586811551808,1.4090351882971999,-0.2223037383581971,1.0177303085135654,-0.23354476189608012
spread,A,202002,1240,0.8956369424248469,0.9349891071713845,0.1257283795536786,0.23433653793741352,0.14045711298832222,0.19614580860645456,1.3703196432924418,-0.1468303741114798,1.0222980722826436,-0.1795474920437634
spread,A,202003,1159,0.8144378989950778,0.8134672817476081,0.15520082243924455,0.16891895028409323,0.05853074002237599,0.022520547592872194,1.3247336974961963,-0.13141714954063652,1.0196138965259642,-0.16251697097893897
spread,A,202004,1142,0.6731267417525271,0.8776610619949309,-0.01465819312500391,0.35993909313811884,-0.001872682943968471,0.28079106559376027,1.296763254554405,-0.08568225368722247,1.0246063966891648,-0.11973587816376999
spread,A,202005,1105,0.8352057371413178,0.9387144541779423,0.3051032588248747,0.5555204918756635,0.39046380778689915,0.5889376258903916,1.2734862032326948,-0.09398995572951183,1.0173743761388598,-0.09634832424209384
spread,A,202006,1099,0.9290402694814236,0.9689702399041167,0.3849866167113028,0.5273065008071414,0.45293054160025914,0.5593298964224668,1.2556436791948096,-0.07931699514784483,1.0213216600869608,-0.07649266685180002
spread,A,202007,1075,0.9502801926441587,0.968195708458745,0.43255768945668993,0.5315858901489813,0.3003102203689559,0.3325182935743174,1.2383853753564824,-0.00886215480301434,1.026454250308065,-0.05790340077333478
spread,A,202008,1056,0.9470734763235568,0.9748559358219449,0.6113161025445977,0.7089762127564316,0.7207647753850188,0.7819715291298893,1.2386496991646132,0.023989556783145228,1.0190372713107663,-0.034668092408545126
spread,A,202009,905,0.9507409685074791,0.9696456100118855,0.6512077652108506,0.7331636568611697,0.7602209032051627,0.789720281922863,1.2201794079823858,-0.03389461174235596,1.0097736247500761,0.03275190431781395
spread,BBB,200307,442,0.5746794565130342,0.925793009965385,0.1717223093439494,0.7265663493249237,0.025532769106948214,0.39114257918572237,0.7638886936906437,0.1029949893438479,0.894985009884448,0.1284603158261316
spread,BBB,200308,444,0.5287282587696259,0.92488525217787,0.1363654622741035,0.7686417541899087,-0.13016501930697785,0.07989263488061157,0.7638886936906437,0.1029949893438479,0.894985009884448,0.1284603158261316
spread,BBB,200309,451,0.5555827503229436,0.9351741507781017,0.2032691691357782,0.8009437441793952,0.05125574763390432,0.2897945037079638,0.775987366136285,0.10130236858756213,0.8978412963585448,0.12478540229203604
spread,BBB,200310,433,0.4842587141894549,0.9134523717579043,0.12351386788112849,0.7452358946338796,-0.18113706828782802,0.08363908062111818,0.8026220936064612,0.09821129972487164,0.9117271628437617,0.12572173978261153
spread,BBB,200311,437,0.5504548298718218,0.9563177115409807,0.25616406721597695,0.8529401508842179,-0.04919894087470727,0.16907342366113925,0.8026220936064612,0.09821129972487164,0.9117271628437617,0.12572173978261153
spread,BBB,200312,442,0.5250098494067221,0.9481523074326015,0.24529214359819287,0.8259116701838546,-0.11488957451360471,0.30775636691116454,0.8026220936064612,0.09821129972487164,0.9117271628437617,0.12572173978261153
spread,BBB,200401,441,0.5063431002293179,0.9503984587943274,0.2717404444295201,0.8703731421361487,-0.059916693950307395,0.2696990888973028,0.8200654140786394,0.08971109107191713,0.9124237148824972,0.12128630234652116
spread,BBB,200402,445,0.6098433521612193,0.9415232716113676,0.3975339181745054,0.8743945529486962,0.15552191002799498,0.32495010901482324,0.7999846992796437,0.08747458572547012,0.918269786347903,0.12566742748116988
spread,BBB,200403,438,0.577801174977662,0.9313322328783918,0.34462062621268713,0.8365586837115757,0.05737361294077584,0.3300547501612735,0.7999846992796437,0.08747458572547012,0.918269786347903,0.12566742748116988
spread,BBB,200404,440,0.6304128539852657,0.9511783808607825,0.4049694095903012,0.864316168880362,-0.017237128854440925,0.19175378214150884,0.7999846992796437,0.08747458572547012,0.918269786347903,0.12566742748116988
spread,BBB,200405,435,0.6892032757697416,0.9601217446209117,0.4907189727336475,0.8959411793803128,0.13287473922532245,0.23435615543480343,0.8168892374658945,0.09438181674458666,0.9229921210017071,0.12235070494743563
spread,BBB,200406,436,0.6298838391115391,0.937237300455889,0.4205131620573104,0.8415205478705327,-0.3045542897310399,-0.08983331994675041,0.8464170186674367,0.09664056306830002,0.9284871006616942,0.11868728398995612
spread,BBB,200407,432,0.6931625580369695,0.9407296038514794,0.5072454449165787,0.8658241473968619,0.07183585207730143,0.3071067134515847,0.8464170186674367,0.09664056306830002,0.9284871006616942,0.11868728398995612
spread,BBB,200408,431,0.7459913531796329,0.9298042653888371,0.5960282559038832,0.8664528710749584,0.004100193648566821,0.1617880440964637,0.8641141735898221,0.10099607194266856,0.9399088818721538,0.11610139519153771
spread,BBB,200409,441,0.7473970593316248,0.9413497549435107,0.5916285395276991,0.8814036199196957,-0.27745937535853504,-0.16247015368437717,0.9021157018089723,0.09324899865680684,0.9524925745739271,0.0897643649365769
spread,BBB,200410,437,0.789315469559867,0.9441508793944307,0.6404455412372395,0.8714597422942402,-0.031088439032568936,0.08444108654357511,0.900705838701609,0.08435057369803368,0.9357701606347463,0.07164333382707368
spread,BBB,200411,434,0.7181206445340417,0.9264996809013984,0.5682392279496459,0.8558029536726571,-0.30694401481113476,-0.24040060982102374,0.9187246572680228,0.06730080859567857,0.9349565817941788,0.048075351315485085
spread,BBB,200412,423,0.6248058519445671,0.9083074498741173,0.4634061769288871,0.8336233983799449,-0.26949847254222625,-0.17234707412450012,0.9844738429079842,0.06356842696024546,0.9705109737861342,0.0333523289417203
spread,BBB,200501,425,0.7070775512473374,0.9337339794664028,0.529274613859195,0.8477874433706979,-0.3244184210196194,-0.37503361879945973,1.011428061192811,0.06715238647146234,0.9691189190831153,0.02956807778224326
spread,BBB,200502,427,0.7813348885550555,0.9167459819704328,0.5125144925012,0.7298546590480889,-0.4498368504976874,-0.436032969727191,1.0296519911008328,0.07522651148928514,0.9704463319917368,0.02459055905662564
spread,BBB,200503,411,0.701601685664137,0.8590872608552581,0.4952911020502562,0.7389562981006402,0.0809815418598163,0.0898654744099011,1.0383438306240094,0.08671083428602155,0.9620653735106539,-0.006852540357258404
spread,BBB,200504,404,0.7749208424165683,0.8484358648846273,0.295690280359715,0.45622960919317795,-0.08598128630067307,-0.10216968273246863,1.0784832495530938,0.11067662360775828,0.9637624740754793,-0.020655407186205725
spread,BBB,200505,402,0.7720769644900851,0.8349806954336453,-0.03199724476815812,0.13054083220634172,-0.3680819616822172,-0.34733402919350426,1.1490330028517093,0.1387058478068912,0.9806773413918205,-0.031741914975680345
spread,BBB,200506,397,0.7901686457254277,0.8809415177125193,-0.06505296044823011,0.11049291023609586,-0.41178127546083243,-0.33363294843694125,1.2240473340556084,0.14771574863430434,0.9841475954878788,-0.036205170185935706
spread,BBB,200507,403,0.8529771485384225,0.8899721970033923,-0.12508136502284697,-0.02416986394179868,-0.47517459705146575,-0.4620680968410166,1.2949823956090984,0.1857829816762373,0.9765638187789657,-0.04608176886513587
spread,BBB,200508,405,0.8171920824625771,0.8663569215439927,-0.0637767553438431,0.035934554894320556,-0.16109711135317145,-0.12760974599943053,1.339141682481674,0.19759661597761077,0.9718196428137068,-0.0550658532153652
spread,BBB,200509,404,0.8451627899562435,0.8791744629345316,-0.17629676946189243,-0.10085928420925502,-0.14236260681485846,-0.10225230490169841,1.4092170603871899,0.23679393784002575,0.9755134917736178,-0.054440862795276115
spread,BBB,200510,414,0.8577753372538451,0.8867296645789909,-0.1766352070034005,-0.1156608265997575,-0.06292905065889413,-0.05694847573632162,1.4758970749489855,0.27425841471389345,0.9769952860018184,-0.043725834999762854
spread,BBB,200511,411,0.8802949286766394,0.9062152268467538,-0.3475951276376298,-0.2921074382885683,-0.3594621182455927,-0.341075407038931,1.5597679277094396,0.3200164347361718,0.9817013015048968,-0.0330791955577729
spread,BBB,200512,411,0.8577444975980641,0.8740931342345081,-0.5449521304085551,-0.5025654432281603,-0.43848286495054023,-0.443956865449288,1.5901308795723632,0.3484029382520739,0.9774841370336419,-0.02941052474821844
spread,BBB,200601,413,0.8164309638036086,0.8225372044551154,-0.5276987085337888,-0.508135697914358,-0.16276317282248412,-0.15487500517510794,1.6225435808550286,0.34007647364537463,0.9684812863677272,-0.03598144998845872
spread,BBB,200602,424,0.8557875535812192,0.8576877797541526,-0.6401048480411835,-0.6310051363465362,-0.5282097905400618,-0.5580641168425802,1.629455155697014,0.32285527490759497,0.9618875754980252,-0.03912688853078683
spread,BBB,200603,419,0.8137965275627133,0.8084168979566649,-0.5130768992344171,-0.5079242884673884,0.25558738460383984,0.2468921855994069,1.6409726579012505,0.3356514795716298,0.961751678081499,0.0020071644554920114
spread,BBB,200604,424,0.8496119845107231,0.8682004462911298,-0.5490651265758746,-0.5135160781314901,0.0804206547658101,0.11607458033072685,1.6698580516561319,0.31249702480521024,0.9698677958762928,0.0034915140915377455
spread,BBB,200605,416,0.8646339566347697,0.882111833410038,-0.47903388421149046,-0.4208285762960364,0.11328185375488628,0.11961137643747038,1.6583781872282306,0.2932758630267336,0.9615893246401758,0.000638534339818089
spread,BBB,200606,410,0.8213898590692943,0.8311301551624728,-0.6013427627360707,-0.5735293675982621,-0.14270954441916414,-0.15450641385618227,1.589672807342329,0.2846142128194681,0.9401237883741959,7.598999971254385e-05
spread,BBB,200607,416,0.819512860656377,0.8267514822575258,-0.6249025970332329,-0.6047751265154718,-0.0019180762896633574,0.004141952704394824,1.5479425019428363,0.2784151457657598,0.9470154440426711,0.020667519378222303
spread,BBB,200608,417,0.8480916720029241,0.8776413725052885,-0.7071739361493337,-0.6396965144202188,-0.024635308515404977,0.0024297510957376122,1.4849410315476788,0.2840297450207594,0.9498320634281525,0.0398542492198864
spread,BBB,200609,416,0.8237367548472483,0.8696963417094943,-0.5478510462805807,-0.451624377838295,0.06946506048517177,0.11242228624875006,1.398282175028677,0.28692262589995077,0.9482648120646685,0.038276867880060565
spread,BBB,200610,403,0.8738382606899733,0.9005577979017714,-0.5481883509264966,-0.47394235124783135,0.09365073020764539,0.09821869828271358,1.3393537264015973,0.29696940423455204,0.9368648490404934,0.042000474005786964
spread,BBB,200611,394,0.806025405602158,0.8566659103178408,-0.5870338964096117,-0.5090312325158312,-0.0654086164835681,-0.011712388863168827,1.280508643222658,0.3012500829297823,0.9367771617956097,0.04562564435695209
spread,BBB,200612,395,0.7622766373461196,0.7956572284084743,-0.5191438434149245,-0.4275105584080319,-0.06988458152344479,-0.07295633781647261,1.2334513464887837,0.3098178035246875,0.9381913052436077,0.06609863329917534
spread,BBB,200701,400,0.8042611626207492,0.8015994966691785,-0.4960399752498453,-0.450577530989776,-0.08580934880843005,-0.11536304007034932,1.2015772472075088,0.21278466651552674,0.9352852143976633,0.029459712919492443
spread,BBB,200702,391,0.7929440495555524,0.8376664025295452,-0.3767949174717509,-0.2962237159578967,-0.0456840930352074,-0.004486857740650961,1.1519190514071556,0.1615371278697516,0.9355563525447808,0.0018736571807661125
spread,BBB,200703,380,0.7934618446357321,0.8411827734652612,-0.022397699706935954,0.13791372381314862,0.30429819482083104,0.3282831140757017,1.0959937465344243,0.1352923554132942,0.9368481404442773,-0.00796958138547802
spread,BBB,200704,384,0.7612744049582499,0.8245861547197149,-0.16432929182779704,-0.006897143300097134,-0.09142928532687188,-0.039233469662476976,1.0698504498623496,0.1202527746157538,0.9360328060162689,0.022778736997709888
spread,BBB,200705,384,0.8530536722255009,0.8520883346678455,-0.20569846551164292,-0.08764634798699461,-0.07885372643918127,-0.16244998262492452,1.0333644058613756,0.08026114027100889,0.9195710001327525,-0.008703897265593622
spread,BBB,200706,381,0.8926699609691119,0.8891953253601168,0.18791710694471264,0.21833217631251822,0.3381660855358084,0.3245739224280907,1.037898546202535,0.04487704099793911,0.9284819041123283,-0.019590840344102512
spread,BBB,200707,390,0.7843257205640913,0.8055799943154217,0.2324863310182083,0.2811125006734011,0.19964031524002332,0.22011605423746136,1.0053455310831139,-0.11485495028730058,0.9148992367465042,-0.15585236516032955
spread,BBB,200708,376,0.7418519794000077,0.8101568452763037,0.14154897472193406,0.2927047237940199,0.09939670964445689,0.19851635745217577,0.9773793052917737,-0.2255399986289027,0.9047091160492703,-0.24797817127813124
spread,BBB,200709,381,0.7040438828250482,0.8164072677093621,0.14052460168849792,0.37427372981698986,0.018778521682052147,0.13572510541622199,0.9663487954203765,-0.25689729825628427,0.8997516947528382,-0.26654384269264275
spread,BBB,200710,379,0.7552023312528542,0.8904519934133749,0.2868587475725373,0.5750656725285739,0.23037443159208698,0.34303971746451895,0.9461546047778306,-0.2707458835940172,0.8908115149853072,-0.27019607220953074
spread,BBB,200711,387,0.7156723059779837,0.8177633680669544,0.36251024323304804,0.5686196291705291,0.27765656530523075,0.36877152882331804,0.9277994521441083,-0.26567752891616897,0.8864588331852828,-0.2687117772347628
spread,BBB,200712,381,0.48036846721758786,0.8240482800998455,0.00022782354740791044,0.5351880084755278,0.05739484245319588,0.3202329815318413,0.9003857056239253,-0.27906418798669863,0.8836223097198989,-0.2808984785460851
spread,BBB,200801,384,0.5253317846953485,0.8876409703328151,0.18199133750505145,0.6967611359635434,0.26543126118754884,0.6277162599586747,0.8909713061678468,-0.17903161242890317,0.88317403572218,-0.16748678341284665
spread,BBB,200802,384,0.5249479647510363,0.9109055123827499,0.16817609609711434,0.7620383430034787,0.3771614324313827,0.6681979277115865,0.8860352593476125,-0.1280216579250231,0.8809365880175795,-0.11570467119376655
spread,BBB,200803,377,0.42119590381917227,0.8934339153181058,0.05384622706213379,0.765149655647062,0.38683732250113434,0.6288124633658816,0.8897255205819887,-0.13489817507748048,0.8908833008918676,-0.12204949892543009
spread,BBB,200804,387,0.3375080641624199,0.8748948888578147,-0.06811910784385844,0.6578920167338865,0.10498993766118693,0.4746292696407853,0.8941385674143446,-0.1448929856124881,0.901996025906765,-0.12215704420872171
spread,BBB,200805,405,0.29269408258936797,0.8924554279462259,-0.0715138377000764,0.7401877279342154,0.12824315799970779,0.5395358703220923,0.8801255663316638,-0.115570937988229,0.8961646021324028,-0.097887289365333
spread,BBB,200806,413,0.4741427616879524,0.9052133201967826,0.0701881189653629,0.7512038307267801,0.32141516879398924,0.5381577215323884,0.8640066637305986,-0.12055718672850153,0.8829350639206756,-0.08474125034248596
spread,BBB,200807,424,0.5321854507211733,0.912832749957676,0.15877418776412244,0.7332661371261017,0.3389594324129698,0.6475308555243834,0.8729943972371967,-0.045820648295895036,0.8971046624919273,-0.009586130804873184
spread,BBB,200808,427,0.5303897923688381,0.9136881070552947,0.1603602186537597,0.7492315035052286,0.3915493866272216,0.6732207456116405,0.8952710292687315,0.14088709143214534,0.9090197709622503,0.19741936180993838
spread,BBB,200809,428,0.44900632836381416,0.7314016091337067,0.10769849118248077,0.5589246594602727,0.27818761263061037,0.4162893815279966,0.9040492877233081,0.10659043985943385,0.9078617457046646,0.14612198665194628
spread,BBB,200810,424,0.38339204347755695,0.5713650484740164,0.1367208600784846,0.43215226187864547,0.22370055575391593,0.29504795465775346,0.8941436168663142,0.1162737867885847,0.9030183539874851,0.12895425924644066
spread,BBB,200811,415,0.48801550552418865,0.7601708897949363,0.2798151367082976,0.6642240871466643,0.354351757768095,0.5610026635455033,0.9154563189188726,0.1353240259454881,0.9128732250606466,0.1564688526030568
spread,BBB,200812,422,0.6153547862013111,0.7792417883884237,0.4061239425440235,0.636864650222495,0.4373451991513029,0.5708106260153155,0.9605465373751517,0.005295954798556331,0.9422529593437741,-0.042780545447532015
spread,BBB,200901,430,0.6254415675818503,0.798159885488558,0.42253200557830956,0.6495139641448168,0.4045962104024804,0.5997414022492926,0.9927518173026566,0.039158287120521156,0.9471435000256104,-0.008831706894056143
spread,BBB,200902,439,0.7336121310297452,0.9150359032941653,0.5436873959469515,0.8231915532488917,0.5726177141384701,0.7526560451338085,1.0561409785132632,0.08350113667558358,1.0305479760582903,0.011489374621270379
spread,BBB,200903,434,0.7987182493679823,0.9460813843890932,0.6188599908906373,0.8645749690041158,0.6795951729764036,0.8117648854920321,1.1090485924996878,0.09543922956877104,1.0707886279559555,0.023722516520629934
spread,BBB,200904,441,0.7813157485759004,0.9050022159236678,0.5632318444647588,0.7522884784206199,0.48510825190128337,0.6381781241388842,1.0969352281715912,0.12987791568347365,1.0442093475991652,0.04074941317364451
spread,BBB,200905,451,0.7102572436082283,0.9254564066996118,0.43465477795359975,0.7694663877539921,0.39453981575389224,0.6379080405505226,1.0265139765908389,0.17619532395213766,1.023784448495451,0.11221218699206625
spread,BBB,200906,457,0.7012121263936948,0.943641401878268,0.40347350941441584,0.8268563747437198,0.45716701144122845,0.6129039173152145,0.9697043120808513,0.1421186947214737,1.0232081942993934,0.09646586031581857
spread,BBB,200907,463,0.6410746210840526,0.9362837416246914,0.29456824350459915,0.7875302327878627,0.3339915343071033,0.5424362770394529,0.9500910033037293,0.14430484135551808,1.0229565600404251,0.09189312752000853
spread,BBB,200908,460,0.5976944856627443,0.9420565115639998,0.22681262528441098,0.7777795619853012,0.26268725627154427,0.5684676978263763,0.9544413860249419,0.12815792355769617,1.021908816427319,0.0716441188411312
spread,BBB,200909,477,0.625597307455447,0.9527482650192989,0.23173904931178588,0.786141943755098,0.2639437980167765,0.5136242216690187,0.9770092703436657,0.10542672351257464,1.0299509389879973,0.06597827619263462
spread,BBB,200910,488,0.6362718939594438,0.969585487737866,0.27573297157246,0.8179493233321675,0.2641850126831771,0.5634967465717823,1.0008624170271263,0.06996411228136906,1.0128734738284895,-0.00656527531833019
spread,BBB,200911,506,0.6433712834018511,0.9666285835863638,0.3282338576023798,0.8441913405561061,0.32471679060716374,0.6504868361711678,0.9461739101247808,0.12197851199059313,1.0011384234514926,0.011684217597077256
spread,BBB,200912,515,0.5936079373616269,0.9664267834580644,0.2336182729147211,0.8156550322610362,0.15177845378460977,0.39000779111082684,0.8897078280145194,0.14567238716577002,1.0040214811669628,0.01633855762117167
spread,BBB,201001,521,0.539580551109488,0.965334845650682,0.24265618556438595,0.861161587178715,0.17809055624308243,0.5460597768615416,0.8895171984508858,0.14173593140784047,0.998148439800211,0.03859187044201315
spread,BBB,201002,522,0.6295188169785745,0.9642405019439432,0.3593883250037686,0.8794219439338153,0.34067878835584364,0.5249198473096728,0.8376369844547584,0.11261864947668075,0.9798494807087796,0.037028571142928964
spread,BBB,201003,521,0.6309693173093903,0.9752395033624099,0.33874865459492903,0.8713977083866158,0.10903049649240076,0.3451718486321233,0.8503932141298985,0.09460206848799634,0.9795613415115411,0.037188162133353464
spread,BBB,201004,523,0.6362604478815473,0.9616765754053757,0.3692423671252255,0.8678984926822754,0.14180956680593043,0.3567840099100406,0.871309958522699,0.08352448823164765,0.965799471950714,0.03535358805836683
spread,BBB,201005,534,0.709399726117761,0.9435787088267353,0.4674677816657568,0.8764997739155733,0.38970388468010403,0.30880865507209215,0.8592184274718879,0.07279366678194693,0.9472073607688526,0.042550003493722004
spread,BBB,201006,531,0.7403745506809117,0.9514406875976027,0.44073823830442754,0.8543427858754149,0.2820577243007127,0.2725786650870154,0.8689499890386964,0.06108643325160953,0.934590145563137,0.03731853490855522
spread,BBB,201007,529,0.7289957648477218,0.9544373512668003,0.35191046247329016,0.7794806826990249,0.0006695697568472829,0.23334912416419962,0.8830698772445694,0.051981444567311186,0.9171074403610948,0.03582360252680117
spread,BBB,201008,540,0.7593006533653909,0.9727831068605802,0.44391495017320215,0.857407925552601,0.19553839347871566,0.2370201546653013,0.8877227805905825,0.05151684271825195,0.9120765412940324,0.03103407624264003
spread,BBB,201009,548,0.8006145912221604,0.9719438205555193,0.48920145397673903,0.825499185858471,0.20543893003832556,0.4221232507622418,0.8931081234381311,0.04396567985509439,0.9171043055615983,0.029644300150773097
spread,BBB,201010,563,0.8112089290937222,0.9784078028297631,0.5235469080192013,0.8451995814762163,0.22304335353675003,0.4957628569675365,0.8923950342246377,0.04655875610382115,0.9199396267786678,0.03827769990004379
spread,BBB,201011,565,0.8041895272897124,0.9833755729830911,0.525615879569904,0.8668497456924805,0.1463650680333437,0.2190458007941271,0.9140304415126771,0.043169951559641595,0.9287667983622389,0.03961474729868802
spread,BBB,201012,573,0.7317169556147716,0.9707410999807105,0.3862974017793184,0.8329502455806057,-0.008673423509727145,0.12186460951346835,0.9503891399546557,0.03944312929969871,0.9376055234477454,0.047154155383515625
spread,BBB,201101,568,0.6375435059932737,0.9701840442829726,0.2949507891585666,0.8428087290872487,0.0140592300794286,0.44531010790173725,0.9910894792947171,0.03594583953812814,0.9492920706078919,0.05109331256144235
spread,BBB,201102,577,0.6678501999106369,0.9730086272582049,0.3217276313639478,0.8505842953292074,-0.22509774663439572,-0.12001149717612963,1.055810146664524,0.03761208900578616,0.98158959434211,0.0533080332259093
spread,BBB,201103,566,0.6734627311584729,0.9883691747077787,0.34065845030673153,0.8727501388726744,-0.05476619916023262,0.2395681582314343,1.0734691323052021,0.03616798044811157,0.9837994873002698,0.040423560349146584
spread,BBB,201104,548,0.7558872005061354,0.9877258494865495,0.4840961723549726,0.8975883357446365,0.15019669549813086,0.364867513109192,1.0821755133234305,0.02462697902221668,0.9700653743995469,0.023288370149081788
spread,BBB,201105,563,0.7204527984315057,0.985674045546904,0.42204729958452253,0.8930445626684839,0.1095966655284397,0.2146597109486178,1.166871240700767,0.007925584301534212,0.9807277227714933,0.011163970180607634
spread,BBB,201106,576,0.7490725268953292,0.9843372004519003,0.4445329415015196,0.8778502478526161,0.3747169953080181,0.4697595594402415,1.2523452409029914,-0.0008124240583757133,0.9826719782248878,-0.03877554685599561
spread,BBB,201107,569,0.7827682355945624,0.9852322619335135,0.4033196496526101,0.8368272660878705,0.09169537305664441,0.0177040368416062,1.3270103073932047,0.004751642832170353,0.9939640540187775,-0.04578109647304404
spread,BBB,201108,582,0.8063877911312138,0.9677243225143936,0.3424222712041171,0.7589196587868974,0.16427268931938457,-0.08677394176144795,1.3791425976732907,0.02161081352390295,0.9908642274414491,-0.04031000787619589
spread,BBB,201109,583,0.840839226031072,0.9751753699817898,0.2410080366755885,0.6652344214185834,0.2634108549853048,0.08937753760170512,1.430623524395761,0.042991646257878866,0.99238797669345,-0.034686380206859754
spread,BBB,201110,585,0.8603797247545257,0.9726902526731713,0.06274798760529877,0.4018509766755071,-0.09701251447563683,-0.03763622347262473,1.4837407464617813,0.06973988089737523,0.9941593287500538,-0.03523689517792658
spread,BBB,201111,619,0.8104401027759252,0.9612761021814975,0.15552395146298809,0.5628127891326694,0.23273712934161225,0.2723494128802268,1.5062328634591768,0.08721950007178268,0.9896566908668994,-0.03545045411859568
spread,BBB,201112,643,0.8496025995588268,0.970190537514718,0.022859769544845563,0.3969809845654387,0.0010094826892101557,0.013601005989337863,1.51498624101569,0.09871262720392539,0.9926685040390912,-0.03808425504658996
spread,BBB,201201,651,0.8436055744646584,0.9729357938326882,-0.039612025919061024,0.331100955363651,0.04819415349160605,0.24451355536219638,1.5321804350334693,0.09259863896404616,0.9941074146703599,-0.051649737329465296
spread,BBB,201202,654,0.8587394797743279,0.9706890099829174,-0.06903609009635031,0.28284360607588394,-0.04157647247504231,0.10839879134508983,1.5391747565629197,0.08871424964676804,0.9922089941837254,-0.03810762268753332
spread,BBB,201203,655,0.8598002598372866,0.9793689447357339,-0.009476457287067615,0.3521494298239775,0.12836062049548097,0.3323229870181515,1.538531898262379,0.07578388704134861,0.9860025373033622,-0.0411711558490503
spread,BBB,201204,659,0.890376145841687,0.9704221709505073,0.0844484830130895,0.4180974555203439,0.10219275714156525,0.05339284141157677,1.5372686488334035,0.06019790355042784,0.9894262286470065,-0.04476761984485188
spread,BBB,201205,662,0.9073667009974109,0.9620866732701511,0.06856999553314487,0.35241428191736207,0.08872646698299438,-0.010064154928961946,1.5404194237481716,0.06361167162037237,0.9925943018268183,-0.040686628991163244
spread,BBB,201206,663,0.9162832112367477,0.9770710117341561,0.0005326702662862372,0.2536067616561933,0.06517085553187307,0.11169412012027986,1.5411085995711924,0.08085290923358802,1.0001690075605114,0.0029506340106100646
spread,BBB,201207,680,0.9041032864668322,0.967485992439775,-0.0847671719856364,0.16723537455926887,-0.0854080765752732,-0.09176638696829108,1.5507739789028343,0.06801276412336457,1.003802960663552,0.002602371932025598
spread,BBB,201208,652,0.8795954410595848,0.9730461995059503,-0.11730593995628091,0.1853250362716391,-0.003383084826977118,0.16909033678755472,1.5791896770792844,0.07766878376254495,1.0067626049266238,3.0229269324545265e-05
spread,BBB,201209,704,0.8944772508212162,0.9780543678731235,-0.14517571424585596,0.15078841562012227,-0.15877266189525888,-0.020304465524860916,1.589120245690987,0.08522929227229677,1.0065855000664055,-0.0024951453244819845
spread,BBB,201210,702,0.9042828420751462,0.9778900416448539,-0.18167931584734356,0.1069384242407765,-0.24699179823438402,-0.2199056440342348,1.5930073096911601,0.09027290810977179,1.0115927603750883,0.0034356860775821684
spread,BBB,201211,713,0.8765309589261528,0.9724044933032755,-0.09536710188330903,0.2604881614273299,0.06358762414437548,0.14221451553687575,1.5545539062559826,0.08805330917727969,1.0055954885386225,0.004195336751564729
spread,BBB,201212,723,0.8595089915583126,0.9568161585645306,-0.20658228309505947,0.11785098384364343,-0.281718983253558,-0.2144591042445146,1.5304581009120741,0.08214037243203597,1.0103676378483106,0.014194279077528925
spread,BBB,201301,738,0.800732751488115,0.9614733492041669,-0.08525417589874046,0.3381899965870433,0.03702359578002979,0.3208840995000639,1.4663477837602312,0.10994637003867,1.009100174315412,0.05611261448185894
spread,BBB,201302,745,0.8803638783096712,0.9821140272940345,0.09222348883008577,0.460103817354323,0.010738080985129036,0.05477829518713933,1.3872613974542631,0.10531240387458912,1.003438633318029,0.046049749088817364
spread,BBB,201303,745,0.8821788518962842,0.9861498865961533,0.04405883876930726,0.40579456357815646,-0.021175590891738625,0.08769600056707628,1.3266635602702745,0.13641005532426964,1.0066202201136927,0.07954067749875347
spread,BBB,201304,776,0.891778705383694,0.9804635857613573,0.0037388179430673215,0.324011464168642,-0.28427817717475184,-0.2767995454927921,1.306886270128801,0.16345717309566962,1.0093285366301903,0.08241473433100602
spread,BBB,201305,797,0.889930181314475,0.9818300785713204,0.2404341013401013,0.5441246051712365,0.2917794857473581,0.4479696926008146,1.285082727161833,0.13315486156633335,1.007904220519074,0.04591618405494094
spread,BBB,201306,806,0.9046680484089453,0.9831595012055767,0.4971508423320447,0.7723811284568036,0.45695633274531083,0.43356831877324764,1.2665697223807266,0.13278904619222442,1.008494507188389,0.04767972006585079
spread,BBB,201307,798,0.8826797757004846,0.986524246097833,0.3449829191990881,0.668700838018778,0.18192669980703363,0.34149064786645694,1.2521610095316764,0.13165120472240482,1.006241696815778,0.04844742282121767
spread,BBB,201308,809,0.8567425154358889,0.9833308575742332,0.399055047655569,0.7547681235058381,0.29430747963143394,0.35247052394421713,1.2245348909353797,0.1337412388586535,1.0044273136528477,0.05207802768163303
spread,BBB,201309,863,0.8167580993503589,0.9680178194659979,0.35242771465949346,0.7145390865896556,0.19938736098130386,0.4110615788451828,1.214253549852918,0.1447211075438268,0.999897259090651,0.05418620184471307
spread,BBB,201310,891,0.8802055737034717,0.9850447852015248,0.4782473294439838,0.7721640174008222,0.03693178036043931,0.14926480632084801,1.2093689420935205,0.1461425075920309,0.9968486901049596,0.055007268107585675
spread,BBB,201311,897,0.8842735424309692,0.9900423090404894,0.5561334735014399,0.8281165598353203,0.3315355530661043,0.5010925554399914,1.2250268669586462,0.15598402323998006,1.0038925314826443,0.05724268576571447
spread,BBB,201312,912,0.8704624526376915,0.9724028721281816,0.5723303352117179,0.8347211025138318,0.15097730522859273,0.17643072476509492,1.2268544200540268,0.1676514162065554,0.9951075032901257,0.06145026773291344
spread,BBB,201401,911,0.8571861452669582,0.9903369622478922,0.5618986089304998,0.878712081939034,0.25498968851710324,0.30275920521057825,1.23697430912438,0.15778379048041855,0.9923749284335683,0.04946132658383071
spread,BBB,201402,925,0.8924757714268895,0.9913005918335359,0.5672444804626231,0.833960488250907,0.10462319890147352,0.20950825886441887,1.2526495384148528,0.1714548538480326,0.9959022702084419,0.05334283779062219
spread,BBB,201403,925,0.8894057288536713,0.9911133218838938,0.5769262018992158,0.8499166807967361,0.005371002863124289,0.03381604965969514,1.2811081000107774,0.17114753143579645,0.999458483902093,0.04501328898222106
spread,BBB,201404,938,0.884141837406255,0.981544752266632,0.5771402995672332,0.8428571944752461,0.157099436445414,0.22325244608192477,1.3102352086511704,0.17312191386709824,1.0025713232517401,0.0493901355603572
spread,BBB,201405,931,0.8976020740410964,0.9923486598563929,0.6027696909844479,0.8615177345753924,0.09646358867217933,0.17219326311314576,1.3240131255205294,0.22311796895169456,1.0019948267993066,0.09307597626767408
spread,BBB,201406,950,0.8986499133686182,0.9854277922053856,0.5852830815208369,0.828880756916901,-0.0655548952058906,0.03734747999324118,1.3440618852616941,0.22627781782527234,1.0055696254913769,0.10686910125332892
spread,BBB,201407,962,0.8946198347279538,0.9906862229197109,0.603259170941096,0.8617836075461354,-0.038633729241835696,-0.017886298884863594,1.3941619353091885,0.22468416621881018,1.0121239929142771,0.09846610928654177
spread,BBB,201408,976,0.8961881197980115,0.9895351078787281,0.5651862832538035,0.8322754771555181,-0.21890621753030934,-0.23766348712910113,1.4248915814253653,0.2275071913387855,1.017300302845099,0.10162053593012076
spread,BBB,201409,1001,0.8816766419338852,0.9830722624194068,0.5015934484676999,0.7742221767108642,0.19103780052283045,0.289319167710634,1.4600490688363006,0.21144809964748837,1.020453943208009,0.07338930107510132
spread,BBB,201410,1017,0.8954638469358068,0.9834677764293417,0.48461014450166984,0.7630021948270319,-0.09221926112686489,-0.102666183561619,1.4859839420869079,0.1873993646803814,1.0222042818694235,0.061074641882165555
spread,BBB,201411,1030,0.8935071752855344,0.9866940333970419,0.4144394609748317,0.7181786477113049,-0.03988523673506177,-0.02538188015661886,1.517103139392798,0.19479067524525676,1.0185298341448963,0.0767641385058976
spread,BBB,201412,1030,0.9143914964204014,0.9661380753870628,0.32930254416850735,0.5825292483734686,-0.14670730891489833,-0.24090146493260725,1.5436243143427735,0.19067244013961168,1.0196269599260959,0.0677319717131882
spread,BBB,201501,1046,0.9177095731494607,0.9776342570401343,-0.0004175458826856812,0.27175670958963843,-0.11035707324038573,-0.17568163052043437,1.596394987737292,0.19872746478306874,1.0176082686903072,0.058970026921798195
spread,BBB,201502,1083,0.9047915046310449,0.9787640606182396,-0.26986944454548856,-0.01887679999050084,-0.07918844789507629,0.07795911165993369,1.6362576528743196,0.19629191430326945,1.0099216155461188,0.05370043490304763
spread,BBB,201503,1077,0.9267483503528291,0.9901511957923275,-0.037555880275548084,0.24289902689372478,0.15009033266564228,0.17909467293243925,1.6592796078798493,0.20489793562655373,1.0042813173569995,0.05639469631089129
spread,BBB,201504,1097,0.9180369188670393,0.9874135667540477,-0.08597208871635063,0.18365833414537505,0.15169837022859264,0.2969932453574353,1.688365059790479,0.21588644934345608,1.000485183322678,0.05317814999818907
spread,BBB,201505,1125,0.9159741431050852,0.9883595572632848,-0.020254875193611216,0.25256372633258145,0.15911560243209383,0.28465566121412533,1.7423660222736805,0.2298304988177837,1.0017307939339826,0.03465930349140704
spread,BBB,201506,1143,0.9232211692139802,0.9904157826583666,0.09829380794755173,0.3773874358355885,0.29913375849487583,0.38417328296808184,1.7744226826662013,0.2211741288296624,1.00008395589475,0.04390396482186446
spread,BBB,201507,1177,0.9309780487740621,0.9897613219545895,0.08454331045145677,0.3550147754535972,0.09786427470190502,0.09092137787385647,1.7905207424789888,0.20858323156788428,0.9968467346219033,0.03991956329954557
spread,BBB,201508,1197,0.9425013976230974,0.9864827317356168,0.022752822674277362,0.24660346019150092,0.398168062255404,0.37197806557729385,1.8564400528426157,0.21005871242614102,0.9978239710414668,0.0379516677420693
spread,BBB,201509,1190,0.9497123913176432,0.98971260190747,0.005042800223879811,0.22573074496714235,0.5225470537402805,0.5088362344842876,1.8964183214957115,0.24285988953740642,0.9957693201584096,0.04109360981913217
spread,BBB,201510,1198,0.9342751036125447,0.9846519565827808,-0.1568994034310647,0.030604079841397715,0.1720300363694868,0.20682906921612018,1.9384742655814544,0.28510550764401316,0.9997408188786687,0.037903514751631236
spread,BBB,201511,1232,0.9482734751808642,0.9783861596177905,-0.08869849978700568,0.08928301995401665,0.3452748817228599,0.2863033897741079,1.963259423667462,0.25129630559559574,1.0054962350210037,0.026527541037609403
spread,BBB,201512,1347,0.9049177360838923,0.9604158585776142,-0.08042530624124622,0.11094142310976754,0.31625463686222355,0.33520345435400345,1.9797309060743478,0.25891469623197066,1.0023638331912788,0.030700482098864647
spread,BBB,201601,1352,0.9483195599007049,0.9768702322890285,0.1791920511295018,0.3227579091308925,0.5555423218979146,0.5445833876660533,1.9837591932665901,0.2925004766344872,1.004939478161473,0.05278774950722538
spread,BBB,201602,1392,0.948356415084636,0.9760754862756901,0.11187991040268258,0.22394465700342694,0.3939948354621986,0.3737028780654342,1.933770802650024,0.2688699106739678,1.0089323989563206,0.09134122937181019
spread,BBB,201603,1383,0.9229623422370639,0.9701007932367657,-0.12005403618802941,0.007082884428637566,0.04110080986684619,0.11920496487043522,1.8719191854193709,0.21729753388374629,1.0120369898747623,0.09250620096174096
spread,BBB,201604,1397,0.9267741629227201,0.9841285596068867,-0.25624085976122557,-0.07497593460116538,-0.04882860664325036,0.06213357042319417,1.8435314093493158,0.2228170716940182,1.0197836568608765,0.09374321767955757
spread,BBB,201605,1413,0.9438883753896745,0.9906930091898698,-0.20801151542127372,-0.01013993448277932,0.13469925391588852,0.16918243632191501,1.7865353185421269,0.2182292887092297,1.0253337703310226,0.10132044686417341
spread,BBB,201606,1422,0.9450361743198358,0.9841312335224227,-0.3553687247673579,-0.18024223344243093,-0.03656870812338352,-0.019893458754601002,1.7596503418005907,0.1972123862195145,1.0289429225955933,0.09139674226181664
spread,BBB,201607,1432,0.9395813096959604,0.9830314961155618,-0.4842063071354187,-0.316126482117826,-0.25383781842184183,-0.20521748462246625,1.7513450254412009,0.19515769200615005,1.0370613294312387,0.10518034784091364
spread,BBB,201608,1465,0.93576514144792,0.9780026323931265,-0.5925902041167233,-0.44762434420873065,-0.37172750374386243,-0.3039351396284587,1.7539507000078203,0.2032575923780814,1.040341756268545,0.11263512139238448
spread,BBB,201609,1486,0.9411064062578306,0.9765626379232761,-0.5880436003877939,-0.43072354390594814,-0.19547830852314346,-0.14090733862361735,1.7390128457887897,0.20825273610746306,1.0536175003584942,0.1259113180575166
spread,BBB,201610,1486,0.9261889688659042,0.9809078601764597,-0.45420064012502265,-0.23975419347268045,-0.1234947450027596,0.0049132565001096555,1.7331819332243794,0.23996932959676417,1.0606114698683968,0.14020630450320234
spread,BBB,201611,1491,0.9211243311001291,0.983042730666834,-0.18539065859060894,0.07899041454941447,-0.08816141624543994,0.0012099789749285103,1.6889578583054405,0.2419157744249376,1.060650279569603,0.14189748003956787
spread,BBB,201612,1498,0.8875294758110526,0.982916560920815,-0.13096479102942732,0.20823986946760287,-0.4575216152777547,-0.3574169389907083,1.6645567255464142,0.23758410922651205,1.069417548606642,0.14600973512459198
spread,BBB,201701,1541,0.8833150215476206,0.9818517623788962,-0.002243290348762116,0.31905790814915364,-0.3445031575300022,-0.19085222768584914,1.6388256969123902,0.25727863227025255,1.0814209540407496,0.18842569199282513
spread,BBB,201702,1560,0.9080338193026621,0.9885485169141949,0.09540592465018767,0.40226515031046234,-0.56989574035226,-0.5004644894460981,1.6243548827797645,0.2848398145404585,1.100873564099297,0.2109926757409193
spread,BBB,201703,1539,0.9394953878608926,0.9932222300733853,0.1989703323931608,0.4552114239740469,-0.39474282305534514,-0.3719429638728759,1.5656478022343887,0.28571591060423196,1.1002571373075443,0.2290483350934646
spread,BBB,201704,1545,0.9429662958693188,0.9919809523905905,0.15676388812840586,0.3956960455312379,-0.4694182983683954,-0.4350373106082365,1.446890295491175,0.2483484365313582,1.0727672398441326,0.22356909463523816
spread,BBB,201705,1536,0.9505287149321906,0.9892114189463103,0.15170882003319855,0.36924159983513233,-0.4726766231168786,-0.4655902606871499,1.4065037461308465,0.24582619108247208,1.060958528316262,0.21890421027108115
spread,BBB,201706,1555,0.9437019133012952,0.9855442495868296,0.1316739622932306,0.34872328257589796,-0.43118192812543504,-0.4296011736466981,1.3949953501207342,0.24745396819223292,1.0629894741537902,0.21966249707420293
spread,BBB,201707,1586,0.9431458545201643,0.9904571239737252,0.28045883459483373,0.49520461302373214,-0.048063707675357815,0.022310206411243146,1.3706508424320651,0.24910269658381506,1.0552774998654668,0.21676761950716059
spread,BBB,201708,1603,0.9369626640256701,0.975635695805183,0.40058227601323265,0.5971500637196916,-0.15752993029031728,-0.172219112919736,1.3552288385767477,0.2488712246527768,1.0471473707398156,0.2117572305175536
spread,BBB,201709,1632,0.9482287650879601,0.9910151044220912,0.26020930360908734,0.46373390112066054,-0.26229501801828425,-0.1902777483445717,1.3386331696162037,0.24913743165615893,1.0388857963031468,0.20666093864800536
spread,BBB,201710,1640,0.9559796954992202,0.9911286290836065,0.36110546560543383,0.5448400667007505,-0.3343688293011289,-0.3016691640429903,1.3246880231559814,0.2500733481261297,1.0376408956537457,0.20473804396136394
spread,BBB,201711,1627,0.9569387522380413,0.9810925822969984,0.3144678362434439,0.48602063643124993,-0.4931392049486681,-0.5379959944853914,1.3237051815187841,0.2582174596763249,1.0420907402023984,0.20787844070057795
spread,BBB,201712,1635,0.9480445811353744,0.9765881977051932,0.00775276075328774,0.17587942741011098,-0.45468997121865173,-0.4693739924216599,1.3197617046558099,0.26090039557732275,1.0468294576307524,0.2132714512091836
spread,BBB,201801,1652,0.9498858413285253,0.9831328502469271,-0.264469825581177,-0.11554764137296938,-0.37576147144828065,-0.3290471528977798,1.3128410346067378,0.26594357986877853,1.0377018373118563,0.221437754198068
spread,BBB,201802,1686,0.9424604287030176,0.978751886529772,0.13264421194652184,0.29856085608607297,0.0795565498472283,0.11391195889178746,1.2879194472961821,0.2573151216842148,1.0172511472835224,0.21734028622782872
spread,BBB,201803,1672,0.9487497866096083,0.9804225948791548,-0.1045465135031007,0.0776068618641023,-0.24610457836711602,-0.26158877239997097,1.2928143271051515,0.24244423098793136,1.0044556664388409,0.2051149940542577
spread,BBB,201804,1708,0.9509735528404665,0.982265619204316,-0.22217905928385387,-0.06863848736840703,0.18648063905162113,0.2461171174156386,1.3594121450832743,0.2479601391818322,1.0130838865909575,0.19362379742243982
spread,BBB,201805,1730,0.9514265120131635,0.9708258857860546,-0.46317047490052554,-0.3542981942152786,0.08955961481909494,0.10919867561844866,1.398631107513448,0.24471298372408673,1.0219762413556248,0.18785510441239608
spread,BBB,201806,1726,0.9640919920132041,0.9805603561380049,-0.6261967224314198,-0.5396077105980323,0.09486933264172684,0.09805965189980283,1.4176951388337231,0.22729455946719773,1.0169465515699012,0.1673107143352045
spread,BBB,201807,1738,0.9698917072052418,0.9821889394179436,-0.77275799227519,-0.7262252594777756,-0.2880879205245045,-0.2709174470656645,1.4597094543678526,0.20883184706744076,1.0166278322669757,0.14128214673869827
spread,BBB,201808,1749,0.965684109152094,0.9799671051677068,-0.6871612584699944,-0.625430902975205,0.19649191660044046,0.22520603394988212,1.5081802579231163,0.160595358680809,1.0180029140837603,0.10468036979294303
spread,BBB,201809,1792,0.9722967414763846,0.9820743527519386,-0.8193574577654148,-0.7848561174819895,-0.2363995432840443,-0.22680103437894153,1.5626830880120373,0.1345293487116229,1.0222553305059334,0.07380156474888189
spread,BBB,201810,1818,0.9770520688211219,0.985819884296143,-0.6671809246654784,-0.6193618845574123,0.41102325915614624,0.4291600501751629,1.5842863350009397,0.09749679314703101,1.0185319967403488,0.052340107844685686
spread,BBB,201811,1849,0.953229775037515,0.9545741054505419,-0.6551334521547998,-0.6156522232134413,0.06030912821206361,0.022177288085211053,1.6088072994070188,0.08504807640505804,1.0162591993560792,0.05264576516484857
spread,BBB,201812,1870,0.9546547070012551,0.9634532113716294,-0.618893023358822,-0.5664769551281923,0.2315853501882296,0.22001881394630818,1.6002733992793772,0.07523718361031742,1.0051474997955046,0.03827050132762053
spread,BBB,201901,1841,0.9270239973726057,0.9518727688644588,-0.5908371515491737,-0.5194948001239805,-0.027583481352110206,0.02365230707008465,1.5804620338922286,0.09468244890988312,1.0031984388271402,0.04940019104450056
spread,BBB,201902,1847,0.9505278846865473,0.9705725510929445,-0.5903853354435764,-0.5173411125582036,0.08198565761521187,0.1369366921504476,1.5497773542222362,0.12176602306950113,0.9943067150954525,0.05584992538554149
spread,BBB,201903,1828,0.9626197801334029,0.9747813410510279,-0.6322322687841919,-0.5740025961140164,-0.020827964590861878,0.006102416858545224,1.5236321652446485,0.12498745195118502,0.9941360128995425,0.061502422158023325
spread,BBB,201904,1860,0.9491647337887824,0.9639097384950475,-0.6838223601852668,-0.6275473222779099,-0.10742631801484614,-0.07306891589756744,1.501648675013151,0.14560817430611706,0.987514051099075,0.07869779414294024
spread,BBB,201905,1844,0.9540456696722296,0.9644543059922387,-0.46352785760642684,-0.39282659096528266,0.25420444875999054,0.24592071190380035,1.4763895983191495,0.16055536618919397,0.9890856511685655,0.09162227567556952
spread,BBB,201906,1865,0.9462451955583572,0.9698036649513762,-0.4980033820987879,-0.4003400846889533,-0.016891211774585326,0.02870027629814379,1.4532875879569116,0.14219329178212925,0.9934870009252802,0.08808768702705527
spread,BBB,201907,1886,0.9545748902945911,0.970022788602166,-0.43687006073675483,-0.3320568932210762,-0.0754078389278337,-0.08657795679767326,1.429879016906936,0.15060984051689302,1.0016464138341947,0.09240243142152754
spread,BBB,201908,1883,0.9415099878683216,0.9558191028004114,-0.4516413343590014,-0.38129315287420273,-0.07703840156213494,-0.1025316072623679,1.391147839604125,0.13709688597949632,1.0004442657518675,0.08928043412052838
spread,BBB,201909,1908,0.9605200574208904,0.9685326580222448,-0.40223144071407585,-0.3218934554240407,0.24406724048009565,0.2336303669843141,1.3635351558058622,0.13549151093447842,1.0038996507449265,0.10940236016709563
spread,BBB,201910,1911,0.9661478181547273,0.9749798100811302,-0.200875207195863,-0.12959685299324983,0.4006808772603487,0.41961930554313775,1.3354827560884917,0.12490287860327216,1.0021903136196295,0.1039959819793606
spread,BBB,201911,1883,0.9655751853149519,0.9763064728401468,-0.2563412365083622,-0.17506910189450653,-0.14719333319165198,-0.16025502474235453,1.3240529712693099,0.11405950278538353,1.0179221856243825,0.10105550657901374
spread,BBB,201912,1829,0.955394135692046,0.971963391076252,-0.11603081929562657,-0.019047118103020344,0.09092819434049733,0.14278426617071538,1.3089030552074208,0.11982596593285294,1.028815164548417,0.11473350434455254
spread,BBB,202001,1806,0.9551518498169136,0.9745269427766182,0.08523960961341497,0.21567422266226322,0.007667331506921872,0.017061844559021513,1.2933467432386248,0.11743740272506996,1.0352708933490342,0.11526443139397106
spread,BBB,202002,1798,0.913217626858731,0.9406278473765128,0.1229075189566445,0.22488512479492767,0.22711920201137598,0.24715571537159267,1.2650462145909995,0.07293388451048402,1.0391070396299906,0.061254617327521015
spread,BBB,202003,1772,0.7239866388022007,0.6831566518715231,0.12564619260935536,0.0710084649825801,0.12471362118496049,0.041613496649699884,1.2425349690509526,0.10430815448087633,1.04208344825943,0.07555439784084739
spread,BBB,202004,1728,0.8051874834431604,0.898311160393456,0.2713424841671502,0.4345047580637628,0.28424011350468986,0.4167611676007149,1.2207768010154454,0.11894972638687999,1.040976155816887,0.08049344830437782
spread,BBB,202005,1757,0.865076511611021,0.9355269931875,0.30171100948901514,0.460572910429856,0.3376020481117574,0.46249400084165176,1.1926950602326187,0.10480669817636112,1.0305347121476003,0.06430637658365448
spread,BBB,202006,1739,0.9134562562457267,0.9661583262010394,0.32919106141937554,0.4953868961972493,0.37029675821755237,0.48777591810004406,1.190762759142384,0.11595019728738681,1.0391134979990517,0.07508574996619952
spread,BBB,202007,1726,0.9528754657096086,0.9739691989816207,0.436112072516296,0.5602679414661433,0.3963208500211513,0.4049520165355318,1.1734764454602415,0.11971999053525428,1.0363464713439356,0.08697440960925386
spread,BBB,202008,1719,0.9425545230247466,0.9805622049021646,0.43645701480551474,0.5784006035682705,0.49790054736029804,0.6034885084180647,1.1719010282787605,0.13293492691918304,1.0400285033922083,0.08961587619512508
spread,BBB,202009,1529,0.9672685064172297,0.9884926196697159,0.5793363451574856,0.7032610937365511,0.6176912042502041,0.6314109583236128,1.161421902129843,0.09384606479886315,1.0371523333825503,0.08413535361569179
spread,BB,200307,137,0.6921077256763605,0.9097642422160099,-0.13859279033733454,0.3250462038195157,-0.18158567774936057,-0.09991692646592117,0.8153881485201512,-0.009636173051938332,0.8483270571788081,-0.020296343215052717
spread,BB,200308,143,0.5631794509857785,0.9287477505411079,-0.19569339111592635,0.45720347765573127,-0.13083981745953577,0.11490927297531102,0.8153881485201512,-0.009636173051938332,0.8483270571788081,-0.020296343215052717
spread,BB,200309,148,0.6882816650112759,0.8886817911766918,0.11242443648963306,0.5603732934560267,0.09455942725357876,0.10253353866270984,0.8378616958679279,-0.007320556467672361,0.8804653104553778,-0.013838602001829674
spread,BB,200310,150,0.6069192593094855,0.9010573850280684,-0.10320992044090847,0.4508901744798885,-0.199000844481977,0.014825574159895709,0.8509877153946231,-0.0009753885649077748,0.8866484959235562,-0.008017538092927032
spread,BB,200311,152,0.7079560890190163,0.9254733043614611,0.027081240303719955,0.504361628604987,0.05557036338411278,0.030923951069215284,0.8509877153946231,-0.0009753885649077748,0.8866484959235562,-0.008017538092927032
spread,BB,200312,150,0.5798602067495798,0.8884789923066415,-0.1384470420907596,0.41184659202090423,-0.3046624294413085,-0.11326034625618371,0.8509877153946231,-0.0009753885649077748,0.8866484959235562,-0.008017538092927032
spread,BB,200401,139,0.5418458255917314,0.8750312796060948,-0.10011171187273783,0.49838631659307286,-0.17234014031011216,-0.06274206647584211,0.8343450706989666,0.033622689740624274,0.8883522601552242,-0.009523387217526451
spread,BB,200402,143,0.5453803023566772,0.8508474576289098,0.012180307954955841,0.6040322853766266,0.14292163235825206,0.15854590672252755,0.856613323683074,0.02669153622671473,0.8912102120666104,0.00019493828478392932
spread,BB,200403,139,0.6327135910272508,0.9531644834296668,0.0972652933553778,0.7115422210892356,0.16168282765092273,0.3051263633100494,0.856613323683074,0.02669153622671473,0.8912102120666104,0.00019493828478392932
spread,BB,200404,135,0.6460620723034237,0.9629020831079514,-0.002307091991025266,0.5785359179725496,-0.30744805384840507,-0.15577561619318037,0.856613323683074,0.02669153622671473,0.8912102120666104,0.00019493828478392932
spread,BB,200405,140,0.5299496292995114,0.8839882179889353,-0.04348909929806915,0.5803141212509431,-0.15857514596225758,-0.0021823390169960328,0.8454836547506346,0.016622651668893464,0.8829111059330338,0.00045045958580740265
spread,BB,200406,146,0.578496462545089,0.8983173065340497,0.021634388285309402,0.5847022349740173,-0.13290081266327977,0.001694738790433949,0.8397150455217701,0.019393539350704096,0.8945806311901275,0.010336330249444055
spread,BB,200407,152,0.7354907825326641,0.9465881733823361,0.1807659975806286,0.6185644513833919,0.012028513043418829,0.08533260888722134,0.8397150455217701,0.019393539350704096,0.8945806311901275,0.010336330249444055
spread,BB,200408,153,0.6468448757118711,0.9036598227010852,0.08832576092638011,0.5808754361073958,-0.05244059346226529,0.0188271953962925,0.8268306184078466,0.018152329141213223,0.9042670081142333,0.009585135285389006
spread,BB,200409,155,0.7627404853211305,0.9027485506429226,0.3072347007830879,0.7062025271620801,0.23625084592826529,0.16079939673119084,0.8547582364027688,0.011418970351563727,0.9127416662901476,0.0064487865831223306
spread,BB,200410,162,0.6873833460719831,0.8634066722715183,0.20376932966956973,0.5562527432359388,0.004136552816200722,0.14083050012631235,0.8356810182933695,0.011953137565393094,0.9048698377524665,-0.0016136038406053931
spread,BB,200411,167,0.7597109048401403,0.8898788799732849,0.27589485400970865,0.5835010812099565,-0.17493326599812423,-0.12412548335567025,0.8062041505807326,0.017948144967331672,0.8882273976695677,0.0165502998136527
spread,BB,200412,163,0.7972910719170418,0.9566913124249543,0.3057813911472448,0.6728122666311048,-0.0007647929240028597,0.05080753654597866,0.8586691862190989,0.014459581307582481,0.9287514799128229,0.018030033990560163
spread,BB,200501,164,0.8188138664294611,0.9088339958056416,0.430159584127794,0.6867706622360332,0.059449389529341576,-0.00850056622835649,0.857882243589879,-0.013885879808807748,0.9081754325536251,-0.01878284234788188
spread,BB,200502,169,0.8429887163607482,0.9018935591641862,0.3109019939336682,0.4987292378481356,-0.016287106558599773,-0.010648421227993055,0.864168372698112,-0.023226382376578585,0.8883620976181086,-0.031892170860505706
spread,BB,200503,172,0.7471213134286404,0.8090672395965155,0.14923482924275333,0.2967318951236962,-0.1405513380170415,-0.14827043376246238,0.8720006585392988,-0.010052788772736153,0.9042057019622216,-0.04927537183702764
spread,BB,200504,187,0.7994202784207792,0.8486288241020855,0.31324896589945644,0.4106315322488962,0.16703247094058188,0.16909096664810255,0.8837255080020385,-0.011841400272174814,0.9125836351231169,-0.05105004680139364
spread,BB,200505,196,0.8596698907289624,0.9061651067627712,0.177838695025062,0.28576346485299414,-0.02038425678744751,0.019224830911175605,0.8742892653760319,-0.019172474385655124,0.9121611511820733,-0.053687649460480026
spread,BB,200506,190,0.8550723560062702,0.890937163752154,0.1907499989065159,0.2921979735514464,0.010626041543649701,0.04299764025615363,0.9040918290820203,-0.007135595037390912,0.9536900198483512,-0.06167306485828225
spread,BB,200507,190,0.9087407551269333,0.9289403712522151,0.06527575483210646,0.13853943504407834,-0.22393243142760916,-0.2067222274226723,0.9159872962262827,-0.005782367571207726,0.9744041200275393,-0.07288030440859483
spread,BB,200508,190,0.9041087502036199,0.9125254126382604,0.3160440367935546,0.3689359116851733,0.11880923950364569,0.10751412674032018,0.9348136372849438,-0.00801680634057509,0.9676754976828779,-0.07699948174227304
spread,BB,200509,197,0.8317107377005974,0.8481425280271833,0.0936747564738863,0.14894978749329987,-0.023759296058063283,-0.0001498986222277151,0.9691616644337008,0.013765301846814766,0.9460363117768347,-0.05066588526742968
spread,BB,200510,194,0.8231881294872214,0.830834417407876,0.10461883610753862,0.1408976531443344,-0.0337334051024559,-0.022367367869226513,1.0014221666248246,0.0051419084392913175,0.9387742696776775,-0.06729307983037915
spread,BB,200511,197,0.8899646011662943,0.8952094010839702,0.15358704626289835,0.17999599747296968,0.04814486939215004,0.048057008542663295,1.0282278935559281,0.004135672920055084,0.9327872932738862,-0.07086080468946984
spread,BB,200512,165,0.8927132184770408,0.8950585416140602,0.20595463895493288,0.22215202258484187,0.19156359362060218,0.1777045208199293,1.0379165323522879,0.0023427924667955963,0.9123121290383153,-0.06844428036909155
spread,BB,200601,164,0.8033093511486369,0.8040065213282753,-0.2170554867846503,-0.2065981751476829,-0.21611959789424998,-0.21413428282972718,1.0946542190280684,0.049637164677932805,0.9360825311072806,-0.03074952319934799
spread,BB,200602,171,0.8397618011947731,0.8381932148671414,-0.18722730218158257,-0.18203636215286842,-0.2203038375692995,-0.23159842513087586,1.0903048204694752,0.06745844371137753,0.9468930142903299,-0.018264632856632237
spread,BB,200603,168,0.9226273031096127,0.9248339897832192,-0.1678620780417188,-0.16153416392411535,-0.02274993546297094,-0.02093410685225059,1.09299384559176,0.061663183330347836,0.9276028077253765,-0.039387301287889614
spread,BB,200604,158,0.8213025798804893,0.823498315596417,-0.081612939048526,-0.07601062134675718,-0.1088218157810268,-0.10944762765508129,1.1046462426473116,0.06875294815631905,0.9043098886680963,-0.03453136007619801
spread,BB,200605,152,0.8613101396263437,0.8912581596749378,0.07744380429062526,0.1509686061579976,0.043620445738420846,0.0735467490444669,1.1395704262692037,0.07799432154658033,0.927317094969702,-0.046656335426278395
spread,BB,200606,142,0.8347677754589874,0.843580025839417,-0.22226948957545303,-0.19548668922507606,-0.2045784601972795,-0.2046403046203757,1.1188398006069118,0.07883970890363587,0.9163339546314315,-0.024078718785167662
spread,BB,200607,141,0.8299782631306849,0.834149406060072,0.0885269061175564,0.09794339630808664,0.19071021875936467,0.19099358274751305,1.096748801488222,0.08742070876433533,0.9014660102225557,-0.017892744371192832
spread,BB,200608,140,0.9013577253038658,0.8944244299519349,0.15057182217751638,0.15225826766914363,0.2204456495593799,0.20147449697632047,1.0662089336593343,0.10719942807933372,0.9035779729774079,-0.004326817714657356
spread,BB,200609,142,0.9273538841991068,0.9226428102911005,0.08125258020373394,0.0867767555902071,0.18211366098690043,0.16251597896051947,1.0706705735650661,0.0804043431133863,0.9167546550905596,-0.012877109692807464
spread,BB,200610,143,0.8626385577346919,0.8743323463465972,-0.22008273416724117,-0.19785654046575613,-0.11556928986506451,-0.1103206571144208,1.0273681938513375,0.11637932637382074,0.9028032208940272,0.041107819545272706
spread,BB,200611,157,0.8901783845395261,0.8907138266559879,-0.11181537965380584,-0.09625175109277924,-0.012143464050260793,-0.021319333379389065,1.010689079129097,0.058694676131214485,0.9008552883172682,0.000943703511708794
spread,BB,200612,147,0.8943972784037247,0.9065524982838175,-0.28458469652207424,-0.26166095259729905,-0.12674066294418546,-0.12134039800170875,1.0286505781094586,0.08204159240940138,0.9182743494859729,0.02829613127739951
spread,BB,200701,152,0.8300768785951049,0.8299482975449176,-0.4763632884314409,-0.469702677975724,-0.3239121371797237,-0.33392878042805874,1.029811466334761,0.09704568002794846,0.9253609321333311,0.051245277939099526
spread,BB,200702,157,0.8752825782966136,0.8796180798093661,0.07826890516562371,0.09827530201863571,0.18006809766867818,0.18751584416691836,1.0074034143623203,0.11658911404101541,0.9083973517885492,0.07319575132371557
spread,BB,200703,157,0.9132451101250599,0.9199105672652623,0.008375765168476608,0.04092998736350866,0.08322118097978777,0.0730268003194899,0.9995089305274312,0.08106542462838198,0.9258014807606421,0.06878845015961395
spread,BB,200704,134,0.8948236004231072,0.8996452552168032,0.02189304106036235,0.06267168252936023,0.06854200177059565,0.06804831487718963,1.0042620046014823,0.08378406623475863,0.9304621688993624,0.07329719303416826
spread,BB,200705,131,0.8862322438189788,0.876816332849334,-0.018475417712058934,-0.003392427227012661,0.021053755404900443,-0.002781203123955305,1.0038520109346596,0.10503660782021428,0.9350567097842242,0.09655071859194929
spread,BB,200706,136,0.9088363228303115,0.9104258653632845,0.10857783502695481,0.11798381989419986,0.13225991126377556,0.13053097609086978,1.006602888841466,0.11529621388010984,0.9558060219627226,0.10720389499740848
spread,BB,200707,128,0.807486631019348,0.8067633472253725,0.35170412928035155,0.3533594180331683,0.3290548892144296,0.3261378674002326,1.0099738457573875,0.11331284289273104,0.9721015944515021,0.09959943276479997
spread,BB,200708,125,0.6390004270396578,0.6633189758462418,-0.26629185867895544,-0.22479946175055934,-0.2921167434715822,-0.2686490588309416,1.0102452462090439,0.11803201685159857,0.99143720699342,0.10864462557440213
spread,BB,200709,125,0.7323466386286562,0.7780928520051346,0.0387342549923195,0.13638751578410224,0.007686635944700459,0.04166525857241958,1.0125848975823601,0.1350248257854472,1.0063051882759977,0.12658815415809835
spread,BB,200710,114,0.7797864347955905,0.7963211975715475,-0.052129361495311964,0.06333674223955466,-0.06640205747149713,-0.10962626948446258,1.0367379757030912,0.12515767832181826,1.0356586738562963,0.12694741717984928
spread,BB,200711,105,0.8215874102391559,0.8742982733624615,0.15607505701845323,0.287498898505306,0.196910636533278,0.22455019982781366,1.0577088218527733,0.19255293525499909,1.0526133664689674,0.19883094966680911
spread,BB,200712,99,0.683351886209029,0.7791252829944514,-0.04737167594310451,0.19120830191075344,-0.015708101422387134,0.046327103616451704,1.0155097841900906,0.1881781623091184,1.0045278901089092,0.19256408384504778
spread,BB,200801,96,0.6775683503163871,0.7638413174437589,-0.005887140531741725,0.24568638090070538,0.13133522563567665,0.1054669881550698,0.9757939515863467,0.14565931083602437,0.9821456946812521,0.16076462970975974
spread,BB,200802,95,0.6033755717267199,0.7986016090643354,-0.027323628219484884,0.4408695469701132,0.14178331466965285,0.18304999335550065,0.9560750044951728,0.125172769279724,0.9805836776871089,0.13879885491666336
spread,BB,200803,115,0.4492293610205282,0.7724696547970612,-0.216551362249617,0.32314827418250003,-0.06842907841305514,0.10775686056373165,0.9542355164912677,0.19451517972118582,0.9954801044651299,0.2330223763297365
spread,BB,200804,114,0.609667339680393,0.8022016743483252,-0.382442639881736,0.04485134940846646,-0.27519491302322757,-0.2874107195298,0.9599483330915551,0.16509645204994716,0.9881545731219618,0.20603099733109614
spread,BB,200805,106,0.3722012857506782,0.779643596680824,-0.32630677381162304,0.31011063864483385,-0.27546162178502154,0.004418492170709632,0.9518362116306635,0.12642822510269516,0.9921832496726511,0.162024423867459
spread,BB,200806,105,0.6051192469459635,0.8543992784499115,-0.04725274725274725,0.4646406004655023,0.09394567696454488,0.15330786496092838,0.9303244958201579,0.056360755276997736,0.9657991532561184,0.1023353558673938
spread,BB,200807,100,0.5750949600761208,0.827583206573241,-0.05227722772277228,0.3754346697726762,-0.08084008400840081,0.14061248308639068,0.9421258088176881,0.10195268064745829,0.9773781294508453,0.15693845098165085
spread,BB,200808,100,0.5985916549431529,0.7929384302924705,0.030915091509150908,0.42756932235586675,0.09336933693369336,0.24458592611257096,0.9583693832210038,0.12372793757695157,0.9791310250954517,0.12260228623892828
spread,BB,200809,99,0.7483263708334191,0.7674630022449118,0.17228200371057514,0.31052044069548784,0.21562152133580706,0.11562187885608416,0.9110636804291639,0.07704811961743277,0.9186450555378913,0.07167535412691456
spread,BB,200810,99,0.6363405855846748,0.6699361462277464,0.21909709338280767,0.376847176399997,0.31369202226345083,0.27675410251864685,0.8997857819627912,0.08355931285908504,0.9215755606036701,0.06627433368259278
spread,BB,200811,96,0.6939594949023561,0.8050754053486252,0.3580315994038473,0.5805525034385219,0.4434617471513836,0.4827029575292965,0.9123936337190189,0.10437377867411927,0.9487786797433456,0.08101438755230934
spread,BB,200812,94,0.5602167435213457,0.6470088866411386,0.17167338564466125,0.29297421097510884,0.1923295054424837,0.2914869482992896,0.9521344010994611,0.14371540131822702,0.9671084141426931,0.11759010934188936
spread,BB,200901,94,0.7499069822935982,0.7615849782605888,0.14678322436152152,0.19762665947412195,0.10317523389806017,0.10646437281606569,0.9323634749768767,0.16023604161050578,0.9699578475559141,0.132715799909622
spread,BB,200902,97,0.7681226597804096,0.8940596337815183,0.3319613928045445,0.5817857859073946,0.417012939196297,0.5046631885914755,0.9493389071400425,0.058981017658146624,0.9735891457932514,0.029470992552784698
spread,BB,200903,101,0.7637246794307221,0.8784140712925671,0.2644861065048148,0.5061197389631735,0.323682723841971,0.4389321980117447,0.9320205753614748,0.08024375249033854,0.9778635646270434,0.03835325819338177
spread,BB,200904,113,0.724703436100808,0.8014185282007505,-0.012184852108154107,0.16798393083307786,-0.1027892024977387,-0.020383762855691295,0.9082199264642266,0.08660053713103123,0.9583887527731754,0.03731249554812459
spread,BB,200905,110,0.5344895599353098,0.796480803563378,-0.1981205015907961,0.2303809966075898,-0.3315923891368096,-0.18005482095461434,0.8726151837984648,0.09544128213755645,0.902783096286094,0.040506117682423154
spread,BB,200906,113,0.32635722261453254,0.8256793173213101,-0.30007818218111654,0.4711545459362866,-0.17251646816155433,0.15719290950038126,0.8550397018907077,0.11252010777974247,0.893175963054445,0.0539899378368938
spread,BB,200907,116,0.46994964056433325,0.8527022117845527,-0.08559566370660823,0.5169963422074331,0.005635643716603237,0.2365437214930013,0.829272814330273,0.12069586248677608,0.8774933849477162,0.04574770540565624
spread,BB,200908,113,0.6043424560171695,0.912543717752409,0.01751613547142192,0.6163750083172534,0.2299803712821878,0.33204138665247196,0.8100384198187752,0.12963677804102067,0.8721427562889594,0.03698639635039208
spread,BB,200909,121,0.526299032312436,0.8414499488548222,-0.027929819807614137,0.5400404418146469,0.1546337803717506,0.19337925101259446,0.8607370879095116,0.12839420484420513,0.9496927802169073,0.04062507362282569
spread,BB,200910,120,0.6709933710484618,0.9039753036690302,0.0879505521216751,0.5860531497123663,0.27224112785610105,0.2468617503374503,0.8665774706823793,0.12906633968730663,0.9167265163606702,0.02591556270195545
spread,BB,200911,122,0.6063684249086864,0.9037628421601331,0.028871096189623323,0.595013548347707,0.2789764738347707,0.31053187253342324,0.8696103481032366,0.1327508334988508,0.9347387107373696,0.012622283945025443
spread,BB,200912,116,0.4212709438960305,0.8542190050235638,-0.20522046668973204,0.46636066232289497,-0.12612155460731173,-0.027294360064399975,0.8436804158730361,0.05957842614659415,0.9254129703742272,-0.021579615970163002
spread,BB,201001,118,0.3917339405488629,0.8585374226676111,-0.18468039106124848,0.6395769460437916,0.0806992940592143,0.14182022032866567,0.7964093711298348,0.06780387917312776,0.8896593220982054,-0.014660853483701657
spread,BB,201002,121,0.5305286047436899,0.9233536219808358,-0.057485435577834976,0.6461228934484495,0.13344397778078848,0.30118598629291643,0.748480833884483,0.07353190336321662,0.817794530705602,0.031433821079869924
spread,BB,201003,130,0.618194580265574,0.9152609032513707,0.028395854101517154,0.6067549833473045,0.21801472094388838,0.2096248885346402,0.7521052476034533,0.06065781706776698,0.826646863957431,0.033250780849009925
spread,BB,201004,127,0.6668551199492764,0.9498451105718683,0.006579255718035245,0.6542228003053082,0.34386131421072363,0.20939558782551712,0.7721555642104696,0.06108087294751942,0.8390110662263008,0.03082964991951093
spread,BB,201005,130,0.6434908717537718,0.8864978983654219,0.022409154843026666,0.5701519482067726,0.3124964153545726,0.32818190632417543,0.7583244273033364,0.056382978301095586,0.7883233471881996,0.02266421708334598
spread,BB,201006,134,0.7064961233825122,0.9351370290898724,0.009623561391039788,0.5026166259588001,0.1323233456776269,0.18409026580360152,0.7388353076482796,0.046467284931574065,0.7777922652048961,0.02149385786868932
spread,BB,201007,140,0.7403689194533262,0.9614000675701367,0.1465920272900221,0.5960184383448499,0.23101615971660366,0.2722126007006011,0.7262894263826041,0.043723866625234774,0.7923122047756176,0.023110802248424666
spread,BB,201008,140,0.7434333097239746,0.9652978910211507,0.20394480767969217,0.6998951473714611,0.4565393278082701,0.4972310814280147,0.7279996092761869,0.03834279367887767,0.786468792231777,0.015224151176102017
spread,BB,201009,150,0.799088669797791,0.9552129215240043,0.22149784434863773,0.593109358141829,0.23323169918663056,0.27998855056330807,0.7284931514932035,0.026919425229250483,0.814991050272536,0.011566277130662323
spread,BB,201010,149,0.7592962089606384,0.9190630501210474,0.25966261563577,0.6069060465321255,0.19689461273353892,0.20454036326905134,0.7350881103424644,0.029150186871997257,0.8286728887583876,0.009172278290298081
spread,BB,201011,159,0.7221440203973003,0.8993893291587061,0.17410735610222117,0.5880941007881538,0.26245223310245996,0.28711786481968,0.7693189219046191,0.023338543489524115,0.8602742624506344,0.004460869477879677
spread,BB,201012,164,0.637761042977189,0.8768648138356996,-0.07130167453375592,0.4068061523899569,-0.07461265354427107,0.06865325677540499,0.7787016295010851,0.026295997373937077,0.8634961488243916,0.004235038774530042
spread,BB,201101,164,0.5740011086545396,0.9309369624644477,0.02163426876878919,0.6411917380398303,0.09231020363745186,0.36102828351114663,0.7982975091912468,0.0161078565703971,0.8859063994542424,-0.014997428754486326
spread,BB,201102,175,0.5833949099696205,0.9499632218350701,-0.043022839229735786,0.6256704847902,0.1283318405732199,0.32962829028944424,0.8535105707095179,-0.009122889674016815,0.9359147293536801,-0.048930423407703344
spread,BB,201103,186,0.6383897684002293,0.9657704994472993,0.15050375543734176,0.7517424043637827,0.27707261308163944,0.5151542277459278,0.8165555060852695,-0.04719362825630272,0.9559194413982799,-0.07586919286570083
spread,BB,201104,194,0.7045512537380428,0.9197495684588849,0.2558813015412556,0.7260667191535974,0.4125675403598591,0.4832446078534682,0.8255180185538872,-0.0974586780526815,0.9337522038675384,-0.11257165829950655
spread,BB,201105,193,0.7156286893187708,0.936180086251875,0.2007471556006623,0.7266395496707986,0.43575897387960044,0.447951264521902,0.8341849870024172,-0.1313459302866474,0.9774885233355487,-0.12346789935158993
spread,BB,201106,199,0.7314949466963662,0.9469127112341069,0.2315273336378864,0.7050519055421123,0.22881528856403227,0.25535796338724215,0.8952340282540411,-0.13206374246043942,1.0167731425750046,-0.12030968132751267
spread,BB,201107,221,0.6867288848924213,0.9300483147107718,0.11974829621888446,0.6302047736517221,0.1971549912726383,0.29640829656423023,0.9261131073279836,-0.12610020978994085,1.0208386897239223,-0.10856364307855394
spread,BB,201108,221,0.7739667659660584,0.9431930558927138,0.1416478592949181,0.6175155758752652,0.20314296196649134,0.13943242005308695,0.951633985456011,-0.11108974110001263,1.0218559629491184,-0.10034607694541901
spread,BB,201109,224,0.8016664549080535,0.9330967324847569,0.21023702754644463,0.5687756613152964,0.21365364082852875,0.20617190165062818,0.9755410013029037,-0.11519427383148563,1.0282680033632359,-0.09989264955074713
spread,BB,201110,221,0.8305331171691079,0.895039930536771,0.16497270614917672,0.36354060006537425,-0.012980977686860039,-0.010370007193139245,0.9721428469299657,-0.12794753590602154,1.0264637861382202,-0.09364035298351524
spread,BB,201111,227,0.7956440546646443,0.9337171808572983,0.09489319181154322,0.44217608386273083,0.03923208082582192,0.1273963829740135,0.9552666493632895,-0.13822545854095478,1.0188078223044377,-0.10756890650283937
spread,BB,201112,228,0.8095235805127899,0.8943840991950068,0.16763982557050536,0.4350821702072144,0.04777776540306194,0.038906503198716906,0.9604978114015128,-0.1631710497075656,1.021846359502939,-0.11965937000564453
spread,BB,201201,234,0.8188029589229401,0.884693336630084,0.2967039656839675,0.4805828118377818,0.168644474570874,0.14792217343480252,0.9453537437849932,-0.16094460843371444,1.0168121910059693,-0.12371016718276802
spread,BB,201202,239,0.9082039040101036,0.9620269660007991,0.3627386519461341,0.5787284707446634,0.3672084314897507,0.35388937430063183,0.9623287655330351,-0.16866814705207064,1.0192430585426289,-0.13324892786453757
spread,BB,201203,232,0.9082270520793997,0.968976760199139,0.18106283238738466,0.39567922204703615,0.03404838464776306,0.08352533427392439,0.9506057207576482,-0.16342883874816475,0.9958787095236624,-0.13798601588789663
spread,BB,201204,234,0.9175956904462339,0.960731690984199,0.28940618934226825,0.5011792643354723,0.30643027565683034,0.2792157968274012,0.9582973654475915,-0.16826913796993298,1.0064962454140007,-0.14411064295820117
spread,BB,201205,232,0.8823771076703707,0.9219413621431939,0.3469341077747174,0.5180582677295994,0.38880026293079417,0.4019831324197104,0.9702529025079759,-0.18108198402933295,0.9979371872041608,-0.14633329091142108
spread,BB,201206,242,0.9284615809612029,0.9563579340347158,0.3303469330125938,0.4335696902111659,0.18053327609469946,0.19855459412073673,0.9647104702858911,-0.20196336797753148,1.012575500129475,-0.15922541646671612
spread,BB,201207,242,0.9467447179096203,0.9673614134927484,0.42784025083398136,0.520765965662043,0.2888417874291382,0.2865466177937199,0.9756441036804817,-0.21602411535168178,1.0003865546787403,-0.1649494431175566
spread,BB,201208,256,0.9112048827041862,0.9552740855025353,0.3199606460218075,0.47063692608068464,0.263043292058272,0.2945595141045679,0.9676384422800122,-0.2279575017930571,1.003259788444914,-0.17680032998304168
spread,BB,201209,271,0.9300004582411053,0.9702058949084601,0.49593312109591686,0.6502112126614146,0.5195421218918072,0.5272420920367676,0.9689837431740357,-0.21162962341665287,1.0031087877740033,-0.16462520496974417
spread,BB,201210,266,0.9488112415132869,0.9771799176772239,0.5017931464967038,0.6345987520409839,0.3996777612375957,0.4095672629537505,0.9697562658561384,-0.18697988653198694,1.0201830334048216,-0.14545452696959105
spread,BB,201211,273,0.9493791476231395,0.9856109708552621,0.43662504305484123,0.6075369914347519,0.3643536583639632,0.36896138818357244,0.9814353320142345,-0.1676091651381781,1.0325923750004218,-0.13031532883277572
spread,BB,201212,271,0.9512286189109699,0.9856664245833235,0.4639166244603623,0.6244336252251513,0.4032058702939971,0.4128169109834283,0.9688300569271195,-0.13542689452365336,1.0283535597220363,-0.10744699228176947
spread,BB,201301,272,0.910028110625557,0.9695958930066393,0.24087747503202242,0.44067148236410375,0.09129382664220952,0.17381949871395216,1.008217316280048,-0.10911431186564821,1.053066952191959,-0.05597463463470341
spread,BB,201302,280,0.9160277301391991,0.9791440174964694,0.29416501303770276,0.5483732099791832,0.2703711058228409,0.30279814864407234,1.009062875173369,-0.07454285567789434,1.0567176273282077,-0.03861064913073508
spread,BB,201303,274,0.9256319454355694,0.9890195743287437,0.31636655315487433,0.559582058573381,0.28264202950334333,0.3608119534842143,1.0352698310428485,-0.055077942978475555,1.0751758691904096,-0.02594630793370054
spread,BB,201304,269,0.9523874989888428,0.9813168909356969,0.48200023457684815,0.6335450538367452,0.42672825875706527,0.39210970072018886,1.0356074341181878,-0.056106129260922816,1.0768752335986538,-0.022874590093759143
spread,BB,201305,273,0.9278732087072606,0.9665671341612855,0.26488108973588936,0.4339099589903514,0.05708453509685265,0.10829951977600252,1.0415245020253452,-0.049546028754339506,1.084148924460969,-0.0217854200605771
spread,BB,201306,279,0.8941190284449573,0.9587147915781842,0.050686823812839135,0.2834376462540887,-0.15300865298544572,-0.1435012230775358,1.0613081792302328,-0.04306817475777066,1.0859014909023503,-0.023592897859988915
spread,BB,201307,285,0.8515671816653859,0.9653609480860357,0.18285030906736416,0.5078231461348308,0.11877123675802906,0.2785703816185597,1.055128585436968,-0.032576418743519575,1.066584068042123,-0.017173368366092182
spread,BB,201308,291,0.8249355273733758,0.9666206554660355,0.19773848423902723,0.5503570693327381,0.04416822093119519,0.2056116477930065,1.0696943874868847,-0.010225936089479781,1.0546806294834348,-0.007306163601684738
spread,BB,201309,275,0.8479837257831166,0.9649729385389955,0.2930682900089438,0.6340786051630292,0.3107059807853207,0.37739900703864115,1.0477005413010405,-0.0074224027701554635,1.049483055495462,0.007228104521303544
spread,BB,201310,280,0.891990001681797,0.9618301863740453,0.31653847625607473,0.605157250720306,0.3569340352373299,0.30884028277377984,1.0551285516509925,-0.0051239048713439695,1.0449129759786877,0.01506478538446047
spread,BB,201311,291,0.8577116111699978,0.9620987945606743,0.21528178856483354,0.5037253092274753,0.07171157395458465,0.17280969239050217,1.0718138860589141,0.013007675531200292,1.0485628896758927,0.03504455311312692
spread,BB,201312,288,0.8352357663521113,0.9561896939537713,0.27391501794405,0.5952950795077081,0.24079940441025766,0.2822490130320628,1.0875283388983372,0.018070486675201815,1.0505660810083906,0.04075135603141544
spread,BB,201401,292,0.8737020454346021,0.959883806539711,0.31718732000696,0.6179644669727702,0.22290364867475262,0.18814073049936597,1.0909367495760065,0.032213468326007945,1.0462122070607032,0.04600330602821221
spread,BB,201402,297,0.9173310656575655,0.9552256666709658,0.364012426092963,0.5997707665650337,0.2724808395949336,0.12025697322322132,1.0800196035269702,0.013486968978838844,1.0330383801932304,0.043195942646803015
spread,BB,201403,296,0.8997849541978126,0.9758502825330357,0.26718305362373157,0.5281691623488968,-0.03151302303844676,-0.008322357393575917,1.0715933583888975,0.008602559006562453,1.0320058507182488,0.04087867078304275
spread,BB,201404,296,0.9127900022605712,0.9818510008024497,0.37048867048867046,0.6245110571026553,0.10916540577557525,0.06671648541822715,1.0719330816238783,0.014905478772428113,1.0308166077739613,0.0448376600590379
spread,BB,201405,318,0.8399104545511543,0.947099823220866,0.28688525966602607,0.5833292207104666,0.04145204075216452,0.015220032482416998,1.0749940529748723,0.02532961194183668,1.0348165308226893,0.062277799947442404
spread,BB,201406,323,0.9078129767089421,0.97087491609261,0.38874359812574916,0.6212472852544993,0.011648900597615095,-0.0025721480311627107,1.0720068498902824,0.0325247607555179,1.0248267803126614,0.05780390479999081
spread,BB,201407,320,0.916241140115887,0.971497548096456,0.36898346175255614,0.5852844958890415,-0.1835976349498326,-0.2638384618533994,1.0848922099923195,0.037629724375976864,1.0300258662501476,0.04976843488953682
spread,BB,201408,325,0.8460353280287556,0.9696325240192997,0.29006869068218766,0.6246731835512817,0.04862566199989513,0.13013283274725765,1.0950492353180115,0.024463346046211407,1.0331443421043585,0.044101703633336334
spread,BB,201409,318,0.9066284069895938,0.9727953598732257,0.2539352878495253,0.5011603668397965,-0.30763637557773377,-0.33168747453154623,1.1071439532454599,0.015334194687973417,1.034663295287422,0.03630516944262189
spread,BB,201410,319,0.855728711030095,0.9583072985381471,0.3017051278413843,0.6088616097340117,0.11981225600086703,0.15738352264119954,1.1130477133505938,0.010982727206370332,1.033811777466027,0.030733443377889177
spread,BB,201411,323,0.8448841869941324,0.9562953100150643,0.18248306187463545,0.4983267054714439,-0.1028249082495953,-0.04866802799812672,1.126781786123792,-0.0007530570639064359,1.0296710640192093,0.01946653106054068
spread,BB,201412,329,0.8728519598135961,0.9464473593429265,0.24189272066801906,0.49843820369956054,0.10608913660288856,0.10461381534737721,1.1358392153232861,-0.02268426312344738,1.0268375908932903,0.01322568581690728
spread,BB,201501,338,0.8851518409873658,0.9290649503571872,0.21050442306954237,0.37736785463839984,0.029942559374761587,-0.0031603507820045862,1.1591067173443983,-0.044468733809321634,1.0326843973156878,0.0002818936040540581
spread,BB,201502,340,0.9160087567479702,0.9654375671221701,0.08828857159867555,0.2669639626117039,-0.0160708697357956,0.04539569240958511,1.1833821089271048,-0.048064482254385234,1.0268764535130783,-0.009912200677153926
spread,BB,201503,335,0.9228896068922723,0.97274806370425,0.0991464831530968,0.30406067188181735,-0.10979263034107437,-0.0870911927214389,1.203827151492329,-0.046917184476051504,1.0298130659063738,-0.011536599317683248
spread,BB,201504,341,0.892784785590091,0.953603812382533,0.04935674532199051,0.2728396474036219,-0.004505657796379858,0.05182222367490189,1.2332933892999411,-0.03735726732107127,1.0285616778457864,-0.013611540989544212
spread,BB,201505,336,0.9021900511900119,0.9742894320780708,0.01678962120301418,0.26345799412733545,-0.12816175586670295,-0.015342647936232016,1.262473151505106,-0.037732377891406786,1.0263332944476087,-0.01602748790587683
spread,BB,201506,338,0.8910595644724821,0.9693125405891829,0.052876545153129687,0.3081647219492368,-0.13336613997351335,-0.034883795911925176,1.2889000105125896,-0.040847264451051614,1.0288591411653687,-0.00276007562968641
spread,BB,201507,347,0.8968773142704367,0.9436245436973901,0.2728558635509584,0.49283953801436914,0.1700575392369115,0.11521590812330916,1.3169908110797772,-0.04191843045924298,1.0352892665632205,0.005402595343518106
spread,BB,201508,352,0.9207141179272813,0.9487373092248345,0.1126774940514317,0.29167284303515756,0.17817337682776774,0.13383864108941287,1.3332793404010386,-0.04721889557196701,1.0369799423579278,-0.002708816503054889
spread,BB,201509,367,0.9286095123836577,0.9452996974352157,0.20733103438774572,0.3353268620577468,0.3094877054316707,0.2615118591199515,1.34934431286012,-0.039043625420689544,1.0411571930232804,-0.0019467723967365037
spread,BB,201510,370,0.9026337698776603,0.9461196411838277,-0.11732393757244194,0.007326259854263044,0.07731662170256258,0.11062985890831639,1.3392438587823976,-0.0381938734582983,1.0385803699027434,-0.0010134237449888983
spread,BB,201511,373,0.9504485341484988,0.9773122413065819,0.13447015758302006,0.27033147944502284,0.30033864125075843,0.2965476770841268,1.325655607121962,-0.05244999361050941,1.043599742350471,-0.00337933109953938
spread,BB,201512,379,0.9364088637005655,0.963081910519713,0.31067280727504865,0.39779959880993576,0.4284510749168436,0.43250939161310864,1.3269447789431694,-0.07088797863425204,1.0520513862056173,-0.017736835326868372
spread,BB,201601,383,0.9343233185152213,0.9547496793157413,0.3388143735385988,0.40810658235701786,0.4103639600353863,0.4148058794836107,1.3222746236227696,-0.09167391949201859,1.0449986701434542,-0.058079818729076534
spread,BB,201602,375,0.9371867210963637,0.9667259624818252,0.30824262855432727,0.3880974030064824,0.38091889753776936,0.42480805958337836,1.3003098803073985,-0.10301965403499776,1.0423761296386969,-0.0577340119000484
spread,BB,201603,350,0.9430859835200887,0.9632051317665009,0.10877057483412075,0.1722216200788794,0.1636819073985616,0.1913641351012331,1.2796089566598283,-0.09717070452042215,1.0410694152223123,-0.04788614349197204
spread,BB,201604,343,0.9548004798434716,0.9765137503641946,0.01779380357884836,0.1125403564339375,0.13082466866804182,0.1591097129248817,1.27060804112865,-0.08030307046063044,1.0407117084774928,-0.04607390877511011
spread,BB,201605,357,0.9342707802348619,0.9715367230156828,0.10689375241654002,0.23196955458875904,0.21067613537160518,0.2763779043686911,1.25116077410026,-0.08279461143205892,1.0345059937349252,-0.04704547278887283
spread,BB,201606,352,0.9522646982818243,0.97368414898132,0.128271446230628,0.22666780850662333,0.23374903382189197,0.2501355762921611,1.2514367101075397,-0.08063750247164188,1.0296884109689854,-0.04909000133530848
spread,BB,201607,351,0.9605022371404881,0.9748914538438402,0.20340354090354093,0.2840678158471506,0.27290265290265286,0.26947129011164683,1.2469709233834476,-0.07690374596374012,1.0295482524000135,-0.04879326154906562
spread,BB,201608,348,0.9403707250297457,0.9593838062420709,0.02329165962827172,0.10726232056618074,0.06485844053522977,0.08415685294675027,1.257113286036219,-0.06364284025696018,1.0433980280019777,-0.03204721611941182
spread,BB,201609,347,0.9621255702880966,0.9798542690190688,0.06140333241618267,0.14799865098332843,0.14537632568000786,0.17670453195092156,1.2616445723708671,-0.040041573531850255,1.0412490649977293,-0.015276451858556184
spread,BB,201610,360,0.9614832220842596,0.9778207879958091,-0.025840864631212785,0.06619848279311144,0.0012566969395339984,0.01631521049433261,1.3093127258753274,0.057065046522194726,1.0802459434630145,0.06767452988911589
spread,BB,201611,352,0.8970405144288983,0.9541788772595541,-0.03254901825910836,0.13250238582601057,-0.10381187830389602,-0.009284257064428966,1.2486379971460508,0.0822023566008684,1.0717711841940274,0.09503797789119856
spread,BB,201612,342,0.9135673788097989,0.973866675986381,0.028928776546669206,0.2550242009722256,-0.15797769589886065,-0.10236991648503269,1.2771253607745225,0.11606798536230203,1.0906283556558956,0.12282202957332304
spread,BB,201701,319,0.94608652288366,0.9778628369051866,0.0524272490684332,0.24143594634650123,-0.16084166321641924,-0.17257343957680077,1.3115993527422722,0.17293784388662492,1.1275022055278934,0.17783670187896392
spread,BB,201702,335,0.9256364075980054,0.9654057609161286,0.16109444224557284,0.36575800035511785,-0.09514159314632996,-0.12403477495376553,1.3114810725599564,0.18253240855421982,1.1516139683858684,0.1837366355283867
spread,BB,201703,325,0.928492725070487,0.9702648249835986,-0.05043522018031064,0.15318995496741447,-0.42272966132956497,-0.4090229214695734,1.271816659898311,0.17105146045578687,1.1509913333704906,0.17801047383231003
spread,BB,201704,329,0.9287470769504736,0.963125669212813,0.2275584819954306,0.40616398703894857,0.008871875400157705,-0.000522648788102279,1.2005147555657942,0.15792861957574905,1.090965933002674,0.16447059886290238
spread,BB,201705,327,0.9312653591010727,0.9621831759920451,0.17227094078223945,0.3426362960892891,-0.04148242768519878,-0.06351635415794167,1.1543286362225327,0.15343019910237962,1.0489508771812135,0.15872564173244968
spread,BB,201706,314,0.9575107315279919,0.9861794816536907,0.13630418203788705,0.3100015504478373,-0.02011374460856563,-0.04551804333503435,1.1526814693054537,0.1450459053354949,1.047717787809034,0.15292045434323898
spread,BB,201707,334,0.9574946406040911,0.9808821556748656,0.08308562383099875,0.24946961591028294,-0.126596182383116,-0.156291906462527,1.14832971357973,0.14442388164630446,1.0446758038199906,0.14974895875442013
spread,BB,201708,331,0.9483709454807208,0.9776078972209855,0.13184845947922424,0.3081154573030982,-0.0973362276350665,-0.12328301251529065,1.148944136065396,0.14447079321271727,1.0357045129599596,0.1487824551434821
spread,BB,201709,321,0.9664740092015376,0.9894700915046618,0.11634280489928604,0.26766026244246094,-0.09927729726591979,-0.10533578527520808,1.1320411083593982,0.1409040039114368,1.0241077848106444,0.14702270458437572
spread,BB,201710,322,0.9453231138094035,0.9684062382932339,0.11916279804515265,0.2592308540433838,-0.1974084706299726,-0.21502864369021849,1.1148752842900054,0.1391324847498761,1.0108307725246513,0.1431755099468871
spread,BB,201711,306,0.9479510149633585,0.9781923864181717,0.030349594849420524,0.212646862596584,-0.257194131991452,-0.27302632543328625,1.1260543559903369,0.13864510043036815,1.0243253447619896,0.1385038356144297
spread,BB,201712,302,0.9133642795648286,0.9455550328616473,-0.003806296891157511,0.14441996779272526,-0.20056437669464952,-0.187164153256717,1.1179669591384014,0.13757620581903465,1.017771812689183,0.13644134920029774
spread,BB,201801,310,0.9349380259791874,0.9612127260405081,-0.16241577486120665,-0.04778226766791446,-0.2920953492517293,-0.2602107850482462,1.0918327492562085,0.13121122719151254,1.0018526519293678,0.13083127248194817
spread,BB,201802,332,0.8807906605049737,0.9353968443963522,-0.09772215341319553,0.04948504622247279,-0.2303417966796557,-0.14932872536056976,1.0839030605829434,0.12054398866411942,0.986520636055776,0.12546423316088
spread,BB,201803,313,0.9086689207182215,0.9302775440072829,0.11700006104881869,0.22934593862112201,0.03726482507948086,0.04113128648075292,1.1110187865025596,0.11559789245889901,0.9968903403252936,0.11883001319401344
spread,BB,201804,318,0.9171807915711746,0.9437445709728135,-0.021982009952758827,0.08602226174510255,0.016080734110654332,0.06308190975752105,1.1644616316631744,0.1148708098767242,1.0309437217558572,0.11324083267581121
spread,BB,201805,318,0.9140110465242491,0.9493511297447674,-0.06823504760735533,0.05095445256960577,-0.032343203965057826,0.014059488998264072,1.2144061079915773,0.12299375495008161,1.043807405038166,0.11722587899056856
spread,BB,201806,315,0.957180692310399,0.9748598909385046,-0.1393295784813966,-0.055890717578643036,-0.08182544161742744,-0.061097988100053964,1.201802267079678,0.11220780632362859,1.03620298850623,0.09980248909279578
spread,BB,201807,327,0.9380640112997005,0.9489488389301322,-0.18152453095420806,-0.13041137064591557,-0.0524832280179615,-0.039960415727571676,1.2162729257889646,0.12347611337404478,1.0408124162504093,0.10829051482528451
spread,BB,201808,319,0.9469036583751219,0.955774723045124,-0.2557871739516177,-0.21911235180663335,-0.11073039273673628,-0.10311356506372522,1.2288202830492534,0.12934138650277918,1.041066326377719,0.11187715753335202
spread,BB,201809,321,0.9502841746539866,0.9621097762453391,-0.349064694955593,-0.30046757161293464,-0.2208807395367737,-0.19630334441931888,1.2455022126603654,0.148214876332749,1.0480220025905735,0.11685738327479295
spread,BB,201810,327,0.9192169248795713,0.9280450501035553,-0.1504404361642339,-0.12411421025043062,-0.04255474682395808,-0.03099354653607992,1.2476937297300787,0.14421517153572536,1.0488101129753529,0.11247515169454135
spread,BB,201811,317,0.9542873002427972,0.9641382179853147,-0.05062537718143661,-0.005481716451766415,0.07086076100051307,0.08675099289386175,1.2456832044331365,0.14957661802699043,1.0550611689145089,0.11902157760310318
spread,BB,201812,322,0.915285303916578,0.9172754059563308,-0.20127181735201835,-0.19235198904774903,-0.05505271892114061,-0.057226867053437644,1.2639024217309767,0.15934020288096676,1.06215415021853,0.12848932325149115
spread,BB,201901,318,0.879312548456222,0.8881894969054795,-0.339529940982573,-0.31722321630193756,-0.21549995582625658,-0.199027336454546,1.2585298461422816,0.1610054674245625,1.0636108058008167,0.13809580089044943
spread,BB,201902,323,0.9459850549729377,0.9496726940578835,-0.36754182985169664,-0.3498127686266361,-0.1415313646434928,-0.1362290527613877,1.2588563824322796,0.1715802656957571,1.063511439665316,0.1383740187151178
spread,BB,201903,317,0.9624234570395533,0.9615466115462614,-0.17918802301550765,-0.1752538891178932,0.05509015060134304,0.04539594120222612,1.236974666374029,0.16869729621220025,1.0670537010444303,0.1436908890893448
spread,BB,201904,317,0.9561847383439317,0.9575283244646206,-0.3831293194573258,-0.37584227864958053,-0.1105298885916224,-0.11474051206330044,1.2437715320916953,0.17770889646007051,1.0705109521060925,0.1461958705673113
spread,BB,201905,321,0.9042533189082087,0.9050086460752865,-0.12546842364763394,-0.11384890445238549,0.06581964358274801,0.06170354529319733,1.2329082149600934,0.1723608448761894,1.0552463300801018,0.1451143081871358
spread,BB,201906,322,0.9380248961466249,0.9377179687344561,-0.04216831526583662,-0.0327467582888427,0.15193481396335878,0.1466824170561731,1.2285369613271055,0.20536625673896744,1.0479565143598049,0.1733866652106347
spread,BB,201907,326,0.9680674565402407,0.9691194223054239,-0.10777388570633459,-0.09374589233722969,0.20917621692766622,0.20089588821590784,1.2291036011093792,0.20554570421812854,1.0374153743365084,0.17068451939328086
spread,BB,201908,330,0.964073420918642,0.9635008612674634,0.1692371895015971,0.1681384945441493,0.3986291216155369,0.38708118761142407,1.2058909944092826,0.18895469968479683,1.0401695295008277,0.1631456432296975
spread,BB,201909,325,0.9744216843353632,0.9717073224446541,-0.040765221391612566,-0.038343168231398154,0.1597783999752528,0.148651349559422,1.1941726010464202,0.1783541790548014,1.0400774896454201,0.15015941732420818
spread,BB,201910,316,0.963360501873218,0.9637500696423101,0.08734843567620264,0.09328881935766101,0.29318334369646115,0.2921023543729246,1.17755435715256,0.16784742686032578,1.0265847214321446,0.13782866227926802
spread,BB,201911,299,0.955244500959616,0.9577094963289183,0.033606881282898605,0.04540419961913338,0.21224574083634487,0.20829252799336143,1.172374358876721,0.14254566703844673,1.0330504695078697,0.12442584802404574
spread,BB,201912,290,0.9783610701740074,0.9790896200786562,0.11584056721327204,0.1273611363961621,0.2892455566530579,0.2798663150283313,1.1761390632727156,0.13082878860352434,1.0446211844816775,0.11239573976562095
spread,BB,202001,289,0.9623111721181263,0.9660732431954386,0.16092600326134512,0.19422276428899898,0.3156743427594162,0.29956308615584903,1.1745437652524957,0.12813966738421684,1.051769146694693,0.10794551269964339
spread,BB,202002,290,0.9190652718729984,0.9229394662244492,0.008974647727241188,0.027114136558439403,0.11496625650957447,0.10972252991276757,1.1659077798412856,0.12326505493893176,1.0574699799341478,0.10778638893280884
spread,BB,202003,316,0.5192366419182545,0.5138739806319739,0.006812853968588723,0.0005057976100308935,0.020776835271903757,0.010678413339684752,1.1575909764772645,0.11814472575041132,1.0621671547796965,0.10956185443998928
spread,BB,202004,309,0.8097426277131167,0.8198716244213948,0.28646192085404965,0.3063989867437438,0.2827878929126461,0.2971677469527718,1.1480655971935148,0.14131224438073223,1.060239467515885,0.1325291388039753
spread,BB,202005,306,0.8763190843371101,0.8943439712100314,0.17483829572658455,0.21359973304750773,0.18009022939307082,0.20659840613753502,1.1388122243999088,0.1465696276016122,1.0511525200456724,0.1336522028945669
spread,BB,202006,302,0.8877775939479592,0.9056423295510322,0.25975334987020077,0.3143048312257417,0.30285231554991987,0.3200067704405722,1.1313704044371276,0.13205653267253115,1.0424632414879746,0.122811287856412
spread,BB,202007,294,0.8204714648992452,0.8499465031937021,0.13472387941910902,0.1945941778919051,0.16330215855280755,0.19891452892220918,1.1035119813998369,0.1498669722533137,1.0358416101246166,0.14330184702625143
spread,BB,202008,286,0.9464181105814402,0.9579760839440823,0.2871858019222982,0.34479540197238434,0.32037389059899163,0.3158617344761425,1.0992677075918447,0.18823209099425944,1.0384454337167215,0.17960706471125695
spread,BB,202009,259,0.9390133432706945,0.9548942029403573,0.266477000862859,0.3507457995999617,0.2903199125437622,0.287363798458221,1.091881353578865,0.21781948087641614,1.0453370345912858,0.20522786340349655
spread,B,200307,86,0.6485871975093165,0.8513595109536019,-0.011236379074484644,0.31679151651503273,0.13524222840700034,0.2854029473493435,0.7819543773200772,0.3582396993007398,0.9255428591606514,0.22852155229457638
spread,B,200308,88,0.709157031807211,0.9126211882745096,-0.33431369095840235,0.0935155507026875,-0.16875066042055584,-0.11595223838540385,0.7819543773200772,0.3582396993007398,0.9255428591606514,0.22852155229457638
spread,B,200309,94,0.7561707769105324,0.8391666997854822,-0.060954376332044945,0.28983339836322175,0.24766824404869411,0.10615255682505714,0.7380621592884912,0.3372054931449664,0.8927339525394076,0.2573595351084328
spread,B,200310,97,0.6193719755943614,0.8535821243935653,-0.21453555649063746,0.2252334881714785,0.056937723543025454,0.15318007436200212,0.739308656870973,0.35366436844012256,0.941613523686785,0.23610541405949423
spread,B,200311,98,0.7905806896008889,0.9657885341418363,-0.03472766801190954,0.3977647291343903,0.2300620341857455,0.26836639060497675,0.739308656870973,0.35366436844012256,0.941613523686785,0.23610541405949423
spread,B,200312,96,0.5973026224350082,0.7811433881130502,-0.3083966359196961,0.07681794905751259,-0.13381714595767769,-0.030588817786454333,0.739308656870973,0.35366436844012256,0.941613523686785,0.23610541405949423
spread,B,200401,106,0.6273821249804442,0.8045726838168851,-0.3977882459631711,-0.021155304318540357,-0.30315137164017436,-0.24171660759481084,0.7288310584621639,0.3695315510496205,0.9182057984515719,0.2512083920380332
spread,B,200402,101,0.7220405417635208,0.8958753159769414,0.011089108910891087,0.39839602560657406,0.30687245195107743,0.4072021596150698,0.7151179623020647,0.3398362185483333,0.8990637906855646,0.2535279115667309
spread,B,200403,106,0.7914844521573217,0.8998480982074919,0.2083532760662015,0.5138134212007668,0.48948283245585306,0.5269076426639452,0.7151179623020647,0.3398362185483333,0.8990637906855646,0.2535279115667309
spread,B,200404,107,0.6668413705352951,0.8491530903141745,-0.302709692588021,0.08046337341822177,-0.2090656164893513,-0.0038255247239076637,0.7151179623020647,0.3398362185483333,0.8990637906855646,0.2535279115667309
spread,B,200405,108,0.7262607089017654,0.8761161432221379,0.011260681928606133,0.3551895128486039,0.04508083492907295,0.1227534499116021,0.7386720864356168,0.3354546518388457,0.9154556630306193,0.2600427090231724
spread,B,200406,106,0.7151727977592776,0.8787966576312588,0.03001234350202786,0.3882518314446775,0.1446359791323307,0.2769426873757017,0.7480539866160579,0.3280568549294494,0.9184687728409318,0.19912238019763565
spread,B,200407,110,0.784914387738237,0.8745404339272711,0.20719518517683655,0.43057794048686765,0.19447287153709172,0.22793472895543349,0.7480539866160579,0.3280568549294494,0.9184687728409318,0.19912238019763565
spread,B,200408,108,0.8574409100002857,0.9162589969284594,0.4093095925386074,0.6271429456135703,0.46338373012470585,0.4633430666026949,0.7654496101525444,0.24307236541513844,0.9316461920828082,0.14983261772254694
spread,B,200409,111,0.852890719956963,0.9411984082154834,0.35012285012285005,0.5716040716040716,0.2682081432081432,0.3139083889083889,0.7609465322369359,0.2063783985124509,0.9245055058081144,0.10546699794882056
spread,B,200410,108,0.8763197694720735,0.9564311300910673,0.48769613307039356,0.6973351085006214,0.4664799413148894,0.4929608661804501,0.7360606407022823,0.15577123106432644,0.8932241912978878,0.04571431265122765
spread,B,200411,109,0.8336403042572602,0.9393096929342915,0.3354184042257437,0.5734123812508615,0.2942266703734594,0.3511700804232749,0.7323482168230709,0.1969825204646603,0.8890574989259018,0.038758603598274655
spread,B,200412,116,0.850726272877197,0.9459996617119971,0.16809287663860378,0.44266199206128676,0.05135893591665706,0.10320668439039302,0.758556703276699,0.14073184870946098,0.9251723868646445,0.004122406310524517
spread,B,200501,115,0.8965416565583146,0.9550538745911566,0.40170441095241854,0.5912660602592983,0.28128304268918175,0.30020575279343664,0.72564666314498,0.11675404586503416,0.8931379558558111,-0.0034837336563813374
spread,B,200502,115,0.8772244766062044,0.9064223658428145,0.6213445908624635,0.709348041798985,0.48730371656277127,0.468599519845305,0.7053840226203706,0.13005466774264246,0.8948485950253116,-0.010381210774334034
spread,B,200503,111,0.8925934213556489,0.9222854761065113,0.42604422604422604,0.525143856258233,0.007511407511407511,0.020235303409332196,0.6981137901090362,0.10372630221396081,0.9024863961085081,-0.0319934403698559
spread,B,200504,100,0.8572002916338961,0.8967647473614982,0.6006600660066006,0.6712791556025781,0.36028802880288024,0.3911634633341551,0.7278122024298341,0.09236878511734632,0.9381338578290347,-0.03177059801082456
spread,B,200505,98,0.8665332041387989,0.8696663957072512,0.5336151330260314,0.5672416376340995,0.22665748586219864,0.2386825503603172,0.7243451869910166,0.09764887870436736,0.9337469409366536,-0.008868135785191966
spread,B,200506,104,0.9468125115058524,0.9555768343427329,0.6974893243632097,0.7301989507036859,0.37903120407476143,0.3793853039486232,0.7167962955753566,0.09700540212908464,0.9258632989472,-0.019714589674587907
spread,B,200507,105,0.9452699182851525,0.9530269180329567,0.600622019489944,0.6250327209038224,0.11443085216670122,0.10262829833203224,0.7166071742821721,0.09264874620912876,0.9369956051448712,-0.01896796266252915
spread,B,200508,104,0.9075933735052382,0.9158055894889016,0.5221487250613465,0.5435734118588946,0.08314307052171131,0.08009196653172235,0.700394156857529,0.10565745490203872,0.9216904344216327,-0.0031632953330671004
spread,B,200509,101,0.9012944277954198,0.9151237354797099,0.4177169481654047,0.45676312394813334,0.0735818287711124,0.08619128186198999,0.7403974638044574,0.10142103539217852,0.9459069000507112,-0.0005385247736128643
spread,B,200510,103,0.9172995502683571,0.9220842337373953,0.5559790010104116,0.5781830463226391,0.20850722663972235,0.21771923901635204,0.7690940945878117,0.09301094455979068,0.9752891168768196,0.004326693314815928
spread,B,200511,101,0.8289040705095185,0.8430208855082761,0.34704717530576584,0.3803982550923869,0.058462434478741984,0.07391423363103596,0.7990319502503973,0.06681420382693555,0.9810847951332227,-0.008655226896654643
spread,B,200512,116,0.8962801077308955,0.9013118566873287,0.39128128243570526,0.4094622283589567,0.11285126667435513,0.11376278692578937,0.8061188636226377,0.09023186345301339,0.9691159889686495,0.00969837586184414
spread,B,200601,116,0.9151997662765748,0.9187340823267108,0.3316418713720063,0.33855959651273965,0.09409910429400685,0.09629471588240603,0.8414966679540281,0.08125206216883699,0.9907254468126926,0.026757407873718223
spread,B,200602,116,0.9670395571445047,0.9673526737907749,0.32103948025987006,0.3274727682718974,0.05987006496751625,0.05755232510182045,0.9112161815987995,0.051396141823282816,1.024341286105742,0.016118289283375598
spread,B,200603,118,0.8992964317619536,0.8953814296711461,0.07481219345626125,0.07186133905974385,-0.14211942925801352,-0.144938809943795,0.9300062362982102,0.027350513213126204,1.008207977996599,-0.008587002904776845
spread,B,200604,117,0.8886482800752155,0.890496974692318,-0.03775719702078557,-0.029039152840556658,-0.24835528780590146,-0.24237258608103882,0.9217611128661503,0.00987093963284366,0.9883437428640209,-0.02248265846085592
spread,B,200605,120,0.8924416232582861,0.8945995874738807,0.09179109660393081,0.11787297359725663,-0.07826932425862906,-0.0812036967910398,0.9976096213058854,0.056029380530678664,1.0366143238751488,0.031664714005744686
spread,B,200606,128,0.8714170448380455,0.8795035765379113,0.188344322732297,0.20896047656640276,-0.004826847227572045,0.002855495613063725,1.047224458358198,0.09675234676953355,1.0577480423923629,0.08461225176798044
spread,B,200607,125,0.90122550300119,0.8956764578517645,0.20167741935483868,0.1955157942635633,-0.010832565284178185,-0.023932558725851004,1.0779809220741166,0.13880486926701222,1.0580559288143572,0.12393876935508505
spread,B,200608,127,0.8939628063534945,0.883197192527044,0.30876218597675287,0.29807396558165233,0.1829244000749906,0.16290882460707024,1.0796755502516304,0.15705745070624258,1.0836330440056676,0.1427386130796793
spread,B,200609,130,0.9131203664135655,0.9170313906130313,0.11524669188436273,0.13403706181977088,0.007174753171557715,0.007557115350475905,1.0717145529633523,0.19228113945352585,1.0752730036122353,0.17781075307342473
spread,B,200610,141,0.9243597468681155,0.9286514683407654,0.1353396977610343,0.15106811079241403,0.05865405197140288,0.06481441842544629,1.0661428948655238,0.20215747873385315,1.068336981256681,0.19043173962261933
spread,B,200611,127,0.9238006939681915,0.9296868820908508,0.19017739970003747,0.2130329008191943,0.11442514998125235,0.1207325093127866,1.072799342288569,0.21953175698183,1.0626738404468024,0.20704216345481952
spread,B,200612,127,0.8973357744454464,0.9196173692461094,0.21511502729422224,0.2677181038989264,0.1623110035724867,0.17586576599347808,1.0854930635164453,0.19956233526985276,1.077717798336403,0.19212532817789146
spread,B,200701,123,0.9059126826393159,0.890611875071886,-0.14728302227496098,-0.1670498479644184,-0.1598070449239659,-0.18655501204457836,1.097587825607206,0.20471872628879953,1.0895430567461175,0.19059446311337502
spread,B,200702,118,0.8479782043924973,0.8552802652972179,-0.013954473575610166,-0.00029947227145609123,-0.018475708405917782,-0.011672114385044728,1.1059283391197847,0.21980509178831723,1.0796787398310976,0.20548317105937156
spread,B,200703,109,0.9410570895156598,0.9338649590792816,0.20205726994717824,0.2119341850012698,0.15941988694282275,0.13849696735144962,1.1037968623471845,0.2910503147756042,1.0757116078420672,0.2699634319493483
spread,B,200704,118,0.8980377405586923,0.9106407222429036,0.013275192736807892,0.053119225179122626,0.006913325956197342,0.02737950025217479,1.1029191091189154,0.2824947970450448,1.0699652491683436,0.2610417635542469
spread,B,200705,113,0.8745160338531643,0.8959947433943544,0.12564042850489057,0.1724097778502798,0.186314791403287,0.21103126482253,1.050585129456659,0.24439668844765275,1.0344422663904709,0.2285669179755369
spread,B,200706,105,0.8515905639268664,0.8419964077977268,-0.06705370101596515,-0.07702256146408522,-0.07160481028405556,-0.08677802688406022,1.0375375697087184,0.22647812019389646,1.0205073765261443,0.21071882423183763
spread,B,200707,101,0.7339974781553491,0.7434776657952239,0.08241118229470006,0.09729817879127624,0.08569598136284216,0.09760685851568289,1.0285102047273302,0.20280882955910934,0.9965686271297219,0.1844343741734546
spread,B,200708,95,0.8088382477679049,0.8105138281876495,0.2913353863381859,0.29881123604338916,0.2958426651735722,0.2890827585500573,1.0291231322745304,0.16249425371610893,1.0022543931015302,0.16052975551871285
spread,B,200709,91,0.8553705023578803,0.8617319047516713,0.3731326644370123,0.3942378901055884,0.3640547857939163,0.36720311518217247,1.004417997681102,0.09501444794917216,0.980080000332722,0.1016454496311158
spread,B,200710,79,0.8840555014605648,0.8992995332416609,0.41095423563777994,0.45963035316304623,0.42580331061343724,0.45046525357001144,0.9948257615819278,0.11342557552460045,0.9851092244287829,0.10865836016186425
spread,B,200711,77,0.8390031021609968,0.837898943162101,0.12158893737841105,0.14425048635574952,0.12737262737262736,0.1097323728902676,0.9840055640482468,0.10489189874844299,0.988183800066866,0.102539192154147
spread,B,200712,73,0.7916325996344833,0.8596485816242805,-0.010273972602739729,0.1555905220288782,0.05868196964087376,0.08901024311983217,0.9847793465531909,0.15782190144217553,0.9958682394296965,0.15331269979371145
spread,B,200801,72,0.8700559521512637,0.9278880940181606,0.14933436233841407,0.29717822979964764,0.2649366518747187,0.3318112388884558,0.9885002206554893,0.18078662742788407,0.9954739813056782,0.18952261533021691
spread,B,200802,72,0.8179852240378159,0.89017694209049,0.27689883593800246,0.46896906553476114,0.43256801080455337,0.39967200463052294,0.9809303787987509,0.1778285342276795,0.976794805504258,0.1861879333357405
spread,B,200803,50,0.7378151260504201,0.8550780312124849,0.06343337334933974,0.3151500600240096,0.27740696278511406,0.3938055222088835,0.9689869530432814,0.1588944445624283,0.9699660961069093,0.1693457043086906
spread,B,200804,52,0.7491408936414361,0.8305905959075403,0.07961409576849271,0.2369639922846665,0.0970310132342005,0.15577042115776402,0.9849589011329726,0.15757679646071082,0.9952421162676107,0.17552157942249136
spread,B,200805,55,0.6034380130493401,0.7466358815253075,0.0034632034632034636,0.23297678533345118,0.10909090909090913,0.16226843921180914,0.9976854935446504,0.16983630281177817,1.0105526849280637,0.18940659631688705
spread,B,200806,40,0.5377110694183865,0.5446784564367224,-0.014258911819887431,0.15422862252531377,0.125140712945591,0.05403630570229971,0.9833450931160824,0.17772746606763604,1.01045542969703,0.19837987259697465
spread,B,200807,37,0.6751229933026132,0.823069173397725,-0.25936462778568037,0.04243717401612138,-0.24371740161213842,-0.09174964438122332,0.9938292636605144,0.19205083801100364,1.0116952900709044,0.21604756462548677
spread,B,200808,38,0.6579494474231316,0.8966460592290505,-0.16161505635189843,0.23253269170877863,-0.15942663311084362,0.09432620247198456,0.9830214236285508,0.1968760777648346,1.0056484384214428,0.21962755203387008
spread,B,200809,38,0.6297187876135244,0.5957982273771747,0.05263157894736842,0.10077689025057447,0.09705657074078126,-0.04059525112156691,0.9966218744606702,0.20318057190507624,1.0112199919733933,0.22959844083048772
spread,B,200810,35,0.5467787114845939,0.6857142857142857,-0.24257703081232493,0.04201680672268908,-0.07787114845938375,-0.04005602240896359,1.0222390578220215,0.20521088765490475,1.0479850310731709,0.22736931435050986
spread,B,200811,35,0.5925199665917925,0.6323014489823526,-0.0288515406162465,0.21764705882352942,0.1893557422969188,0.08459383753501402,1.0156194522799977,0.21393420453608564,1.0642014109843245,0.25086103163617735
spread,B,200812,32,0.7739688489351482,0.8050233785770662,0.2441348973607038,0.3226102112348744,0.3577712609970674,0.37760058814990977,1.0235554946054297,0.19956483512115522,1.0615574602203943,0.22626174511031547
spread,B,200901,32,0.7379032258064516,0.7844179783499524,-0.13086510263929618,-0.03941338288040191,-0.0879765395894428,-0.060494959769919206,1.0245885885889408,0.19358978844192884,1.06451009973535,0.21947076018244216
spread,B,200902,33,0.6854946524064172,0.7780748663101605,-0.27439839572192515,-0.05080213903743316,-0.01036096256684492,-0.06751336898395723,1.048499844203843,0.18216638769073376,1.0961358378241426,0.2009624124726473
spread,B,200903,33,0.7730614973262033,0.8830213903743317,-0.19385026737967917,0.21223262032085563,0.1554144385026738,0.15675133689839574,1.085782018203013,0.2155515057114474,1.1123625028297095,0.21198747162839998
spread,B,200904,34,0.6877005347593582,0.8224598930481282,-0.3518716577540107,-0.10282658517952635,-0.30664629488158895,-0.21527883880825052,1.0790862853630199,0.20432604786951428,1.1027268359319027,0.1879740914391747
spread,B,200905,33,0.49766042780748665,0.8014705882352942,-0.4899732620320856,-0.02540106951871658,-0.49699197860962563,-0.3208556149732621,1.0496479657897626,0.22001387872228798,1.0935388268497426,0.18357961997471478
spread,B,200906,34,0.5639419404125287,0.9101604278074866,-0.29931245225362874,0.3436210847975554,-0.2323911382734912,-0.1419404125286478,1.0509999935125907,0.23633831266182861,1.1127602034400468,0.20320712638106203
spread,B,200907,35,0.4106442577030813,0.8030812324929973,-0.4977591036414566,0.18599439775910365,-0.3512605042016807,-0.21372549019607845,1.0462997761388282,0.23649343581907953,1.10482206003856,0.1738058382410503
spread,B,200908,38,0.549184812342707,0.8474669000984789,-0.31108436371594267,0.3445672393040814,0.021337126600284494,-0.06247948353211511,1.0422067204392127,0.24547886584905887,1.1030904851838508,0.1746173072921584
spread,B,200909,39,0.6263157894736843,0.9190283400809717,-0.4255060728744939,0.22327935222672063,-0.2987854251012146,-0.08846153846153848,1.0104898266063729,0.25097239557933676,1.0949844936257973,0.1831801465293769
spread,B,200910,39,0.7985829959514171,0.9279352226720649,0.06315789473684211,0.4639676113360324,0.11983805668016195,0.1360323886639676,0.9830948905489343,0.19633293375561045,1.0874135443847877,0.1404685309566076
spread,B,200911,42,0.761769710720363,0.9542986791994167,-0.012883882991653838,0.49534073413823837,0.18029333117251442,0.2806093509440078,0.9530790617337815,0.1917161319094248,1.0886568367467564,0.1385308316063264
spread,B,200912,50,0.6727971188475389,0.9123169267707082,-0.2847058823529412,0.20720288115246097,-0.3273469387755102,-0.17522208883553422,0.9218241555920693,0.19571926482519467,1.0390354459446245,0.14135656895922766
spread,B,201001,55,0.6893939393939396,0.9244588744588748,-0.21919191919191924,0.33109668109668117,-0.14242424242424245,-0.0940836940836941,0.9215544248888339,0.1539268183172418,1.0406039414981607,0.12088290485565724
spread,B,201002,58,0.5246935417511583,0.8640949920019688,-0.1794887569596112,0.42874940405274337,0.007720938816943001,0.2581786302349458,0.868756135317879,0.13444918483228313,0.96830949415238,0.09525479240833419
spread,B,201003,59,0.7091174751607248,0.9363666916062608,0.04143775569842198,0.5257236371636175,0.08831092928112218,0.3003258376392717,0.7855484329441667,0.13193759612511416,0.8744528542111042,0.09146108633952696
spread,B,201004,66,0.6683853459972864,0.8763803360818287,-0.14263646800960236,0.3153950527084856,-0.38311240997808166,-0.22229412378666114,0.7811321043925188,0.14625401610488395,0.9253561596227655,0.13003439407917414
spread,B,201005,66,0.6900676354208962,0.9236806949240347,0.14543367080680517,0.6108965661204468,0.3166057822774241,0.4231082350485337,0.8460769808921799,0.12773260454665114,0.9401998069350372,0.11514894940385631
spread,B,201006,67,0.7786091989976699,0.9249418831337651,0.12467076382791925,0.477197673398255,0.2413600446963046,0.3730582354946174,0.8069679060898272,0.04209661686283701,0.8475458400432836,0.023983287026124952
spread,B,201007,69,0.7797953964194375,0.8956502677831363,0.27208622579466574,0.550521566068591,0.3453781512605042,0.38809623857843534,0.8197582351484498,0.0391538302297566,0.8855621375011413,0.05106847650921931
spread,B,201008,81,0.8782330325282903,0.9563616859255276,0.33692411924119237,0.5882857756221437,0.47968879680527865,0.4512836147928994,0.8415526349875836,0.030560605260069,0.9058159929116604,0.03406839004224573
spread,B,201009,91,0.8862539617935848,0.9487720583550996,0.19995222169135213,0.4363343898369874,0.34653607262302916,0.3250250840527518,0.8567571849992767,0.02341785523350046,0.9078026598255661,0.02700465557455393
spread,B,201010,104,0.8593642893562238,0.9005881333390489,0.15431558732529607,0.3589710762081633,0.2782353568761336,0.22563987667854862,0.854683864369493,0.06620066049908448,0.9390902748983366,0.07576153740349457
spread,B,201011,106,0.8413797620697384,0.9137054558944683,-0.0184346424163035,0.2240829888487067,0.12511272892158098,0.16497006063498104,0.8693192358499119,0.058444635321314505,0.915999983681151,0.0737699292214837
spread,B,201012,109,0.8385313619372838,0.9085247755052868,-0.12681864516726904,0.14337013886790392,-0.10823834677045686,-0.09041372631793061,0.8960599622030146,0.0498625961816808,0.9547999182565724,0.06585103554989911
spread,B,201101,109,0.7519588173503821,0.8970150775190205,-0.09075155221944214,0.25550577104236394,0.0722546566583264,0.1415445350053884,0.8006876336491192,0.07084111012252167,0.9477220505933326,0.06355175092644334
spread,B,201102,106,0.7259339496687407,0.9105899956952481,-0.2769025367156208,0.1843267358414188,0.018867924528301886,0.08582030334889651,0.8041696951687177,0.06016854857187343,0.9606405706523193,0.04678592365827564
spread,B,201103,107,0.7376263449379558,0.8516385955324602,-0.2080957699014479,0.23779854620976118,0.1619056015987774,0.10359724916240522,0.7757810783318676,0.059846690921556776,1.0401191372888117,-0.07359076103988267
spread,B,201104,107,0.7422760703491246,0.8891101281881725,-0.06363761045475029,0.30616028547833685,0.11325652932071553,0.09495259717774156,0.7684583830662935,-0.027718042286431228,1.0450403433531648,-0.152007335406827
spread,B,201105,104,0.7768558008557476,0.937988776165871,-0.02339699135815641,0.40704475925307637,0.21625946868665316,0.19369087025214862,0.7282792455377598,-0.03359082958569318,1.02565362477886,-0.12690822939146304
spread,B,201106,107,0.8014822217536187,0.9500055106576797,0.06425478555614335,0.43501644579874826,0.21900899312290603,0.25343426946692676,0.726432129241213,-0.009399758390451738,0.9995445931566882,-0.10665647070298116
spread,B,201107,106,0.8517109691569373,0.9599231161152588,0.008469153840340578,0.3937435133106628,0.030939365695140688,-0.08145323002512427,0.7352532372172277,-0.06679183659323706,1.0113334670305276,-0.13595195572817687
spread,B,201108,110,0.7170225571385282,0.8589152598939381,0.06823253612244437,0.386373267696678,0.16465523071027657,0.21605940112205285,0.7449018820248207,-0.09072150740075659,1.0308657458426354,-0.15002947792329305
spread,B,201109,116,0.8042002399056739,0.9013118567006488,0.30007304040287547,0.5210827683913221,0.27352477607350173,0.3340566909949104,0.7911297817017822,-0.12125921767152999,1.0009890101734003,-0.15315531885941702
spread,B,201110,119,0.80294689467137,0.8235799961200294,0.0022717602046756643,0.08420542877398517,-0.15052699045719986,-0.18762451596417065,0.8353387901565789,-0.12516680176574727,1.0488413649419188,-0.14704172842766206
spread,B,201111,126,0.7858981204328435,0.8516522083476639,0.11254293213348332,0.301647104000053,0.05216655743021605,0.06826297910064676,0.8378824160850485,-0.1400632647926424,1.04513769141536,-0.15147666656357367
spread,B,201112,124,0.9012945773251205,0.9222133927107619,0.3330039339103068,0.4540439151679925,0.26518332022029895,0.20614069595915133,0.8239875491959904,-0.15120452128801892,1.029109106039564,-0.15867244594195307
spread,B,201201,125,0.8995542229050837,0.9228689577201704,0.23335791090629793,0.3151714751826707,0.10036866359447003,0.08788045431824673,0.8658777228734733,-0.16618933291639826,1.025193783407421,-0.1575774210816321
spread,B,201202,127,0.9351051847608937,0.9471738515921571,0.32330919572553424,0.42011863786339165,0.2941097206599175,0.2415496155264849,0.8625280365574923,-0.17558191204945853,1.041677685843909,-0.16525954630385542
spread,B,201203,133,0.9270003366625519,0.9369866367758366,0.3888860550290244,0.46983869507426296,0.33806021158731286,0.32946553476518403,0.8633117836828963,-0.20065203452650207,1.021661141046787,-0.13138166797587503
spread,B,201204,135,0.9032029919202172,0.9288566805374334,0.3581260364842455,0.4816603258218711,0.30208760120963807,0.277260755048288,0.8411320481840484,-0.18558890577427908,1.0636313473973282,-0.14010672916142072
spread,B,201205,132,0.9039409766609444,0.921178853894759,0.38643798949142455,0.45080608237399533,0.2737134300010957,0.2648468776149962,0.8427558090590531,-0.18631037469036238,1.1052049466658216,-0.160825704934752
spread,B,201206,136,0.9498054117424418,0.959533035881229,0.539573493631029,0.5887934735938171,0.34094270311530933,0.3298792996517341,0.8278237238994708,-0.18064265681407699,1.1083920050130007,-0.16120037850416777
spread,B,201207,141,0.9523705556435049,0.9580909203794387,0.4618952672369476,0.5189734961846564,0.21634510932105938,0.21467620478753224,0.8197546329417444,-0.16737487717749505,1.1161691202314161,-0.1562780081750195
spread,B,201208,136,0.9381028315721948,0.9489002168317755,0.48219073517484845,0.535285214547891,0.22206001622060015,0.20822981755395942,0.8224216650519567,-0.17742339907468505,1.0982117670658516,-0.1593599620250317
spread,B,201209,155,0.9400089427138829,0.9653779470731946,0.44516648284510824,0.540010118946655,0.15753130541343244,0.1831770912222133,0.8301044688801076,-0.17065912332131813,1.1380332905114423,-0.15988697706093313
spread,B,201210,162,0.9471455819892385,0.9622189887343984,0.48069114726890133,0.5546246357956981,0.18187989460328752,0.16128661218616575,0.8479271233029984,-0.14523651672864704,1.1437281623904274,-0.13084634672643655
spread,B,201211,164,0.916656180986011,0.9331857853334857,0.4779426768054629,0.5761047218287436,0.3063512576006964,0.292888930303271,0.8455451420075338,-0.14987223783686543,1.1230934044325682,-0.15172162404956835
spread,B,201212,167,0.9516068669076476,0.975684571929169,0.5146454079792223,0.617614567088778,0.3079065620909644,0.31315401457462577,0.8716026126873743,-0.11079212027558986,1.124639302049486,-0.10220023213533122
spread,B,201301,166,0.9373997758275961,0.96314174667199,0.36329400344983637,0.46474966698573467,0.15906893769962815,0.17356361115469043,0.883061653703624,-0.09863017360934812,1.142687128486683,-0.09712230688474904
spread,B,201302,162,0.936398425257846,0.9727171433271519,0.27381269925948504,0.4507875127022667,0.18390089208974245,0.173258439652425,0.9044491236935992,-0.08760781368664632,1.1283125100108042,-0.08722846758456787
spread,B,201303,158,0.9382878127302225,0.9686448677394751,0.24217664928904906,0.3976679356372759,0.18265057601706222,0.15565807038067778,0.903064032838162,-0.07712317263941641,1.1124910808402382,-0.08208175861592402
spread,B,201304,167,0.9504756101302368,0.9622931864681316,0.44991600276211774,0.5355797040772788,0.38632287919857367,0.3270975180848228,0.9492739224441387,-0.06688727217112594,1.121785730211011,-0.05702944682522948
spread,B,201305,158,0.9506614376479532,0.973150671594789,0.20397834364479683,0.3217553945256943,0.16115547212406006,0.167349071623686,0.9591680592978324,-0.05490350688413476,1.1006032745457788,-0.050883109720946625
spread,B,201306,158,0.9154317330160299,0.9551375325455507,-0.031189958607092932,0.13184332386241635,-0.05695365850319232,-0.02043793621742239,0.9688283646427177,-0.048638294695304174,1.1004226937359547,-0.05156017807669742
spread,B,201307,166,0.8920520467228347,0.9494648458962133,0.09715558837786874,0.30498398704698576,0.23211380007599886,0.28313317413445194,0.999671873562746,-0.05328238150664252,1.109619923818787,-0.05745693738433958
spread,B,201308,166,0.8476150124942328,0.9498360662207237,-0.16578234549520895,0.09084368340951285,-0.13126561772402623,-0.02638277387070294,1.0145221310681396,-0.05230637067410918,1.097918898941021,-0.05879715312928252
spread,B,201309,180,0.8341262263795889,0.9355290571167492,-0.0450384271119479,0.25434402608440154,0.043118614772060866,0.09095782058487697,1.013980814708821,-0.04508321669651768,1.096726831506385,-0.04983880375370644
spread,B,201310,171,0.9190556532909885,0.9553301429435426,0.2334773321813426,0.4614298159943594,0.46794585643314857,0.3749523002681984,1.0153297206193732,-0.04641435912139159,1.101075158778616,-0.048015017145021405
spread,B,201311,175,0.9052089351140259,0.9691774687270291,0.022615315718763997,0.2697923640677701,0.18676444245409762,0.21975194749707466,1.0422489467878813,-0.024955300649378027,1.1252932639107138,-0.021975497111090595
spread,B,201312,174,0.882479435610283,0.9543219016650811,-0.03689285002420342,0.2192418656219826,0.1388866425581594,0.1006969478501198,1.0721707127315725,-0.03030223250826952,1.1611139069254,-0.03373762864701191
spread,B,201401,178,0.8966044063263879,0.965736555024422,-0.024849749289574,0.2663129516304884,0.29219972997960486,0.20955647666641644,1.076177961294509,-0.03044599564177931,1.1601943481970831,-0.035979804454662714
spread,B,201402,176,0.9435057255924332,0.9741127215381761,0.07354949763316931,0.3128542899476269,0.4572853370959026,0.3253593045554301,1.0700893982609798,-0.03229418648859114,1.1600125232543685,-0.03501772106183931
spread,B,201403,170,0.9283668181683904,0.9818423524182288,-0.012559774647064002,0.22877569913270526,0.16069281495158433,0.14084235260877973,1.0780802823360458,-0.04062448651852695,1.1674809344538772,-0.041264542768884
spread,B,201404,173,0.9457859773053005,0.9872346441711592,0.04016576199062722,0.2699105250412336,0.21499228205496665,0.1561935421817364,1.0656538434228813,-0.04660062299561267,1.1665329588790738,-0.046495725076901674
spread,B,201405,169,0.9502125083450588,0.969106984694461,0.0645741136691363,0.2539647219773235,0.3523146536721198,0.2123046074998858,1.080104919083844,-0.04889410197926436,1.1662225150301277,-0.044383939600007576
spread,B,201406,167,0.9458796156761373,0.9654328351689313,-0.009584960887175736,0.15082667120152107,0.20375256371937708,0.11403663029148267,1.0839718684851571,-0.050187590222080775,1.142726297631263,-0.038890484656288
spread,B,201407,185,0.9040633487438032,0.9289429094534304,-0.11636215458094842,0.02016417149499754,-0.08254236003184111,-0.11495321434616444,1.0901419229491636,-0.044635009569099646,1.1336918900777981,-0.029132604046437027
spread,B,201408,188,0.9254521139077305,0.9600887478622595,0.039154281957786335,0.23003001592940606,0.11026228673287494,0.07562497065241895,1.10412019187276,-0.04457260596283482,1.1273926708924114,-0.027521519583026902
spread,B,201409,194,0.9096014624545015,0.9639961655305217,-0.07053946000583465,0.12527653140154732,-0.177151121940396,-0.10726870798703375,1.091622382950939,-0.049865966894544936,1.1212865883528456,-0.028006293646201746
spread,B,201410,191,0.9257034700532775,0.9649049838313539,0.34592102934740276,0.5349948957055635,0.41513692440109784,0.36720625966506404,1.084683596824766,-0.0567615530240678,1.1170835499843117,-0.03245992131987007
spread,B,201411,187,0.938310244927797,0.9773304509355896,0.10556083667634397,0.28495401370209783,0.007768141261621016,0.04513158178459517,1.088367106130217,-0.0646672019772219,1.1141071647761354,-0.03763382777769032
spread,B,201412,185,0.9495881258984943,0.9777636998054113,0.30916189681968087,0.467563432465342,0.35559304044577544,0.32862301484255657,1.0892048156540395,-0.09221410293733275,1.1010080937591296,-0.0551833947348632
spread,B,201501,174,0.9570557248213216,0.9745009388110788,0.24959138927646002,0.35380338928276694,0.20023690879580852,0.19449675872933433,1.0974899919530525,-0.10388208390894894,1.09646675082145,-0.060304113427074424
spread,B,201502,180,0.9515216269647581,0.9656023157106515,0.1270759385577744,0.1973229626428799,0.021333991789870055,0.011331625461691204,1.107123294891999,-0.10095761228697943,1.1091964121220392,-0.056515289229801605
spread,B,201503,176,0.9447671331189406,0.9735064351897491,0.022679959652193424,0.14579589015616348,-0.2042825249188758,-0.18950384052810976,1.1181101417354382,-0.08568433204859044,1.1201735134988926,-0.040509111853143855
spread,B,201504,164,0.9536944901489457,0.9586486135381637,0.06824643260375715,0.15981298495015123,-0.05082366384176947,-0.06903559652222171,1.1435978876403894,-0.04898384020033842,1.1156020125206922,-0.006539768064972059
spread,B,201505,157,0.8798207001225496,0.9126104153659852,-0.009498322366176917,0.1261810919854614,-0.1277699564001265,-0.09725964952586014,1.1553965277325102,-0.02758133321340141,1.136365984728473,0.0180997025734212
spread,B,201506,149,0.9254857858148207,0.9672108101934979,0.06257210230364593,0.24089374693126628,-0.08411028478142572,-0.038766762743705184,1.158883229686856,-0.0263503693487777,1.1352460268981026,0.020209822035091626
spread,B,201507,150,0.9304811693383973,0.9580902837672549,0.2672207653673497,0.4332496255415279,0.26302146762078316,0.2224162070167621,1.1629168883673358,-0.030738071475519244,1.1360778638757059,0.015552812773592238
spread,B,201508,151,0.9231499853175212,0.9616807990962151,0.12444405716277446,0.2805599173233911,0.19614499825723244,0.20568003778357793,1.1538159612628536,-0.024851657705429155,1.114428729435322,0.014076002095185227
spread,B,201509,157,0.9038637609344172,0.9167134400293829,0.013334242956108633,0.12643197864042482,0.08144431558121795,0.09622989493076445,1.1608405184437736,-0.022212154903259358,1.116982071803657,0.01198333613174057
spread,B,201510,154,0.866298660226554,0.8918428050072794,0.03420981295744104,0.12944001274921899,0.09457272645128433,0.09083374200248222,1.1629638766968828,-0.020113344979287177,1.1086844936259939,0.01099955003555695
spread,B,201511,148,0.941735011745676,0.9633944320758054,0.17554627424821062,0.27450726345094384,0.2564756553857617,0.26862135566534756,1.1588295784984048,-0.02431872666306811,1.1109319765102976,0.007705193016963202
spread,B,201512,150,0.9329977918994111,0.9409180529554307,0.22914618427485667,0.29808666711752896,0.391318725276679,0.3784388256174266,1.1608334666366904,-0.014983401251019844,1.1080567838534294,0.01240051543364883
spread,B,201601,147,0.9376212468967133,0.9370024971949059,0.2656164111868281,0.2885062921000238,0.367675962489456,0.3379445763038335,1.1790924756781311,0.0112442640331976,1.1289588333812102,0.03671169241556414
spread,B,201602,160,0.952514328621502,0.9636534231638479,0.5072596989487642,0.5371752943547613,0.5601925470082967,0.5636988885024675,1.18073347685325,0.030232697012015114,1.1314359712783457,0.045860663261255166
spread,B,201603,161,0.9476453829755949,0.9605011545428135,0.032846046289486,0.06286133296909484,-0.03749294590023754,-0.016042788437344985,1.1567949896930942,0.0255132674494966,1.1091622627729938,0.04184928728690695
spread,B,201604,160,0.9347706983829477,0.9477758595581705,-0.25344837688972227,-0.210413594939456,-0.16575354506035392,-0.17114672303859466,1.1385262793793711,0.011387526894967767,1.0908468651717822,0.03267801566134537
spread,B,201605,160,0.9171334817766319,0.9593569656583695,0.063898980428923,0.20095555700466816,0.10476678776514706,0.1818326976874285,1.1292231781654898,0.001874998877188969,1.0772628711540277,0.020314698049048594
spread,B,201606,160,0.975225594749795,0.9853714988866754,0.15403726708074533,0.23137231923121995,0.2639575764678308,0.26599378881987573,1.1242055014240881,0.001358541927043587,1.0746714679307952,0.01950796330021758
spread,B,201607,166,0.9557640179210023,0.9643177812948674,0.23197985190626416,0.27608528834991575,0.2418466462474832,0.23697752359465082,1.1202124414195778,0.007141437170312926,1.091842593976377,0.02402056146692723
spread,B,201608,161,0.9387045895442864,0.9525798453441147,-0.22461467678858987,-0.16138009070921663,-0.3184552564987348,-0.3032050143814149,1.1416939542754196,0.014705341014808391,1.1093740781295787,0.03545766809931513
spread,B,201609,152,0.9657093112563335,0.9649770278200047,0.12321366329731613,0.1514556869579926,0.022850757591290263,0.0019546417188040064,1.1605184208658652,0.031955818179808575,1.10235469158692,0.05126258334188521
spread,B,201610,147,0.9532058856136821,0.9672700621346604,0.03487370512810826,0.12430593006557357,-0.12788914158777173,-0.15046973387578008,1.1774681520361834,0.05177214329968098,1.111291708629407,0.06062535841074488
spread,B,201611,147,0.915063421454423,0.9401162653456515,0.14435318740602499,0.2414158844062594,0.02946754414464786,0.06671030150614579,1.1458214710424068,0.049079211580888314,1.0966609679698225,0.052960270399471765
spread,B,201612,149,0.9312142151700038,0.9518780694637939,0.03858516234355161,0.16965748169351638,-0.0422129512062398,-0.03409402157455559,1.144249214699019,0.057545627698789285,1.105812415236631,0.05725007089351602
spread,B,201701,166,0.917893786876703,0.9479853479855518,-0.07602101383213859,0.05853058981179515,-0.2032399603859095,-0.18316568363662042,1.143013073422703,0.05817065182303459,1.1088225551402866,0.050749522260726126
spread,B,201702,151,0.9346181060290514,0.9445910796088376,0.1001342803540641,0.24275225296663114,0.0040693656930702905,-0.032915707416708635,1.1472401910527283,0.06526473398149943,1.1140409482704487,0.053232697239272285
spread,B,201703,153,0.9475675195838903,0.9806005868690597,-0.09363649766126546,0.06222959361054325,-0.32389798024472943,-0.28401623380792557,1.1771803107584957,0.08195079262340794,1.1369426137487462,0.06525913272304357
spread,B,201704,154,0.9457452471245784,0.9731690547549066,0.10585278099509599,0.24594267126336422,-0.05728250244379277,-0.012738989538988558,1.0650579087083507,0.06050133923614967,1.0046008252215937,0.05011896392177613
spread,B,201705,159,0.9708897425606704,0.9862453212525185,0.3051707666587055,0.4145053357201533,0.12561499880582758,0.11958759193288929,1.0183520810228184,0.04731870341921683,0.9687084611870502,0.0456146490131036
spread,B,201706,161,0.9628522010192276,0.9718022911000438,0.29282838739360484,0.3698435052419141,0.21302334943639295,0.19943107192737877,1.0136474031297857,0.046335596187109085,0.9788829937063401,0.04230203560600502
spread,B,201707,161,0.9719030365769498,0.9806417941144742,0.04210087416609157,0.1295507383696105,-0.16797216471129517,-0.1854974486680211,1.018420945807433,0.04409069225781157,0.9926840582108087,0.0381047112372572
spread,B,201708,162,0.9592116405112862,0.9738949418548707,0.3230872147916693,0.41087358745400887,0.2423489297322319,0.2510510739371769,1.0103712279186325,0.03967106551262044,0.9860909936824254,0.035862384926772156
spread,B,201709,162,0.9625783014715467,0.9747331905080461,0.0177528822500815,0.08829463157312856,-0.14740156457947867,-0.1426739744513009,0.995586154110789,0.032745821229259044,0.9701317439205301,0.02918304773651106
spread,B,201710,163,0.9511308405517592,0.9585175178836446,0.12108944197826435,0.18168164735669032,-0.005880038350485754,-0.011837688990517589,0.9904211746633635,0.02562559953026238,0.9672856583316105,0.02333532427083374
spread,B,201711,178,0.9695955758360474,0.9833625731305239,0.23499540922771828,0.3210189280254147,0.09973625667470629,0.10859862819425722,1.0008648943108784,0.03564741402900707,0.9842333683025356,0.03193274075224317
spread,B,201712,176,0.9565446602162246,0.9641750848422576,0.01739159145938807,0.07919216376843495,-0.20524543253356814,-0.21028175214615893,0.9799439888678074,0.032241177578418705,0.9621758529937681,0.028760608099403416
spread,B,201801,166,0.9572552818584223,0.9677379579822317,-0.033460789264843804,0.016182760120131322,-0.20711217215076969,-0.1965266814848371,0.9773493946479141,0.032463124986972056,0.96089993016893,0.02862124639904737
spread,B,201802,168,0.9304113666158808,0.9426085746223205,0.31163286276137503,0.3742495950645231,0.21886151618993632,0.23985498076840983,0.9787071178427904,0.04084327042649672,0.9512376884648968,0.02599261284591505
spread,B,201803,163,0.9372037635631769,0.9451543963563689,0.4084991770163101,0.4629244898087533,0.3783092534401827,0.38167349831359726,0.9783823366395077,0.022379450857702286,0.9373959629843647,0.008065690273954804
spread,B,201804,156,0.9334797932702185,0.9454298895712676,-0.013437435792069035,0.03281445340595113,-0.08068151285739121,-0.06671945554757831,1.0540536636959708,0.02676659791059366,0.9813045628130346,0.02126520661214219
spread,B,201805,159,0.9359495758871293,0.9494154130985214,0.10100907571053261,0.15268390255552902,0.04373656556006688,0.06970085980415573,1.104661866498056,0.037391560251098716,1.0207311244857862,0.028052454451194125
spread,B,201806,155,0.9772774879284027,0.9801962728939214,0.24550610679642937,0.2869239104624745,0.212481067319777,0.21888038929147524,1.1063172172370803,0.04305268448948658,1.0099496896563025,0.035021090983067805
spread,B,201807,142,0.9736363150570999,0.9813941450858805,0.25476381574673457,0.28847898841173847,0.2699443199892706,0.288856197442126,1.1071013177278937,0.05155284198521129,1.0236333433911593,0.043957286281383505
spread,B,201808,140,0.951765655171975,0.955123292045219,0.16093240908792725,0.17653471008157112,0.10168157267499073,0.10639840195760003,1.0991737121293093,0.05548368385632212,1.0167317897401107,0.04570724966204975
spread,B,201809,140,0.985048386379049,0.987460297502818,0.0318777197087315,0.05012584488836827,-0.11372154555990469,-0.10961297503464801,1.1246211829908845,0.07160838541868352,1.0399164605793418,0.058284576863423906
spread,B,201810,125,0.9620137665353384,0.9622270524453357,0.37403993855606754,0.37688403616094635,0.3270168970814131,0.32414331271464547,1.1180859938433647,0.09187108530003431,1.039058615019613,0.07746214653322604
spread,B,201811,123,0.9485928947543022,0.9522091306051658,0.22385239452606057,0.2409781909468232,0.20660767950884165,0.21208647522708046,1.1189126810586434,0.09686220014118556,1.0382872824995517,0.08256389324578359
spread,B,201812,122,0.9326169244991177,0.9315277626373067,0.2644330697473077,0.2619593251623701,0.27547658622501414,0.2680362633637173,1.1177897221036535,0.10531523125269879,1.04024657828448,0.0886668688954611
spread,B,201901,123,0.8715932981646053,0.8753835165679249,-0.2065173930427829,-0.19787923198364446,-0.2076911171015465,-0.2015326152325807,1.1139071199796575,0.11390013689113367,1.043632049946118,0.11071326622054657
spread,B,201902,119,0.979007507887707,0.9824365249206769,0.12690499928785076,0.14462327303802877,0.1180885913687509,0.12903432559464467,1.0949930665484946,0.10387225990917923,1.0320959941577683,0.09998176087660848
spread,B,201903,112,0.9782861243038234,0.9806351036884454,0.08865787405610416,0.10408952100378964,0.05023576041275156,0.05992269417271218,1.093865830436831,0.1055263312224134,1.0325579978666035,0.09573166999431917
spread,B,201904,108,0.9721531528956718,0.9734773786047043,-0.24067564091571633,-0.2339497175302714,-0.2425143140225023,-0.23942762963598083,1.0956253728658312,0.10403290781354366,1.028009237481983,0.0941600029168616
spread,B,201905,108,0.9682613024265175,0.9695617173208082,0.2993988586889213,0.30815399125439424,0.328884316023131,0.333209484885726,1.082489956119772,0.10613203416911983,1.0233082392924433,0.0931508502918283
spread,B,201906,110,0.96136419989631,0.9635775920463634,0.1269210828843856,0.13387793376568558,0.11911277415864571,0.12238632367783764,1.0805466812570985,0.1124361498643216,1.0237690554709027,0.099245119846763
spread,B,201907,107,0.9776346403585234,0.977835413868412,0.08376927447638081,0.08893710921358697,0.06448989988048355,0.059508560876569264,1.0782575977519748,0.11574432806583429,1.0212633297368185,0.10351123950396937
spread,B,201908,102,0.9538933904812527,0.9572548565069173,0.3367976432137788,0.3465017062447938,0.3275129911620517,0.33353029819104696,1.0897287351516827,0.1280282476601792,1.0442820324408402,0.11612502837455156
spread,B,201909,98,0.9359511377184424,0.9343317458192273,-0.25632933585805456,-0.2573749274780202,-0.22424752468935086,-0.22899094033114648,1.0807198119734531,0.1275032777915608,1.0278271954446763,0.11759200799336919
spread,B,201910,93,0.9754743795925177,0.9751610484723942,0.17741935483870963,0.17610635313777565,0.30516845215004024,0.29988660439855563,1.078099893533414,0.12081877206385751,1.021081711675995,0.11106912413002203
spread,B,201911,90,0.9756141730097571,0.9786803200421454,0.05711816273614027,0.07249484502199534,0.09954315347573775,0.1080384740449289,1.0723142464544908,0.13981615731743624,1.0269450409776264,0.12013836266530199
spread,B,201912,87,0.9716589967141502,0.9711531013592466,-0.2526062550120288,-0.2517599136130676,-0.2293139899394911,-0.2327961325210636,1.078472762577258,0.1447463238578659,1.0316057421054758,0.1305115340554334
spread,B,202001,85,0.9744672119598683,0.9745258406351562,-0.21899550517881572,-0.20648817666601527,-0.16251709986320112,-0.16951338675004884,1.1149639041416806,0.12697196497687604,1.0629974825680675,0.12046669687333142
spread,B,202002,81,0.9516711833785003,0.9535338023846655,-0.11926377597109304,-0.1114285391730837,-0.1000903342366757,-0.09953816100635719,1.1205756696345928,0.11985825492544075,1.0608952949583885,0.10935182229039762
spread,B,202003,68,0.7133259533534373,0.7088597931060808,0.2661373439706836,0.260602359048746,0.280490132457915,0.26877123334732983,1.1156191990715552,0.12197332675051732,1.05266725900468,0.1144790505264322
spread,B,202004,78,0.7592534048230251,0.761099659833837,-0.093514080855853,-0.08109611907080261,-0.07300294642066793,-0.06690777576853527,1.1094127478090505,0.11732540226527918,1.0551891668025288,0.11001007499731776
spread,B,202005,79,0.8371470301850049,0.8540165530671859,-0.08782862706913341,-0.054186952288218106,-0.07760467380720545,-0.050925024342745866,1.1174594373647673,0.11521330597187099,1.057614862031445,0.10618447741133553
spread,B,202006,78,0.9203581228897685,0.9289571188305364,0.24890299573843874,0.27849365824049366,0.23951997369718886,0.24078453192377242,1.1133407428228168,0.11416008952862808,1.0568635134421305,0.10823518267660032
spread,B,202007,76,0.920246069719754,0.9297334244702666,0.19814080656185923,0.22474367737525633,0.2159671907040328,0.22195488721804513,1.1079121018565472,0.10932102217142736,1.0657932202026128,0.10057911191721988
spread,B,202008,73,0.9609712452178206,0.9648586943107492,0.1529680365296804,0.1817845242502777,0.18267925459706283,0.1867209675428854,1.0969634740881096,0.1068535025827471,1.0481862793537473,0.09666869625247619
spread,B,202009,59,0.9374031974545464,0.940822350558084,0.1986557568673291,0.2283459964932788,0.2624780829924021,0.24383401519579198,1.103789289309609,0.12963081579434876,1.0545945445004448,0.11585829862061145
