y_cov,rtg,date,n,rho_level_y,rho_level_self,rho_resy_y,rho_resy_self,rho_resself_y,rho_resself_self,slope_y,log_slope_y,slope_self,log_slope_self
duration,AAA,200307,24,0.9556521739130434,0.9956521739130434,0.5565217391304348,0.6834782608695652,0.8756521739130434,0.8191304347826085,0.38025800709001845,0.025844476719574048,0.9369463945742554,-0.07286093730365813
duration,AAA,200308,24,0.9426086956521739,0.9782608695652173,0.4260869565217391,0.5243478260869565,-0.25304347826086954,-0.3026086956521739,0.38025800709001845,0.025844476719574048,0.9369463945742554,-0.07286093730365813
duration,AAA,200309,26,0.9705982905982906,0.9897435897435896,0.45094017094017086,0.6020512820512819,0.3531623931623932,0.29025641025641025,0.38393617586364165,0.043789785622668574,0.9632095296027541,-0.10659521285263066
duration,AAA,200310,26,0.9439316239316239,0.9856410256410256,0.3989743589743589,0.5145299145299145,0.10153846153846154,0.11452991452991453,0.3848869495406495,0.056003343243862864,0.9599590278697266,-0.09330064098110001
duration,AAA,200311,25,0.8823076923076922,0.9415384615384615,0.18076923076923077,0.35230769230769227,-0.30999999999999994,-0.3230769230769231,0.3848869495406495,0.056003343243862864,0.9599590278697266,-0.09330064098110001
duration,AAA,200312,25,0.93,0.9607692307692307,0.11384615384615385,0.3946153846153846,0.2884615384615385,0.12692307692307694,0.3848869495406495,0.056003343243862864,0.9599590278697266,-0.09330064098110001
duration,AAA,200401,27,0.9662647036711045,0.9800030643868073,0.34615384615384615,0.5244200244200244,0.4157509157509158,0.21123321123321123,0.3857973629000906,0.05996785596083043,0.9704785808305721,-0.14488238273561177
duration,AAA,200402,28,0.9742747673782157,0.9859039369731732,0.43459222769567596,0.5307239682928881,0.35358511220580185,0.36376078074329465,0.38443238985046485,0.05832204288209038,0.9704335544631503,-0.208813577561523
duration,AAA,200403,29,0.7527093596059112,0.7866995073891624,-0.06748768472906402,0.06847290640394087,-0.5423645320197044,-0.6083743842364531,0.38443238985046485,0.05832204288209038,0.9704335544631503,-0.208813577561523
duration,AAA,200404,27,0.918192918192918,0.9615384615384616,0.09829059829059829,0.2973137973137973,0.24114774114774112,0.18192918192918192,0.38443238985046485,0.05832204288209038,0.9704335544631503,-0.208813577561523
duration,AAA,200405,31,0.948684348000965,0.972678702392488,0.16653225806451613,0.35967741935483877,0.1459677419354839,0.06411290322580646,0.3802211732270169,0.06330967753272307,0.9619190717170161,-0.197090634164725
duration,AAA,200406,33,0.966577540106952,0.9718392279272137,0.04812834224598931,0.20222278001580885,-0.1537433155080214,-0.3031670437592374,0.37786276565893984,0.08061636017000785,0.9701769669788995,-0.2341779250030148
duration,AAA,200407,34,0.9657754010695186,0.9871657754010694,-0.07165775401069518,0.06585179526355996,0.147440794499618,0.09671504965622613,0.37786276565893984,0.08061636017000785,0.9701769669788995,-0.2341779250030148
duration,AAA,200408,34,0.9660809778456838,0.9935828877005346,-0.29809014514896864,-0.13857906799083267,-0.08051948051948052,-0.10313216195569137,0.3835992491218207,0.08171223951999805,0.9915280699789014,-0.24010850228075667
duration,AAA,200409,33,0.9544580964217226,0.9949026524248845,-0.7038770053475937,-0.5718582887700535,-0.6727941176470589,-0.6784759358288771,0.38517043275141377,0.08018270847771389,0.9869741403865365,-0.2614140304877094
duration,AAA,200410,33,0.9656555561416063,0.9766003677085076,-0.8108288770053476,-0.7094509927000897,-0.02573529411764706,-0.04328570249925165,0.38733282287819937,0.08233572479136862,0.9871526269477305,-0.2778480892547719
duration,AAA,200411,34,0.952555583802249,0.9789899944531616,-0.8826585179526355,-0.7824293353705117,-0.46462948815889993,-0.5370511841100076,0.3896147705975057,0.09210230745940383,0.9895616280973042,-0.2558377603769479
duration,AAA,200412,34,0.9511803832481553,0.9860941320293399,-0.9184110007639419,-0.8099931263612004,-0.4811306340718105,-0.537245016465946,0.387205758015945,0.10414683749929589,0.9829797928117183,-0.20435361872484725
duration,AAA,200501,36,0.9371943371943372,0.9600360403430837,-0.8875160875160875,-0.7927151055735423,-0.45508365508365517,-0.5244867762968315,0.38516607596848473,0.10444960252331845,0.9842584788483216,-0.2520928101829732
duration,AAA,200502,36,0.8947232947232949,0.9619047619047619,-0.9521235521235523,-0.8198198198198199,-0.5217503217503218,-0.5145431145431145,0.38380579786844815,0.09655156005938728,0.9804645796866504,-0.2691607310290652
duration,AAA,200503,35,0.86218487394958,0.9711484593837536,-0.9422969187675071,-0.7047619047619048,0.0557422969187675,0.024369747899159664,0.38328259895350036,0.09782610865993764,0.9835865364654287,-0.20551330502504503
duration,AAA,200504,38,0.5848426891387422,0.7062493201978514,-0.9395995185468871,-0.7205777764246153,-0.47762337236021446,-0.5150735905285746,0.3698511459881568,0.06617986180324863,0.948468707719675,-0.16981419188753535
duration,AAA,200505,38,0.707626654995076,0.9408481658917974,-0.938724149250465,-0.5341723738185256,-0.30123645913119595,-0.2802736015876345,0.36637024075908065,0.07044481595577494,0.9488722550816904,-0.18596718368804654
duration,AAA,200506,38,0.7154738497645298,0.8972422903363995,-0.976802713644819,-0.5940474887843309,-0.10427836743626218,-0.17036874931611773,0.3660226630076888,0.06620927493929529,0.9542209041572675,-0.1917959206742366
duration,AAA,200507,43,0.751038286517862,0.8647485274127774,-0.9616430081546361,-0.5347730891935953,0.07475083056478406,-0.05572755433844583,0.36304811751645444,0.06352466738670243,0.9440280303076702,-0.17751334700123397
duration,AAA,200508,43,0.6836561336846567,0.9409854641406266,-0.9492600422832981,-0.5508570581286751,-0.1543340380549683,0.047874348849017145,0.3532220956662605,0.060516367167189104,0.9252898033891003,-0.1457158867853142
duration,AAA,200509,43,0.8439930553398495,0.7649612993936721,-0.982029598308668,-0.6086004459353141,0.052250075505889455,-0.34024238329832823,0.3444118042310851,0.06760080613296127,0.9284604644127896,-0.09541858385886345
duration,AAA,200510,43,0.7768045907580792,0.9132371845110623,-0.9630021141649048,-0.7385033623712739,0.10510419812745393,0.09944876566901512,0.3324165856439855,0.07923037121325728,0.9205280752556542,-0.1516459895836126
duration,AAA,200511,45,0.7992358118898211,0.9419941373403026,-0.9649538866930171,-0.6444005270092226,-0.1888010540184453,-0.1885375494071146,0.3203088950289718,0.06849558365640751,0.9131651073466742,-0.11410400131812896
duration,AAA,200512,45,0.5168176647281272,0.6910456671980535,-0.9814229249011857,-0.7367831619004086,-0.5752305665349143,-0.57327316477623,0.3095955478235722,0.06364937399106217,0.9122081412250782,-0.06349705296385073
duration,AAA,200601,46,0.5896139150229583,0.6466397338231307,-0.971877890841813,-0.4258442610382451,0.2436632747456059,-0.10584425723372373,0.2984522481784677,0.06530572136474906,0.9130663509480023,0.011350004579742331
duration,AAA,200602,48,0.3210922050033752,0.6949051351722332,-0.9526704298740772,-0.4903110249854548,-0.567629179331307,-0.41068229990478816,0.2814744253200214,0.05506675916619721,0.8985438122436257,-0.03338815976529584
duration,AAA,200603,46,0.7110302510395904,0.6497656106685542,-0.897132284921369,-0.23716268593453832,0.6574776441566451,0.1502544350940274,0.26145736371495043,0.034926109721816166,0.884014377642052,-0.02181389888267984
duration,AAA,200604,46,0.8580326857847672,0.7258934907395245,-0.9359851988899166,-0.6058774556520892,0.6069071847055195,0.1608436893669227,0.2537738333863035,0.043635202226087584,0.9323364347131743,-0.06329997935821167
duration,AAA,200605,47,0.7923099174851547,0.7469210767038772,-0.9080712303422758,-0.772664199814986,-0.01815448658649399,-0.1880203515263645,0.22560983429407513,0.008480789086787297,0.8946056964980723,0.017577779961804627
duration,AAA,200606,47,0.6398381045676657,0.7119232103619753,-0.9198658649398705,-0.6690372951339651,-0.21392229417206293,-0.2977739235969165,0.20548031805092576,0.03505126066197687,0.8784688505958677,-0.05576176223894744
duration,AAA,200607,48,0.5084405370351772,0.5838671154054933,-0.9013243595310465,-0.5289040880613608,-0.1001953973078593,-0.2476795313858774,0.1859605587976797,0.055303432320924835,0.8709255065885614,-0.037701528987031926
duration,AAA,200608,48,0.2840082526779718,0.5767330772300217,-0.9280286582718194,-0.31960049984660227,-0.33619192357794186,-0.4011833040703528,0.16716219028878063,0.04772039860116266,0.8478991010562298,-0.017838453182244092
duration,AAA,200609,48,-0.025618758141554492,0.7494843166522852,-0.897524967433782,-0.056888503212254284,-0.20766391663048195,0.23596786590044788,0.14900417617206088,0.05366161683262944,0.8302605410877759,-0.049986296812138876
duration,AAA,200610,48,0.1184899720902072,0.6665400170718022,-0.8786365610073817,0.21396005210594876,0.1778115501519757,-0.2996092053842814,0.13399443197233055,0.04140636540432203,0.8094757707726516,-0.008865936287408971
duration,AAA,200611,49,-0.08245108296261891,0.6616664115516097,-0.8439795918367347,0.0517870354004073,-0.2943877551020408,0.25337381063884007,0.11999860595144848,0.012319375225028113,0.7871333709811118,-0.1067036557125576
duration,AAA,200612,50,-0.05258103241296518,0.6462099932233141,-0.9024249699879953,0.21983721104082127,-0.003889555822328931,-0.08456385509892668,0.10749371056924334,-0.0010183441775608682,0.765646771805586,-0.029205334017303096
duration,AAA,200701,49,0.3579865816541711,0.4584534544131595,-0.8573469387755102,0.17785714285714285,0.3571428571428571,-0.16418367346938773,0.09428045483261473,-0.034068007509807374,0.7278389944170844,0.19970711433952398
duration,AAA,200702,48,-0.07984367794076719,0.44278580023981406,-0.7634607034303083,-0.14715700957993666,-0.21102909248805907,0.1774460583979391,0.0836056389331369,-0.041356638483068676,0.7000291902418967,0.34545087717270856
duration,AAA,200703,48,0.13933669889711753,0.7257972590541276,-0.4902301346070343,0.6129671345921712,0.3115501519756839,0.17488533672681977,0.07052441348199207,0.00039605096433178126,0.6725835125306956,0.4737666567972296
duration,AAA,200704,49,0.07398336659459293,0.7747984488213082,-0.5449999999999999,0.4902801169706507,-0.08683673469387752,0.19853053753073183,0.06435661102793283,0.02024562282776385,0.6325083970996291,0.5126721681175365
duration,AAA,200705,50,0.4936611607689771,0.5804158862795948,-0.5256662665066026,0.34402612410009253,0.5766626650660264,-0.05488859015164793,0.07002858467357878,0.024611048048457717,0.7525724944542391,0.5704793348215914
duration,AAA,200706,49,0.6063419987176752,0.5847896524596173,0.29520408163265305,0.47390173029695115,0.555204081632653,0.3783356298613149,0.06824066822003101,0.048199096872814214,0.753238879260929,0.7841729296398073
duration,AAA,200707,50,0.5603688464655437,0.7474485561645896,-0.035006002400960384,0.40553194566180334,-0.04240096038415366,-0.07010972654425493,0.06596461834934102,0.0592051866204951,0.7518547241698528,0.7897800687177174
duration,AAA,200708,50,0.2742923000142357,0.8164157300161832,-0.20614645858343336,0.5320814578326842,-0.22208883553421366,0.2952166008933577,0.06242744853405398,0.0472901798105724,0.7345062774622245,0.9162401384695568
duration,AAA,200709,53,0.45444283180132233,0.873344487850558,0.15352362522173843,0.8435099886810716,0.47048863086598935,0.5731852360710638,0.057618472829415526,0.06019561770655355,0.6981502792799705,1.0602438246330215
duration,AAA,200710,54,0.757552078507672,0.7302978903154115,0.5117972174575948,0.7264722698684961,0.5037164093767867,0.06011053935582236,0.051126425561429684,0.06652564932984446,0.7245239985156956,0.858875109013159
duration,AAA,200711,56,0.5015806832701452,0.7094569192385248,0.30239234449760766,0.5738307217297449,0.23041695146958308,0.4180180796591132,0.04554917096849185,0.05541505280053058,0.6695937268260925,1.2771278487630988
duration,AAA,200712,55,0.6750843270276977,0.6617121829791839,0.5905483405483407,0.6734969968086405,0.525901875901876,0.3600353542316263,0.03966250130987608,0.028051007425508964,0.661970812275525,1.6013842503230395
duration,AAA,200801,54,0.8853777547028521,0.8341243068585786,0.8575185820468838,0.8223522462375222,0.7457594816085381,0.6954963884699096,0.035257105458370346,0.02060767514180736,0.6703323449655084,1.473162359896172
duration,AAA,200802,55,0.9054078435849743,0.9271953243379755,0.8888888888888891,0.9163750502012963,0.6455988455988457,0.6647425957643041,0.032990642579685224,0.00606522146484681,0.6662192474127567,1.629676762295985
duration,AAA,200803,56,0.8806712351120946,0.9641984382015246,0.8656869446343131,0.9599781269491382,0.7384142173615857,0.7806828672661711,0.030564171818895706,0.001722979598819123,0.6797185800495352,1.5702714146529297
duration,AAA,200804,55,0.903010516209603,0.9668819221472634,0.8841269841269844,0.9654214543679911,0.5813852813852814,0.5559263335380122,0.028386541887676392,-0.0010147742551789075,0.6791234784721736,1.5892138050784401
duration,AAA,200805,55,0.9509379509379511,0.9582063170086398,0.9405483405483407,0.9565829111027859,0.7568542568542569,0.6737856023030144,0.02357180045513809,-0.012780838561020707,0.6640666282204979,1.6551074807379327
duration,AAA,200806,56,0.9225379792525912,0.9723503879148296,0.9149692412850308,0.9678565937263042,0.615311004784689,0.6665527436506977,0.021335917237919052,-4.694434416546291e-05,0.6517495354408464,1.6758279059527839
duration,AAA,200807,56,0.8034313642896274,0.8450733107761714,0.7982911825017089,0.8440335618724111,0.7062884483937116,0.679984278709649,0.016155957647648343,-0.011757615110046315,0.6687407880624076,1.4710247724765346
duration,AAA,200808,57,0.9036816178376977,0.9193822820477565,0.8926626912107857,0.9109883166271993,0.47212859735545765,0.47375670470156883,0.017881287231506067,-0.019020701175912466,0.5835014621050747,1.3052020179832842
duration,AAA,200809,57,0.343309944787503,0.5078835216430624,0.3188358828104745,0.4922867513611616,-0.23353642727508428,-0.10915219082188231,0.02043314313001972,-0.021049673368357412,0.6223373691126389,1.1106873677484677
duration,AAA,200810,55,0.6646464646464647,0.7482458198515192,0.6199855699855701,0.7602229478680421,0.7227272727272729,0.32569130040111444,0.027708635138763288,-0.02724540906883037,0.6868633024535724,1.0499453390542497
duration,AAA,200811,55,0.6076479076479078,0.9219336219336222,0.5428571428571429,0.9110389610389612,-0.04985569985569987,0.05230880230880232,0.03732518154407175,-0.03780023247912965,0.6575125765141752,1.1020183245267072
duration,AAA,200812,55,0.7999278499278502,0.8689033189033191,0.7492784992784994,0.8836940836940839,0.6986291486291488,0.29696969696969705,0.047897682374487584,-0.06107589980824886,0.7083722695551704,0.838483932202838
duration,AAA,200901,58,0.807973299386523,0.9651629574945384,0.7483773724199453,0.9587191239349104,0.6225045372050817,0.7165707957796303,0.05803166841904969,-0.045624462128839895,0.7350844524730343,0.8330495968651365
duration,AAA,200902,56,0.6643198906356802,0.9586288215483988,0.5313055365686945,0.90148498791337,0.03178400546821599,0.4167535331014002,0.08148576680412031,-0.037802011421024476,0.892555439718223,0.5378524885690248
duration,AAA,200903,17,0.627450980392157,0.9803921568627453,0.4730392156862746,0.9632352941176472,-0.3504901960784314,-0.7401960784313727,0.11291876290742316,-0.016799199005356338,0.9925635749445607,0.1980607111737292
duration,AAA,200904,20,0.8360902255639097,0.9503759398496241,0.6451127819548872,0.9398496240601503,0.2556390977443609,-0.15488721804511277,0.13682599965882422,0.009253814452954829,0.9786085099109599,0.1786524192329307
duration,AAA,200905,19,0.9684210526315788,0.9122807017543859,0.8964912280701753,0.8947368421052632,0.22456140350877193,-0.05263157894736842,0.15520204704042084,0.009747586848402302,0.9628363045675052,0.07009379146069564
duration,AAA,200906,19,0.9649122807017543,0.9982456140350877,0.8228070175438595,0.8807017543859648,-0.4245614035087719,-0.4719298245614035,0.17376536122494046,0.02891968675575594,0.9902930923502109,0.08882665039409972
duration,AAA,200907,22,0.9559570863918693,0.9932241671372107,0.6555618294748731,0.7684923771880295,-0.008469791078486732,-0.02089215132693394,0.19109018317771323,0.028383457937541535,0.9851277403863741,0.014024136903034959
duration,AAA,200908,22,0.9593450028232637,0.9649915302089217,0.6826651609260306,0.7628458498023717,0.3427442123094297,0.2862789384528515,0.2031366544080021,0.02982548767289617,0.9870666590620912,-0.07849654832701083
duration,AAA,200909,22,0.9774138904573689,0.9830604178430267,0.7007340485601357,0.7504234895539245,0.20158102766798422,0.14172783738001132,0.21456161539862528,0.024731635173112183,0.9641557728624301,-0.17884522274666234
duration,AAA,200910,17,0.9877450980392157,0.9926470588235295,0.7622549019607844,0.7549019607843138,0.9264705882352943,0.8799019607843139,0.21702565724841222,0.004993999336672207,0.9162518487333279,-0.1677176465384669
duration,AAA,200911,18,0.9690402476780186,0.9917440660474718,0.8328173374613003,0.8575851393188855,0.6697626418988648,0.7192982456140351,0.2292715451632241,0.004942391762677664,0.9115767760245063,-0.10114276406743518
duration,AAA,200912,18,0.9525283797729618,0.9855521155830752,0.7275541795665634,0.7729618163054695,0.632610939112487,0.6099071207430341,0.23573169380210088,-4.0057021931630136e-05,0.8676189868588905,-0.029959998314027382
duration,AAA,201001,17,0.9632352941176472,0.9803921568627453,0.7377450980392158,0.7990196078431374,0.6200980392156864,0.5661764705882354,0.24722037689654208,0.02061974433516616,0.8760165917962224,-0.0660796987491766
duration,AAA,201002,9,0.9500000000000001,1.0,0.43333333333333335,0.48333333333333334,0.8166666666666667,0.7666666666666667,0.25608219839122803,0.025301239311780195,0.9000246560845038,-0.10992755711377881
duration,AAA,201003,9,0.9333333333333332,0.9833333333333333,0.41666666666666663,0.4666666666666666,0.7833333333333333,0.8333333333333333,0.2602136032658567,0.03680709278193687,0.9110320810162963,-0.12314666306258792
duration,AAA,201004,9,0.9500000000000001,0.9833333333333333,0.33333333333333337,0.45,0.8333333333333333,0.8499999999999999,0.2573110579832208,0.03778105057899143,0.8996651340370712,-0.15031065903103438
duration,AAA,201005,9,0.9333333333333332,0.9833333333333333,0.41666666666666663,0.4666666666666666,0.4666666666666666,0.5499999999999999,0.2602683012822322,0.03263346779997737,0.9016092087589792,-0.1349782282146252
duration,AAA,201006,9,0.9333333333333332,0.9666666666666667,0.31666666666666665,0.41666666666666663,0.8499999999999999,0.7166666666666667,0.2618480757021011,0.034017723192223785,0.8949786018036557,-0.1133630353325869
duration,AAA,201007,9,0.9833333333333333,0.9500000000000001,0.43333333333333335,0.5166666666666667,0.8666666666666667,0.8333333333333333,0.2622013329440704,0.03576742359443594,0.8914619085060147,-0.1353380008386822
duration,AAA,201008,9,0.9666666666666667,0.9833333333333333,0.39999999999999997,0.41666666666666663,0.6333333333333333,0.65,0.2617489437051067,0.04264969957186248,0.8942709554475586,-0.09163120390183209
duration,AAA,201009,10,0.9272727272727272,0.9757575757575757,0.23636363636363633,0.38181818181818183,0.7939393939393938,0.7696969696969697,0.2627694120808396,0.040690419282526265,0.9036135327599041,-0.07556509151359249
duration,AAA,201010,10,0.9515151515151514,0.9757575757575757,0.38181818181818183,0.4545454545454545,0.8787878787878788,0.8060606060606059,0.27912958179256514,0.04614793145101234,0.9294437705076907,-0.08227931676880929
duration,AAA,201011,11,0.8363636363636365,0.9,0.13636363636363638,0.2545454545454546,0.3272727272727273,0.3454545454545455,0.28142266348521355,0.0385480621830216,0.9468842713037456,-0.15490027521845087
duration,AAA,201012,11,0.9727272727272729,0.881818181818182,0.018181818181818184,0.15454545454545454,0.22727272727272727,0.0,0.2924897946223658,0.03797031391665219,1.004690501728082,-0.18788042277385394
duration,AAA,201101,11,0.990909090909091,0.9727272727272729,0.26363636363636367,0.3181818181818182,0.6727272727272727,0.5363636363636364,0.2962709634091906,0.0394411457896528,1.0074318202354156,-0.17443838521640015
duration,AAA,201102,11,0.9454545454545454,0.9454545454545454,0.2545454545454546,0.2545454545454546,-0.8000000000000002,-0.8000000000000002,0.2903039526627295,0.030009023457090965,0.9778621319720943,-0.2057124192183453
duration,AAA,201103,12,0.8951048951048951,0.9580419580419581,0.1258741258741259,0.25874125874125875,0.5804195804195805,0.6013986013986015,0.2830710888691885,0.002258405764543387,0.9558376742983794,-0.12141264949752657
duration,AAA,201104,12,0.9020979020979022,0.9720279720279721,0.10489510489510491,0.2937062937062937,0.49650349650349657,0.4125874125874127,0.28979774363440536,0.006810381447177106,0.9842805096830642,-0.0598315193188537
duration,AAA,201105,12,0.8601398601398602,0.9510489510489512,0.14685314685314685,0.2937062937062937,0.7762237762237763,0.8251748251748254,0.29083909518511414,-0.0006526743261247455,0.9893398808973373,-0.08421527373840554
duration,AAA,201106,12,0.7972027972027973,0.9580419580419581,0.18881118881118883,0.34965034965034975,0.7972027972027973,0.8251748251748254,0.28834186544518586,-0.015833358504216875,0.9881234306836039,-0.09369369184896048
duration,AAA,201107,12,0.8041958041958043,0.9790209790209792,0.0,0.3426573426573427,-0.4125874125874127,-0.3356643356643357,0.28690159077633864,-0.02049267489128342,0.99445881954481,-0.14125730160279085
duration,AAA,201108,12,0.8251748251748254,0.8741258741258742,-0.3076923076923077,0.034965034965034975,-0.08391608391608392,-0.34965034965034975,0.28743648601565314,-0.023615358201181456,0.9957179889691689,-0.1614363455644087
duration,AAA,201109,12,0.8741258741258742,0.9160839160839163,-0.7832167832167832,-0.5804195804195805,-0.7132867132867133,-0.8531468531468532,0.28687384080179573,-0.028304452055868293,0.9902711134202506,-0.13915195111647372
duration,AAA,201110,12,0.8111888111888113,0.8951048951048951,-0.7762237762237763,-0.6643356643356644,0.027972027972027972,-0.10489510489510491,0.2855262140435504,-0.04114456371623312,1.0010386448377424,-0.06785609410577467
duration,AAA,201111,12,0.9090909090909092,0.8671328671328673,-0.7832167832167832,-0.6153846153846154,0.6713286713286714,0.4055944055944056,0.2855971471453677,-0.0626981607324913,1.0000070691917806,-0.05075032647797242
duration,AAA,201112,12,0.80910807093079,0.7880922768806397,-0.8041958041958043,-0.7132867132867133,-0.6153846153846154,-0.6013986013986015,0.28246710408722503,-0.04466274628515472,0.9944841178255893,-0.09893341653848543
duration,AAA,201201,12,0.965034965034965,0.7670764828304892,-0.8251748251748254,-0.651489615554662,0.49650349650349657,0.08056054385890983,0.2810810476915885,-0.05070628691604097,1.0017974068811242,-0.05475946180360727
duration,AAA,201202,12,0.8601398601398602,0.8811188811188813,-0.8181818181818183,-0.7692307692307694,-0.18881118881118883,-0.15384615384615385,0.28128481615552214,-0.07854027784103712,1.0067972729983785,-0.025959133000553445
duration,AAA,201203,12,0.8741258741258742,0.9860139860139862,-0.8111888111888113,-0.6223776223776225,0.8181818181818183,0.8181818181818183,0.28373510854855016,-0.0947751282504053,1.0049980623837722,-0.08414234177704154
duration,AAA,201204,12,0.7552447552447553,0.9370629370629372,-0.8881118881118882,-0.7272727272727274,-0.6923076923076924,-0.8251748251748254,0.2833283211418958,-0.09827478469640878,1.0039725748201405,-0.05201148367745823
duration,AAA,201205,12,0.8531468531468532,0.8671328671328673,-0.9090909090909092,-0.6433566433566434,-0.7482517482517484,-0.8391608391608393,0.28326147481565056,-0.09303643045202445,1.0058893689517998,0.020696836496294446
duration,AAA,201206,12,0.7762237762237763,0.8671328671328673,-0.9440559440559443,-0.7482517482517484,-0.006993006993006993,-0.2027972027972028,0.28469982162994206,-0.09202700163151849,1.0124620025032096,0.039881049551045405
duration,AAA,201207,12,0.44755244755244755,0.5454545454545455,-0.9790209790209792,-0.7622377622377624,-0.31468531468531474,-0.5664335664335665,0.28722970350551896,-0.07978999185601121,1.0164326337720844,0.016732498184701763
duration,AAA,201208,11,0.8363636363636365,0.7545454545454545,-0.9363636363636365,-0.8636363636363636,-0.10000000000000002,-0.36363636363636365,0.2886585734464046,-0.07781784339543003,1.0084798508516541,0.08504502338267239
duration,AAA,201209,11,0.7636363636363637,0.8363636363636365,-0.9454545454545454,-0.7454545454545456,-0.7090909090909092,-0.5545454545454546,0.2890014691377465,-0.08259271349889842,1.0071394980008483,-0.07492534662699261
duration,AAA,201210,11,0.7471545580282566,0.8246035061165515,-0.9454545454545454,-0.6818181818181819,0.790909090909091,0.5545454545454546,0.2848793784214761,-0.08302251180255418,0.9896693719471524,-0.07211152873284027
duration,AAA,201211,11,0.8181818181818182,0.9384990180111028,-0.9363636363636365,-0.6697056099399616,0.790909090909091,0.7061521737462181,0.2778963765572126,-0.06984556624866071,0.9851751448750993,-0.07254855426413051
duration,AAA,201212,13,0.8351648351648352,0.9945054945054945,-0.9230769230769231,-0.7417582417582418,0.2967032967032967,0.12637362637362637,0.2730370321376305,-0.06005947960863031,0.9898965928585332,-0.07659289568784
duration,AAA,201301,13,0.8461538461538461,0.989010989010989,-0.8681318681318682,-0.6868131868131868,0.7307692307692307,0.6318681318681317,0.2669651874869067,-0.06373643374538178,0.9841515596529608,-0.01727371220943825
duration,AAA,201302,13,0.8846153846153846,0.967032967032967,-0.8241758241758241,-0.6153846153846153,0.5659340659340659,0.48901098901098894,0.2602240700636247,-0.05195090971614223,0.9813539905661036,0.017749276030093505
duration,AAA,201303,13,0.8406593406593407,0.9615384615384615,-0.6538461538461539,-0.46153846153846156,0.3516483516483516,0.532967032967033,0.25492835292589344,-0.02688954211661849,0.9862307790084986,-0.023799623343044144
duration,AAA,201304,13,0.8736263736263737,0.9505494505494506,-0.7857142857142857,-0.521978021978022,-0.6153846153846153,-0.7637362637362637,0.2516234008585535,-0.023414993011682372,0.9921196024209675,-0.04471484344326826
duration,AAA,201305,12,0.8321678321678322,0.9720279720279721,-0.41958041958041964,-0.18881118881118883,0.5874125874125874,0.5664335664335665,0.2472369738216526,-0.01599047614183322,0.9860360962104261,-0.043196619316854576
duration,AAA,201306,13,0.8571428571428571,0.9615384615384615,-0.20329670329670327,0.03846153846153846,0.17032967032967034,0.24725274725274726,0.23797904901541558,-0.009743598762009859,0.967360371032583,0.02817455147112116
duration,AAA,201307,13,0.8791208791208791,0.9835164835164836,0.054945054945054944,0.30769230769230765,0.5604395604395606,0.6098901098901099,0.22875974592689802,-0.00735671967798282,0.9622941097363252,0.013028758277788082
duration,AAA,201308,13,0.8076923076923077,0.9340659340659341,0.33516483516483514,0.5054945054945055,0.7527472527472527,0.7087912087912087,0.21129565336438597,-0.04653425776644959,0.9422684369946551,-0.04540353147431911
duration,AAA,201309,13,0.8956043956043955,0.9395604395604396,0.46703296703296704,0.7362637362637362,0.7912087912087913,0.5,0.2050700385535362,-0.04399932574009739,0.9391745622371616,-0.042461251265966664
duration,AAA,201310,13,0.8461538461538461,0.9835164835164836,0.5384615384615384,0.7912087912087913,0.47802197802197804,0.5274725274725275,0.20144898465896965,-0.043035255856896736,0.949734748196592,-0.09704984373882267
duration,AAA,201311,13,0.8351648351648352,0.9615384615384615,0.521978021978022,0.8186813186813187,0.4725274725274725,0.3626373626373627,0.19915830655953776,-0.04420486323066499,0.9511564404848011,-0.09313300164622797
duration,AAA,201312,13,0.7582417582417583,0.945054945054945,0.3736263736263736,0.6373626373626374,-0.6208791208791209,-0.6648351648351648,0.1973811745478398,-0.034240495508579105,0.9507919848106613,-0.0729390631130907
duration,AAA,201401,18,0.9071207430340558,0.9463364293085655,0.20743034055727552,0.543859649122807,0.6842105263157895,0.5397316821465429,0.19662376237376372,-0.02572479275044893,0.9578697110694477,-0.15446777799121417
duration,AAA,201402,18,0.87203302373581,0.9876160990712075,0.1991744066047472,0.45098039215686275,0.24458204334365324,0.21568627450980388,0.1962116726435366,-0.022863409872296184,0.9592772085748259,-0.20228113197679962
duration,AAA,201403,18,0.8988648090815273,0.9752321981424149,0.013415892672858616,0.20123839009287925,-0.4757481940144479,-0.6862745098039216,0.19625669381261443,-0.017051369050523336,0.9598966783372085,-0.2045106951349989
duration,AAA,201404,19,0.9140350877192982,0.9964912280701754,0.04912280701754386,0.19473684210526312,0.7929824561403509,0.7596491228070175,0.19480776112964335,-0.015785222723140535,0.9528275324187009,-0.21150697410039118
duration,AAA,201405,18,0.8988648090815273,0.9731682146542827,0.025799793601651185,0.28586171310629516,0.40350877192982454,0.43653250773993807,0.1920818145828273,-0.019549400629007372,0.9475481166691974,-0.2225809525985541
duration,AAA,201406,18,0.9133126934984519,0.9607843137254902,-0.0629514963880289,0.17853457172342618,0.16202270381836945,0.038183694530443756,0.19543511716357648,-0.014914137297801533,0.9712616259330268,-0.23656856302730372
duration,AAA,201407,18,0.9112487100103198,0.9793601651186791,-0.18059855521155832,0.04437564499484004,-0.005159958720330237,0.03199174406604747,0.1988984107884987,-0.008542017902801182,0.9717376620551986,-0.25866033869393795
duration,AAA,201408,18,0.8968008255933952,0.9917440660474718,-0.4984520123839009,-0.29411764705882354,-0.4613003095975232,-0.5211558307533539,0.21343497248789137,0.004198437451505344,1.0053856922636235,-0.22077968431772796
duration,AAA,201409,18,0.8802889576883385,0.9731682146542827,-0.6160990712074303,-0.40763673890608876,-0.003095975232198142,-0.08152734778121776,0.21848663570065818,0.001419390528502499,1.0134943805961572,-0.14146010763248254
duration,AAA,201410,18,0.8328173374613003,0.9731682146542827,-0.7027863777089782,-0.4303405572755417,-0.40144478844169246,-0.2280701754385965,0.22527323208591385,-0.010836034422122677,1.0191586283658143,-0.16247977440939673
duration,AAA,201411,18,0.8617131062951496,0.9711042311661506,-0.7853457172342622,-0.5376676986584108,-0.09391124871001032,-0.3973168214654283,0.23134551349296287,-0.016831182574803268,1.0154998598212241,-0.13742173007448782
duration,AAA,201412,18,0.8513931888544891,0.9690402476780186,-0.8844169246646028,-0.6904024767801857,-0.8555211558307534,-0.7296181630546955,0.2363319481742938,-0.023752065056512905,1.0124038014955035,-0.08661037743625252
duration,AAA,201501,18,0.9091847265221877,0.9587203302373581,-0.9133126934984519,-0.7089783281733747,0.20330237358101136,-0.15789473684210525,0.23976725963917672,-0.017021941346874122,0.9993295800694456,0.013315504995904623
duration,AAA,201502,18,0.8968008255933952,0.9711042311661506,-0.869969040247678,-0.7234262125902993,0.5995872033023736,0.6594427244582043,0.24255500018030648,-0.02513302967462392,1.002266475165331,0.047816078654164644
duration,AAA,201503,24,0.9147826086956521,0.9878260869565217,-0.8347826086956521,-0.7278260869565217,-0.40434782608695646,-0.43478260869565216,0.244158295172492,-0.02906937776827415,1.000551306957082,0.01304624445621493
duration,AAA,201504,28,0.9064039408866994,0.9857690202517788,-0.8155446086480569,-0.6568144499178982,0.7619047619047619,0.8527640941434045,0.24393865875102916,-0.028148761987218388,0.992581198150032,-0.029048179933353874
duration,AAA,201505,28,0.933077879273056,0.9719447196534531,-0.7060755336617406,-0.5467980295566502,0.6420361247947455,0.41105637657361793,0.24610049333158648,-0.025841217512346297,1.0011216885619063,-0.033589500520160506
duration,AAA,201506,28,0.9206349206349206,0.9908307195566038,-0.6606458675424193,-0.5225126639871703,0.05692391899288451,-0.02928698535705984,0.24449606320377087,-0.0195664009971531,0.9961200450669423,-0.004691686937151184
duration,AAA,201507,28,0.9381499726327313,0.9835796387520527,-0.6978653530377669,-0.552271483305966,-0.5763546798029557,-0.6409414340448822,0.24187813333611344,-0.02083935742091647,0.9941275697007145,0.0012209806061244132
duration,AAA,201508,28,0.9173508483853311,0.9715380405035577,-0.6699507389162561,-0.539135194307608,0.2370005473453749,0.18609742747673783,0.2372793484921202,-0.035474942132548114,0.9885496751870672,0.02193794109884813
duration,AAA,201509,28,0.920087575259989,0.9885057471264367,-0.4537493158182813,-0.25396825396825395,0.778872468527641,0.776135741652983,0.2316098868741839,-0.039163873995943,0.9832761810952555,0.03800094469523408
duration,AAA,201510,28,0.916256157635468,0.9846743295019157,-0.4033935413245758,-0.15544608648056923,0.2775041050903119,0.4072249589490969,0.22509669756507994,-0.04623207862256854,0.9811882737017622,0.034074340509045176
duration,AAA,201511,28,0.9003831417624522,0.9890530925013684,-0.4367816091954023,-0.20087575259989054,-0.09085933223864258,-0.22495894909688013,0.21864400960169073,-0.04305995529640667,0.9789465004427059,-0.016241583392381465
duration,AAA,201512,34,0.9318563789152022,0.9871657754010694,-0.45607333842627956,-0.19266615737203968,0.07838044308632544,0.012681436210847974,0.21146313532963268,-0.05243245190753789,0.9743114444650486,-0.051076025440066106
duration,AAA,201601,34,0.9364400305576774,0.9886936592818946,-0.18380443086325438,0.09365928189457601,0.7937356760886173,0.8102368220015278,0.20509028371229893,-0.04686595278560551,0.9818164690439405,-0.04509197886093267
duration,AAA,201602,34,0.9366643773993882,0.9919779996862689,-0.09274255156608097,0.2030557677616501,-0.10985485103132162,-0.14560733384262795,0.1975721372007962,-0.04031561555946133,0.9717061843445469,-0.0847319478306316
duration,AAA,201603,34,0.9318563789152022,0.9924363998709669,-0.16699770817417878,0.10023684038727547,0.0750190985485103,-0.004889601970110999,0.19094900393534295,-0.028259684313712237,0.9754715448586941,-0.06680245170229218
duration,AAA,201604,33,0.9171889394436025,0.9897217382261323,-0.24231283422459893,0.11497326203208558,-0.1895053475935829,-0.25668449197860965,0.18440377782720985,-0.01546811547438948,0.9844899577653764,-0.05543211837975431
duration,AAA,201605,33,0.9311382379768229,0.9794400368515987,-0.3211898395721925,-0.025737444729284766,-0.5140374331550802,-0.643603244496595,0.1792448228356739,-0.0036043997299745304,0.9955513394831129,-0.07232864589624159
duration,AAA,201606,33,0.9345700709490936,0.98278312085826,-0.23128342245989308,0.05248203315827003,0.3893716577540107,0.44743440370920023,0.1782175043878691,-0.00026140225333317967,1.0038011350502958,-0.14590792940769426
duration,AAA,201607,33,0.9364973262032086,0.9925628847222222,-0.37299465240641716,-0.09292220304858655,-0.5344251336898396,-0.5361410564386073,0.17784930579030228,-0.002914645798266033,1.006556777111368,-0.1208194108008158
duration,AAA,201608,33,0.9415106951871658,0.9906417112299466,-0.5063502673796791,-0.2667112299465241,-0.49665775401069523,-0.5334224598930482,0.17705844390146003,-0.0017720773499977846,1.0015780020383276,-0.11629895526864796
duration,AAA,201609,39,0.9500000000000002,0.9959514170040487,-0.5398785425101215,-0.3147773279352227,0.4848178137651822,0.4305668016194333,0.177045095968182,0.0005888622065322205,1.0066672825468517,-0.13623162139372372
duration,AAA,201610,39,0.9447368421052632,0.995748987854251,-0.4601214574898786,-0.23906882591093118,0.1625506072874494,-0.0014170040485829958,0.17837618845319184,0.0063621901420460834,1.0130101012397044,-0.11495918267566463
duration,AAA,201611,39,0.9552631578947368,0.9923076923076924,-0.4929149797570851,-0.34372469635627534,-0.4297570850202429,-0.5329959514170041,0.17938267112146178,0.003383794990219383,1.0131284237345,-0.06767859357191812
duration,AAA,201612,39,0.9631578947368421,0.9888663967611337,-0.5228744939271255,-0.41174089068825914,-0.29433198380566805,-0.3775303643724696,0.17992325252416955,0.0036145458942995175,1.00890082070876,-0.00632314408065767
duration,AAA,201701,39,0.9495951417004049,0.9781376518218624,-0.46720647773279356,-0.3546558704453441,0.28724696356275303,0.2868421052631579,0.18099420280921086,0.005862685803422426,1.0092893371885447,-0.0031680747602547007
duration,AAA,201702,39,0.9537932093798099,0.9881066868264571,-0.5548582995951417,-0.42591093117408907,-0.24635627530364373,-0.38218623481781383,0.18384455884137438,0.0014049269972579957,1.0196315729452723,-0.006374960616810901
duration,AAA,201703,45,0.9715735042656676,0.9901179260820869,-0.6629776021080368,-0.5705062752197371,-0.10632411067193674,-0.19809611658034057,0.18533538033755143,0.003810180772536382,1.0092132545329764,-0.004202448431518749
duration,AAA,201704,49,0.9623469387755101,0.9977295342413446,-0.6773469387755102,-0.5596061125829235,0.2514285714285714,0.21735248355244838,0.18689602493330737,0.006676956009963753,1.0081550204930485,0.002321194329360747
duration,AAA,201705,49,0.9426530612244897,0.9890816326530613,-0.7783673469387754,-0.6779591836734693,-0.5722448979591837,-0.5486734693877551,0.1869418122522764,0.007093807680293705,0.9974600103326345,-0.011493398870630651
duration,AAA,201706,49,0.9563265306122448,0.98734693877551,-0.8762244897959182,-0.7647959183673468,-0.7948979591836735,-0.8326530612244898,0.18467819892253975,0.008958081332555747,0.9876903406763476,-0.02441047121521252
duration,AAA,201707,49,0.9503303658797895,0.9916579507806071,-0.8401020408163264,-0.7298979591836733,0.603673469387755,0.5890816326530611,0.18268926090098522,0.014631418634184126,0.9896694044585501,0.012720510741920108
duration,AAA,201708,48,0.9653974546937357,0.9880855452423601,-0.8242509769865393,-0.732054170215586,0.015957446808510637,-0.07056205392453932,0.18037967502396898,0.017443473605019223,0.9907014260561874,0.0008215181660768418
duration,AAA,201709,48,0.9646918341544904,0.9846387667589427,-0.8652844116369952,-0.7960485252748413,-0.4459400781589231,-0.5077211172385699,0.17717919892786183,0.022197401872355284,0.9860127844204837,0.031523959778246534
duration,AAA,201710,48,0.9634172818063396,0.992916655724306,-0.8668041684759009,-0.7782994547876688,-0.46026921406860616,-0.47960485267479197,0.1729507684416829,0.029899378294594763,0.9841594060652399,-0.0040106016832920435
duration,AAA,201711,48,0.9696048632218845,0.9875162831089882,-0.9522362136343899,-0.8844984802431611,-0.7903821102909249,-0.8719062092922274,0.16990927418831156,0.0421336267444809,0.9866672677990205,-0.06895423720339136
duration,AAA,201712,48,0.9518252168883029,0.9856968413729507,-0.953538862353452,-0.899587494572297,-0.5403821102909249,-0.5514546244029527,0.16728899302820852,0.03207276141995316,0.9868742074952551,-0.09872999550945538
duration,AAA,201801,48,0.9651260621786415,0.963956140818759,-0.9607034303082935,-0.899552181024976,-0.5950933564915327,-0.6318360721174705,0.1649834179629063,0.03362159752479429,0.9873938872141996,-0.1130343679385936
duration,AAA,201802,52,0.9415179714846751,0.9819850595927511,-0.9241868009903526,-0.8620704383522155,0.5880645436694272,0.557438634446035,0.16203011086734734,0.02480984978208619,0.9822903828515519,-0.10498485616233734
duration,AAA,201803,52,0.9531290019636302,0.9789976948689489,-0.9298215657816101,-0.8441048407752071,-0.48817553146077003,-0.53479040382481,0.15956423239705184,0.00957345571876326,0.9834688192793268,-0.08625263195524231
duration,AAA,201804,52,0.9644191161403685,0.9809822631420709,-0.8805600614701613,-0.8026978570818748,0.22035345342781523,0.1346367284214121,0.15684292870899444,0.005468447484300493,0.9839577361574442,-0.10755904248448221
duration,AAA,201805,52,0.9397827022169724,0.9808735039812586,-0.9185520361990951,-0.8446351200404271,0.3785537437035772,0.38073893842315626,0.15507649323256517,0.005582490757528739,0.9889318706751011,-0.18617893276157646
duration,AAA,201806,52,0.8358234440365406,0.8659679431140267,-0.9372492102791768,-0.8474395420436516,-0.6173482455391445,-0.6773966354461773,0.15327622964513438,0.001356011055622252,0.9905015557412366,-0.14346290108874715
duration,AAA,201807,51,0.9332126696832579,0.9627149321266968,-0.9418099547511313,-0.8675113122171945,-0.025610859728506786,-0.11656108597285067,0.14913785655583187,-0.001865519172842768,0.9766613877342233,-0.1943496583258457
duration,AAA,201808,51,0.9430530104904695,0.9858141589436864,-0.9271493212669683,-0.8234389140271492,0.7559276018099547,0.6921266968325792,0.1462691998206274,-0.0076036372415932175,0.9831511745550935,-0.1874181631463755
duration,AAA,201809,51,0.9262653003569843,0.9691388750622201,-0.9502262443438914,-0.862372452086146,-0.43493212669683257,-0.4426344488564739,0.14473939921090898,-0.005560370104089884,0.9860989184267309,-0.20249215997855396
duration,AAA,201810,51,0.9352036199095022,0.9838684135643336,-0.916923076923077,-0.8044525896309949,0.7531221719457013,0.6452182177718729,0.14216804751524537,-0.005080353786509957,0.979066202254095,-0.25659155818707896
duration,AAA,201811,51,0.9472374325277922,0.9590026707859122,-0.8865158371040723,-0.7874208144796381,0.44850678733031674,0.3458823529411764,0.13865868392161587,-0.005249566111571263,0.9733341717635243,-0.26686084316691205
duration,AAA,201812,51,0.942848093639186,0.9588198026970766,-0.866787330316742,-0.7792207800185632,0.5514932126696832,0.4742296036349908,0.13411966753494142,-0.011912764836358522,0.9669106462317069,-0.2563141116236468
duration,AAA,201901,51,0.9204524886877828,0.9557446048067405,-0.8647963800904978,-0.7664147706837633,0.26054298642533935,0.23281596476164387,0.12874363624041754,-0.00836124665646132,0.9624164316458595,-0.22226512692815534
duration,AAA,201902,51,0.9363319616808425,0.9724874438663728,-0.820180995475113,-0.6341176470588236,0.6735746606334841,0.5078733031674209,0.12211647813926156,-0.009973971557980549,0.9509760551958246,-0.29547677554598634
duration,AAA,201903,51,0.9102920882892748,0.9540466549945271,-0.7395475113122172,-0.56179012682523,0.2388235294117647,0.21539436195635078,0.11633814471443618,-0.01107392003600857,0.954985535675257,-0.2192774602809552
duration,AAA,201904,51,0.8227149321266967,0.9239123059447437,-0.6609954751131222,-0.4096925270851068,0.60289592760181,0.5070250459452862,0.11033037473895389,-0.015904870762886873,0.9490455456226407,-0.2761723498908829
duration,AAA,201905,50,0.935628706841276,0.9675622466713648,-0.4690036014405762,-0.23265306122448978,0.6023049219687875,0.5373829531812724,0.10440675230341506,-0.015928525675801757,0.9446163258941324,-0.22214669082844196
duration,AAA,201906,50,0.9485461838552518,0.9716673069535152,-0.30343337334933973,-0.07399937575664167,0.7236974789915966,0.6482268483704776,0.09923276397089634,-0.01130773151787732,0.9424819274024147,-0.24395555455898563
duration,AAA,201907,50,0.952147710903758,0.9747406838263541,-0.22900360144057622,-0.04293020241819445,0.5579351740696278,0.44860620916193805,0.09158781622845034,-0.0025383753255569133,0.924895961288126,-0.3404487009070842
duration,AAA,201908,50,0.9458317337067871,0.9647273515879222,-0.3235054021608643,-0.19116905573471155,0.027226890756302524,-0.016374942980541735,0.08694287478117423,0.001337827444861386,0.9082687486870574,-0.3407076424445121
duration,AAA,201909,50,0.9205762304921968,0.9804552450797864,-0.21930372148859542,-0.02353054170980533,0.691812725090036,0.7271417603466781,0.08280514199220407,0.001339370219025703,0.905491686170923,-0.3484909863308076
duration,AAA,201910,50,0.9537323828051009,0.9762059115877797,0.27740696278511406,0.4625690276110444,0.8462424969987994,0.7727731092436975,0.07871184752569986,0.0001961697982454682,0.8998731097337087,-0.3721032714915662
duration,AAA,201911,50,0.9429504428851783,0.9742598509303586,0.012340936374549819,0.14473336698930436,0.11260504201680673,0.05479123149794169,0.07567162812124612,-0.0064809799061738,0.9015976675510179,-0.399939195785343
duration,AAA,201912,50,0.8576436411509542,0.8924532381855715,0.25541416566626646,0.39766615489571006,0.6144057623049218,0.5248751446697393,0.0741964891148089,-0.014917765048554254,0.9179364876121066,-0.4330701190344783
duration,AAA,202001,49,0.9574978327683662,0.9822180272094612,0.4389795918367347,0.5295033038280068,0.6518367346938775,0.6333835048873461,0.07411180408857242,-0.01251722417567076,0.9337411059604813,-0.5939430996100095
duration,AAA,202002,49,0.9542080158211008,0.9897186012354243,0.4645918367346938,0.5884994140014034,0.7767346938775508,0.7321291912178028,0.07498918172448223,-0.005112104816064301,0.9458567710646875,-0.5703417856392446
duration,AAA,202003,49,0.9235439682588892,0.9598448900454104,0.6757142857142856,0.7551723260703728,0.8271428571428571,0.8402765379402046,0.07547649404932734,-0.00791155239994971,0.9414645091345576,-0.4786161433354132
duration,AAA,202004,49,0.9317584635292986,0.9659166283994081,0.6984693877551019,0.8182861810361896,0.6839795918367346,0.6386897627017719,0.07625025707871486,-0.00407938140776575,0.9466381560856321,-0.525127290760815
duration,AAA,202005,49,0.9343095490170035,0.9550487269758662,0.7207142857142856,0.8176739205191403,0.738469387755102,0.658384142666853,0.07619104912372114,-0.0074319543485643,0.9435987190536645,-0.5691963113483025
duration,AAA,202006,49,0.9523712342699534,0.9779835705903362,0.7305102040816325,0.8504298581812699,0.11561224489795917,0.04887879794442383,0.07703819566948657,-0.0006827062835106706,0.9504107434142334,-0.4364906953292102
duration,AAA,202007,49,0.9579326006331498,0.9841573549670902,0.6501020408163264,0.7626214956944708,-0.7514285714285713,-0.8185412895849598,0.08214684416166665,0.004734107378596028,1.0040834353518606,-0.49517631974936377
duration,AAA,202008,49,0.9646938775510203,0.9832393686711813,0.6169387755102039,0.7285389935787348,0.6779591836734693,0.6632822268032462,0.0838309958776675,0.0063851200269984375,1.0091203893109628,-0.3800163472592501
duration,AAA,202009,42,0.9846041649785269,0.9959484644680335,0.7671177376225591,0.7935337492909814,-0.20638521999837942,-0.24236285552224293,0.08412145158126332,0.011841639519207954,0.9932797175959202,-0.3072481541909136
duration,AA,200307,54,0.9532286352888545,0.9590988800137108,0.5653135124833237,0.6673908900323995,0.6012959786544692,0.46468458166571364,0.34518904807503054,-0.020071800215493884,0.959664294619711,-0.0826779880685579
duration,AA,200308,54,0.8258590788440788,0.867307069362938,0.44882790165809033,0.5921323477657082,-0.08625881456070134,-0.1325760464483799,0.34518904807503054,-0.020071800215493884,0.959664294619711,-0.0826779880685579
duration,AA,200309,53,0.9633930011288501,0.8338339348963734,0.5670053217223028,0.5605660492601865,0.3735687792291566,0.16009837324598677,0.3523691418155805,-0.023955205185848847,0.9680939460841957,-0.1652330378063389
duration,AA,200310,62,0.9519528594092316,0.9632847321900734,0.46886253179219867,0.5654604517639948,-0.02555966860567601,-0.1037747727329959,0.3548882248591281,-0.03173952969262609,0.9583375151154062,-0.12883494706215964
duration,AA,200311,62,0.9655511067462417,0.9674649341492283,0.5523658432172446,0.6141119589030747,-0.03125078693560978,-0.10291858678955453,0.3548882248591281,-0.03173952969262609,0.9583375151154062,-0.12883494706215964
duration,AA,200312,64,0.9513278388278387,0.9528846153846153,0.488003663003663,0.5355311355311355,0.2874084249084249,0.18566849816849818,0.3548882248591281,-0.03173952969262609,0.9583375151154062,-0.12883494706215964
duration,AA,200401,67,0.9227684050304119,0.9450369646587814,0.42509378242477464,0.5289727831431081,-0.1782265144863916,-0.2512570835661266,0.3592968922041033,-0.0317060543299864,0.9697270350470081,-0.16586510903360843
duration,AA,200402,69,0.9204504973940554,0.9071046237600247,0.3533430763609792,0.4527626302950137,0.21125319693094635,0.14225559240264976,0.36055693916471104,-0.027941551601488403,0.9635632217163549,-0.12818474766527835
duration,AA,200403,67,0.9695506425093783,0.9585258054372559,0.3730545135286137,0.43050553224199667,0.18971984994812038,0.0867994931750955,0.36055693916471104,-0.027941551601488403,0.9635632217163549,-0.12818474766527835
duration,AA,200404,67,0.8920083809019178,0.8963982841253798,0.3732939580173996,0.43139915396280637,-0.06077899273685052,-0.12359326362838216,0.36055693916471104,-0.027941551601488403,0.9635632217163549,-0.12818474766527835
duration,AA,200405,69,0.963801276997431,0.9855220731706296,0.43967848008768734,0.538226858454051,0.38604311289733284,0.4217102980297778,0.3616381903441219,-0.018586670545704894,0.9617458331658841,-0.11148236784642933
duration,AA,200406,73,0.9671024723943714,0.9727561631468218,0.14112057262742195,0.2573295178522637,-0.3787794643959028,-0.460157196092271,0.361360521513479,-0.030864400119853953,0.9590457729447077,-0.08874527742321257
duration,AA,200407,71,0.973507268870398,0.9701110878563547,0.22384305835010057,0.30971603923375635,0.3193494299128102,0.19980381806666886,0.361360521513479,-0.030864400119853953,0.9590457729447077,-0.08874527742321257
duration,AA,200408,69,0.9764518900403579,0.970651101611312,0.03255389112166606,0.10915435066400633,-0.002301790281329924,-0.0989605217651753,0.36510710219347275,-0.027399201979267707,0.9682079210417742,-0.12780026747794956
duration,AA,200409,72,0.9698372885716126,0.9802395692238985,-0.39758183806032543,-0.2902484122893058,-0.38423692841983415,-0.43180319966993114,0.3686331475193895,-0.034466039260377036,0.9643157833877011,-0.158571980979187
duration,AA,200410,71,0.9514331944767165,0.96605437674737,-0.5484909456740442,-0.4307847082494969,0.013950368879946344,-0.012105969148222666,0.3737175113741223,-0.03703020875303103,0.947545722242679,-0.09354175566540136
duration,AA,200411,72,0.9364986213131523,0.9724736715170028,-0.7243874204128884,-0.550232733897241,-0.28107916907839736,-0.35110257174081155,0.3777883233524722,-0.026940184019889957,0.9416951912425213,-0.1266522363943137
duration,AA,200412,72,0.9038435256862078,0.9580995256853443,-0.7896970866293653,-0.6125684334273562,-0.3058717602418162,-0.28489199380296926,0.3830272627741818,-0.018790172550889248,0.9421684614709591,-0.11592539172645001
duration,AA,200501,72,0.9440308707707898,0.9300661634367873,-0.8758441057302722,-0.7079290302581824,-0.26146375972731367,-0.48886173438564706,0.384355207435915,-0.01877289975258301,0.9366005944754898,-0.12652975167334687
duration,AA,200502,87,0.9376722909350571,0.9247677327439061,-0.9123532842458263,-0.8256527088327518,-0.20972151345046286,-0.30695767076501235,0.38182883931946604,-0.024308432877496386,0.9268930396815643,-0.12295258797498655
duration,AA,200503,88,0.9043526501059475,0.9408294184299749,-0.8699940121869609,-0.7610610897747004,0.22137297030749184,0.19374353331354374,0.3817129646959259,-0.023543070422876827,0.9255125271651884,-0.12531741688128548
duration,AA,200504,89,0.896857284046958,0.947730416539982,-0.9216887980932926,-0.7295740959127021,-0.182822608103507,-0.2685660051352428,0.37930033814125175,-0.02985383586789969,0.9121895377786644,-0.17205204390008708
duration,AA,200505,90,0.813991966047794,0.924474407762508,-0.8967115281722023,-0.6889605954029987,-0.2427213236202,-0.21728143035303002,0.3713285867231504,-0.04170328155152177,0.9012493927910176,-0.17220944125057394
duration,AA,200506,93,0.7458977563553366,0.8600353623145158,-0.9334248455730954,-0.5837476919999203,-0.0400316314046134,-0.18745547122422582,0.3724098598055098,-0.04542426719298747,0.9080675289726989,-0.20350458668902258
duration,AA,200507,93,0.8145462414176957,0.8141891009796314,-0.9238459013458266,-0.5752077707627646,0.04825281250932529,-0.19121618599284612,0.371027750893281,-0.02505717518758892,0.8971339586691371,-0.13435762416078056
duration,AA,200508,95,0.7572990849963329,0.886390201224847,-0.948894176931691,-0.6677958391951565,-0.014725643896976483,-0.026995153194802786,0.3647087712869065,-0.00999609708182459,0.8864205308134461,-0.12429935861143764
duration,AA,200509,100,0.839939033552677,0.8908464650258121,-0.9551635163516351,-0.6401315356249172,0.32312031203120306,0.0729626095997541,0.36181513602540133,0.001586425011795154,0.8935219309296685,-0.10062011334266757
duration,AA,200510,94,0.7974930011234921,0.886609855447028,-0.9539211790629629,-0.6684078200356505,0.22014232561499839,0.10362391087877185,0.35239011803887066,0.005241941935965395,0.9021155353329804,-0.09195848644280952
duration,AA,200511,94,0.774673887144898,0.8640613260251264,-0.9486471841924646,-0.6348198321273918,-0.1536610916446917,-0.12259730878907564,0.342292020491312,0.00611385493600162,0.905587626139088,-0.06437547097959763
duration,AA,200512,95,0.5585791779448439,0.7337308961657022,-0.9376959686450169,-0.5697337894906733,-0.1488521836506159,-0.17002215223777886,0.32939727925179546,0.0012992647545224025,0.9027395003816945,-0.04080630310628896
duration,AA,200601,100,0.728468515767063,0.6284925588207261,-0.9533633363336332,-0.47472313843593306,0.08315631563156314,-0.3221468457059112,0.31490694441387096,-0.009346432346011558,0.8973790779668154,-0.020123862167229806
duration,AA,200602,103,0.427448805481314,0.5745286101468985,-0.9761674647454203,-0.6801171888874793,-0.4234832842771164,-0.5984365692013099,0.2992654705658991,-0.009019078588996945,0.8922455243955252,-0.004314960716386365
duration,AA,200603,101,0.7271239452003073,0.5542162710345033,-0.9641001747233547,-0.3797897436014446,0.6011881188118812,0.08719531731470412,0.27946883011696017,0.003681000997482247,0.8904168464913806,-0.016438879480877865
duration,AA,200604,103,0.5785180243431702,0.6987089369565755,-0.9689298422879233,-0.6378126365465939,0.1829943329086676,0.12496396223076377,0.256681849961099,0.02945722578306748,0.8892435121711568,0.0033441867739561967
duration,AA,200605,101,0.6934252792932356,0.7578082910142578,-0.9383692486895748,-0.5991776211331812,0.07750728013977869,-0.2591134382475587,0.24188593258294483,0.049426247964522725,0.9016596993999055,0.017096051208747656
duration,AA,200606,130,0.4915626651888915,0.6113433414684146,-0.8941184503407119,-0.5855683618834087,-0.25319204140436163,-0.31459004755213876,0.217947222871031,0.04494961886583294,0.8808958416374418,0.03342327407929696
duration,AA,200607,127,0.34303843089899816,0.6846036105908111,-0.9249859392575928,-0.3898304340331934,-0.20201185789276338,-0.17779164343031933,0.19602733811830797,0.06407841613601128,0.8929340644417579,-0.04062048558833472
duration,AA,200608,134,0.40934046417242875,0.7599329139421461,-0.9193955036845847,-0.27804711393435944,-0.07367922293295429,-0.14346386161733826,0.17515695180223464,0.05656334693769285,0.8705368478966276,-0.07233557447984018
duration,AA,200609,128,0.2740811743566029,0.7615723023068108,-0.9200867515107124,-0.2134127237817087,-0.0571037813587255,0.05916511325510037,0.15619593407964172,0.04762577057503856,0.863716427745236,-0.00215467830741514
duration,AA,200610,164,0.4095306953913069,0.7693964168634944,-0.863809122196074,-0.14907623989420912,0.1341177750873995,-0.011984429764556501,0.13899569832037587,0.03797950858303647,0.8588277597195301,-0.016629723419281883
duration,AA,200611,164,0.19725920066050612,0.7747779734635207,-0.8813271122114454,-0.18619149677564267,-0.2839416157686395,-0.028225342957324016,0.1237526212541413,0.026843458918553068,0.8447733533705929,-0.0859444927028146
duration,AA,200612,159,0.1692420107035195,0.7463164031059327,-0.8550991163123955,0.051223680982530675,0.144894912825412,0.0144408535574822,0.1115618881221667,0.013143202545188864,0.8078229488699936,0.035561641697416733
duration,AA,200701,158,0.5308041732485379,0.5035214079922411,-0.7410334383495167,0.006293455765056528,0.4707123504812439,-0.1724957576020691,0.09965766158122982,0.010629574103775024,0.7874719329325264,0.05797723629147159
duration,AA,200702,184,0.10547125959330303,0.5791031808695632,-0.7908728400531679,-0.2037902937461545,-0.22251738552522585,0.021477464220666587,0.09128414703464595,-0.0024160652511627904,0.7480367314179489,0.18015059744290032
duration,AA,200703,185,0.35315590566232863,0.7997403372786738,-0.4917073327903839,0.4917351867513413,0.509089168856985,0.3588812449564065,0.08117392972373709,-0.0020097343710869303,0.7248868355052249,0.2754565541779799
duration,AA,200704,185,0.21220139044007746,0.8128249049436006,-0.5007202153064706,0.3453962814894063,-0.04829801751260378,0.38398413236949347,0.0725882172882938,-0.009841618122414441,0.6741582027419469,0.37844762880039634
duration,AA,200705,188,0.6000216727223907,0.6844437240343977,-0.4226477180169295,0.3833033682139429,0.49701556960630794,0.026173088786961885,0.06562309911399983,-0.02682388581486637,0.7201127420421127,0.3792273070544184
duration,AA,200706,184,0.726135625426502,0.7968213681454217,0.22056029577562986,0.5536023287954057,0.6662088315621891,0.5725505722204602,0.06262213517649261,-0.02558957354076107,0.6008446319079322,0.6770748346289635
duration,AA,200707,184,0.6876405360309106,0.8023819121626689,0.3844851690803787,0.6064439011441639,0.4928187151176214,0.5526819568636006,0.05621134665941723,-0.01673728067528305,0.6050487998937284,0.6732785925591885
duration,AA,200708,186,0.4898325503869257,0.6846531491466683,0.2698926285264046,0.5604389251525993,0.19586925203623495,0.29011560575681555,0.04480701391005217,-0.02483375097918376,0.6027634578679834,0.48539060641637194
duration,AA,200709,192,0.6778548182470179,0.8011564011106727,0.5483835417627433,0.7968545616257534,0.6158766920760654,0.5090898455696421,0.04154168821085526,-0.022687342999290268,0.583718787236686,0.6483164860448398
duration,AA,200710,183,0.742231936786694,0.8308493415998576,0.6278343894167131,0.7965791380350501,0.5201530472378656,0.4850075388237472,0.036420884920952794,-0.03348006751946699,0.57559148098615,0.6766989427128032
duration,AA,200711,185,0.5842752636786823,0.797225057311267,0.4848925362950609,0.7541904232713408,0.3867783632159509,0.5931947763332716,0.0341948813743522,-0.02857099648216993,0.5664342481490767,0.7626328504358937
duration,AA,200712,186,0.5865663096732866,0.8288266824958519,0.5106453011576351,0.8200967792690994,0.45615299619094685,0.5809804833046542,0.030756551889313737,-0.028380336548463073,0.5813894570739443,0.7173428312913158
duration,AA,200801,178,0.8596457910819547,0.8150813075871062,0.837464319113465,0.8259802409365139,0.8224482913071094,0.6299246107830433,0.02880984442178999,-0.02575738220125328,0.5874694213193042,0.7786703639109274
duration,AA,200802,179,0.8156349828716198,0.9127564594137383,0.7915531563199631,0.9077670131508409,0.617414684158768,0.7129312820539153,0.028503438846699848,-0.033069488520343394,0.6182678620331051,0.7176025895092327
duration,AA,200803,178,0.6765195594992373,0.9034001171383429,0.6530823072806564,0.8943230075211577,0.31592279842413634,0.5406439127393853,0.024416322590542907,-0.023246410962472132,0.6058526908603705,0.7216738515846645
duration,AA,200804,177,0.7964121455578342,0.9244766799237208,0.7712059174875783,0.9265279049205075,0.5977259742732987,0.48236695687288744,0.02659277158877178,-0.028885428467053116,0.6165108494434217,0.7827906957926948
duration,AA,200805,177,0.8872659398928557,0.9558881053062751,0.8729224736413844,0.9587474646300093,0.8626170772666679,0.8110976997314278,0.025240833593808895,-0.026101306748568885,0.5637201934915216,0.878667195437763
duration,AA,200806,178,0.7970410452334837,0.9301609542470265,0.777061884461486,0.9233441284869599,0.38607703347806055,0.5301065613539356,0.024209408989113924,-0.0212595879822847,0.741404908308936,0.9121042630377295
duration,AA,200807,176,0.7967627047404394,0.9555687872107349,0.7737508254457408,0.9524558454137017,0.5606713625357694,0.6115832368040892,0.028966780470618878,-0.025939611074919745,0.7067533746785979,0.9072700003009729
duration,AA,200808,176,0.7630045207065002,0.9691518392949703,0.7318534008364517,0.965235450663687,0.541138014527845,0.7488372195422488,0.03701368463319291,-0.04807762623508663,0.7285493906216164,0.8916619244855839
duration,AA,200809,173,0.21101663243254767,0.6288093746759883,0.14932021823474606,0.602018490664736,-0.0539630373010833,0.3412173985606936,0.04022120634155851,-0.0451226973641327,0.7495835750254232,0.7844452877161461
duration,AA,200810,172,0.4145636397207544,0.8231361182588659,0.3616643436794702,0.8354997880430901,0.48273560632324186,0.07934489286836392,0.04662962737039231,-0.04328113470798051,0.7671995370734868,0.7490770304601833
duration,AA,200811,173,0.26846080125359456,0.8583583308092912,0.18918931447033577,0.8471407885920885,-0.04728342241031656,0.3994442136410398,0.0527783598674327,-0.03959596381158133,0.775538380150171,0.6177869635320749
duration,AA,200812,103,0.4818248962833265,0.8957513055798093,0.3861529675350349,0.8978465542980576,0.14115011202389843,-0.49140186762109084,0.05993745632226942,-0.03774404338159066,0.8170612365020301,0.5017073030257722
duration,AA,200901,101,0.5889143210019567,0.9206661677339654,0.49167152009318577,0.9171779766433082,0.4732090856144438,0.4748179231759304,0.06636400959543316,-0.031185800950765664,0.8045249431212678,0.3929334236069625
duration,AA,200902,104,0.4076923076923077,0.9137624760744336,0.28568227888616243,0.8829557396676344,0.11599274511895871,0.5544999173231426,0.08000012442910398,-0.021273704853554377,0.8528189903622564,0.30805740838469187
duration,AA,200903,126,0.5810441126208747,0.9277628129409959,0.45051068616422946,0.8924994375703039,0.1387116610423697,0.42585376827896515,0.09868916658660408,-0.007175697489767053,0.9087356950892652,0.2017879549302217
duration,AA,200904,132,0.7240649719381429,0.9380177848695695,0.5823336968375135,0.9568112119453336,0.523988667017996,-0.12048874853097409,0.11107737194613664,-0.013640552372255846,0.9282487378920451,0.09732692988909916
duration,AA,200905,134,0.8395138081892668,0.9363977336235327,0.72867492113368,0.9342307721198615,0.4297639992571818,-0.062105899736713883,0.12674728711774477,-0.01195925809150186,0.8954058084777482,0.012196271022160978
duration,AA,200906,129,0.8439452256999251,0.9291951542662916,0.7343805903398928,0.9030883919098113,0.21629025044722722,0.06435337755329688,0.14528448033242206,-0.01670065988840778,0.9204497999033647,-0.019198940124981762
duration,AA,200907,131,0.8733610117994909,0.9132396569150432,0.763961992206267,0.8773658179869451,0.38372924785138524,0.2068360829454945,0.15857222832784443,-0.01657838700485963,0.9303781816940421,-0.04340780156306453
duration,AA,200908,132,0.8591308249805636,0.9276543122921599,0.744752234507156,0.8801047728255584,0.5096032934522288,0.4140431066085278,0.1718203570983269,-0.012414812385438255,0.9461051709015329,-0.06533961598983472
duration,AA,200909,134,0.9259841145151437,0.9493260514470256,0.8127058940884552,0.912507637252335,0.3053728849486902,0.1383134453048043,0.18557867248322096,-0.010812714075852449,0.9593870196252418,-0.0676561330022237
duration,AA,200910,138,0.9414219779749208,0.9844139743401502,0.8504209009815314,0.9597661128475827,0.4568082760069316,0.2847126297692407,0.18601417882233376,-0.015467827419520507,0.9624020912157267,-0.11438642047548665
duration,AA,200911,141,0.8934655457636046,0.9508280587530431,0.7979665225394923,0.9123709409343604,0.4903249282931632,0.5056964186145481,0.19410137799959498,-0.016992752518447174,0.9000179133206347,-0.05411156568823205
duration,AA,200912,144,0.8549932782616697,0.8888607559343319,0.7251989389920425,0.8252102934328096,0.48986817779921227,0.4202994948168933,0.19783010183320382,-0.01746255395290785,0.8896779454761914,-0.050500115481590405
duration,AA,201001,141,0.9523212219789509,0.9611924803747124,0.8624341795453572,0.9335265497828436,0.741084806712616,0.6753257316804111,0.20328355673181464,-0.012504130736627327,0.8717972976936659,-0.0921507012187041
duration,AA,201002,156,0.9366256340821489,0.9819806008152272,0.8445828262553143,0.9430661987339775,0.6547359769878774,0.6779409475314546,0.2021466169577662,-0.019401120914720668,0.8744600612366629,-0.09631472917142304
duration,AA,201003,158,0.9722175739866854,0.9901027904167752,0.9295909845305229,0.980274066795788,0.7587467426474728,0.662442687242726,0.1972616386023693,-0.025869475020304192,0.8838344579295332,-0.08776221573258412
duration,AA,201004,157,0.9286059824236071,0.9523362095041332,0.8399611756460906,0.8922312409403628,0.39350591358170167,0.3760836027324256,0.20374784572949628,-0.019667822793095056,0.8974455404359825,-0.05389664784401542
duration,AA,201005,159,0.9212770499130308,0.9327247025397044,0.7642942440888465,0.8311380463338907,0.14833412944829236,0.17590458562216385,0.21360854838476223,-0.01665385482859364,0.9033478120588179,-0.03628268583471654
duration,AA,201006,156,0.9020601081541816,0.964576894415344,0.6956804855304958,0.8621483177901395,0.36866178818099915,0.38974315206565424,0.22104265083090932,-0.017134310092670697,0.8915234665191543,-0.018036700209502744
duration,AA,201007,160,0.9135127889820241,0.9664668535896153,0.6955818586663542,0.8728032878263854,0.5205818586663542,0.42751994281033884,0.2307672279711822,-0.018033416512025415,0.8899721076338921,-0.01775380349549576
duration,AA,201008,161,0.8980387307904539,0.9579600800845015,0.6085576259489304,0.7949493794935518,0.46290545203588684,0.4911012431744006,0.2405682148754408,-0.014197448208521257,0.8805548184658869,-0.008277211208135602
duration,AA,201009,163,0.9122177224388504,0.9725061723947784,0.5977660287850323,0.8068299427936302,0.6824114253412473,0.6473080498729478,0.2506586517957747,-0.014943776436420845,0.8775271001929527,-0.009279005752935112
duration,AA,201010,163,0.9361362828685048,0.9816580939023155,0.6423706363853005,0.842014622529256,0.8053602008412721,0.7225723679386455,0.2765579544481961,-0.009907908060846186,0.8771141819267605,0.006402549478739971
duration,AA,201011,165,0.9489915315363451,0.9844862717966772,0.5913338498116636,0.7514417435431268,0.6334250527609329,0.6637182858163302,0.293557967801909,-0.0010597224185405173,0.9124142506273233,-0.030099472627959756
duration,AA,201012,165,0.9206274151524457,0.9701492936044954,0.5256378062137687,0.6716399967942724,0.5261373654262284,0.45829615579835975,0.31412177887123277,0.0031206806421675837,0.9237055849084639,-0.03392063588381669
duration,AA,201101,165,0.969804029736031,0.9938162727066693,0.6609435524804318,0.7641823580568861,0.7726604867363023,0.7301281357740809,0.3264012836984723,0.0010704633752538334,0.9309099785396836,-0.012524344377355117
duration,AA,201102,174,0.9714473158942096,0.9914610130386293,0.5362441982972179,0.6371039250002029,0.526316808565164,0.45617953596609573,0.3415593056190233,0.005270900706366726,0.9346735320663283,-0.00024880024202586314
duration,AA,201103,173,0.9733782581880402,0.9958721597921479,0.4728666719201228,0.577021690824787,0.7090079775275692,0.7232121076932667,0.35851722900174693,0.010578143186922219,0.9311215859156388,0.02071427975867406
duration,AA,201104,175,0.9298762482515162,0.9645867993440871,0.42644648454993284,0.5439093325847335,0.6030832960143304,0.6105484951002146,0.368580089705273,0.0181939313355413,0.9263791462918395,0.012310384971822436
duration,AA,201105,177,0.9711932419763687,0.995385073173371,0.3893241114246638,0.5048878703234054,0.6227904641540141,0.6286197805504313,0.37170422308347517,0.015693099815788196,0.9282965828890866,-0.027183727878071866
duration,AA,201106,181,0.9484158244033111,0.9841428048146312,0.3778782911379596,0.5097982867860764,0.6695565944184728,0.7113091247795644,0.37159359646201084,0.015813938778128117,0.9365195097520996,-0.032175007272089357
duration,AA,201107,181,0.9229103518978592,0.9838341645948372,0.21971141197660532,0.41383302040961056,-0.10167769615283426,0.013746403395483721,0.3699310018136752,0.015458514049375188,0.9401477102870204,-0.030084989364323078
duration,AA,201108,182,0.8675442507861686,0.9693205066265151,-0.11006826702868727,0.1644014632796032,-0.3587597078222928,-0.19668776521463757,0.36803814236102605,0.020965234646940906,0.9499232910179013,-0.033655318883110324
duration,AA,201109,182,0.8340365899115273,0.9743258744316549,-0.19713037619024393,0.19162997348621544,-0.099850606779327,0.0823018767272024,0.3640496787678422,0.022229020819025468,0.9494824205453057,-0.03243553770926684
duration,AA,201110,186,0.8603459577820027,0.9718213199412676,-0.16439537691909606,0.2854825053803584,0.3287357393619253,0.036041042702478446,0.3600714929953852,0.02483638728151485,0.9550061690758326,-0.012983558731510511
duration,AA,201111,160,0.8715473022726149,0.9740717763336093,-0.13423180592991912,0.19824562945599397,0.40028419078870264,0.510931123086463,0.35903568545226566,0.034520278255069356,0.9584778014877442,-0.007086392049583826
duration,AA,201112,159,0.871729268763314,0.9546890615375422,-0.29773107236684976,0.08397912277241688,-0.3187783615954144,-0.513686407193578,0.35806717383447917,0.03851878895121245,0.9615116123839182,-0.011134988822365896
duration,AA,201201,159,0.8612422835880441,0.9448746377360475,-0.3374313350847863,0.05224064401821562,0.27321769763553855,0.11660514181578226,0.3586561098178856,0.04308025394079351,0.9746312069680401,-0.0038896274722655453
duration,AA,201202,160,0.8575237313957577,0.9579030790808928,-0.36745868979257007,0.0006928991751137972,-0.0908590179303879,-0.2696036997596057,0.35763661532450935,0.04296088467355413,0.9791022611908804,0.0036801374309090007
duration,AA,201203,161,0.8907931409545815,0.9492458514824827,-0.2506585001150219,0.018932597193466762,0.5033960202438464,0.408100414078675,0.35586606837668777,0.04400595934785524,0.9774944607166552,-0.00977830962845771
duration,AA,201204,158,0.8658828218423729,0.9430119835860689,-0.34042737682149327,-0.07219196222459087,-0.2628594116761161,-0.24826179322249156,0.3539261041690964,0.04419389268318255,0.9804128480205485,-0.009591618914455194
duration,AA,201205,169,0.8747419787319445,0.9379076212788743,-0.4584580577793248,-0.18116724823151611,-0.454246432300731,-0.44796684397484265,0.3536647983150825,0.04345430005178245,0.986048609558947,-0.0026677594192665967
duration,AA,201206,172,0.9162290422274013,0.9810469739784472,-0.48537933083818563,-0.18813259430069226,-0.12680444221186113,-0.2301326992478987,0.3557027228194625,0.045086257278673214,0.9911681222071976,-0.012837510097311272
duration,AA,201207,178,0.9163611023202288,0.9665920508635787,-0.6695814258311,-0.4072218335993866,-0.4884868963506818,-0.6834825026407017,0.35943217000284966,0.04369350528406768,0.9977364266391096,-0.00532730301158456
duration,AA,201208,170,0.8874412481153531,0.954863880235348,-0.6959276018099548,-0.43923046156023754,0.2386587771203156,0.1423066001881322,0.3613665654780473,0.04428475216103927,0.9934420657130714,-0.018401512193313773
duration,AA,201209,177,0.9029253117650753,0.9441733613873668,-0.6771610602309517,-0.39240100219220253,0.2550012118903759,0.08996028347472206,0.36190697713570946,0.044482093538143364,0.9919851134586306,-0.0032205272125228127
duration,AA,201210,175,0.9155339403654869,0.9705149362179495,-0.730884460367219,-0.5144878129065169,-0.2458083296014331,-0.3403183389146097,0.358196359826571,0.047071577758303174,0.9878572436815952,0.0016932204461889873
duration,AA,201211,177,0.9275422850829812,0.97856623087269,-0.7693339796748672,-0.5375756756028792,0.08256003185540417,-0.013576433034876885,0.3511128901580119,0.04601945002252659,0.9790928936564733,0.013459502046351912
duration,AA,201212,173,0.8686399995377714,0.9418231122242454,-0.7097357357078955,-0.4736085495629847,0.324895355790313,0.3100722371630825,0.34602912569226274,0.04624663921786909,0.9824880904328217,0.010035046543546299
duration,AA,201301,173,0.9573455816189255,0.9583148882524207,-0.42976206479365503,-0.14255509619946852,0.8240192647324679,0.6815339732141515,0.33946345443417064,0.046337711852519343,0.9776156741693518,0.023188725465937646
duration,AA,201302,180,0.930315200219883,0.9803198354680486,-0.4719610687572662,-0.2808957898864516,-0.05054271222362831,-0.06570477041966749,0.3300707810640423,0.043038452571140126,0.97268916204451,0.022843100149814326
duration,AA,201303,182,0.9130129920412624,0.9812715854010531,-0.4155470469210167,-0.16795847244611456,0.24340743940417883,0.25824337969239725,0.32057540362714526,0.03949737230297683,0.9715752246531703,0.04487165646397477
duration,AA,201304,175,0.9219709594554508,0.9774154598162412,-0.5078549037169727,-0.28110165696372597,-0.37402373488580387,-0.41474921630094047,0.31269031010134424,0.045552941002157406,0.9704021944626641,0.053369046067725405
duration,AA,201305,177,0.941215106022884,0.9879324737927768,0.11881286681324771,0.3401494953342221,0.8526644275549246,0.8497861879122592,0.30492203348681163,0.04217984246798366,0.9675443904560328,0.09304289219698147
duration,AA,201306,190,0.9482094384471577,0.9868597794742842,0.36808879445073195,0.5098663060211647,0.6225776581846388,0.6808017964674199,0.2946621874168161,0.04710754518245164,0.9587952938671909,0.07683804402579801
duration,AA,201307,193,0.9378274602811488,0.9720988365302933,0.467928729768709,0.603377311129992,0.6129864189947117,0.5716248275981669,0.28424700171338896,0.05062183154653605,0.9524048249105184,0.0817948505344789
duration,AA,201308,194,0.9673849891085439,0.9853989015175538,0.6214271920056866,0.7313077689565404,0.7477715276550808,0.6921053118177094,0.2727709914277148,0.054442799759402534,0.9508388322720465,0.08645090948971919
duration,AA,201309,197,0.9500292145358019,0.9755653090095066,0.7281988014402808,0.8072915113407121,0.6051125572517886,0.5614521807518175,0.2646187022233291,0.050750152981925374,0.9575658446813856,0.08940780266911799
duration,AA,201310,198,0.9759491875426108,0.9889232177243839,0.7488890383311728,0.8079384863932275,0.2891545869634281,0.2252806394077409,0.26069333882963297,0.05047467221901383,0.9598657953905292,0.07305944100756684
duration,AA,201311,200,0.9683330714517563,0.9880806930778468,0.7133998349958749,0.7906280621871337,0.6366549163729094,0.60631388521488,0.2563129954396263,0.04604244701115297,0.9628431526012614,0.055419214187327204
duration,AA,201312,219,0.9774920624408708,0.9844147868872463,0.7477109920367431,0.7984372817637405,0.40928284986347074,0.3347727943299903,0.25120096517299956,0.04593937068770017,0.9565915929355425,0.057123848535518655
duration,AA,201401,216,0.9697045834454225,0.9847372148498673,0.7047726217268602,0.7713133894352738,-0.08632396194286666,-0.11997239782858721,0.24808859758568524,0.041844895168725194,0.966955727534355,0.01297180395943859
duration,AA,201402,218,0.9511029335114077,0.9764731569396066,0.6807332499743727,0.7509728279980272,0.14245868779714002,0.10964534562838521,0.2481699930561694,0.04625074800036894,0.9742009736636801,0.0023070245639149403
duration,AA,201403,215,0.9793704018099846,0.9953965238172088,0.6662162814847015,0.7349101251601988,0.11845734019174575,0.09029383122863295,0.24888560696224313,0.05260249127392552,0.9765656614995741,-0.0026829572517117705
duration,AA,201404,214,0.9374338591561678,0.9707294733923564,0.5446158367286964,0.6321095317428468,0.20813662675903277,0.20656465565021945,0.24797141010327545,0.05551322046309169,0.9753284912284148,-0.0009573781057935387
duration,AA,201405,216,0.9666553146094737,0.9907044881625814,0.6101858798032841,0.6757622161802852,-0.12411555269769822,-0.1300411532438064,0.24651293758746368,0.05556863235078701,0.9757105660797422,0.01626129358839469
duration,AA,201406,231,0.9859924506788085,0.9948003131886656,0.6064088085827216,0.65528111458696,0.02900562705660157,-0.02791236970383311,0.24861014210266774,0.06036726755690546,0.9965593292566198,-0.03598817598466825
duration,AA,201407,234,0.9798751218438019,0.993179385212776,0.5156644165501805,0.5709325214489077,-0.2638901961886165,-0.2796419382131527,0.25207856044339905,0.05714667416746571,1.005729462714299,-0.08504197633597907
duration,AA,201408,236,0.9842009414023644,0.9931262881366647,0.4119333354635796,0.4675038395854901,-0.6900327297128276,-0.725414388726914,0.25789783861363963,0.05743101637329551,1.0115268890394797,-0.08499179093474969
duration,AA,201409,237,0.9845458892939919,0.995549283421111,0.4026987752835526,0.4586181275015026,0.40608373793628155,0.38468616619826074,0.2643979227835936,0.05310492906349169,1.0108745390206402,-0.08384496451486964
duration,AA,201410,235,0.9567137484493885,0.9696824061561266,0.25649347647183923,0.3267284252850082,-0.43383635237223406,-0.4584987912273699,0.2705149481959808,0.04877028028060627,1.0115551160121974,-0.06949532624069418
duration,AA,201411,234,0.9555537084240847,0.9774517301111241,0.12813675838057176,0.20634074373782718,-0.42262526077702783,-0.45118824262980395,0.27742669011997984,0.046668217388492486,1.0104321697555323,-0.09458600165714032
duration,AA,201412,236,0.9425521736327865,0.9633567471027852,-0.1556217960715215,-0.07149331036933275,-0.718264275313032,-0.7273320699440255,0.284678635820092,0.04534267357354139,1.0126739555469455,-0.08766075340061293
duration,AA,201501,231,0.9609354369313082,0.9710935613761597,-0.524625674175899,-0.38781633080780104,-0.539036975018984,-0.6095061884350731,0.2920301135173113,0.048920565818894805,1.0107792204187906,-0.07412139308779869
duration,AA,201502,227,0.9331794114725088,0.9637365447377068,-0.3579474689608901,-0.23084205129502997,0.48749817899784353,0.42024928294780545,0.2949166418959088,0.04843090810169607,1.000668471252523,-0.11358498298509757
duration,AA,201503,229,0.9675856138813753,0.9877701380522015,-0.38440638334016175,-0.2748853147699395,0.14334535788874125,0.10337871445135899,0.29661520950836473,0.04618031481734632,0.9991513373109555,-0.10184171938787684
duration,AA,201504,246,0.9784449516099057,0.984931136654811,-0.27732007585299345,-0.18047431957941734,0.642733206642981,0.5776712216139569,0.2981852558040846,0.046964279231326476,0.9978099432349631,-0.07317464749425129
duration,AA,201505,241,0.9759562874337713,0.9925705358650945,-0.1273541716676383,-0.02717416581026496,0.5859512705325607,0.5564917146317135,0.298545663241653,0.04438881679018194,0.997445250252796,-0.06562969627334844
duration,AA,201506,251,0.9594410312149639,0.9742693204912025,-0.08756061468412066,0.0006833628280984203,0.285642193132233,0.25420186560737396,0.29727839501641873,0.04374383772281274,0.9891445213727348,-0.0836253779148941
duration,AA,201507,252,0.9815868871358295,0.9940908115223343,-0.13019482394157608,-0.051438582217396514,-0.1956405509151049,-0.23453778369780115,0.2948338966760217,0.04364206674165459,0.9852502825438326,-0.08698093623141621
duration,AA,201508,252,0.9785573952452851,0.9923876548256022,-0.12448530740579936,-0.04955380727017344,0.30753927635964706,0.28992947826565,0.2914801042861519,0.04169793329434752,0.983967003842408,-0.10042487990506534
duration,AA,201509,254,0.978706810712774,0.9918775244861996,-0.10037402032488323,-0.007188968371705393,0.2683488732706365,0.23166060629194984,0.2865673167521333,0.040135921859170434,0.9791513517848056,-0.09954208407023299
duration,AA,201510,253,0.9780414724465714,0.9941103970803398,-0.06557159604061351,0.03645942266408722,0.24959058971383521,0.20277061823458728,0.28156563738781226,0.03768966297758039,0.9810363467260818,-0.11166424068652069
duration,AA,201511,252,0.9704809043176325,0.9907336186730707,-0.2057278133841446,-0.0901166970586484,-0.33432991167271436,-0.37010977573480736,0.27572095630520754,0.0335088394325354,0.9788535512813716,-0.1277429357135118
duration,AA,201512,258,0.8943972711949818,0.9309609258339219,-0.36603162103116854,-0.23202857518734293,-0.3069527766840227,-0.2940964889469089,0.2690897409638253,0.032529869890159754,0.9732343329044492,-0.1315205055439763
duration,AA,201601,251,0.9525918640778669,0.9862547460316868,-0.16715765509391006,0.012000783913633238,0.5032358186302409,0.5362579963657969,0.2600747008348574,0.027852079465277103,0.9649839113438439,-0.09088346628413248
duration,AA,201602,226,0.9546927467258908,0.9902911813915436,-0.3414037139552714,-0.13915313415015035,-0.16188946499811574,-0.21984246991549047,0.2514024949448605,0.026026758232906896,0.9614661987576558,-0.10081964059778213
duration,AA,201603,234,0.9628312699447683,0.9867972819547337,-0.3801348196745878,-0.18232222976237525,0.08956868474720728,-0.02117784680348093,0.24364719747135632,0.025750425772706954,0.9635707566562439,-0.11555587089535298
duration,AA,201604,243,0.9396884177935416,0.9826196187062182,-0.45032290114257323,-0.26008259052793525,0.14399333624370883,0.09930474842261873,0.23715922311086005,0.022737139890810807,0.963597181603927,-0.11515630360291808
duration,AA,201605,244,0.9673392099068209,0.9916770580393368,-0.4615301372522293,-0.30398224267638263,0.006537551268230425,-0.07214573793461722,0.2337563974695391,0.025781125914587054,0.9724226353589309,-0.12486496291391952
duration,AA,201606,252,0.9643261604977705,0.9889311109580826,-0.5854459069425292,-0.43160024573507,-0.06932180931834492,-0.07880489749549224,0.23173898283477584,0.02723782518374852,0.97881844406579,-0.13006760242886345
duration,AA,201607,253,0.9640653479950959,0.9921893076776803,-0.6478263833621589,-0.4824005187111633,-0.07882315105868684,-0.11690811411646779,0.22943183639773615,0.028119516250146595,0.9779883299210268,-0.1402042499962065
duration,AA,201608,257,0.9635163618616518,0.9896786597156825,-0.788420589765632,-0.6456015158476137,-0.3246326689892317,-0.4089346647836067,0.22749502901241547,0.028979894536412434,0.9762895426805053,-0.14608933434849816
duration,AA,201609,258,0.9529016141476778,0.9814035950757638,-0.7620697859590267,-0.6161029165674798,0.31931525615355133,0.2844362487352167,0.22627654889102758,0.02751795623810037,0.981661743135914,-0.09943382111711822
duration,AA,201610,257,0.9673340931896308,0.9870479100437859,-0.5502782553615057,-0.3794585243742618,0.7262620464211382,0.672893380707225,0.2251014872644154,0.02665350614130234,0.9780464124582583,-0.10776269897987215
duration,AA,201611,258,0.9798221929688725,0.9882775425953312,-0.24366180107741958,-0.13728967908841053,0.3425462640918256,0.24227278039499295,0.22478019229205057,0.026270407248379493,0.9835665612903163,-0.09271354722855485
duration,AA,201612,259,0.9710658648601563,0.9875777298440218,-0.36103079824010054,-0.2744480878850209,-0.18670820066168906,-0.22213415802893652,0.22379642694800217,0.026824234792088467,0.9823325296134638,-0.08921488807104622
duration,AA,201701,259,0.9735883213703758,0.9882430421697384,-0.18395991186688862,-0.08854709963719395,0.6217418031371519,0.5559067575214891,0.22202172540079004,0.024090686684720225,0.9825647443907839,-0.10217530079468212
duration,AA,201702,264,0.9796111363300812,0.9929637976518572,-0.322614769547835,-0.2266096388384723,-0.3276046931761114,-0.39947589703659153,0.2235361607086321,0.02400555025098806,0.9953950471715279,-0.0647125663754858
duration,AA,201703,269,0.95702769551041,0.9723147825057674,-0.41501969705376457,-0.32617713930636827,0.17133230994963225,0.1315592194656218,0.22435689599691885,0.028413614359132203,0.989793755483769,-0.06418379152456369
duration,AA,201704,264,0.9761963731192108,0.9951766902837126,-0.4815325215712617,-0.3745568347241278,0.017753980003782713,0.0046693771815902105,0.22374980976737266,0.031713721620528545,0.9873954978729501,-0.07121777665157558
duration,AA,201705,245,0.968293395441744,0.9934032065349201,-0.6551918008306883,-0.5348626044847455,-0.37759018841443026,-0.39446235911181105,0.22039824708123154,0.030907528951920577,0.9790217754620095,-0.08771401217636304
duration,AA,201706,254,0.9736002659761714,0.9919580552726689,-0.6362830837728637,-0.5143850871841649,-0.21242853245994794,-0.2611610518306398,0.21556753406732376,0.03040642007843331,0.9728161668064401,-0.09061413373355191
duration,AA,201707,255,0.9714170126501296,0.9927544924380285,-0.5993059576192682,-0.4788390565505321,0.5145857457156091,0.5056936628829815,0.21056186909377425,0.030699572981453854,0.9712347392330349,-0.0690444994093791
duration,AA,201708,256,0.9602072990653961,0.9801065608831061,-0.6438723105973906,-0.5238952282510976,0.07588335431448844,0.006551497780267663,0.20490137935760153,0.025708168588425607,0.9714754197736211,-0.07534893056977203
duration,AA,201709,258,0.9548853870805911,0.9788885618287708,-0.552641334018585,-0.4428977334773724,0.11392564274656392,0.03602889732653993,0.1981393182281364,0.029508049354432107,0.9648399487080941,-0.04825785478202573
duration,AA,201710,261,0.979500430031116,0.9874809264382305,-0.6190832945242001,-0.5325110268961651,-0.2253697372064437,-0.2874892915956088,0.19130486446518816,0.03546142482143422,0.9632505890176938,-0.05738659377847171
duration,AA,201711,264,0.9524468706129419,0.971850361219528,-0.776255633311376,-0.692985122135322,-0.5951582210733569,-0.5957918747957928,0.18583055021467607,0.041823777654265225,0.9643099342949749,-0.06603436518782047
duration,AA,201712,239,0.9459198011422615,0.9642166248661743,-0.8566585211490453,-0.7768022409687518,-0.4997591505221335,-0.5332515262501493,0.18215168878844665,0.04371753508412465,0.9717804834798904,-0.09778011595639031
duration,AA,201801,243,0.9560629822886807,0.9742483868394738,-0.770466713834821,-0.6726817503812464,-0.21453983451002825,-0.2539540631011003,0.180436850975975,0.04599068488044253,0.98052100526211,-0.12546095135214022
duration,AA,201802,249,0.959452791967262,0.9884361667937316,-0.7635958025650991,-0.6456063479485535,0.2004741936405389,0.18448070144186482,0.17726645178383785,0.04259577902948424,0.9769313016131437,-0.1356982811423662
duration,AA,201803,247,0.9320854943235606,0.9724777491504393,-0.805466542650277,-0.6852425328597656,-0.36024664184215305,-0.3620966006397944,0.17468940198387392,0.039502670451317605,0.9792856240242407,-0.14449448488900588
duration,AA,201804,235,0.9529584977510285,0.9777239052329317,-0.6778810322986305,-0.5237655249248836,0.43014692964206125,0.34908978940101926,0.17214453950452727,0.03666548971718692,0.9792693271089608,-0.15815700480066147
duration,AA,201805,239,0.9473621060234093,0.9897031638555109,-0.7102958756724448,-0.56004373985911,0.2087707886501881,0.18096046162581061,0.1707562088246888,0.03878131688495895,0.9820836298902826,-0.16531447744068883
duration,AA,201806,244,0.9189501536205477,0.9835087310612907,-0.7504661123708742,-0.5889906203096271,-0.19198129767997058,-0.13660302980457287,0.16878837889287793,0.03769855280818043,0.9810099381649255,-0.14483091820899727
duration,AA,201807,261,0.9151025408308696,0.9775364281324586,-0.7939167527217014,-0.5980050334024081,-0.24167898434810783,-0.3528132943809375,0.1660849084717019,0.03897255607709293,0.9791892657579758,-0.13494215459019857
duration,AA,201808,264,0.918337452487527,0.9819759006914129,-0.8142308369584357,-0.6177709949585604,0.31153010845958684,0.26851857286948544,0.16427942766352124,0.03770762072867914,0.9833170359346698,-0.11396480090185326
duration,AA,201809,263,0.9152069428262771,0.9880018523391437,-0.7841987635329287,-0.5940689775757533,-0.1391322302055765,-0.16212285877859117,0.16324848761832333,0.038778304246175316,0.987159132793545,-0.13776298903234252
duration,AA,201810,274,0.9276302798279414,0.9776997788913114,-0.7695169064512131,-0.5777487393985309,0.5813109518219008,0.5396462648564889,0.1615002879738756,0.03940183300187186,0.9839132903428011,-0.152852703511512
duration,AA,201811,282,0.9224027899538417,0.9792896332984128,-0.75674393591578,-0.5762024205651897,-0.015081951423113889,-0.02017971593823548,0.1580091864930464,0.03796712045223667,0.9743420019642759,-0.14034951713317784
duration,AA,201812,282,0.8805115734441916,0.9308484259947198,-0.7210473833209233,-0.5239789172920183,0.1982434628172607,0.22137009274570713,0.15232224580554415,0.034740638007185805,0.9642778974035221,-0.10724915806398554
duration,AA,201901,281,0.8606814996746663,0.9422574797519444,-0.7821139222706572,-0.530796826133769,0.19943320100812337,0.10607834727787026,0.1462034653784999,0.0331582226142969,0.9632021618896532,-0.09337449218967821
duration,AA,201902,275,0.8965964630783613,0.9645978418237039,-0.7813450275525806,-0.4954913874846106,0.37229739476645224,0.20095938115943485,0.13840600311122608,0.031052577152313916,0.9504591587255763,-0.08113249726674075
duration,AA,201903,277,0.8123968966229154,0.9055368307600706,-0.8231289713167466,-0.5798244991278051,-0.16559296904024415,-0.20922537763127008,0.13142139061703154,0.03621812373123901,0.9513684380990165,-0.09354882103304282
duration,AA,201904,282,0.8876822781245989,0.950889482238937,-0.7821489353675547,-0.41740064547926914,0.6806897295336208,0.4578390327977023,0.12453073964458088,0.039953575243870165,0.9500860121696689,-0.07613382241676551
duration,AA,201905,284,0.8321593969305882,0.9423018338419091,-0.7006472534294478,-0.4131479416584678,0.16580584492635558,0.19972878582379092,0.11797166437664508,0.03696681954332333,0.9475784711811401,-0.11314583387332439
duration,AA,201906,286,0.7224180125072506,0.9191068576548198,-0.6149185859070325,-0.23427564616004184,0.11155083683966865,0.1717246136716181,0.1125258341241345,0.03313983278016058,0.9488412587610114,-0.10491763975194852
duration,AA,201907,264,0.832486755128951,0.9189720468391132,-0.7271533760736716,-0.27479227538933587,0.2084406733233765,-0.10448906918723738,0.10751407977032973,0.03920785261585979,0.9510693615408051,-0.10196224134137971
duration,AA,201908,268,0.6817564129392701,0.8960858489825411,-0.7515534145819915,-0.4390155026151224,-0.5419155423750052,-0.4345629861748689,0.10146737047951944,0.036037927007755995,0.9390574082593454,-0.11103279846335973
duration,AA,201909,279,0.7811658257594042,0.9304728576166865,-0.5928891909513864,-0.05286311481381818,0.6888986506647218,0.5676679089180419,0.09617860647540125,0.02582038338111856,0.9400262679181218,-0.12137751331406542
duration,AA,201910,275,0.8644595159054033,0.9295721943657501,-0.3594368310204553,0.09440902576670447,0.6608053231016663,0.4919879160313952,0.09103355871298914,0.0130439149989255,0.9375435530576163,-0.126735499249266
duration,AA,201911,272,0.8674740897208925,0.9482167279940003,-0.38838115433513737,-0.06865095610275677,-0.13980516986811756,-0.2052331047151201,0.08731649317229585,0.0037809560066801315,0.9480446246607537,-0.07060445647884701
duration,AA,201912,273,0.8530356520754202,0.9248493103865598,-0.030179674340258283,0.3086701653348064,0.5398587565290012,0.5043004911869968,0.08500573839840167,0.0016707376135102427,0.9606188709147754,-0.10205940530240484
duration,AA,202001,273,0.7732909427886618,0.9063838979298348,-0.15508471777256663,0.18291337727177423,-0.11270459896479647,-0.15466928063893506,0.08412833647704603,0.003030396694641148,0.97202743278145,-0.1353252006221307
duration,AA,202002,256,0.6397359645497211,0.8841372500431953,-0.1413259613183795,0.3055644318737131,-0.0027330338750286105,0.17490196765956922,0.08424125288263251,0.005093987033149421,0.9819436709211374,-0.16311719258836352
duration,AA,202003,251,0.5301559614831725,0.7603964832917229,-0.18653655597354843,0.24168391369360653,-0.12130224270579666,0.017050407715696294,0.08456051814394724,0.009027047229513183,0.9827986309886992,-0.1165120559606958
duration,AA,202004,246,0.7801007533347626,0.8691493692320248,0.36980833214099296,0.831816133616854,0.6912468789233872,0.13562217817465833,0.0848071460853498,0.008961365690721361,0.9808401067958714,-0.13889379904641566
duration,AA,202005,218,0.8921559457585602,0.9236054221429556,0.7361903178895318,0.8983537628921431,0.7003004049994526,0.4910576168522992,0.08503660895674596,0.01225994122646119,0.9810019650899484,-0.07574834397474564
duration,AA,202006,218,0.9036009838614201,0.9625641953779284,0.7383563381285005,0.8838532326373668,-0.10965216842371062,-0.21688405593632798,0.0850643258031128,0.01271975709498297,0.9812431894278405,-0.08300916206814933
duration,AA,202007,217,0.8672234060768635,0.9697828960402219,0.6172014825462591,0.8203725864854683,-0.8383409198739179,-0.8200143980031657,0.08501612308978723,0.011040211135329398,0.9836316706718962,-0.10295500381137532
duration,AA,202008,216,0.8899759344317797,0.9717422225783597,0.7253980161707093,0.9035267850537931,0.7480882125293228,0.722335709929819,0.08546021828805464,0.011637032777616964,0.9830294074967967,-0.13984735598139392
duration,AA,202009,197,0.8990371145368471,0.9675040359031643,0.7531823989401945,0.9195405095310787,0.19653962184781623,0.2015062070613394,0.084633230609688,0.009352003129433302,0.9733766261733096,-0.11388035681469313
duration,A,200307,395,0.9443398569396322,0.9414699880772829,0.5917625136541799,0.6887956423025111,0.7528372460711985,0.6306524401504883,0.31309596208666995,-0.027643867379923887,0.8770036848886233,0.0905137294596718
duration,A,200308,401,0.9254048952848797,0.9362790499237722,0.5329119365764693,0.5889638565050037,0.3217979305467675,0.25345097281867596,0.31309596208666995,-0.027643867379923887,0.8770036848886233,0.0905137294596718
duration,A,200309,412,0.961342515357712,0.9535823527514738,0.627409832419988,0.6927365094281874,0.6285881414444418,0.5590622492371694,0.31876053181363817,-0.028998389673131196,0.8586295445079831,0.09032302709345214
duration,A,200310,406,0.9419845132035294,0.9494132611607028,0.5588873244045659,0.6205288876714719,0.6983080707218637,0.6320997175500912,0.31972482356117077,-0.03372175510696724,0.8609463554514588,0.07279456044753842
duration,A,200311,416,0.9520125442674368,0.9622907345502976,0.45416162939645854,0.528459071960935,0.478499213171136,0.4319730832294052,0.31972482356117077,-0.03372175510696724,0.8609463554514588,0.07279456044753842
duration,A,200312,421,0.9551070971014772,0.9561990587327899,0.5175939223276301,0.5795878582656515,0.6959139103626951,0.636033295518318,0.31972482356117077,-0.03372175510696724,0.8609463554514588,0.07279456044753842
duration,A,200401,429,0.9534603707773569,0.9448774781912812,0.4855622751514949,0.540455545852876,0.6993850531125037,0.6463194240896861,0.3217136758176327,-0.0418986916339851,0.8262445318343725,0.07045135464178764
duration,A,200402,426,0.9533040984408141,0.9432900137574414,0.5369773122825671,0.5834338497323199,0.7430015774492664,0.6875151705937061,0.32576943839359007,-0.03497537777554772,0.8345687467299936,0.07085667951620607
duration,A,200403,428,0.9449621060010162,0.9513395750704692,0.5140197629855973,0.578907460882408,0.725996081442688,0.6943767019435456,0.32576943839359007,-0.03497537777554772,0.8345687467299936,0.07085667951620607
duration,A,200404,423,0.9496630996892165,0.9475811519744144,0.4004563506211761,0.45333254904545894,0.5807639960716401,0.5354589230590888,0.32576943839359007,-0.03497537777554772,0.8345687467299936,0.07085667951620607
duration,A,200405,423,0.9612383912073567,0.9483436615383903,0.4304991821465329,0.4815406216437332,0.7101876673159108,0.671698555648572,0.3265338266942865,-0.03470923576364848,0.8429088837000627,0.06112363756329478
duration,A,200406,424,0.9353038018879136,0.9452127039695585,0.3458713464893756,0.43569319520785776,0.5194852260091323,0.47392906741627644,0.326923277119572,-0.035515504053136665,0.8514183060185836,0.056932472250726236
duration,A,200407,425,0.9696591068527248,0.9850301756546007,0.3086861233996655,0.4112012905238585,0.714726516702881,0.6766808503225131,0.326923277119572,-0.035515504053136665,0.8514183060185836,0.056932472250726236
duration,A,200408,428,0.9607402071112455,0.9757085599629962,0.18393618729731243,0.2991066300485194,0.5410608443594422,0.49311247942278624,0.33325094473771344,-0.032613801927766195,0.8686462373960359,0.06533627720052762
duration,A,200409,439,0.9643875952644405,0.9668469289849698,-0.056044956697123824,0.04961068522125134,0.38435408788796,0.30950922055351,0.33695776892017576,-0.030762338948233752,0.868680745822568,0.021997639587108736
duration,A,200410,436,0.9663557281241412,0.9810613675556318,-0.2806916676861956,-0.1600568774781372,0.6064422158790234,0.5721248958998171,0.3427404542878706,-0.02869428932459413,0.865457240781015,0.031698573994275656
duration,A,200411,444,0.9552655464888414,0.9741521740054457,-0.5799292431650968,-0.46543821195221324,0.36672248884184866,0.3157898885899129,0.3466047797995738,-0.024627423307614783,0.8618063283603543,0.014083084887219032
duration,A,200412,445,0.9542476864634919,0.9616686416897938,-0.773285362754804,-0.6838097232121191,0.20503949810646036,0.15932762581281348,0.35040158906209024,-0.020198513978375993,0.8802674894194621,0.0024922196988143505
duration,A,200501,444,0.9422196548109163,0.9615277163734803,-0.8685025147398647,-0.7750538105856831,-0.19879476199257057,-0.2813432199692156,0.3535321993492561,-0.015349595660811234,0.8873202014257462,-0.017661592189179297
duration,A,200502,443,0.9363550032230207,0.943966561391416,-0.901002498784736,-0.8106589911070908,-0.09849220928037332,-0.16333354072320128,0.35476492266189646,-0.015427281854758628,0.8986206728329038,-0.034136821126305485
duration,A,200503,438,0.9078745351824488,0.9206300809162677,-0.8833538183584622,-0.7779209419724136,0.31490311819617905,0.2459423340792334,0.35761030774187536,-0.010872291306804286,0.9045432411390917,-0.019177958243130868
duration,A,200504,436,0.8888038193576356,0.9066520486121412,-0.9325409723916411,-0.7864501111060045,-0.07600128265181572,-0.18533230193047312,0.358658320108016,-0.006688491578439875,0.9324685529842394,-0.04807985281237505
duration,A,200505,431,0.8619574911772536,0.865638852521343,-0.9434598643860501,-0.7918081657420232,-0.15906116416961935,-0.27289602073027536,0.3575299284591295,-0.007302214117884796,0.9270987136880163,-0.0746058380569575
duration,A,200506,438,0.8419250578439148,0.8887549751578548,-0.9572941315669155,-0.7754336980689263,-0.059126330399022764,-0.14197792552603763,0.3597193711639321,-0.002048226026697237,0.9298581222386828,-0.06741493404993745
duration,A,200507,442,0.8502067720779333,0.8924568028147289,-0.9570630067707685,-0.7595204637654951,-0.07511121484346056,-0.22404481639919338,0.3592548633452304,0.0023271896644805035,0.9231330944396124,-0.08608013109425275
duration,A,200508,439,0.8249184991835008,0.8479069331703181,-0.965917104707007,-0.7526325503526323,0.12065219549695474,0.0137649853650963,0.35463995150780947,0.003776973502572393,0.9163035496598806,-0.09414766563980162
duration,A,200509,449,0.870326293874356,0.8346046084074829,-0.9692108123873155,-0.7483404277797617,0.2771892565489447,0.055858933336964935,0.3506728646970757,0.008717156986024759,0.9231813447392113,-0.0862243572420005
duration,A,200510,455,0.8335193291748864,0.854473181168765,-0.9377330992679939,-0.7604065003293303,0.29085973150429445,0.22668704298143197,0.34225505925513955,0.011022132980656688,0.9217622516182792,-0.10070256020924384
duration,A,200511,455,0.7779764424646521,0.840593625727604,-0.9505534300387994,-0.70503486912667,-0.14996236460957318,-0.2634673810276071,0.33492370329400384,0.014783889014350892,0.9231712479699054,-0.10041742690488228
duration,A,200512,446,0.6596834457791639,0.7575762914583098,-0.9482232366191973,-0.6476845383203245,-0.18506433900764818,-0.31153939277738607,0.3255270561048412,0.017402820895121324,0.9241961550050637,-0.10466847969233896
duration,A,200601,430,0.7842759466958372,0.7149958829463565,-0.9518255661135928,-0.5161730409515982,0.2996072626154498,-0.06986013747256263,0.3139687624639114,0.018910471354633494,0.9166175647483712,-0.0848602086136498
duration,A,200602,434,0.6388992105644089,0.7490316210810664,-0.9661731995189492,-0.6744867047312043,-0.44982921746544396,-0.5649860777959016,0.2991710431026365,0.015165357765703593,0.9138182251851377,-0.10053935479495985
duration,A,200603,434,0.7285843424945849,0.7205524317847206,-0.9492189899771327,-0.518304812037167,0.5008695096901905,0.19798691437484703,0.28145663093581774,0.01430586705814444,0.9067106481292876,-0.0874371581384308
duration,A,200604,431,0.7384621587528394,0.7941086738557749,-0.9329895022092723,-0.5754859062944973,0.5071091846342108,0.28112309787847595,0.26436551155798677,0.015962667518569604,0.9043230435167702,-0.08593219670203617
duration,A,200605,433,0.7554433467117144,0.8165115404891237,-0.9089209884952267,-0.6195457836080902,0.06857440261858051,0.0066962865295348666,0.24804436977780991,0.019255486578921698,0.9095707924906563,-0.07983500598268287
duration,A,200606,421,0.6850187129852953,0.7995814731952675,-0.9025779288761806,-0.5556490409059134,-0.11983815173917728,-0.18239937666443162,0.2290220381785256,0.026858982967757326,0.8922309502556222,-0.04017204970605841
duration,A,200607,423,0.594575600823229,0.7476022392484752,-0.8878418863992521,-0.46739895047890917,-0.0002868145228034193,-0.0740638564519914,0.21220196303328642,0.03374700585587826,0.8958054800455089,-0.05044206371202569
duration,A,200608,414,0.5982564122601502,0.7677874901132239,-0.8736455454410548,-0.37850007101073724,0.08214967460113112,-0.05586339119019744,0.1948116463660686,0.03595036590206272,0.8821037563249832,-0.01647341681384237
duration,A,200609,415,0.5144548293724341,0.7959669145996819,-0.8626662167062902,-0.3129464267029854,0.029797116131630063,0.023468594657953014,0.17807994955355458,0.03417388248995189,0.8692046636641407,-0.020151439559817266
duration,A,200610,380,0.5360579332200697,0.7996265456676347,-0.8583720327557307,-0.2014936670991882,0.13691011856402271,-0.03915240660754373,0.16309937598503169,0.037846716902207506,0.8604504725883214,0.001378043360237309
duration,A,200611,389,0.3511273363402032,0.7432344557427795,-0.8307129649827024,-0.22139388311546382,-0.10768231847658345,-0.05838768013444868,0.14944161845957435,0.03719368630580982,0.843995421144011,0.06762600278458902
duration,A,200612,380,0.3640650026770387,0.7233329735814852,-0.7942715742673536,0.011624449835036264,0.19577815612760266,0.05908461443846222,0.13714265697091874,0.03844309355921898,0.8301200883389264,0.06824891251219099
duration,A,200701,378,0.5426282226731859,0.7071887251213594,-0.75837062380598,-0.020123011669851917,0.35257429516368644,-0.038282480252546276,0.12475867925714654,0.03513947650460171,0.8131224450526806,0.11154775788914334
duration,A,200702,356,0.3233196120231378,0.7586301386258765,-0.6548802397996706,0.021254422380834134,0.006610981154607753,0.23430612238677573,0.11584251355521842,0.040383915085125996,0.8028751076014713,0.17739560545952307
duration,A,200703,353,0.4742720429470571,0.8142940204610429,-0.4088221910369843,0.42655782384216245,0.47864168889160486,0.33747684510078496,0.10664753478622481,0.03850039073751469,0.7905783870970632,0.24524464043317265
duration,A,200704,367,0.4330853556625791,0.8058985347930677,-0.42631301939596156,0.3185415695870812,0.13887960986675107,0.16442688869783395,0.09853006883052733,0.04739675802656168,0.7712502166102543,0.320082457683746
duration,A,200705,371,0.6080023659724091,0.7971525574208863,-0.4328514324253826,0.3125517657281579,0.45198507438661045,0.1593969143324065,0.09323632511408708,0.04215415339616144,0.7423570313051081,0.39267977501562823
duration,A,200706,370,0.8023777102638058,0.7926615132049405,0.05883970881669916,0.3971309135504402,0.6509076823849027,0.4505906141456044,0.09056680935269025,0.045755450218652016,0.7614073116557898,0.4289608629985779
duration,A,200707,362,0.6649463800168579,0.7824129524510468,0.0871606692468159,0.3848726403291159,0.38629979455522656,0.3781796914385027,0.08740916789018044,0.044600094796110996,0.7258250315132744,0.4863603830096425
duration,A,200708,356,0.4797588271665758,0.6558737565439805,0.044081807434162144,0.4164162152750009,0.19330949344447385,0.22420505800300203,0.08336520653270253,0.04309822251535534,0.7176176946025887,0.5216404314476693
duration,A,200709,364,0.7079948661464321,0.7559255333692888,0.3024659027149687,0.6783409564968387,0.5552900399724808,0.19623849450300532,0.08124128210564517,0.04222912440420129,0.7158003765564432,0.5752284024142054
duration,A,200710,386,0.7529075196074486,0.8110478319335769,0.3887170466999362,0.649312436189247,0.4732492153386237,0.3606680772604842,0.07770938181780658,0.03873251641621039,0.7167245955320871,0.5339763912564516
duration,A,200711,379,0.5736791920120524,0.8115228350340326,0.28889660386674687,0.6529934472128729,0.31480834892861,0.534519936937422,0.07364375207157801,0.034531238806485655,0.6984309629286698,0.5729861033686909
duration,A,200712,395,0.5660931609047318,0.79477309427292,0.3423446052116617,0.7166939093556204,0.33369958662640026,0.3270283048928563,0.06846627368380588,0.030972175822418648,0.6976319144894316,0.5829589381876795
duration,A,200801,394,0.8258424781109664,0.8002750317279236,0.7469945599099056,0.7981591459051292,0.7602334368116196,0.6055281049033507,0.06577021723026275,0.026498812978998,0.6290900144220125,0.6608249413193173
duration,A,200802,400,0.7675991686381181,0.8916976313816196,0.6857889111806947,0.8598108148200275,0.5847480921755761,0.6925868314385092,0.06310794716276541,0.02410355002297898,0.626078854042237,0.6705007999687412
duration,A,200803,401,0.6770096616290086,0.8761618886698217,0.5769215022146128,0.823881177542674,0.4224686418282652,0.6064481580083747,0.06224374618098147,0.01483396755403704,0.6361276397578561,0.6731617275746269
duration,A,200804,408,0.7461159638589836,0.9024863893756119,0.6311038559708197,0.8881535583587735,0.4900046680573072,0.42099319977309074,0.063195995724753,0.013090180098933474,0.6400043976269848,0.7036182408703167
duration,A,200805,414,0.8186653997672486,0.9400193823276195,0.7293452576491882,0.9268474997542824,0.681966269119007,0.67877529865474,0.06158448665372497,0.011928212024100892,0.6681653950438677,0.7140658121138312
duration,A,200806,439,0.6857262810917801,0.9205657394760245,0.5681501885015473,0.8655407154413988,0.41603397850316437,0.6477042580247816,0.05950965622878866,0.013520731405277066,0.6434722648573654,0.7598213546982919
duration,A,200807,449,0.6479401436739396,0.9121675428873616,0.553474652667303,0.8879940794320539,0.5172961077526779,0.7193721625917389,0.06039210696415569,0.007667120406250039,0.6786264471131549,0.7839889952934738
duration,A,200808,447,0.6451219604773031,0.9449277577268611,0.5554709702522475,0.9297962579896877,0.5411095322650683,0.7167789624504785,0.06239225892307713,0.008942902591572143,0.6862286649122098,0.7498140504198914
duration,A,200809,440,0.5511600291902825,0.8390054107707616,0.4506817512674981,0.7930626693663235,0.32324349909771316,0.5966181120673767,0.06283896179523003,0.0026353484814867208,0.6839942589651735,0.6166977514000582
duration,A,200810,440,0.5649780476892357,0.8148230323724507,0.4652628746673654,0.8008675764063258,0.3588937583730945,0.2970816674299022,0.0661432027751443,-0.002135708843704085,0.6838918105335133,0.5987799181204528
duration,A,200811,446,0.520948829653565,0.8802186068124087,0.4183514625137334,0.8614387040289629,0.2973376531810633,0.5273392071971792,0.07058696634011444,-0.007848395604816033,0.6929543120905066,0.5702113962506018
duration,A,200812,518,0.48766287575116407,0.8413004043631297,0.34402761312120556,0.8225862149013418,0.2254297272130257,0.13160127043099942,0.07624522360484695,-0.011562543985546209,0.7409458105860919,0.4848191803106717
duration,A,200901,499,0.5940380921573246,0.8376981281071066,0.48073940652389113,0.8393634532855764,0.5522459859477993,0.4661862807174344,0.08173027099723928,-0.014034369310728418,0.6767497040509244,0.3981827445913133
duration,A,200902,506,0.48723865600292965,0.9310120178204891,0.3551488495809696,0.8927335048809351,0.2778816201685376,0.6588366435800297,0.09724673703709061,-0.009871188036335111,0.7329162312561717,0.34934314480680884
duration,A,200903,529,0.5014873210501591,0.9568603632329695,0.391425940396943,0.9477021714087925,0.527901441925767,0.7653969264795433,0.11435871851765231,-0.006743842110201043,0.7921507538724027,0.24861569310022807
duration,A,200904,527,0.5558147838567147,0.9327163489559747,0.4087031872392368,0.924747750577774,0.5044185861180328,0.1637634210794916,0.1273973113259488,-0.008018861166303628,0.8280002642109385,0.09908090324717629
duration,A,200905,538,0.7174998874424838,0.9058033082333493,0.5361479766669393,0.9080230293681657,0.6011145211132156,0.06157590441246146,0.13901908371587007,-0.009341351153456447,0.8041817492692593,0.0976006180022118
duration,A,200906,561,0.758819681214238,0.9478844588951659,0.5568946439785878,0.8896814941598479,0.43801963684211953,0.43258424732570583,0.1527167583633948,-0.017802203225719345,0.8378991836384521,0.06514233246154875
duration,A,200907,575,0.8082182219602743,0.9425631611427705,0.6047791369994446,0.8967216882401227,0.5361801873453518,0.27548942735418724,0.16195453353817718,-0.024595606771477603,0.8567000259724813,0.010725786135129891
duration,A,200908,593,0.8624689173604623,0.9668035347408906,0.6653904018996769,0.9052911478860411,0.64392604316719,0.4972056519196259,0.1713239707694011,-0.027736277607072524,0.8802324173107523,-0.002635650373831843
duration,A,200909,606,0.8884482215800669,0.9800130499014701,0.6744196630236634,0.8926041309688034,0.48400515654381077,0.3008308897975539,0.18094586160559212,-0.032098326073094895,0.897761078570539,-0.006634066913542265
duration,A,200910,604,0.9037439722955355,0.9774701641712191,0.7294733164673048,0.9138591278043675,0.66946325784465,0.5020981523821143,0.18857210463653637,-0.03506998681463543,0.9417892601773344,-0.031215556093867
duration,A,200911,601,0.9015496205168115,0.9717050097722225,0.7519776010082864,0.9065652299342551,0.6834197157561319,0.7212346812741519,0.19781390212573713,-0.039464363991195316,0.8545877160816955,0.03728946073033774
duration,A,200912,622,0.9068897298177323,0.9662338426206696,0.7196912219853799,0.8743589109707138,0.6090865328287514,0.5008327816508452,0.20979066174654581,-0.032053231858873786,0.8683609252596722,0.035679000785384093
duration,A,201001,626,0.9331169613761138,0.9718738079159576,0.7997082544221414,0.9135248414950712,0.7794071578802371,0.7210639158239703,0.21768241912044378,-0.03121955367123249,0.8635609707332458,0.06237663225684214
duration,A,201002,638,0.925965945349417,0.9847766564061818,0.7814413988777406,0.909675791181574,0.731012052438092,0.7656464681069808,0.22132567522676333,-0.027510096871549355,0.8633045625076178,0.053375380805499
duration,A,201003,637,0.9321935238441921,0.9724030486085713,0.7965844918163907,0.9153312361099528,0.6532490188499112,0.5881265896441364,0.21932746357874766,-0.029554244492704593,0.889562193024858,0.05490999883276691
duration,A,201004,644,0.9114823465481086,0.9720238436817824,0.7468885579634141,0.8831882364872382,0.3095337762263369,0.3264377118421993,0.22290178712137132,-0.02907639217507307,0.9250134051510405,0.07586604838891751
duration,A,201005,641,0.8570146439902536,0.9531139886204099,0.5888052309475558,0.7939119185975552,0.2264908984209836,0.3866690216447015,0.23017218042041804,-0.03088230305847675,0.898122793722447,0.08602513532994575
duration,A,201006,648,0.8424287344718786,0.9592487974198544,0.542220729814055,0.8170147569237137,0.5007963479396167,0.5695027505601007,0.23871985104770188,-0.03322000048274656,0.8751863442405023,0.08867864783256321
duration,A,201007,669,0.8800133875930093,0.965781836958652,0.5938299426847397,0.8556087298024904,0.6779130448025708,0.515929524880632,0.24936967712498467,-0.03426787389786755,0.8765783781601688,0.10046291369362188
duration,A,201008,667,0.8856376873823739,0.9857441577497271,0.47719569572714854,0.7540240784178317,0.4508343012504105,0.5404255619863747,0.25999226879488213,-0.03221568833709289,0.8716765607616639,0.09818477661240471
duration,A,201009,689,0.8984863280695099,0.980004964813185,0.4867833770053992,0.7620369577162103,0.7121504612434022,0.6497891262097725,0.2710318521125843,-0.029340513910792062,0.8748544555118397,0.09640587724694237
duration,A,201010,703,0.9206368559447284,0.9815235776566382,0.5848547173719661,0.8215717361939981,0.8078907096035817,0.766723117769153,0.28079703343671947,-0.026687772104418975,0.8678999389242246,0.09280652616175651
duration,A,201011,722,0.9100929819674012,0.9823020623305114,0.5006786871788312,0.7281238997833036,0.5820984154677004,0.6478296712203212,0.2897144868990641,-0.024469085955019922,0.8994336605215272,0.08008278399071088
duration,A,201012,732,0.9175046462367555,0.9740343096479014,0.49954785350422937,0.7035035351978842,0.606105796558767,0.4807066117010245,0.2984159222390201,-0.02102280194549595,0.8974421800883514,0.08188745864775838
duration,A,201101,730,0.9453996957540599,0.9895105643901172,0.6197627154753402,0.7870781269519852,0.7788499343139292,0.7235939541846469,0.3098747739395209,-0.016922608497825748,0.9134394422992084,0.057727030341371395
duration,A,201102,744,0.9399907796391048,0.9843636903727225,0.5548479173593068,0.716517564329565,0.5997568414387644,0.5125838897329904,0.32150785461255277,-0.010644279195667565,0.9224910932927811,0.056283586200071324
duration,A,201103,729,0.950214778784535,0.992997077151871,0.5056589472875623,0.6631514442845591,0.6683339125500466,0.6848075306136608,0.33554236988388003,-0.0032328271381577814,0.9165798334420765,0.05103849193905845
duration,A,201104,758,0.94738336730016,0.9894694728224888,0.4793019452843126,0.6427398048980264,0.7094636253675333,0.6922708211406182,0.34506139338904107,0.004788595580061308,0.8934224567527647,0.04821916795419593
duration,A,201105,767,0.9418179104066555,0.9882613203090231,0.39571175100677086,0.5698885125723471,0.52736368276422,0.5790351286793618,0.3511452711756801,0.010443395268205606,0.9203090748267998,0.015777271887690597
duration,A,201106,786,0.932037417228979,0.9894147895890538,0.39484626341840495,0.5988362571575322,0.5865767077257674,0.6746294513607892,0.3527010977942382,0.011948482354951889,0.9439885123955867,-0.019127121546918428
duration,A,201107,800,0.9068460824694089,0.9830465343521158,0.2962532519582062,0.5401894489608453,0.05217406589697797,0.162906831256997,0.3540118469576121,0.014571185968290271,0.9475439506718296,-0.029240663001417883
duration,A,201108,799,0.8082960405114751,0.9513279848679224,-0.014840425531914893,0.3088917450732237,-0.2831196420337452,-0.03928010251398054,0.3560904279473118,0.017092608380565363,0.9546763992954918,-0.026270079212874737
duration,A,201109,820,0.7114078139138632,0.9553261836245943,-0.1442438412819566,0.333991894715937,-0.19755639427069271,0.09198250517647225,0.35587593946186796,0.019664920871996117,0.9534692938772583,-0.02498613043769849
duration,A,201110,834,0.787510140836324,0.9656743071739865,-0.12837072450140613,0.4186362765021903,0.2854828986262148,-0.13739520702555497,0.35671926857979547,0.02103870600908827,0.9587687180651298,-0.024802865488387227
duration,A,201111,823,0.7238913530188642,0.9629493983902379,-0.1376973565348513,0.3385466585086864,0.17370418438641377,0.43375477541768565,0.35909312218610356,0.02410489421288923,0.9622663646048101,-0.011250198480482783
duration,A,201112,845,0.7100601100856335,0.9791518829562299,-0.25875450658612437,0.3313878594341906,-0.23954234346257366,-0.37698159181413743,0.3587611167377504,0.024324048596708128,0.9680567497238748,-0.02179588040472221
duration,A,201201,858,0.8074353947115686,0.9627531140274634,-0.27313280712189497,0.31771913513986955,0.3953559387931423,-0.06247725103246065,0.35873212922279696,0.023945824838033362,0.9703791763814877,-0.02293084175584287
duration,A,201202,871,0.8143593016855268,0.9781637413260069,-0.3092299556412084,0.18189775694248103,0.15574801095398463,-0.04129204306999266,0.3594587740751917,0.022860054380377172,0.9736864139022403,-0.007830014183639163
duration,A,201203,863,0.8707958739154001,0.98479749170268,-0.2090840442206408,0.22738549629189253,0.6645851984883395,0.44683174931085873,0.35925291834104744,0.02178314929652246,0.9700892173282293,-0.01332130696479686
duration,A,201204,886,0.8541990470779915,0.987701108724531,-0.3162414730912938,0.09660947386270066,-0.15616071917296076,-0.04281962296392721,0.35964384860287674,0.021584670004614236,0.9802610266857467,-0.002159315268975545
duration,A,201205,877,0.8046496252954982,0.9799993572364518,-0.4237989926354959,0.011594789307933433,-0.3778478474051385,-0.1668804674691889,0.3612481146393353,0.02153739406143578,0.9844308279330737,0.000655535740631964
duration,A,201206,892,0.8181342200059987,0.9722248854379292,-0.4481020084392604,0.04817867699897476,0.07981753705594842,-0.172824563530711,0.36402384620777634,0.023073036130743758,0.988029142111784,-0.002223570677247309
duration,A,201207,896,0.8088709717578565,0.9676507026358265,-0.5484133731218986,-0.06962020815910079,-0.3501563138100665,-0.5781443787298624,0.36731054467681884,0.024162612267925994,0.993133077721989,0.0059550480573630485
duration,A,201208,894,0.8391038875942636,0.9696340303015709,-0.5415209021039158,-0.07819294257378424,0.3449356515327835,0.08012383321957846,0.36869077867569217,0.023938356415835735,0.993925111021071,-0.0031825655196120713
duration,A,201209,930,0.8754635327322695,0.9671573266659933,-0.583891775690833,-0.17123296609723263,0.10683229172435645,-0.17509879321914681,0.366723119326131,0.019087527157797952,0.9920915197247877,-7.939878912877483e-05
duration,A,201210,942,0.8816599374538647,0.9697351420452525,-0.6205732190499224,-0.27710995221291496,-0.19032819427024714,-0.36568911632590345,0.3601419630541001,0.011303997298573279,0.9938293016618761,0.013938298480304276
duration,A,201211,939,0.8823944608540811,0.9662619988415391,-0.6345457375715982,-0.30719310954472057,0.10638112350548067,-0.04181484137085167,0.35161165762689345,0.0047668821690779895,0.9808356599894729,0.02220269959452162
duration,A,201212,943,0.8548091592135466,0.9364834495296788,-0.5935077027396309,-0.2833861637410872,0.15955916588065336,0.03639291055197903,0.3427881809575349,-0.0015013066613456829,0.9894228602304284,0.024744845073067196
duration,A,201301,954,0.9173491771043886,0.9610149440066237,-0.350699617339462,-0.027168715854312367,0.6940941518797425,0.5338412454445344,0.33270762288098193,-0.004668634023540525,0.982370823832971,0.028939833966175846
duration,A,201302,972,0.9046329160950094,0.9752529796865903,-0.31827853395768985,-0.0338826975129138,0.17206769246671022,0.12064202409824959,0.322233481490639,-0.004489362379333131,0.9715452219837131,0.04661146910016194
duration,A,201303,958,0.9099209917642812,0.9820995496658046,-0.23869175525475594,0.06939742939121174,0.42733544694589676,0.4109653453666186,0.31251478914100794,-0.006819671205276499,0.9714399109164319,0.06025706551791284
duration,A,201304,947,0.9143434353867819,0.9752686746313646,-0.3527460533096913,-0.06147016209804948,-0.3639278527977109,-0.44481647622032355,0.30544279441920785,-0.009463785521966854,0.9731649204652751,0.07335663164537684
duration,A,201305,948,0.9316281261852619,0.9863535640170191,-0.004887282216564779,0.24594273313853063,0.775976904663608,0.7585157607799741,0.29808538108884086,-0.008746738463791762,0.9726095555693325,0.07869430717048163
duration,A,201306,958,0.9299330163107331,0.9781739883008088,0.2761912641643623,0.4626371852142187,0.5766821777302152,0.6137595908656542,0.28901455221902683,-0.010225285237034512,0.9724189410711394,0.09669853276182877
duration,A,201307,965,0.9484509909328458,0.9862680885445531,0.4205324446163148,0.5948649666043359,0.5144090920311005,0.4228532362668463,0.27953727966171243,-0.014323298614152265,0.9659115903770896,0.10762920032655092
duration,A,201308,957,0.9519772921407195,0.9840311845316339,0.49771794139554,0.6368010417248586,0.5901770834979146,0.5647622574964963,0.2695207102284979,-0.016296010563300083,0.9618500704761401,0.11836348965611468
duration,A,201309,943,0.9583528951261616,0.9838830315049806,0.5834337863876271,0.7118443266073244,0.4851478258350964,0.4329813845145516,0.2637616437952109,-0.014700637264936386,0.965761043385144,0.12923836320595042
duration,A,201310,933,0.9621965629055409,0.990076196944691,0.5856926584492459,0.7148997998328401,0.2622696376598722,0.1856380750322161,0.26158471685855894,-0.011208430213221147,0.9598329705855685,0.13239113928263171
duration,A,201311,946,0.9576467920090239,0.9849514726062335,0.6582009802112059,0.7696694058543757,0.6826380396949392,0.6576453596942486,0.25844121060618397,-0.0065621604960412515,0.9667170249071646,0.10954308773100435
duration,A,201312,942,0.9500751852175271,0.9751326632266443,0.6196127119391486,0.7172859119197268,0.3011611147393738,0.2729184493425421,0.2559079257942394,-0.002371126950413571,0.9555004859479033,0.1284869125160215
duration,A,201401,936,0.9533687709953618,0.9827764024753831,0.6157151760705029,0.7287883049557999,0.07204626415499667,0.036238163375942344,0.2544140004441088,0.001723166644200519,0.9620222225905352,0.10412103935367784
duration,A,201402,941,0.9612060994004319,0.9887534233419583,0.5705217681967626,0.6841247688981619,0.17633619777756307,0.12369093288640429,0.25417610152861553,0.004844475779789554,0.97485180285244,0.07154372677344145
duration,A,201403,921,0.9685167101921777,0.9940013366101688,0.5348840642175822,0.6441823178953399,0.1511749332820501,0.12962100304848265,0.25420737074522726,0.00856430271488476,0.9774055151563509,0.06015688404250132
duration,A,201404,927,0.9572660786377692,0.986624263072929,0.48907678112232456,0.5990986639880383,0.1297045114864196,0.11134080112364086,0.25289830648544365,0.010552137340606303,0.9759590732976958,0.05529483791364959
duration,A,201405,935,0.96778147466207,0.991798259629296,0.482703868747451,0.5901727624656373,0.019078266067811354,-0.015925485598469614,0.250646419102172,0.012238791560722826,0.9695426505967085,0.05993420631076993
duration,A,201406,943,0.9679820464643952,0.9869674420237705,0.4395799992879229,0.5380370236442801,0.3045170875038595,0.252851396908779,0.2517168781029108,0.015349212721966755,0.9778467142042638,0.030666721958264725
duration,A,201407,960,0.9586757095072788,0.9811387430934679,0.36397081322787883,0.4553469335627602,-0.008697444633923771,-0.020443001031838888,0.2546234345544834,0.0194593098540622,0.9880381328309178,-0.0011882425601983093
duration,A,201408,968,0.9708241224184042,0.9892951790946404,0.24908473762028632,0.3387352843229783,-0.45016581941078665,-0.4888085210716181,0.2600830001382366,0.02310440374506188,0.9969812273479337,-0.00853282507302071
duration,A,201409,985,0.9653430360774473,0.9811626704248241,0.2691696072273486,0.3528198554132991,0.46772796891948465,0.4689723679225798,0.26499831690428627,0.024785814556492276,0.9982807169495534,-0.03476242556760003
duration,A,201410,994,0.9587244962464426,0.9787629817276037,0.16251816616353348,0.26547170247332,-0.36352219719520845,-0.3869169219923872,0.27035743005041274,0.02426573746318354,1.0036660472291576,-0.042292386543759726
duration,A,201411,973,0.9698681705042519,0.9846868915711803,0.11455657350850848,0.21756091192696125,-0.18825540590961928,-0.23247872441340903,0.2760038543754494,0.0265282802840224,1.0042216477163073,-0.04073231860406738
duration,A,201412,967,0.9430248725683719,0.9761037643180143,-0.12891631954705476,-0.010235641845379765,-0.5980449383317143,-0.593053007037589,0.28264418562123705,0.027612508043818425,1.0097126546505437,-0.05184956214561909
duration,A,201501,976,0.9568642470923523,0.9890627977885934,-0.3390207442650726,-0.18272290336657696,-0.4735409902974627,-0.5190269194465037,0.2886980006461438,0.03076199544970266,1.007440500599995,-0.03500180167148326
duration,A,201502,959,0.9450641446368404,0.9750754193607205,-0.3259363822788614,-0.18044443516827832,0.40475697628321256,0.30992936500377577,0.29162823615830535,0.030569600039030892,0.9997678007719601,-0.03566344746904381
duration,A,201503,951,0.9532992812201,0.9859179817427874,-0.3425722824411186,-0.1966394003767346,0.12246088872208356,0.08918671560933668,0.29394340334279795,0.03083914470908561,0.9987400399351459,-0.03818704438063158
duration,A,201504,928,0.9618906936560309,0.9894331521951639,-0.2369155378365454,-0.09446841139824665,0.6374921634462168,0.5922797142444056,0.29526255255854134,0.03022893745593871,0.9965001858967685,-0.028560198235441252
duration,A,201505,923,0.9614806802508681,0.9892567177247142,-0.17723015123033453,-0.041238144055523784,0.43606791912679294,0.38254049136722823,0.29709619019815464,0.0293013344796823,1.0001719818977428,-0.03704482532091194
duration,A,201506,940,0.9674963613769976,0.9892258709458835,-0.05060354108353715,0.0724637652892262,0.5672434927820464,0.5469599373924328,0.2971991898603098,0.03010031412304052,0.9918536125790237,-0.04631301603751169
duration,A,201507,927,0.957864832178722,0.9903709626485118,-0.12023948027244533,0.005351877200032108,-0.3005432046186222,-0.3213227759666986,0.29482014849607474,0.03130201069736005,0.9868582327794528,-0.03290487755480801
duration,A,201508,939,0.9648615096651427,0.991916965048385,-0.0908765531140795,0.03317936021315128,0.26556323570284,0.24657993981027548,0.29029968947157175,0.028312298192628888,0.9839250545927415,-0.04995309270380559
duration,A,201509,942,0.9581309928456588,0.9885540417086014,-0.09284845843719405,0.057622704825551,0.26423703937906173,0.26187748013178075,0.28504003407400497,0.026400050880557534,0.9794696376832192,-0.05504845186089008
duration,A,201510,956,0.9596241811253147,0.985948348159874,-0.08828107837430095,0.06755182938833168,0.16813659498505598,0.12606385759019015,0.2795172248709091,0.022385162504346155,0.9804936385833438,-0.07720463099786347
duration,A,201511,940,0.9582243569868678,0.9935681904099636,-0.11485863918293736,0.06415103595684415,0.0010502886971954378,-0.038135719897792866,0.27416418486292604,0.017820300993618268,0.9783822638135342,-0.09098773921222487
duration,A,201512,849,0.9284935241830999,0.9801721070152866,-0.22148707953079222,-0.021170488814410787,-0.15652008173093893,-0.10425847439815679,0.2679943992729552,0.01764644463655887,0.9718766510289919,-0.09811000269910261
duration,A,201601,844,0.907014504403854,0.9732806766727826,-0.10544320615430122,0.1467052095749578,0.3812211139142324,0.41990317633694146,0.26040448266630617,0.016160683921801526,0.9685814365276186,-0.07870305573019734
duration,A,201602,854,0.8825203737422057,0.9804006273409988,-0.19772465584424997,0.13848153897704316,-0.1963026163220979,-0.1849686683168329,0.25249381089939427,0.016535123346566323,0.9661523806826668,-0.09050539541006666
duration,A,201603,867,0.9162270499818661,0.9665908564516612,-0.2016738962852474,0.1560865634260887,0.17984211884419837,-0.07029340862583806,0.244679271315797,0.014871463140669767,0.9671391487610943,-0.09873479789762957
duration,A,201604,875,0.9284154139438628,0.9844904231802131,-0.22373777803651476,0.08292470064360924,0.16335262217485347,0.004141475215128322,0.23851814224741252,0.016168845521010167,0.9674807349898382,-0.08889005842138167
duration,A,201605,890,0.9321835020847522,0.9914154891960507,-0.2453972535012967,0.03755890689254692,0.07398567007520382,-0.013379462135180422,0.23425281140520907,0.0164248772227709,0.9729727243815378,-0.07540548762738931
duration,A,201606,920,0.9062117899902157,0.9726724896559564,-0.3658358785148972,-0.07598345554429882,-0.08801499604185677,-0.12120928683618717,0.2314822006872755,0.016116818902878294,0.9781444692896719,-0.08458220588796479
duration,A,201607,913,0.9201508243492842,0.9867297650778458,-0.4663230886756222,-0.17370758561082417,-0.21379719142502396,-0.28556755217935154,0.23015026931788418,0.016996807884616157,0.9825651447618597,-0.0881952627288469
duration,A,201608,922,0.9343538340172038,0.9857466437000936,-0.527401551168942,-0.2560087914702222,-0.13842391653264666,-0.27584531426809666,0.22846043005721886,0.01946154410004823,0.9811050983717883,-0.06543162958614632
duration,A,201609,916,0.9309429758435038,0.9841832083909473,-0.5620592817574792,-0.3055724158944985,0.21527129748977578,0.1501970178106046,0.22756073068259652,0.02110111553681298,0.9858404659423412,-0.06526969251004203
duration,A,201610,933,0.9482791911664736,0.9826716691860028,-0.39857787867283717,-0.14892005850588308,0.5754417154051745,0.43288607227515297,0.22634758128526677,0.023447415443297058,0.9822274599553246,-0.05130324532275606
duration,A,201611,940,0.9557392955792501,0.986026110537395,-0.1913730434136232,-0.0028440494728500985,0.2950369260903428,0.22607971697267346,0.2253303000470306,0.02514852495508796,0.9869607308431232,-0.05112212752852427
duration,A,201612,948,0.9574027357119665,0.9895474254322101,-0.1824488797579617,-0.01421588838395545,-0.05050228767621496,-0.10912814254168915,0.22397088215069139,0.025970062718218025,0.9874063532918106,-0.049725354741983134
duration,A,201701,930,0.9639411235237538,0.9922571600144884,-0.15509953504210963,0.007033008425188385,0.32056202542449397,0.2170630142942266,0.22378728807213247,0.028515176803195208,0.9930401416444117,-0.05838550703357262
duration,A,201702,933,0.9609198588675703,0.9940904690512843,-0.27613590348597306,-0.11798714116080694,-0.3299215894600688,-0.3625717806959459,0.2255123118675047,0.028182710236670225,1.0038618177260226,-0.043400604138925734
duration,A,201703,935,0.9623426854816128,0.9921214923561469,-0.30547419998232445,-0.146588463192352,0.09003351197561443,0.02152703457941426,0.22673692275089555,0.028688282383233753,0.9989584560318433,-0.04343992226321128
duration,A,201704,933,0.9518618100790285,0.9836896436123727,-0.3998099628250063,-0.22799771517339304,-0.05556026067323851,-0.09192248004828106,0.2269471465037003,0.029643656539374216,0.992971006266564,-0.03483835785583809
duration,A,201705,963,0.958380131129377,0.9896762520106268,-0.5416505645016694,-0.3749210671459966,-0.13178027622307295,-0.19727700805490475,0.22514245235214794,0.03228425043200235,0.9852674333758552,-0.04600743510933572
duration,A,201706,994,0.958746635273514,0.992500723947103,-0.5926136905473621,-0.42922287526264125,-0.35540968845650306,-0.4100059045344329,0.22154430125819854,0.033673785414616964,0.9803844240560371,-0.03570287737882623
duration,A,201707,983,0.9588493970510897,0.9900742943886616,-0.5363197986049968,-0.37029226907470253,0.5455191975869297,0.48834228663799467,0.2159525067271801,0.03592909695813534,0.9719242299972204,-0.03292457865913853
duration,A,201708,973,0.9593430011071873,0.9880059608843671,-0.5786861010197741,-0.4198434779048245,0.05876028637915679,0.03287828545128953,0.21050655757478806,0.03884406260634701,0.9725782847762614,-0.046323090858923624
duration,A,201709,972,0.9589280657390321,0.9888681206729318,-0.5144636714083525,-0.3589533892698427,0.1116312253190598,0.03247441921052118,0.2041322201253709,0.04018883246344606,0.9677581768589189,-0.04165877994634539
duration,A,201710,991,0.9539639607511986,0.9822121560793593,-0.5369061410958648,-0.39257364868994493,-0.10158506223657097,-0.15402727070815717,0.19784827297969954,0.04233943940019183,0.9664328525865207,-0.029980372368267498
duration,A,201711,1019,0.953804101070275,0.9783930639849279,-0.6834517676228397,-0.5492215495424035,-0.5912481033008007,-0.6148976543534851,0.19273232513226438,0.04408178833028619,0.9679010060374922,-0.013290232431131827
duration,A,201712,1057,0.940017812974425,0.9772881189826321,-0.7551633226909685,-0.6135594333194933,-0.45232942590899855,-0.5094481090583428,0.18871101072815166,0.04338969570624989,0.970865215228081,-0.03421811226079609
duration,A,201801,1065,0.9496299069892896,0.9849733841801499,-0.6943710338257826,-0.5493566129124995,-0.12033030761256475,-0.17654866553995296,0.18593430559470933,0.0421918408954915,0.9719330169210902,-0.04867648574283419
duration,A,201802,1057,0.9398044492452413,0.9858780359874815,-0.6771225668076277,-0.5159032483979819,0.3016532183379737,0.3182751234467432,0.18264556073016344,0.04109851210003393,0.9657716969744763,-0.042137533683951005
duration,A,201803,1066,0.9152663291156626,0.9738767868011295,-0.707332049996294,-0.528893041412403,-0.2477863010636101,-0.21589182306183022,0.17983297117884486,0.03979046193228374,0.9680150603174104,-0.057876878169761635
duration,A,201804,1083,0.9270439240977094,0.9818645268470848,-0.5926328384281686,-0.37057018477041154,0.47099181385890143,0.4196990949598424,0.17724649226450093,0.037987990545115036,0.9758979609752225,-0.07968019188729121
duration,A,201805,1061,0.9222687412444698,0.986500147036486,-0.628659398481359,-0.3975605988233818,0.19474261749198732,0.1963572054888505,0.1748927174120611,0.03790769445172082,0.9771856320098654,-0.1026206420240709
duration,A,201806,1094,0.9158105045151617,0.9862336380559374,-0.6384236487649504,-0.4013349285657301,-0.019148511687221405,-0.04539879300034875,0.17260472667291846,0.038575104910714475,0.9769383727198347,-0.12253917463289851
duration,A,201807,1104,0.9141919144673962,0.9794243750512139,-0.632275986529325,-0.4044203092274638,-0.1100820576079867,-0.19937006072907376,0.1698787417050792,0.04073173404101829,0.9777652766097523,-0.1047260161457669
duration,A,201808,1112,0.9106383250565183,0.9760652879199417,-0.6327498541317995,-0.38631135750229423,0.3432208598046166,0.30231161202306456,0.16818745074371347,0.03983341929711984,0.9832448302871221,-0.106328333671123
duration,A,201809,1132,0.9145132291687725,0.9859719250878931,-0.6211994131115979,-0.3859026105836836,-0.09349029267261512,-0.11823350431731416,0.1669023576210524,0.040368710701023144,0.9861865363240948,-0.10240067184352852
duration,A,201810,1120,0.9127845248913837,0.9822604534892154,-0.5786827994920276,-0.3145948777459051,0.47327622446787315,0.44863943589758226,0.16490731829963634,0.03934257257227656,0.9840049141516762,-0.11287716886539712
duration,A,201811,1111,0.8940128840552592,0.9665409794685448,-0.5609564881844514,-0.2977765597472548,0.006236509861494206,0.07759827876156139,0.16143523664917733,0.03814737972745167,0.9769419786942042,-0.10838317955169002
duration,A,201812,1115,0.8505447817149073,0.9353747916767168,-0.5185403211306324,-0.2015629455241956,0.18680913969147264,0.21987258924406683,0.15632161074267345,0.0382735427307869,0.9654123436315714,-0.06518301198176443
duration,A,201901,1128,0.8710276732844181,0.9536573582236219,-0.5044362227946186,-0.10804589499271859,0.31868397396386444,0.19369223217868414,0.1501310674522335,0.03621848896557274,0.9604832980577167,-0.037513968319701524
duration,A,201902,1150,0.8727197420990579,0.9562718971134077,-0.461766649482467,-0.07242425202042249,0.254572478841687,0.10997291777535519,0.14293393011699318,0.03620758324317034,0.9542495821807114,-0.0381582511484163
duration,A,201903,1143,0.8506501701717752,0.9477060798772191,-0.49554091073416356,-0.11605088633744871,0.027002739245977705,-0.026013845594228174,0.1367572607554548,0.035545578846379884,0.9551925629529299,-0.03303637495157409
duration,A,201904,1153,0.8619246052354983,0.955281473140052,-0.4882160450665618,-0.060615452177192206,0.39168234528344,0.20339581103341212,0.13032708901246015,0.03467152183453828,0.9485464375489686,-0.06016054291789465
duration,A,201905,1159,0.846267631541964,0.9504914472774089,-0.44390547036689326,-0.0605264390335296,0.18401910415785036,0.22001297615785786,0.12470116930222894,0.034077773339636824,0.9528183611032758,-0.059948001361116304
duration,A,201906,1188,0.8434985640367759,0.9611526826987046,-0.3916019326730968,0.04069363698175432,0.30472410291562235,0.23780942879413175,0.11961009182424959,0.035119874165207204,0.9537082932817499,-0.049092494755171544
duration,A,201907,1224,0.8656167726156326,0.957155760427176,-0.43778979457686584,-0.013425344853434044,-0.010249116817618297,-0.1532081572456271,0.11522364270572488,0.03327542675904828,0.9576302360503284,-0.05728413805218511
duration,A,201908,1225,0.7944869990722873,0.9385138104938708,-0.5232406943959989,-0.12519008418706346,-0.4168242600206825,-0.34742015863967235,0.11026134445692415,0.03284476532397221,0.949129156374335,-0.09742490011064517
duration,A,201909,1259,0.8587155020008678,0.9521460503333613,-0.37017542958726807,0.1267260088612396,0.6471414885083165,0.5151713054247967,0.10581687506601949,0.03100138660905271,0.9477367551057211,-0.10320842274057236
duration,A,201910,1252,0.8937118973644411,0.9720642747861192,-0.09825908399900156,0.311254523034602,0.6648546661054946,0.6170308285969354,0.10172997153962131,0.03340629530383563,0.9463120668545119,-0.09466709694663014
duration,A,201911,1260,0.8873400422532458,0.9651240237206276,-0.2056730770355558,0.17169551934499105,-0.18838142910191774,-0.3153844580871527,0.0988516646907464,0.035935974549733046,0.9542605569047189,-0.06950095270693774
duration,A,201912,1249,0.8967551993675607,0.9518237433452231,0.04112722799951843,0.38748318920835756,0.564155626434413,0.4193541649195645,0.09722677076461503,0.03623327795782338,0.9693399917038696,-0.07993678768404956
duration,A,202001,1235,0.8657445722957151,0.9587723029625738,-0.07444288914447508,0.26507100107921894,-0.05185571431410444,-0.07081116492813569,0.09644029802409108,0.037389381513143236,0.9774525174063311,-0.16304157243527936
duration,A,202002,1240,0.7916349326494062,0.9349891071713845,-0.02411594220630793,0.36952576677007315,0.170833410465792,0.27923749203010034,0.09700603905674049,0.04049891486817782,0.9804304451211735,-0.16331268690839848
duration,A,202003,1159,0.6274585847596357,0.8134672817476081,-0.05948439653129844,0.3050979749975671,-0.07476061454714356,0.034909167339864516,0.09740654569935578,0.04359475121937077,0.9769346833809208,-0.13160371006503901
duration,A,202004,1142,0.7931760512453616,0.8776610619949309,0.3144115939119525,0.7575502259958531,0.5400128074172886,0.10092625571670574,0.09822112790352436,0.04747667507303386,0.9785026560172728,-0.13549157613708532
duration,A,202005,1105,0.8674197355645425,0.9387144541779423,0.6194542030859167,0.8743121058800051,0.7380067996039702,0.5041570171693376,0.09831208730116414,0.049236650775507915,0.9722085292656312,-0.12143673387756158
duration,A,202006,1099,0.8949819798985468,0.9689702399041167,0.6668591281330136,0.8817197234965916,0.14607530578085032,-0.04828773204828664,0.09834200554523441,0.0505359465705528,0.971203842233878,-0.11350090904565287
duration,A,202007,1075,0.877573252278059,0.968195708458745,0.5708683584054619,0.8077446718627983,-0.6752919908446926,-0.7298328947718219,0.09880020574072866,0.05084036074755433,0.9731854156577071,-0.08478750315790379
duration,A,202008,1056,0.8991246051151978,0.9748559358219449,0.6835955450970673,0.8888594709857682,0.7580993251122875,0.7081132856429335,0.09901346662550631,0.052111303007383675,0.9707500006054488,-0.058528020304598034
duration,A,202009,905,0.8913026199381233,0.9696456100118855,0.6839214959964747,0.875565459274546,0.3551354468439491,0.35426493544079996,0.09773973760268828,0.04989731547353497,0.9623238064711008,-0.03898240048794146
duration,BBB,200307,442,0.8217513684425347,0.925793009965385,0.5346175282059341,0.8198477750660884,0.6698163203465098,0.5248151907253552,0.22653637009817756,-0.02535363955323556,0.8298841930130919,0.15512185910405124
duration,BBB,200308,444,0.8176467481328096,0.92488525217787,0.5260950960344776,0.7920461629434805,0.4673835120534082,0.38894862605372177,0.22653637009817756,-0.02535363955323556,0.8298841930130919,0.15512185910405124
duration,BBB,200309,451,0.8223063821055444,0.9351741507781017,0.5322932323450346,0.7978269055392551,0.4434538783038674,0.4433878092778197,0.23937524379880082,-0.02970048097147203,0.8342557071759304,0.15028792190539333
duration,BBB,200310,433,0.8047846861310057,0.9134523717579043,0.43131414452095374,0.7295517008457285,0.5243092878960419,0.38782979642074034,0.2481454531431335,-0.03371074914523794,0.850456811864516,0.1375792150694362
duration,BBB,200311,437,0.8659810061626708,0.9563177115409807,0.49798775397164796,0.7415421875620538,0.5202812082909023,0.4805962429471155,0.2481454531431335,-0.03371074914523794,0.850456811864516,0.1375792150694362
duration,BBB,200312,442,0.889683380664016,0.9481523074326015,0.5749274531830443,0.7921328298823865,0.6475088038340879,0.5278678246604069,0.2481454531431335,-0.03371074914523794,0.850456811864516,0.1375792150694362
duration,BBB,200401,441,0.9000185528862201,0.9503984587943274,0.585668673063631,0.7627277122868367,0.5781323718298508,0.5164756385102456,0.2547276586906305,-0.038851738079662565,0.8531571345351566,0.13186124619034498
duration,BBB,200402,445,0.8644630432756748,0.9415232716113676,0.49148485917267093,0.6954606054844464,0.4943410332285225,0.5269081771988688,0.2614374084948071,-0.04137898611725212,0.8472048400657027,0.1279091907051933
duration,BBB,200403,438,0.8805623896566404,0.9313322328783918,0.5708622754379847,0.7425340738086579,0.6127342713673045,0.5770199274880111,0.2614374084948071,-0.04137898611725212,0.8472048400657027,0.1279091907051933
duration,BBB,200404,440,0.9025885088852348,0.9511783808607825,0.5107958859667288,0.6651960295406105,0.518100394019691,0.46212449060566835,0.2614374084948071,-0.04137898611725212,0.8472048400657027,0.1279091907051933
duration,BBB,200405,435,0.8681782909871183,0.9601217446209117,0.44442390481924726,0.6503011777371842,0.46462692637953634,0.4896764287853725,0.2657382162369111,-0.043982106100841425,0.8541285898158751,0.12923628308937973
duration,BBB,200406,436,0.8838154750375712,0.937237300455889,0.37662139475892187,0.5837765723038537,0.42312407292249576,0.3027686453467945,0.271652216519636,-0.04614035062806564,0.8605838459850012,0.12365427354789355
duration,BBB,200407,432,0.8901363549974132,0.9407296038514794,0.4159493857789352,0.5939193757107832,0.591722349335291,0.5359891801975875,0.271652216519636,-0.04614035062806564,0.8605838459850012,0.12365427354789355
duration,BBB,200408,431,0.8940369342246244,0.9298042653888371,0.3676434528198948,0.5344397945333651,0.5194186646042794,0.4904097182634952,0.28042245784722625,-0.047684743227274166,0.867366459164818,0.11185034932625816
duration,BBB,200409,441,0.8962687169905017,0.9413497549435107,0.1772636327258176,0.38732538149831114,0.18247326902789088,0.1359970256610633,0.2913157074856876,-0.04872408979494359,0.8918019300412894,0.07966726300144063
duration,BBB,200410,437,0.8947899889997344,0.9441508793944307,0.009319255759432349,0.23600554511406907,0.4227617609410306,0.36121651284422124,0.30276281568298036,-0.04925153305713442,0.8747649365979177,0.06773917264410138
duration,BBB,200411,434,0.8769518297820501,0.9264996809013984,-0.2509025571504538,0.007022070591518008,0.13260035620061,0.05708721508417304,0.3117038029985749,-0.044801718116237996,0.8804627557993648,0.04381132210887043
duration,BBB,200412,423,0.869123806975029,0.9083074498741173,-0.4710266596397901,-0.20485972711222442,0.1655113225938814,0.0815039971740629,0.3189561279739203,-0.043014262952752555,0.9057828103075027,0.03013625652796896
duration,BBB,200501,425,0.8392569421482045,0.9337339794664028,-0.6044074658829782,-0.31174344024087186,-0.16689859467571244,-0.2056173818396739,0.32600416240577257,-0.039950994923931504,0.9062555810548559,0.019187888689746392
duration,BBB,200502,427,0.794496615874763,0.9167459819704328,-0.7151055559648685,-0.3846258628127064,-0.12600160484894968,-0.2400400164571143,0.3310422168974705,-0.03933156868585098,0.9130473410298879,0.01022602309052613
duration,BBB,200503,411,0.7395796256991827,0.8590872608552581,-0.6650395557176463,-0.32768088104506643,0.20366812951667182,0.2579303569867165,0.3342050834802253,-0.04079677450936331,0.9072290470358264,-0.015121908017047424
duration,BBB,200504,404,0.6999917286856284,0.8484358648846273,-0.6923921341679247,-0.2990169099288246,0.08561822269902754,0.07496205681537883,0.33886165959206194,-0.0402983674777609,0.906546450137836,-0.018859563204999628
duration,BBB,200505,402,0.673448052960727,0.8349806954336453,-0.7632574982675897,-0.3022117495945178,-0.04309261289943911,-0.15710922085190548,0.34247789153720015,-0.03751671210220374,0.9205279363798772,-0.050453157994160835
duration,BBB,200506,397,0.744496790967554,0.8809415177125193,-0.8151602036957661,-0.32182862159976056,0.013997167637149949,-0.14103706141513558,0.34664250480360326,-0.036148838997715864,0.9222823740386576,-0.0709696846752392
duration,BBB,200507,403,0.7352736881364417,0.8899721970033923,-0.8532854118714341,-0.460574819675504,-0.04313041775544886,-0.2049800809053768,0.3480682504761682,-0.03329830152266236,0.9168963681043107,-0.08007225251108453
duration,BBB,200508,405,0.7874857975559026,0.8663569215439927,-0.8685583500878825,-0.4786200042739159,0.17719719426786687,0.06325535890285777,0.345731459582294,-0.028852563465973705,0.914306276997885,-0.07941587131247796
duration,BBB,200509,404,0.784817872553037,0.8791744629345316,-0.8802507049712415,-0.5288190084505542,0.27659968643679916,0.1143510840727318,0.342667691026718,-0.025469771770541647,0.9184945170827358,-0.07741130778854104
duration,BBB,200510,414,0.7635265599803103,0.8867296645789909,-0.8205851302884981,-0.4423667754255706,0.2144069276368555,0.1455104811897611,0.3372889270351638,-0.021185683897852782,0.920759076952369,-0.07935292761408863
duration,BBB,200511,411,0.7343338430999996,0.9062152268467538,-0.8621105140255568,-0.43109763411989166,-0.05042606660545343,-0.1362548278584372,0.3331346150455754,-0.010867689210998524,0.9197170257435964,-0.07524266698024276
duration,BBB,200512,411,0.6549390833984238,0.8740931342345081,-0.8750452423381861,-0.44274806785374554,-0.18076608630872648,-0.282729262222849,0.3242660228327123,-0.007344105491245204,0.9137441581784179,-0.08145153510582448
duration,BBB,200601,413,0.7017120009239859,0.8225372044551154,-0.8890400999457958,-0.3821027762698404,0.2355792178430637,-0.0009523261168056016,0.3129306954683868,-0.008711742049792432,0.9048641416791885,-0.07774510122376563
duration,BBB,200602,424,0.6088940310803257,0.8576877797541526,-0.9053581127352587,-0.45414381884340765,-0.4315531206460906,-0.4503728233614382,0.298706613572538,-0.00879483693104575,0.8969168283453077,-0.07433476171675416
duration,BBB,200603,419,0.6965645182924975,0.8084168979566649,-0.8548691102892837,-0.2629631134095107,0.5562063109607388,0.32009097625893346,0.2841021719789446,-0.005369512687779216,0.8923557381782703,-0.05638763571014401
duration,BBB,200604,424,0.7640291583801674,0.8682004462911298,-0.8279384933973484,-0.3203967609293866,0.47871799177895324,0.22527018597666534,0.2674939534585399,0.0013263450840428712,0.8982968180195243,-0.07476697259200098
duration,BBB,200605,416,0.7298654184411025,0.882111833410038,-0.7527918536347937,-0.32469146637311225,0.24676575699588615,0.23557378124534545,0.25175713203375183,0.0005005916125562262,0.8942292530112864,-0.04460553726614881
duration,BBB,200606,410,0.6870249356392826,0.8311301551624728,-0.7225761996523824,-0.2760864087263733,-0.011964465191026367,-0.01862600886499234,0.23411602399203577,0.0013948129582548956,0.8771011967956194,-0.014669351981275471
duration,BBB,200607,416,0.6795701880322195,0.8267514822575258,-0.6779718764376821,-0.15740112032891782,0.24673058587421073,0.13075417176955767,0.21762348091187417,0.012493524434277823,0.8764758100712176,-0.0006119843735765139
duration,BBB,200608,417,0.6775007956070342,0.8776413725052885,-0.6822641812939049,-0.1260379957652132,0.18136168113841264,0.10133726917068313,0.19990437183568402,0.0173339844273983,0.8660465429838446,0.020627218850438646
duration,BBB,200609,416,0.6352450103039073,0.8696963417094943,-0.630395516765457,-0.04336922133234751,0.21732728717834643,0.23372464394350584,0.18359938195050804,0.021773641053566294,0.8576343099259303,0.046439722931814933
duration,BBB,200610,403,0.6693389560494737,0.9005577979017714,-0.5699631220112493,0.06190713535532393,0.30204840231439906,0.2733924249563612,0.16914713908419976,0.022180975146153133,0.8505518888092564,0.04829054130077837
duration,BBB,200611,394,0.6030128301833131,0.8566659103178408,-0.5676958693719093,0.018727186970583946,0.17297368405950542,0.20428388571260103,0.15626505455084194,0.01960498208133302,0.8496841998706715,0.060164728325700405
duration,BBB,200612,395,0.6544694529432546,0.7956572284084743,-0.4968941487093515,0.1331980470925035,0.30473598024841364,0.07960878755036738,0.14494506218145184,0.017384608651536737,0.8488910557324765,0.08051729644808704
duration,BBB,200701,400,0.6899489034574563,0.8015994966691785,-0.43875349220932625,0.09199957943406016,0.24555790973693584,0.029954707560524905,0.13337914982793395,0.012403090616293532,0.8460901951396788,0.10241618579458105
duration,BBB,200702,391,0.6155652283471934,0.8376664025295452,-0.4414661516780626,0.103254941719502,0.21513468263559607,0.21048141651934532,0.12414616248904194,0.00912446044053169,0.8270720099233418,0.11026035502342234
duration,BBB,200703,380,0.6837295686096196,0.8411827734652612,-0.15616499874607326,0.4128688056699692,0.5592716540502177,0.47368203798708997,0.11547072088508208,0.00784264588787802,0.8218076701788715,0.14582195571851664
duration,BBB,200704,384,0.6510739268832061,0.8245861547197149,-0.18863828099241536,0.35384868396070135,0.2803279263512519,0.1915846883191556,0.11032807011526183,0.01652817060526074,0.8145469926724804,0.21423086817420547
duration,BBB,200705,384,0.7427597641643326,0.8520883346678455,-0.2044909887762368,0.3104182685022462,0.3326258611009434,0.11372460944189106,0.10579893008674693,0.017374860235497672,0.8083871178682829,0.22660217657734863
duration,BBB,200706,381,0.8061152539254183,0.8891953253601168,0.03208710236654422,0.4271663569907475,0.6086342954719527,0.48896294264235285,0.10375277789310296,0.017638026407384953,0.8228197662536318,0.21731728907734946
duration,BBB,200707,390,0.6976278454093591,0.8055799943154217,0.09371861545643097,0.39148854002953487,0.3536622655183592,0.3643211510919985,0.10069625799828859,0.02003767041126878,0.8083260704474714,0.2100742898068723
duration,BBB,200708,376,0.6527969717433335,0.8101568452763037,0.17796263897511144,0.5638372681029507,0.3828902308256673,0.26783964747434913,0.09762872700112529,0.02223729020855156,0.7739363840318486,0.23513550769320585
duration,BBB,200709,381,0.7562070263461689,0.8164072677093621,0.30878335716439964,0.6072843559599864,0.46135852266193367,0.21469824610312369,0.09528785207545178,0.022495405981646205,0.7701734914791735,0.22880156222611991
duration,BBB,200710,379,0.7450307718098961,0.8904519934133749,0.3112475560052285,0.6544106605394172,0.3683015806887491,0.366128036864602,0.09227410094306755,0.021340313097325814,0.7765338870699237,0.23614500462879737
duration,BBB,200711,387,0.6404504960794684,0.8177633680669544,0.33529854340087345,0.6459507600233099,0.40883284492935645,0.48732680736203626,0.0892460695969555,0.024473247542108032,0.7738052864700466,0.2309660856323129
duration,BBB,200712,381,0.7234801296870111,0.8240482800998455,0.42767188201777884,0.7068920981221645,0.34118051653022563,0.18934287214236528,0.08667263226177871,0.02238404859773191,0.7720734237694972,0.26775547070304956
duration,BBB,200801,384,0.7847242160515596,0.8876409703328151,0.6248989098368994,0.832594697601852,0.6492851632701503,0.6046292478140395,0.08672739885732253,0.022555187849309058,0.7771056863230414,0.2906680506711985
duration,BBB,200802,384,0.7751311643261972,0.9109055123827499,0.6454034705503374,0.8529029528286278,0.4735584585127666,0.4601098864365304,0.08657520635045393,0.025484986819200733,0.8075916529807627,0.24987924646513715
duration,BBB,200803,377,0.6993438231601424,0.8934339153181058,0.5308829101932551,0.8268649369362305,0.2362301430533272,0.2927852141384979,0.08697812996908495,0.01963340208305192,0.8176012998110455,0.22993261403867046
duration,BBB,200804,387,0.7372854353162576,0.8748948888578147,0.568422105259235,0.8171016120563992,0.10342715078908608,-0.14090563947825008,0.08708309173539873,0.01634274839622446,0.8250686755425751,0.18690397087160643
duration,BBB,200805,405,0.7697142442960909,0.8924554279462259,0.5748632991377957,0.824978268739768,0.42851813917023895,0.3095706603776085,0.08564023264624335,0.016250647991173667,0.8185917814974454,0.20476972788879838
duration,BBB,200806,413,0.7411106866638949,0.9052133201967826,0.5317749338969764,0.8054282555938058,0.3291652911173413,0.3571326758770404,0.08393766266327997,0.017638987847355896,0.8082175611829904,0.1792660012202281
duration,BBB,200807,424,0.7466276304088917,0.912832749957676,0.5757566681526703,0.8617322113694845,0.444137107081065,0.39466272693833543,0.0844949019346158,0.015525073850808991,0.8201706803379348,0.1914352762540763
duration,BBB,200808,427,0.7303242157658839,0.9136881070552947,0.5667821853751588,0.8631812826517384,0.4074665551143539,0.360179759607845,0.08596127898520182,0.014477125595472345,0.8793683475014724,0.10323918027806742
duration,BBB,200809,428,0.5555375458703681,0.7314016091337067,0.36201962584680525,0.6291899880633633,0.0969191678552794,0.08482057377641149,0.08663735200404787,0.0057776546773996365,0.8718882146437194,0.07651506156567911
duration,BBB,200810,424,0.34013074304247115,0.5713650484740164,0.17754693366708385,0.49672304339497575,0.02291213072944955,-0.018737037392572,0.08855540222702256,-0.002599909720574327,0.8513315051585536,0.11015308597038918
duration,BBB,200811,415,0.3133459828913252,0.7601708897949363,0.17140921545714632,0.7375439457190395,0.14741121677344832,0.149897680005478,0.0897544614482684,-0.008507211026176475,0.8429038783968418,0.0917006145768557
duration,BBB,200812,422,0.3429267148060969,0.7792417883884237,0.19891297292468105,0.7605108201285686,0.13431425407285857,-0.044211437745017804,0.09202909797794977,-0.018338956491799587,0.8640027188656848,0.02415269567352072
duration,BBB,200901,430,0.47200229475542177,0.798159885488558,0.3425845939524243,0.7980129780303052,0.34150800367818657,-0.0265526151383943,0.09507256445183052,-0.022972599343103358,0.8629382663614592,0.020079200310991783
duration,BBB,200902,439,0.4912047242591812,0.9150359032941653,0.36089933251446027,0.9022087213662817,0.17358708941696427,0.14385168023408834,0.10426488816500029,-0.02355191565455151,0.9225088484120921,0.019819743182022252
duration,BBB,200903,434,0.509898941856749,0.9460813843890932,0.37485992904613025,0.9288394758191725,0.25030906072915793,0.20791135388279106,0.11627149051385892,-0.012776918333857506,0.9429975001460592,0.02590154768167215
duration,BBB,200904,441,0.605754255366731,0.9050022159236678,0.46609147155365643,0.9104033738272218,0.29561195107413596,-0.18995420648058073,0.12440734571931955,-0.014601305774658407,0.9423783555188125,-0.001025821792926899
duration,BBB,200905,451,0.7374133627595654,0.9254564066996118,0.5925416478621743,0.923490667375426,0.38245668426113055,-0.040835199775422944,0.13174495782063134,-0.014947903182985441,0.9043929942536727,-0.022872143558443688
duration,BBB,200906,457,0.7014735794718254,0.943641401878268,0.520174566876902,0.891810233554947,0.034391349457128254,-0.06906122073846538,0.14101022560561116,-0.01978885414981929,0.9099368454502944,-0.03402529240695708
duration,BBB,200907,463,0.7085159436671009,0.9362837416246914,0.5013407033124765,0.8880371878725585,0.17303548094119325,-0.05771373268244109,0.14898039145419525,-0.024534349203740823,0.9134719463189701,-0.054960141450231516
duration,BBB,200908,460,0.7446228048503757,0.9420565115639998,0.5332458010712223,0.8913534989921319,0.3917421324215185,0.21329061756182024,0.15872672737908458,-0.0243047318319562,0.919063241436188,-0.04960871105638006
duration,BBB,200909,477,0.7881359750538609,0.9527482650192989,0.5593738245278375,0.887915248325273,0.27702477533209535,0.0427298198296924,0.16797228840603337,-0.023095924492594493,0.9264196330212452,-0.06556138355662855
duration,BBB,200910,488,0.8120353211613046,0.969585487737866,0.6113155045360197,0.9153143693416397,0.5701739132769311,0.4539974876288573,0.17289903660272157,-0.02903212581470031,0.917177150743547,-0.08338354145899057
duration,BBB,200911,506,0.8339411471478189,0.9666285835863638,0.6699820329344487,0.9223280797802867,0.6032622763176756,0.5435586443865601,0.17594033471126788,-0.036802456399603056,0.8819632527145187,-0.042210435491667815
duration,BBB,200912,515,0.8615210353628853,0.9664267834580644,0.676877899728795,0.8980293278946068,0.46148351904190027,0.27874482422081837,0.18210877566660363,-0.03414785040399486,0.882084889009176,-0.015420471982177315
duration,BBB,201001,521,0.8813412273719631,0.965334845650682,0.7380498293596446,0.9099809648069027,0.6795323215403961,0.6312843693936793,0.18734999990105014,-0.034729002400095736,0.8600401696949322,0.014680673362733012
duration,BBB,201002,522,0.8689248477949952,0.9642405019439432,0.7366383995154312,0.9108298087343236,0.7106345411284869,0.7287399542860103,0.19265243624523046,-0.028264000734508302,0.8285761140989998,0.02310955208010984
duration,BBB,201003,521,0.9053295767554056,0.9752395033624099,0.7677449847348582,0.9217172433927466,0.6912213980120525,0.6093670814434248,0.19755961799365312,-0.023996734539403812,0.8482976499809171,0.028918584411846093
duration,BBB,201004,523,0.8842206356352724,0.9616765754053757,0.7313584753023631,0.8920068109418727,0.6029162013216386,0.6060915756903833,0.20766156264573338,-0.01873435476037836,0.866644051330466,0.04069104705120819
duration,BBB,201005,534,0.8285203363976552,0.9435787088267353,0.5897781592861285,0.8007562301007092,0.40353101871069924,0.540936920794545,0.22136225982496757,-0.015378509966028516,0.8635666127742101,0.05571799597065058
duration,BBB,201006,531,0.7981943816136878,0.9514406875976027,0.4989059633413563,0.798355329393193,0.46035508623563803,0.5962068725899429,0.23881429927485462,-0.010879429777263545,0.8574793081158094,0.05953779847765366
duration,BBB,201007,529,0.8192110518946966,0.9544373512668003,0.4954289299529518,0.8241882292975875,0.5895429578446663,0.49540789183256434,0.2523765415661961,-0.009521145615991563,0.8573356796546858,0.06005207941851742
duration,BBB,201008,540,0.8264921265215107,0.9727831068605802,0.4323942583250743,0.7689506806897014,0.5008057869425707,0.5971046832637702,0.2631254160444566,-0.013539213419152023,0.8574875431954508,0.05402927046751636
duration,BBB,201009,548,0.8575059525217796,0.9719438205555193,0.44259494990351717,0.7708316713858475,0.663979162068209,0.6442649135946086,0.2738733757832184,-0.019474012303545722,0.8609018252438946,0.0554618281358399
duration,BBB,201010,563,0.8566762273422719,0.9784078028297631,0.4729816566138228,0.7883252830583583,0.7392907926941699,0.7183615146335962,0.2888511870581898,-0.017070155045037505,0.8640784035515866,0.055326109103030194
duration,BBB,201011,565,0.8732716414351185,0.9833755729830911,0.3873114869931265,0.6992009013368043,0.6048913083253438,0.6233783605808841,0.3071373255498216,-0.014084470253752092,0.8787210197513332,0.05014651334322494
duration,BBB,201012,573,0.8646828318471481,0.9707410999807105,0.312400221289377,0.6047967002714048,0.5334553477019621,0.45787942423148603,0.32012865685571246,-0.012030166181855791,0.8837853575582382,0.04688917475802203
duration,BBB,201101,568,0.9019065471811595,0.9701840442829726,0.4504276849013106,0.6961599682505812,0.750808044255902,0.6553970562578673,0.332157296201072,-0.008839079424897459,0.8955537317949178,0.0322260835644962
duration,BBB,201102,577,0.8854370158346475,0.9730086272582049,0.33678036553284724,0.5868847392479076,0.4659996819459971,0.39797795250167445,0.34264272582844657,-0.00442937353326709,0.9177056445719196,0.026794773822626097
duration,BBB,201103,566,0.9067368887177558,0.9883691747077787,0.33227427741972665,0.5708646712889929,0.6400189648269337,0.5960341087731259,0.35086380744383505,-0.001475993106540225,0.9161659451167186,0.016017433089393334
duration,BBB,201104,548,0.9095602528376232,0.9877258494865495,0.32685965277259754,0.5406922654750586,0.633662774320564,0.6718545444841877,0.35602776425260146,0.0021282158271268337,0.9116252687588601,0.01110759890430726
duration,BBB,201105,563,0.9039037103989701,0.985674045546904,0.2936109154666755,0.5193094574187234,0.5346745448649937,0.5907060143957785,0.3573078477147149,0.005109525402983663,0.9275746432179859,-0.010336562429716572
duration,BBB,201106,576,0.891811714235455,0.9843372004519003,0.3371896114334514,0.5745496726759278,0.6379916735739584,0.6968324844269268,0.35262348297101337,0.003093797245113592,0.9409911302249886,-0.018684535813700928
duration,BBB,201107,569,0.8688709723149105,0.9852322619335135,0.27319468564229704,0.5558633842492345,0.0965444379248646,0.19391250563644427,0.35199334225791307,0.003060027768540248,0.9517599292148076,-0.03363186706338519
duration,BBB,201108,582,0.7994254646358255,0.9677243225143936,0.018993441437155218,0.38938034054815224,-0.190544863605517,0.034700780778450416,0.35330938884997737,0.003681764734056591,0.9523786235675096,-0.024403993573313555
duration,BBB,201109,583,0.7663539824955784,0.9751753699817898,-0.02277832374849905,0.4308224456235624,-0.0060932391491448,0.14686473623477778,0.35308658942930254,0.00457851895541466,0.9540046317105588,-0.027630499967340082
duration,BBB,201110,585,0.775441338788431,0.9726902526731713,-0.07671682424826565,0.4468623955522096,0.07012345190614395,-0.13596756717960984,0.3543808117786963,0.005536998900322844,0.9582823980935958,-0.016560195973959812
duration,BBB,201111,619,0.7425198915939596,0.9612761021814975,-0.03579695486947164,0.4665629588563307,0.27252916441306635,0.3185399751614957,0.35579134187234945,0.005728793340288427,0.9603379033531346,-0.012019143512694294
duration,BBB,201112,643,0.7239719519533728,0.970190537514718,-0.12889234691717338,0.44563932237077325,-0.08895463295393023,-0.15778909672100405,0.35667645605468745,0.005813483786643506,0.9604185334132003,-0.02082388192303981
duration,BBB,201201,651,0.7607787142967848,0.9729357938326882,-0.090095841225863,0.4927350769781031,0.37412343445195223,0.09114827888006628,0.3565669769346097,0.006027144029193445,0.962866247057155,-0.0229435276744511
duration,BBB,201202,654,0.7958511320350747,0.9706890099829174,-0.1051109120827371,0.4244607844157479,0.31229405845249564,0.11557232990505958,0.3580355837249616,0.004874456565973186,0.9596343155894361,-0.012007988768406695
duration,BBB,201203,655,0.827732834334432,0.9793689447357339,-0.01852302289393088,0.4612461938666599,0.5439470209535068,0.38508668387183254,0.35755641959497025,0.003493009635603924,0.9563834645365495,-0.01460521149945573
duration,BBB,201204,659,0.7848878833486047,0.9704221709505073,-0.07233543584881846,0.39796661514715903,0.10193100735831499,0.23094295535881879,0.3566074657093157,-0.0006801722416924851,0.9598529897213827,-0.009288737194686878
duration,BBB,201205,662,0.7354028098958052,0.9620866732701511,-0.1854418556968694,0.3284166371027284,-0.10898553550485411,0.11643457459770262,0.3568856183742798,-0.0032096858492012756,0.9629915383091358,0.00032360881459924095
duration,BBB,201206,663,0.742182019520187,0.9770710117341561,-0.21590984517419237,0.37263368326813257,0.2873488458351457,0.19172239799878357,0.3590613953642753,-0.004875657621381937,0.9674989185453124,-0.0039363206578821265
duration,BBB,201207,680,0.7430284900828248,0.967485992439775,-0.27296853252405007,0.28350887761106,-0.053143293740585386,-0.08016881606524955,0.36176020961016764,-0.007043618568488817,0.9720225124523083,-0.0039801134429007885
duration,BBB,201208,652,0.7969114075365414,0.9730461995059503,-0.23159834998631657,0.334214985748817,0.43286955688212925,0.146777251672685,0.363212766890821,-0.007489896079391598,0.9767290498621862,-0.01713537951609312
duration,BBB,201209,704,0.8231845557265542,0.9780543678731235,-0.24983938687746082,0.27131669137071335,0.24562269054150357,0.04107488021656938,0.36204327356033117,-0.009580604679561634,0.9767644064929792,-0.008294543285552283
duration,BBB,201210,702,0.8070070433332898,0.9778900416448539,-0.3050744727297021,0.1878155241203797,-0.12155234236471564,-0.2081103374958895,0.3580102340363936,-0.013518936207772373,0.980672081686103,-0.009182724414742225
duration,BBB,201211,713,0.8070130962581916,0.9724044933032755,-0.27397443516285724,0.22960365614621892,0.2539093025568073,0.23473099698175182,0.3512305550048545,-0.01697379586103083,0.972164435547273,-0.011694034281477417
duration,BBB,201212,723,0.8092051790216285,0.9568161585645306,-0.2892774903647834,0.20887697387604862,0.03880681882046063,-0.14827536909600983,0.34496147886142137,-0.020202172887627448,0.9777567993075372,-0.004734224206827482
duration,BBB,201301,738,0.8648884896383511,0.9614733492041669,-0.07120118617567181,0.3798766602533664,0.6652047856693298,0.4074959288969439,0.3373845493158774,-0.020417909981334897,0.9736354312528105,-0.0029254756225166917
duration,BBB,201302,745,0.850704581412023,0.9821140272940345,-0.013909705047400087,0.38123198580733436,0.18754877713976595,0.21439114678679008,0.3282008115930418,-0.022166185254014217,0.9707693997202953,-0.002761803499225288
duration,BBB,201303,745,0.858355326284997,0.9861498865961533,0.045867909835844635,0.46156668117601474,0.3416035580221132,0.2715704092946201,0.32169381302655353,-0.022096781596337257,0.971519645344137,0.0046651679796790736
duration,BBB,201304,776,0.8597558164890545,0.9804635857613573,-0.006970967356733901,0.395770513216947,-0.12104566821560503,-0.16924781895088412,0.317233936478496,-0.01863605153046005,0.9724005502001849,0.0078689360141593
duration,BBB,201305,797,0.8783022767493937,0.9818300785713204,0.19550510071513028,0.550547324612468,0.6628610824643134,0.5208285386183071,0.3120950418869303,-0.016576155148293553,0.9712635627923678,0.008585288816902334
duration,BBB,201306,806,0.870879083605922,0.9831595012055767,0.3434152555149183,0.6311561589073847,0.48643587331337607,0.5277376578887994,0.30544821114526305,-0.016846260843225973,0.9696916491682069,0.019099448419758382
duration,BBB,201307,798,0.879539156931499,0.986524246097833,0.4354262532696961,0.7411851046380453,0.4778062138019019,0.3620534376472446,0.29786886430021686,-0.01566213544268729,0.9660597444606002,0.030113989703815482
duration,BBB,201308,809,0.8799596050509002,0.9833308575742332,0.4671604243242619,0.7304747685965316,0.4038179981986662,0.4020774135096637,0.2904566505790335,-0.014229667586412826,0.964978804391556,0.036801471766984256
duration,BBB,201309,863,0.8941528023245555,0.9680178194659979,0.5583692511031113,0.7806110244986724,0.45436053450002795,0.33869031436241875,0.28709503012627285,-0.01086384170924156,0.9657088116265158,0.038187026597167606
duration,BBB,201310,891,0.9080516931260858,0.9850447852015248,0.5715220086863155,0.7900218379412112,0.14246938575048615,0.07181641709322774,0.2860402916859307,-0.009243099044445462,0.9629838570738842,0.04647136650067494
duration,BBB,201311,897,0.9205279135398928,0.9900423090404894,0.6175645007166745,0.81150129755366,0.6245515296773526,0.5436546962109857,0.28448904176179235,-0.006840627773045979,0.9653497723911404,0.04446022210937564
duration,BBB,201312,912,0.8980510226655458,0.9724028721281816,0.569063859363947,0.7532382395944766,0.1814671118362282,0.155983169534188,0.2826775539223357,-0.006985638142135898,0.9612874692784262,0.05074033378477051
duration,BBB,201401,911,0.916585244556203,0.9903369622478922,0.5732989063048569,0.7678166997536431,0.16680158768956502,0.1884189249386407,0.28177664987510054,-0.005830385532810563,0.9623303744142319,0.05065356700564517
duration,BBB,201402,925,0.9302052183979088,0.9913005918335359,0.5365162874018166,0.7374536803545937,0.19762291645660976,0.1168291350204998,0.28299256911446563,-0.003634095554482928,0.9696467227656289,0.04118848381155062
duration,BBB,201403,925,0.9315803485972487,0.9911133218838938,0.48175641182120676,0.6724830926859751,-0.01491753771706316,-0.04404295165868922,0.28412101731305833,-0.002686962687769235,0.9738405794982663,0.03680627430660125
duration,BBB,201404,938,0.9148942399339184,0.981544752266632,0.4315017924294484,0.628326792391675,0.14116107558024374,0.14732137836196316,0.2840105021015154,-0.0016322119154282548,0.9727542901219037,0.02796853706595711
duration,BBB,201405,931,0.9326763169196411,0.9923486598563929,0.4160815797132118,0.618151539986812,0.070494153343843,0.07582149079621775,0.28363300938567276,0.0013552369017172895,0.9711410521675156,0.03670235988676647
duration,BBB,201406,950,0.925263957484519,0.9854277922053856,0.3407138179654493,0.537825372465812,0.14819742444969033,0.07889870620509085,0.2866969501652772,0.004997039161139798,0.9760972711420083,0.034421059715262096
duration,BBB,201407,962,0.9359222850669215,0.9906862229197109,0.2797255687053592,0.4658992037425326,0.036054010355436206,0.03693835964488903,0.2922297059090249,0.007160842939716777,0.9831601041463576,0.01990912672816739
duration,BBB,201408,976,0.929271635264718,0.9895351078787281,0.13379180160075171,0.3434331752665961,-0.2763967855893624,-0.2832256380937201,0.2993682997916029,0.01070299225422615,0.9874905523091789,0.024047561838043997
duration,BBB,201409,1001,0.9264821489745702,0.9830722624194068,0.1596839687258849,0.35784525929689587,0.42435570417606344,0.39453071568201514,0.30610553116425576,0.012076868493217692,0.990102057909573,0.011523611821539666
duration,BBB,201410,1017,0.9184531711263435,0.9834677764293417,0.10362051182916567,0.33087853138804,-0.09425782854395752,-0.0907044362857892,0.31357952999467625,0.01232898058741616,0.9916829008463183,0.006527615650701383
duration,BBB,201411,1030,0.9174874268921306,0.9866940333970419,0.03917522523968201,0.28141048795898754,0.05095973146863162,0.04564185629500393,0.3220508590627907,0.014823690003494401,0.9918122102793053,0.002180173191349855
duration,BBB,201412,1030,0.8630023179650932,0.9661380753870628,-0.13881951940796286,0.13182546205787127,-0.3283937856807778,-0.2304176176293114,0.3308751800416226,0.014724413173913861,0.9950630776139874,-0.0017815593786862077
duration,BBB,201501,1046,0.8453211411834899,0.9776342570401343,-0.2927759767828699,0.07441214274226005,-0.2386699773005202,-0.10648854251563805,0.3385698800696366,0.013111603425585821,0.99562556006878,-0.004405642038965169
duration,BBB,201502,1083,0.8700127830684109,0.9787640606182396,-0.3117143183147081,0.08664761397518485,0.2778620685628774,-0.005428300543760349,0.34344452443427476,0.010945142638978667,0.9926747191335394,-0.01650775671073464
duration,BBB,201503,1077,0.8803784003101973,0.9901511957923275,-0.3103512389751826,0.040394735028375955,0.21366420957036217,0.2361988693574758,0.3465047501702832,0.013216465483636827,0.9902203445889078,-0.014712212169082414
duration,BBB,201504,1097,0.9006739410400425,0.9874135667540477,-0.24595398440796867,0.10718263365881187,0.49240874351756403,0.2934364996800586,0.3477961883620866,0.013360080793606535,0.9883583937517841,-0.012701134135462356
duration,BBB,201505,1125,0.9193921030774742,0.9883595572632848,-0.20073294016759058,0.09971358141584877,0.46793154239341156,0.31965348561284374,0.3485204755549881,0.012386172158905952,0.9887858563267834,-0.021780480191719322
duration,BBB,201506,1143,0.9195752969736088,0.9904157826583666,-0.08835106199517302,0.1773133635290352,0.4584872920883787,0.4393504341314974,0.3473642954057873,0.01473824603335073,0.9849642527693455,-0.021833285227986006
duration,BBB,201507,1177,0.9111418322332844,0.9897613219545895,-0.06064496828690573,0.21837575421926622,0.06795849229373739,0.12445466825712438,0.3425638713911664,0.015508744064876892,0.9787599042102056,-0.02069259457016391
duration,BBB,201508,1197,0.8880302619392572,0.9864827317356168,0.013567658488827634,0.31765579288240137,0.2622597862375829,0.3802848629905926,0.33650370596545925,0.017295547172088564,0.9777764927514588,-0.02901205292349881
duration,BBB,201509,1190,0.8769722877198881,0.98971260190747,0.05313995726014526,0.400069822082395,0.3565521083156004,0.47488849761269614,0.3287402442897436,0.01725303175698749,0.9741735246222127,-0.022800862636634
duration,BBB,201510,1198,0.8792530224514348,0.9846519565827808,0.04180287924158483,0.4182221991758458,0.06892529115467878,-0.007092723674082203,0.32100554185450114,0.01632752093533557,0.9773939069807148,-0.03675113306087292
duration,BBB,201511,1232,0.8419820676746618,0.9783861596177905,0.0068087670609506155,0.38179807013159023,0.03906449155549347,0.1828159691797107,0.31381037263577044,0.015449295781711853,0.9783690028461994,-0.041797149657265144
duration,BBB,201512,1347,0.8154867585349993,0.9604158585776142,0.01104426446881554,0.40878286040267764,0.1262620154737139,0.21434803670223124,0.30622313838478254,0.01501503656993936,0.9754508802350005,-0.04370846795662675
duration,BBB,201601,1352,0.7708318569235704,0.9768702322890285,0.10157049300523037,0.5665619871664306,0.2889908990580718,0.46333464028440025,0.2976746744886325,0.015522587790974441,0.9755503089154722,-0.02726414303160806
duration,BBB,201602,1392,0.7460589735600753,0.9760754862756901,0.04533899106425675,0.5669502463071944,-0.11664972598951466,-0.08597474199816335,0.28811729702430283,0.015440512465171329,0.978041595680514,-0.018529811010154912
duration,BBB,201603,1383,0.795016228326097,0.9701007932367657,0.022514117075980045,0.5699212076252652,-0.07016364326205254,-0.46358375519118944,0.27888068849323266,0.014005961130795998,0.9762201934075782,-0.016214652198295557
duration,BBB,201604,1397,0.8294206606068668,0.9841285596068867,0.013518794392850374,0.5204555126230251,0.03039033755755771,-0.3014258696953262,0.2720781724790843,0.013752283144924955,0.9798894578800098,-0.0021429897574303676
duration,BBB,201605,1413,0.8397908167894017,0.9906930091898698,0.012490771743930418,0.47273834070892445,0.10234894086995208,0.06427737711569592,0.2680300619722129,0.014719029832181905,0.9818329471879492,0.0069340927385389
duration,BBB,201606,1422,0.8376993491627648,0.9841312335224227,-0.06926262282601592,0.4092323634141076,-0.140682538019501,-0.26547777427620967,0.265995345123576,0.016917062505161798,0.9859861382530162,0.005987161751058343
duration,BBB,201607,1432,0.8522198712090426,0.9830314961155618,-0.12640908635486298,0.34848696350122554,-0.0959060181184834,-0.2680589916914531,0.26610130433760754,0.01821246340834223,0.9921773468401477,0.008383474731532442
duration,BBB,201608,1465,0.871100261585477,0.9780026323931265,-0.1927722805203293,0.2632044850273471,-0.14698388718766733,-0.39893401987723226,0.26690607253517296,0.02037960337809709,0.9949013793606685,0.025857047181611033
duration,BBB,201609,1486,0.8652371327166436,0.9765626379232761,-0.24974836248410529,0.18258954431735147,0.032586143258280936,-0.1093375952466743,0.2691482629259603,0.023053663168296584,1.0038211649930775,0.03471744574701325
duration,BBB,201610,1486,0.8897406946478965,0.9809078601764597,-0.17346119738013802,0.24648736708257626,0.2599373328355375,0.0038138777310346003,0.27117825796159445,0.025253559008854922,1.0092148684658888,0.05118400103340835
duration,BBB,201611,1491,0.9008060421692305,0.983042730666834,-0.08141183883283826,0.2713793876658096,0.19981690419544423,0.05778100275922092,0.2727129727637655,0.027810217131250082,1.0066485923219637,0.06213304780899176
duration,BBB,201612,1498,0.9083319709196568,0.982916560920815,-0.10254634020546323,0.217404646000292,-0.21400140421265476,-0.3743594409616902,0.27330883349558355,0.030165363940003413,1.008869449969448,0.07155447657256706
duration,BBB,201701,1541,0.9235691108609584,0.9818517623788962,-0.10021011089446615,0.17966061857114207,0.01959019046134644,-0.15592902312428722,0.27546210940878396,0.032261997786287154,1.0182739872331061,0.08120270056584063
duration,BBB,201702,1560,0.930254377460114,0.9885485169141949,-0.2040761060849826,0.07284687675993222,-0.35218609272806367,-0.4623151867707851,0.27963392542883725,0.0342370484779253,1.0344083988089596,0.08863151346647152
duration,BBB,201703,1539,0.9302071989848537,0.9932222300733853,-0.24117904875213453,0.025163458829909103,-0.20909130612632398,-0.26114189558044143,0.28217207939652905,0.03474870923543488,1.0301508797023795,0.09283081529981335
duration,BBB,201704,1545,0.9313609693395598,0.9919809523905905,-0.3480930980654931,-0.07603549607137013,-0.11453203924048715,-0.16571314952473248,0.28286414895412926,0.035921649866256504,0.9987831809490211,0.08697106603059272
duration,BBB,201705,1536,0.9284603612097868,0.9892114189463103,-0.4399475568641363,-0.17429195118280816,-0.17926224069589497,-0.20495441926232708,0.2813074562647858,0.036810324362174275,0.9891481839707228,0.0867929673302719
duration,BBB,201706,1555,0.9215954943479828,0.9855442495868296,-0.46087404811728866,-0.18986283922025995,-0.20496913836253722,-0.21963628570422825,0.27809412008008433,0.038364230075301334,0.9883703666171996,0.08749111748505405
duration,BBB,201707,1586,0.9286495412558539,0.9904571239737252,-0.4381856348603067,-0.1411194585533189,0.35067157731567433,0.288079427170922,0.2728599486955398,0.039489236205076675,0.980868586911235,0.10153830151917781
duration,BBB,201708,1603,0.9081968984026092,0.975635695805183,-0.4335481288343823,-0.14888814607583128,0.09176026334324508,0.12417823306414137,0.2663026630123034,0.041592294284768364,0.9769739652510788,0.09685335346980689
duration,BBB,201709,1632,0.9257227805111389,0.9910151044220912,-0.39134482149981487,-0.080807920644972,0.15490993097186537,0.039237685899473934,0.25865236310811196,0.04288233295728068,0.9691256504953848,0.10119618996468117
duration,BBB,201710,1640,0.9253194968023741,0.9911286290836065,-0.42385462287997966,-0.13857674082448446,0.012326439493745267,-0.044345557642365,0.25060980788120685,0.04465115637426453,0.963055750046269,0.09866267965226902
duration,BBB,201711,1627,0.8961161495916043,0.9810925822969984,-0.5227107256033052,-0.23697948675623143,-0.38498013454062113,-0.34143299878869166,0.24439429334879748,0.04497076950594199,0.9642337576814335,0.0972313382466999
duration,BBB,201712,1635,0.8809825732179846,0.9765881977051932,-0.589527046570465,-0.2779935399245868,-0.2927545497910235,-0.2781965044077201,0.23960756540638078,0.04480284332564509,0.9618310642844364,0.08665332595338515
duration,BBB,201801,1652,0.8959367026134982,0.9831328502469271,-0.5722766486698334,-0.25771971620196055,-0.029946969557822764,-0.1769117537702183,0.23474148089787783,0.04404928575516654,0.9517220195079654,0.0825607326118582
duration,BBB,201802,1686,0.9021827190885424,0.978751886529772,-0.5904770938064476,-0.2897419282171079,0.42655616789667544,0.3775021456019419,0.22944314898938506,0.043303884246262664,0.9319759281640156,0.0928272999707231
duration,BBB,201803,1672,0.8861733747605883,0.9804225948791548,-0.6061196217484209,-0.30446465614547147,0.05213102563534965,0.08707410855853247,0.22546250735985723,0.044026919542151974,0.9268439515924664,0.08475370357699222
duration,BBB,201804,1708,0.8818252517494459,0.982265619204316,-0.4868299644885573,-0.14117923016455763,0.4680515683271056,0.41733851498906344,0.2221494250909755,0.04373943826042363,0.9546955129835332,0.03342644880534186
duration,BBB,201805,1730,0.8768863797936726,0.9708258857860546,-0.47931578986069706,-0.14469844171262874,0.28317699074580166,0.27679468323749207,0.21909022172749135,0.04297676668084555,0.9652817231823548,0.008619464778487166
duration,BBB,201806,1726,0.8688950551739546,0.9805603561380049,-0.4448383187943544,-0.07620553211337358,0.2567509692465911,0.29597191650568155,0.21565531039183883,0.04385861997579828,0.9611205168531894,-0.0035541426415688173
duration,BBB,201807,1738,0.8602547556955822,0.9821889394179436,-0.4747321579803528,-0.09520172670242828,-0.1009683955061228,-0.16470370946110072,0.21206950188285312,0.04525553217231193,0.9655632426204905,-0.015817372935319905
duration,BBB,201808,1749,0.8656118485858153,0.9799671051677068,-0.4468065831668439,-0.033925811904448454,0.4073594900111189,0.3509126698812254,0.2093514571554395,0.04538075072188263,0.9704170525379023,-0.017078599406439857
duration,BBB,201809,1792,0.8604457000109293,0.9820743527519386,-0.46373170186729623,-0.07779025530307755,-0.033333615699565125,-0.09290462626238005,0.2069756051159115,0.04462028836520756,0.9757983103380067,-0.033420732568900546
duration,BBB,201810,1818,0.8596033052406755,0.985819884296143,-0.37689070550045894,0.047515496962695816,0.5134483853403186,0.524593489843334,0.20463003174981914,0.04472634546170894,0.9747795263304311,-0.030380451427487413
duration,BBB,201811,1849,0.7877103668203094,0.9545741054505419,-0.3722211488247183,0.05530346494815371,-0.06204364974210474,0.10669240128585014,0.20072486336544543,0.04624692789731382,0.9725074446778337,-0.037506052448698736
duration,BBB,201812,1870,0.7595544548609467,0.9634532113716294,-0.31196109088022506,0.22283832387096375,0.16030660673740116,0.28415198271929926,0.1948272855192442,0.045436418882416306,0.9664191194932019,-0.012645496018688447
duration,BBB,201901,1841,0.7975668972948765,0.9518727688644588,-0.288295489888264,0.2895790333460176,0.246309716960935,0.023933120322607415,0.1881413809755188,0.04803820780892607,0.9665881327361814,-0.02020068293148502
duration,BBB,201902,1847,0.834864326814114,0.9705725510929445,-0.21771038961267505,0.3098214291993318,0.3848129974911643,0.13810552717081948,0.18033380549856515,0.04834680131924227,0.9617669675218389,-0.01572786168360482
duration,BBB,201903,1828,0.8245072958063332,0.9747813410510279,-0.241676186110278,0.25750634016950974,0.05753596141734027,0.03557711133498069,0.17302809482097556,0.0493168679393842,0.9627731857546451,-0.010764132979164986
duration,BBB,201904,1860,0.8272248908133102,0.9639097384950475,-0.28074347693640656,0.2354487859588196,0.1347066721248541,-0.04719921185764249,0.16578802764379788,0.05054150651516247,0.9581220125764354,0.0027084686774104566
duration,BBB,201905,1844,0.7964113523425312,0.9644543059922387,-0.20324381970014238,0.2766104150216921,0.17196785331724665,0.32620594985100854,0.1591466155726378,0.04983907147253354,0.9595502818935537,-0.013894087809181891
duration,BBB,201906,1865,0.8018449542310506,0.9698036649513762,-0.17950211366074256,0.36111488156483706,0.16618768003713527,0.08723461627477537,0.15358726474999757,0.04798456209232588,0.9605904726082323,-0.005245681413834057
duration,BBB,201907,1886,0.8167056313181011,0.970022788602166,-0.1887470588642241,0.3499279328995712,0.09107722818070638,-0.010129399203348712,0.14896826873998217,0.04569251143349892,0.9643458348760805,-0.01426289933562389
duration,BBB,201908,1883,0.7504836400319818,0.9558191028004114,-0.25399029248918736,0.2676752339181031,-0.23804891955550733,-0.030263360387733734,0.1434669244655583,0.04289058999288607,0.9570352865659053,-0.020042210878709953
duration,BBB,201909,1908,0.8016016234434369,0.9685326580222448,-0.16519287995412182,0.433879620961443,0.4768080085701243,0.3167592727221645,0.13878678816237483,0.04070902395447796,0.9589009943500252,-0.021929861772505835
duration,BBB,201910,1911,0.821494836386734,0.9749798100811302,0.005554014420898773,0.5202668262609984,0.5869947288509085,0.5292467823349305,0.13379843736943747,0.037685080346626376,0.9576140040789393,-0.018675459048076104
duration,BBB,201911,1883,0.8195289571027256,0.9763064728401468,-0.051835250028837425,0.44868163314051024,-0.16657740406231752,-0.2320924934693815,0.13038936436168289,0.036425682727646715,0.9667554849186356,-0.017814175034127917
duration,BBB,201912,1829,0.8436677131705658,0.971963391076252,0.008285810637663317,0.4888608065944506,0.328213959797035,0.10943176489536235,0.12813213419674788,0.034190687096550626,0.9737394734561992,-0.027738119500085118
duration,BBB,202001,1806,0.8211404199202011,0.9745269427766182,-0.05216001499017878,0.4128926838200506,0.021572883090658444,0.05624133589463878,0.12724253906260682,0.0322723321522204,0.9838699843521203,-0.03433358677113013
duration,BBB,202002,1798,0.7136249819085654,0.9406278473765128,-0.052974214732805544,0.44595295704080246,0.06371583873083086,0.3293483585456025,0.12741486582466013,0.03104883859128795,0.9867862605482685,-0.027807356496873135
duration,BBB,202003,1772,0.31175532182976784,0.6831566518715231,-0.12813409344945356,0.35024430415977653,-0.27475529366525975,0.012098127840158039,0.1281259990046192,0.031130315289098084,0.9861757755927644,-0.017958474439359922
duration,BBB,202004,1728,0.48434084260501903,0.898311160393456,0.09810427634346508,0.8609552015724772,0.48178104859717324,-0.2045098341656986,0.12909537131506227,0.031641384793880435,0.986782389336604,-0.027244221063901113
duration,BBB,202005,1757,0.638745683240842,0.9355269931875,0.29678579739498956,0.9038283509318369,0.5189542688098612,-0.016540383806812865,0.12900250701395757,0.03196159959452213,0.9776067373961906,0.013860683744237969
duration,BBB,202006,1739,0.7355239736080571,0.9661583262010394,0.3883284659309251,0.9075282463879858,0.2620178229370536,-0.1758916087415152,0.12888312628152593,0.0332209255127214,0.9812223971207537,0.032549141017962156
duration,BBB,202007,1726,0.724206971842879,0.9739691989816207,0.3170362770474699,0.8205537129002998,-0.28868672915292554,-0.3515550763279528,0.12884142437882395,0.035056526955160816,0.9795035821349587,0.0415136060463982
duration,BBB,202008,1719,0.7923385179001436,0.9805622049021646,0.45018518894216963,0.8999120741058614,0.6570215557924306,0.32585137081277865,0.1288920881323385,0.036105592447033284,0.9802008619951652,0.04478306653971797
duration,BBB,202009,1529,0.7951006950588211,0.9884926196697159,0.4886038756977732,0.8847598653984761,0.18472966845886624,0.20680419397443325,0.12748787118082872,0.036281623527956185,0.9750189194790787,0.05508569456928422
duration,BB,200307,137,0.5132300196376695,0.9097642422160099,0.06460600742994753,0.7850308958873934,0.33823996117012334,0.11624227602815165,0.2620839233509622,-0.046828913687332246,0.8336078285977822,0.04052712371221835
duration,BB,200308,143,0.514739135970453,0.9287477505411079,0.15380101119537737,0.8264356990436493,0.42646672576250033,0.29487361006507307,0.2620839233509622,-0.046828913687332246,0.8336078285977822,0.04052712371221835
duration,BB,200309,148,0.45001508496707504,0.8886817911766918,0.010613133336048007,0.7066625699696004,0.06779522982782811,0.3152023425259255,0.2889363289501985,-0.03864600193796063,0.8538384136580305,0.08083985831408985
duration,BB,200310,150,0.5593596853916118,0.9010573850280684,0.18446153162362772,0.7859509950694585,0.5035406018045248,0.17257331005549306,0.27994475432062116,-0.03488429744739361,0.8454944941213252,0.06601950519995553
duration,BB,200311,152,0.577873649140137,0.9254733043614611,0.13591878019942727,0.7317181937730183,0.2748651918069423,0.28643995253603327,0.27994475432062116,-0.03488429744739361,0.8454944941213252,0.06601950519995553
duration,BB,200312,150,0.5942804416584756,0.8884789923066415,0.14418951953420153,0.6912088380984979,0.3095657584781546,0.1594171463927963,0.27994475432062116,-0.03488429744739361,0.8454944941213252,0.06601950519995553
duration,BB,200401,139,0.6234518044458288,0.8750312796060948,0.0517225970776174,0.5710685388181858,0.26850172036284015,0.16737845986887373,0.29408497829180336,-0.04242459265793349,0.8464513660179764,0.07710725045668809
duration,BB,200402,143,0.6236271205598518,0.8508474576289098,0.03844922682950852,0.5509852947133234,0.291239863422962,0.3967074423223629,0.3024153329664417,-0.04844210185842972,0.8478966134094983,0.0762898994902485
duration,BB,200403,139,0.6625273555402355,0.9531644834296668,0.1450735064122615,0.6994862353793986,0.43817864962688224,0.5456361286374825,0.3024153329664417,-0.04844210185842972,0.8478966134094983,0.0762898994902485
duration,BB,200404,135,0.7272008935843679,0.9629020831079514,0.05418983513803532,0.6447540901690182,0.3060433128475271,0.08507737688103292,0.3024153329664417,-0.04844210185842972,0.8478966134094983,0.0762898994902485
duration,BB,200405,140,0.6917372151686967,0.8839882179889353,0.10160722485841116,0.5145618648360595,0.33731604382147784,0.2789873334723495,0.3006359582274205,-0.049354326765988714,0.8356271028703517,0.08068908883515395
duration,BB,200406,146,0.7432950265472937,0.8983173065340497,0.16742405984595068,0.6356562244547777,0.4612013534747863,0.29742762173639725,0.30017868831580985,-0.05385093227963895,0.8408430257910297,0.09738018882575666
duration,BB,200407,152,0.7178084813218066,0.9465881733823361,0.06862745098039215,0.585270672139526,0.3037917153616413,0.28013863580343656,0.30017868831580985,-0.05385093227963895,0.8408430257910297,0.09738018882575666
duration,BB,200408,153,0.6985082978484582,0.9036598227010852,0.04575610148365566,0.57511570147735,0.27797099701124467,0.2604244411784015,0.3002928295575959,-0.0575994924695221,0.8432018506842238,0.09729611315182346
duration,BB,200409,155,0.5968612033128161,0.9027485506429226,-0.07121910347716799,0.5017837059215444,0.18705488060326766,0.38681926724852744,0.30868807515896407,-0.06585208930542798,0.8542969657608147,0.08802660343887579
duration,BB,200410,162,0.6692465488093274,0.8634066722715183,0.022760214011214273,0.5914423740510697,0.3522138531474354,0.32516748734406775,0.3047822677626613,-0.08135505166468772,0.8473379440014867,0.09301521114684742
duration,BB,200411,167,0.6108797176045213,0.8898788799732849,-0.11480051944304163,0.5348225265062366,0.17574231914827834,0.20622392392862912,0.3119130979457107,-0.08446902798069993,0.836277918479225,0.08905467963895608
duration,BB,200412,163,0.6525285707298397,0.9566913124249543,-0.1267949080308799,0.5459354386417401,0.24465337700411766,0.28005314764014505,0.3140674329821032,-0.08616093623328083,0.8604405231502537,0.09382459631180888
duration,BB,200501,164,0.6111561523985152,0.9088339958056416,-0.17467262570748376,0.4514999098821895,0.11349564940601525,0.26014534893757324,0.3126134143083002,-0.0831910126110955,0.8521018131959512,0.07675533581826989
duration,BB,200502,169,0.5486842383329763,0.9018935591641862,-0.2636989707125454,0.46504362981216135,0.10763263885435832,0.24550416222041005,0.3066065957683505,-0.0891593211171651,0.8330288210619924,0.0629074555625657
duration,BB,200503,172,0.4767163929217382,0.8090672395965155,-0.3182539626388191,0.3962773201896523,0.0658785018737191,-0.003620090914989339,0.30892787486218065,-0.09205005440436437,0.8397991723685827,0.06058492224730653
duration,BB,200504,187,0.39170295279152567,0.8486288241020855,-0.25997306016685084,0.5243920286920009,0.12096131895074122,0.3085269447130086,0.3099390152578535,-0.08596579153153493,0.8490355276719345,0.061951679142307294
duration,BB,200505,196,0.45799563706000784,0.9061651067627712,-0.23933731243375916,0.6312533992103452,0.16554439034497045,0.05785379167466731,0.30806202944808747,-0.0823142222174547,0.8487060481146929,0.060211711870582794
duration,BB,200506,190,0.43668866032694703,0.890937163752154,-0.2991029056060745,0.5473923626539324,0.13670388886701923,0.21363140318430632,0.31116762570583334,-0.07634585709734658,0.8674537722136405,0.02261581107729647
duration,BB,200507,190,0.466638410999642,0.9289403712522151,-0.3381936516684381,0.5642895446120332,0.20054586728601612,0.07261972141485466,0.314876866631366,-0.07090079056014503,0.8702812738551102,0.008890133638794954
duration,BB,200508,190,0.4215386916754822,0.9125254126382604,-0.3309994007706876,0.5368384357562159,0.18354350098632272,0.36810223827782346,0.31556029635602434,-0.06203630422926279,0.8685466786516219,0.006752164817273501
duration,BB,200509,197,0.4564912850734639,0.8481425280271833,-0.35200549993878494,0.4768644033547633,0.1590053649517029,0.21329004323922943,0.3132503724647877,-0.0484373887393554,0.8622481427312684,0.004890154343268903
duration,BB,200510,194,0.34121890367382074,0.830834417407876,-0.3716525662255057,0.4843531969950505,0.15869878745793492,0.22997431097433432,0.31265505425293294,-0.038285939863336504,0.864131130395751,-0.010623772241576894
duration,BB,200511,197,0.3400815181672031,0.8952094010839702,-0.3596887762950127,0.57263134763535,0.05695042207007399,0.23381193616368903,0.3105261358146174,-0.029173107159191834,0.8668247268900351,-0.011251380655635107
duration,BB,200512,165,0.21686299600658715,0.8950585416140602,-0.47373173403146956,0.5251713565007132,-0.010560200892260842,0.3277502359226437,0.3034948033560538,-0.026667822987328938,0.85688153942023,0.0006870927246111654
duration,BB,200601,164,0.3945838077402311,0.8040065213282753,-0.48634391196114973,0.5351779113177987,0.23155360276413692,-0.15203349078989192,0.3001078926122591,-0.019711525215927412,0.8739974719455509,-0.018158002580829963
duration,BB,200602,171,0.3147920260412864,0.8381932148671414,-0.5635226918184656,0.35204040612549187,-0.14236446108431133,0.008485142301038463,0.2953263046982867,-0.010655462722449157,0.8936190760428693,-0.041914055192409184
duration,BB,200603,168,0.37359789431537527,0.9248339897832192,-0.5154028376045882,0.4858856438214412,0.31259459103770487,0.12170456752838377,0.2849973803030955,-0.007058300535782487,0.8879182772893172,-0.041170253167227056
duration,BB,200604,158,0.3969517324698873,0.823498315596417,-0.46315483624625203,0.4864643256267464,0.3271834720449557,0.07251479602844377,0.2718552923352223,-0.0004272538448717638,0.8732947985441812,-0.03607944184556206
duration,BB,200605,152,0.4293445713880646,0.8912581596749378,-0.3682980337481803,0.5329162067712234,0.46007695514594815,0.19509665558467773,0.261177526186245,-0.004470709363518517,0.8787158947054331,-0.04797361917731926
duration,BB,200606,142,0.4638078413415731,0.843580025839417,-0.44142282649924247,0.3726305223249099,0.12074620015884625,0.04890310642507156,0.25134355841797346,0.007309363522568508,0.8627107329188144,0.016145745995670847
duration,BB,200607,141,0.31816960754993256,0.834149406060072,-0.3451860096750717,0.4724066629893154,0.09896827775161607,0.36923185595550456,0.23684579082443838,0.011003441538176065,0.8577109057509239,0.01186611185508033
duration,BB,200608,140,0.3170919443972166,0.8944244299519349,-0.27943845531477557,0.6568498070812502,0.14495200192429647,0.41636881886303073,0.2262353467641476,0.015883972799229883,0.859198644436128,0.033754917035377384
duration,BB,200609,142,0.3498229216881463,0.9226428102911005,-0.22721509835684242,0.7324566734440526,0.1542464128619358,0.3702948511083384,0.21562748969311923,0.017218322959623753,0.86372619589839,0.01895118550782822
duration,BB,200610,143,0.3418092427933623,0.8743323463465972,-0.3130478676253324,0.6288548311982427,0.06892461998095802,0.20429964111562,0.21054333293670396,0.018450273463802278,0.8521927985404709,0.08552726732104189
duration,BB,200611,157,0.3822623283799588,0.8907138266559879,-0.18206513312536052,0.7229440216344889,0.19636068196900253,0.16938404182046246,0.1986939141868557,0.01705128906234196,0.8597083580218077,0.052188306807697364
duration,BB,200612,147,0.4112623006111208,0.9065524982838175,-0.15718290277977168,0.689804399362766,0.08077507196880974,0.10446453026586702,0.19122399347982458,0.02122780537300262,0.8762189940492487,0.060915933051294446
duration,BB,200701,152,0.5712628369523823,0.8299482975449176,-0.02443975150185553,0.683412655089729,0.2174256248334119,-0.1352818207529288,0.17943003975160837,0.024148446634690134,0.8802207414834881,0.08434489480292132
duration,BB,200702,157,0.4605878868902717,0.8796180798093661,-0.08019461792742451,0.611662701269105,0.10803837781181971,0.38445872454659574,0.17281870830625062,0.024246039284905322,0.8550825567162477,0.12089360924918398
duration,BB,200703,157,0.44715832887619544,0.9199105672652623,0.005705815590520903,0.7713049747666083,0.2030805202215345,0.30506779542795465,0.1661254427011146,0.024021421912785314,0.8627591637469232,0.1326137047336331
duration,BB,200704,134,0.4591800854436118,0.8996452552168032,-0.018097482512250778,0.7273640910292454,0.16522649908352974,0.3626284151032322,0.16218151117259058,0.022394362906188063,0.8545732009138571,0.14665528291138427
duration,BB,200705,131,0.47481169493921027,0.876816332849334,0.03300058719906048,0.7633388316920362,0.18036086051353228,0.23769677946625692,0.15850123358937462,0.023332743819532716,0.8497469348946952,0.16751443397540794
duration,BB,200706,136,0.5171766036121684,0.9104258653632845,0.14462573350508084,0.7982543709357821,0.36049806784027477,0.2749997912800556,0.15164504065792556,0.017935197381945347,0.85424457696051,0.14426437032403505
duration,BB,200707,128,0.32762522782485043,0.8067633472253725,0.08013069950558505,0.7198288996568466,0.16676203991942867,0.46759894421786724,0.14806842850668864,0.016274316533931067,0.8506798622426299,0.16156995414871753
duration,BB,200708,125,0.25440016712921015,0.6633189758462418,-0.10108755760368664,0.595221490698633,0.011999999999999999,-0.3056292031633568,0.14070450781039323,0.006788760428342628,0.8547859488256624,0.1456927229516679
duration,BB,200709,125,0.2936827471879801,0.7780928520051346,-0.059576036866359434,0.7159315389635597,0.09491858678955452,0.18229549092402747,0.1355558251580548,-0.0002960878798837823,0.8535223812071971,0.1634197955226099
duration,BB,200710,114,0.21565510412360547,0.7963211975715475,-0.13749822806342524,0.7030994016216887,0.04239282315060449,0.05207318678692634,0.1260540109623512,-0.009957846881838305,0.8670623933473867,0.17035515016337419
duration,BB,200711,105,0.1774069812139831,0.8742982733624615,-0.13001244038979887,0.7979670224398226,0.026570599212108643,0.3318750356411766,0.11906573786420123,-0.01636351732911146,0.8652278364389583,0.17602295393251277
duration,BB,200712,99,0.2236363636363636,0.7791252829944514,-0.07197278911564625,0.737331321408551,0.21318491032776746,-0.06186842138285715,0.11303504556777852,-0.017437942989836502,0.8455370945630518,0.200304278647198
duration,BB,200801,96,0.22553055840561062,0.7638413174437589,-0.0787574606619642,0.7045306565382529,0.10306565382528486,0.12424036896364622,0.11635277810913885,-0.018083200946958363,0.8288230562410308,0.1886798056136949
duration,BB,200802,95,0.3164554747201443,0.7986016090643354,0.01585946248600224,0.7318850216096222,0.07248040313549832,0.13709502446461522,0.1154434530657425,-0.020701833243392656,0.8592456501720357,0.16661451712378023
duration,BB,200803,115,0.4361731088691285,0.7724696547970612,0.1749625187406297,0.7317066434691178,0.1975380730687288,-0.07139207644627725,0.11782966486238944,-0.021240171904026474,0.8567469810875596,0.15883447812668924
duration,BB,200804,114,0.33067980000893765,0.8022016743483252,-0.032364674672444874,0.7029317003147204,-0.11938599866345358,-0.5270539824112839,0.11712164383907316,-0.025068106730644354,0.8950489679091113,0.14785475802561107
duration,BB,200805,106,0.5579492553626768,0.779643596680824,0.33126432727913946,0.7541615445169374,0.36511071365594383,-0.059087886177973274,0.11807985242718527,-0.024587536611839947,0.9006776589508881,0.14233292009682577
duration,BB,200806,105,0.5474007225904071,0.8543992784499115,0.29469210035247767,0.7600184533507316,0.05729836201534314,0.047460333093801065,0.1186652005982376,-0.024141905247537575,0.9099071344880322,0.11217965744435479
duration,BB,200807,100,0.5699044098777063,0.827583206573241,0.349006900690069,0.782162562747483,0.3621242124212421,0.16079256163457198,0.12281536356259812,-0.016493929767847994,0.9202388789495072,0.11006311878816605
duration,BB,200808,100,0.5008055829773005,0.7929384302924705,0.31126312631263126,0.7308174666646226,0.1757095709570957,0.09644822351342866,0.12742834183843366,-0.019558168128054373,0.9330565509708817,0.12354552057218122
duration,BB,200809,99,0.24193024715714653,0.7674630022449118,0.03741496598639456,0.6831004424907192,-0.20690166975881258,0.033253040362064855,0.12339479419953607,-0.011880074622946157,0.8845260701489308,0.10414387744780411
duration,BB,200810,99,0.001910969832797167,0.6699361462277464,-0.12001236858379714,0.6374045683535986,-0.14080395794681508,0.2379351822373225,0.12101252924225363,-0.005252796973896799,0.8803212912942633,0.09948882902539097
duration,BB,200811,96,0.07736811406183955,0.8050754053486252,-0.011001085187194792,0.8112670707189114,0.05236028214867064,0.29868046678634835,0.11821148594830744,-0.007343720726048554,0.8812285835723155,0.11681979068834435
duration,BB,200812,94,0.2612480809601612,0.6470088866411386,0.18683668677527726,0.6640729703964098,0.34918903298052956,-0.13464824349708307,0.11085550422717419,-0.014021588104783496,0.90642476043462,0.07735002175923082
duration,BB,200901,94,0.18546467313877876,0.7615849782605888,0.09798793483365241,0.7561383546794666,-0.11313080229743888,-0.5525440260993408,0.10591927703888257,-0.022986631608381977,0.8897725781425404,0.12223207373594108
duration,BB,200902,97,0.24001367561957623,0.8940596337815183,0.1485903639806438,0.8902498759051494,0.13455975173574586,0.08564355947460896,0.09667928573045036,-0.021409833571589935,0.8979433065844308,0.09511993636016892
duration,BB,200903,101,0.27240270709718833,0.8784140712925671,0.18330809551543387,0.8778126901979275,0.240326150262085,-0.12516635167889903,0.0931318865752924,-0.020057561819636305,0.893781271028073,0.09100448751488485
duration,BB,200904,113,0.35969018038855466,0.8014185282007505,0.25341839111051967,0.8095790603369077,0.05204937121564975,-0.5953996889527332,0.09519301093419463,-0.01877548239573942,0.8742956196357582,0.08715944573270115
duration,BB,200905,110,0.550665311186167,0.796480803563378,0.4169826206523454,0.7967008320234824,0.19606879606879604,-0.3608617149173978,0.09161243898488705,-0.01963349462226817,0.8456525943536283,0.10713051863044411
duration,BB,200906,113,0.5920150043574504,0.8256793173213101,0.4694923148579414,0.8019420907781958,0.38928072393372815,0.15799137079893608,0.09569881410471065,-0.02618696458705532,0.8407691442411891,0.1195669034223003
duration,BB,200907,116,0.5984853726982663,0.8527022117845527,0.46293007342482606,0.828691094244975,0.3370853035020951,0.19160072194846056,0.09798919699321108,-0.030029880665349427,0.8351385315722794,0.11581194645562483
duration,BB,200908,113,0.5402868632643003,0.912543717752409,0.3808387118238073,0.8738439017898731,0.3119718544147981,0.376214318983299,0.10265143108913441,-0.02403360348749295,0.8190061585638786,0.12683161437097423
duration,BB,200909,121,0.542706078807065,0.8414499488548222,0.3683782685272997,0.792317410644738,0.19439100392900685,0.12778799548913392,0.11431887815562657,-0.0205266885258411,0.8434196907286675,0.12454645191101481
duration,BB,200910,120,0.5468211223768031,0.9039753036690302,0.34216959511077155,0.852735789767589,0.2252448086672685,0.2924414627473105,0.11663735342600257,-0.019608847868377053,0.8324769905082773,0.10969770290866926
duration,BB,200911,122,0.5195163539767144,0.9037628421601331,0.32442229719682375,0.854768356359171,0.2296502886448726,0.3653988500449532,0.11355228307454057,-0.026198901473369805,0.8467475096262846,0.08483978846145532
duration,BB,200912,116,0.5924664445988814,0.8542190050235638,0.3309499096605543,0.7999976934875633,0.16891554222888558,-0.10056241759501956,0.1271335397214216,-0.01990837706297057,0.8500928276767138,0.03731837530378121
duration,BB,201001,118,0.5898907487999141,0.8585374226676111,0.3317921692797067,0.7565047650189645,0.3320405085110968,0.3980373860793982,0.1464045961764286,-0.006068161035054329,0.8259692745464622,0.055372260868777695
duration,BB,201002,121,0.5860530179743838,0.9233536219808358,0.309646389378133,0.8241207562008095,0.4743124237908142,0.5632139330958034,0.16557723243545192,-0.0107111594421327,0.7724731313351999,0.07815895708726238
duration,BB,201003,130,0.5925706420112494,0.9152609032513707,0.2636851520572451,0.8475779371267065,0.33948026055251335,0.38280241817132493,0.18472364929945376,-0.023194368830091912,0.7869043251631564,0.0742222947070248
duration,BB,201004,127,0.532202808930913,0.9498451105718683,0.2244153074615673,0.8278364135737524,0.3154996250468691,0.5655309588264298,0.19549028428297527,-0.03640254812585303,0.7768460837922766,0.07535567829613357
duration,BB,201005,130,0.4882074924216873,0.8864978983654219,0.16500293599530239,0.774543930061122,0.24351281596088978,0.49232475156712197,0.22140217025105768,-0.046443076408541124,0.7420565249008786,0.07081983785555675
duration,BB,201006,134,0.4904325013215844,0.9351370290898724,0.13314131098891507,0.8577819840032483,0.390645768650482,0.4732096654966418,0.2268148997081234,-0.04770070401198886,0.7342771131342148,0.04742654978070169
duration,BB,201007,140,0.49535707296325926,0.9614000675701367,0.09802978286064161,0.868073595921778,0.4442369508648401,0.5252062067628316,0.23875788111130936,-0.05459262606748454,0.7383856901314265,0.03850225754986396
duration,BB,201008,140,0.4600422472425848,0.9652978910211507,0.08939231593448647,0.8383006220135035,0.3615403118234896,0.704515660657375,0.2529345919102752,-0.04792112042001779,0.7455348416848159,0.037372257035518115
duration,BB,201009,150,0.46364768536191964,0.9552129215240043,0.06482954797991022,0.8353289846854342,0.32648384372638783,0.5139748930203363,0.26647269030802034,-0.06377522502512607,0.7602500896608081,0.02243290595765675
duration,BB,201010,149,0.41440957736259754,0.9190630501210474,-0.050121530926900054,0.7454858928770459,0.17603845456194447,0.4528754334079801,0.2884952330099453,-0.06163469031088149,0.7661292079156449,0.012378760851338834
duration,BB,201011,159,0.3561833594811699,0.8993893291587061,-0.12457606878433246,0.7028272032481492,0.22437604490088373,0.4449098399808933,0.3201200331985382,-0.0578061341409226,0.7733435711873137,0.012015607403264541
duration,BB,201012,164,0.4555573995293872,0.8768648138356996,-0.11773155768367499,0.7236417009810415,0.37552269666589577,0.17568889269790675,0.32819935723586036,-0.04499942550999334,0.7692286946127919,0.020682824510443204
duration,BB,201101,164,0.5311350752111136,0.9309369624644477,0.00010066246786282696,0.7388536418174931,0.4122536150068695,0.4939139850493298,0.32122188324108825,-0.056064614366013774,0.7697040669103308,-0.011096385952260531
duration,BB,201102,175,0.5493307180114108,0.9499632218350701,0.03405956112852665,0.7304435639659336,0.3039162561576355,0.35863756819806475,0.32528793344174467,-0.04976336175766342,0.8055736685575672,-0.020182926048497016
duration,BB,201103,186,0.5695972369623625,0.9657704994472993,0.07905580239546084,0.7458595605136524,0.45590123502836977,0.6553603673175222,0.3265855613168797,-0.045354687940115955,0.8102598556073178,-0.03627864619493487
duration,BB,201104,194,0.4944773957626846,0.9197495684588849,-0.007781471239619842,0.6642339065583905,0.18460963212846124,0.4885812853074603,0.3267777242938069,-0.04461134000403802,0.830292767315129,-0.059101438043311874
duration,BB,201105,193,0.441683960844069,0.936180086251875,0.006141165001869558,0.7382809125649397,0.17527108594626356,0.4384123244217344,0.32801797494440843,-0.04036707537712751,0.9062613232647702,-0.09779057888891879
duration,BB,201106,199,0.4595552909329082,0.9469127112341069,0.0070199482259783764,0.7778228264113867,0.030869499010202528,0.27789116073729675,0.32293454938773797,-0.040487713242299495,0.9302721756627201,-0.10644129046421813
duration,BB,201107,221,0.45571745981162204,0.9300483147107718,0.006337065160594572,0.8165758954946564,0.2628080981022157,0.32326748427922675,0.31919763986655686,-0.03687497793787882,0.938025782406629,-0.10925693835971323
duration,BB,201108,221,0.3668217766139385,0.9431930558927138,-0.10645157703981231,0.7416845290790213,-0.1098091098091098,0.09966391244627001,0.31337499599066054,-0.03739011598489555,0.9292746285792257,-0.0933262380936702
duration,BB,201109,224,0.3020598997011114,0.9330967324847569,-0.13348067478112327,0.7926077261413292,-0.03787636130685459,0.17955059766743842,0.31052691451509884,-0.03005572197240535,0.9306182498078575,-0.0798075080637105
duration,BB,201110,221,0.25100191029329627,0.895039930536771,-0.1627769686593216,0.7735836365682752,0.07380457380457381,-0.09583487591017952,0.30822004921250346,-0.028450354344915,0.931218496493968,-0.08370968958856563
duration,BB,201111,227,0.3364041624574734,0.9337171808572983,-0.12690076718051416,0.8314763799169878,0.20188707119246405,0.09873583881197573,0.3041283464835368,-0.03265949062995828,0.9232180974036653,-0.09770455711613515
duration,BB,201112,228,0.2773002954674205,0.8943840991950068,-0.15664534053136805,0.7583776250406777,0.01711693195245004,0.07028928023432804,0.30136164517735387,-0.03500117772693043,0.9258684732816072,-0.11116268081948343
duration,BB,201201,234,0.2947466810718433,0.884693336630084,-0.11213447314260026,0.7755795584113336,0.12482129017605234,0.14240481062369814,0.3018226295350788,-0.04241645148214548,0.9248663921336058,-0.12040640814320429
duration,BB,201202,239,0.2447750855778007,0.9620269660007991,-0.15028655813789948,0.8275189471531847,0.038026968109419496,0.35038034946144203,0.3078329874469,-0.053127284299656886,0.927272628247218,-0.12717402515702542
duration,BB,201203,232,0.23548490559951424,0.968976760199139,-0.16168610137827244,0.8628712064907603,0.27336730163428397,0.08104882245571336,0.3137026752752636,-0.06359263226560627,0.9165437804962834,-0.13930860390034266
duration,BB,201204,234,0.2256667886560501,0.960731690984199,-0.1645713188585986,0.8267325515601207,0.08064127149142218,0.27530981298283735,0.32297849889370367,-0.06789132487543459,0.9273326046709736,-0.16355462780506186
duration,BB,201205,232,0.2029127151279358,0.9219413621431939,-0.1492660809665397,0.8368893766544764,0.12966831895350464,0.4102583569107768,0.32510719555407075,-0.08522583992974621,0.91726487720347,-0.14697964412519465
duration,BB,201206,242,0.20193404976263812,0.9563579340347158,-0.17365193914923577,0.8746879545229533,0.07461978856421206,0.1203335004917456,0.33338786845172663,-0.0961882072195787,0.923393654079757,-0.1684125654850606
duration,BB,201207,242,0.19208666414357684,0.9673614134927484,-0.19983692069697354,0.8533891382384873,0.030407177521474017,0.28362831511864656,0.3360509278992591,-0.10494815065808057,0.9222534285890264,-0.17480460646645016
duration,BB,201208,256,0.20632396761861294,0.9552740855025353,-0.22049811169604025,0.8591706402757007,0.18914153696498054,0.20544232673642093,0.3388837416157668,-0.11107761813964337,0.9343814661415262,-0.17646021683963914
duration,BB,201209,271,0.23001890844734718,0.9702058949084601,-0.20382208233847046,0.8298565345694172,0.09387646817644649,0.5427646850987776,0.3341676396342808,-0.11672528829245862,0.9339444238822558,-0.1762892540054593
duration,BB,201210,266,0.25510982204180116,0.9771799176772239,-0.17792212139422117,0.8335006215731623,0.16310577163706383,0.43497492589213865,0.32562939258679935,-0.12716258092750665,0.9408996847721799,-0.1584503355514431
duration,BB,201211,273,0.23648346878162557,0.9856109708552621,-0.2051073657986496,0.8456652368617478,-0.025917834848706467,0.31924274145719633,0.31915576814778573,-0.13349377532268933,0.9340220351024398,-0.14250963640009268
duration,BB,201212,271,0.23811789887820817,0.9856664245833235,-0.19293948821841161,0.8588541077065956,0.07695716663048983,0.4414496722152439,0.3138117615972774,-0.1375503432151097,0.9299058104318948,-0.1346127891122102
duration,BB,201301,272,0.29714343813119465,0.9695958930066393,-0.12616908812914887,0.8711392999124208,0.296288257000217,0.13082140664600078,0.30760995079989634,-0.1480743391072985,0.9457867700952912,-0.10956387567671683
duration,BB,201302,280,0.3103693374972262,0.9791440174964694,-0.09129726508902263,0.8414731144240993,0.17831641438575202,0.3807382354422636,0.29885395518891184,-0.14677762721583074,0.9459715301452344,-0.09542055553843959
duration,BB,201303,274,0.36576779806238896,0.9890195743287437,0.0004605613364737453,0.875694451939131,0.2842596819239155,0.5034206689198777,0.28775664377665794,-0.15499691756037443,0.9529620608868089,-0.08133232747009922
duration,BB,201304,269,0.37933503126805357,0.9813168909356969,0.014888383362000405,0.8441893311507538,-0.02924288101006738,0.41225799411646635,0.2774149829335076,-0.15945186379476467,0.9499403493945826,-0.06894541675714752
duration,BB,201305,273,0.38177634943100486,0.9665671341612855,0.01920363878285733,0.8489716151905206,0.2259954515214283,0.0562529609440848,0.2732161330774011,-0.15336422825887608,0.9603828675559902,-0.07113441523025998
duration,BB,201306,279,0.4061059992185234,0.9587147915781842,0.024346053111427908,0.8364187008470266,0.10738708572312655,-0.24657347665105414,0.26802222869705433,-0.14762592609066766,0.9630986576066856,-0.08453853258856985
duration,BB,201307,285,0.5087137933968774,0.9653609480860357,0.21805170367068066,0.8900924928761911,0.4467468780293094,0.3054149219768073,0.2633087590934825,-0.14004914618322534,0.9591629069891633,-0.060494096784194706
duration,BB,201308,291,0.5654097522620707,0.9666206554660355,0.30539812709095254,0.9050477656860216,0.5279772484891576,0.21200540397684933,0.2573699140788698,-0.1365627527483337,0.9566660622031956,-0.03900856113521205
duration,BB,201309,275,0.5226095872708679,0.9649729385389955,0.27637344565938665,0.8760635706669246,0.27671677101064596,0.357833764245978,0.2559531038000176,-0.13992524226707911,0.9530500812285018,-0.0230553791786658
duration,BB,201310,280,0.4988781273792692,0.9618301863740453,0.2851135127452427,0.8786379876986055,0.003967069550814242,0.2426819321843371,0.2593037396259326,-0.14580945481559976,0.9602564590105271,-0.026637478184735996
duration,BB,201311,291,0.5447910839441293,0.9620987945606743,0.3243711924577184,0.9104578078104341,0.3249497197454091,0.12478601948964124,0.26440187103129004,-0.14368992886088192,0.9755073902085799,-0.02833139868689359
duration,BB,201312,288,0.5712287424477013,0.9561896939537713,0.36829358716226807,0.8963185626663827,0.24008204429548008,0.23830636425834414,0.2659051959592175,-0.14265285964373267,0.9804083540252826,-0.021419264149329018
duration,BB,201401,292,0.5236616847755493,0.959883806539711,0.29857143063709884,0.8684831183599167,-0.09445504554079973,0.044982441706026305,0.2691771986362464,-0.1462892189968654,0.9846442773974203,-0.025963653735787646
duration,BB,201402,297,0.4730794877440648,0.9552256666709658,0.21861962633774717,0.8337862920975235,-0.3720054709987597,0.001093147353996529,0.2719324388650238,-0.14964752693191682,0.9820481921886929,-0.024902293419132276
duration,BB,201403,296,0.5156631774264352,0.9758502825330357,0.2622204639153792,0.895637841879623,0.08926507401083672,-0.014291818793249159,0.2742891373378307,-0.14478712667270352,0.9830773236301555,-0.02557263527567589
duration,BB,201404,296,0.5791193514065661,0.9818510008024497,0.3183423793593285,0.8714523515651887,-0.1000781983832831,-0.04365071194160707,0.28017576427520446,-0.14193474930919608,0.9887762737542188,-0.01278723269131676
duration,BB,201405,318,0.6214809069410014,0.947099823220866,0.31333614079920236,0.8216992748693308,-0.12500468792068845,0.012829891060118151,0.28500513320289,-0.13808845417598353,0.9911521328646024,0.018245731644469892
duration,BB,201406,323,0.5911976292651885,0.97087491609261,0.2429094190434882,0.7888248839213536,-0.11354615581294811,0.044493567181728484,0.2889508811551288,-0.14219521206853242,0.9856368725990837,0.0005787587681965052
duration,BB,201407,320,0.5935819359337396,0.971497548096456,0.12631983710778424,0.7176074666831156,-0.2385096534145841,-0.31050630310821675,0.2931184057402973,-0.14235359173610146,0.985341869419867,0.006536303595930598
duration,BB,201408,325,0.5936565388282932,0.9696325240192997,0.10162934997290826,0.7206507970014717,0.07894988901123871,0.17124522125041536,0.30631283540203824,-0.13692387864806113,0.9892083769741229,0.007006996841292488
duration,BB,201409,318,0.5767444837132497,0.9727953598732257,-0.022477576812396788,0.6395384505161895,-0.18564968236888424,-0.38029413872041684,0.3222492969652446,-0.13636565849642537,0.9960447615362391,-0.023503287127646787
duration,BB,201410,319,0.54136209710883,0.9583072985381471,-0.08973965015781689,0.6253074727240966,0.05251708357827805,0.19954305135677908,0.3363315573642564,-0.1381089588347082,0.9931353710440013,-0.032710266918607844
duration,BB,201411,323,0.5228241677623792,0.9562953100150643,-0.1414020985968758,0.6244125708400848,0.10546471321811206,-0.021057933800217497,0.34915181881927904,-0.14209576357057838,0.9908567473226538,-0.03985555684953173
duration,BB,201412,329,0.4957815293089169,0.9464473593429265,-0.18072469823896914,0.5980418701931474,-0.007399295048490691,0.11881125895162105,0.3670036650503681,-0.13872954395694725,0.9893756577736523,-0.04306007267790947
duration,BB,201501,338,0.43427967207858886,0.9290649503571872,-0.280293687280414,0.546947345719463,-0.14972398448713106,-0.04763134513573361,0.38639142459318365,-0.13944503215458273,0.9894312062811412,-0.05931987608308687
duration,BB,201502,340,0.487142600787172,0.9654375671221701,-0.2648321301374987,0.6230190076504056,0.21308427764742524,0.051013346183113366,0.39910836376109704,-0.1291538894777512,0.9917603138987819,-0.06017619526680053
duration,BB,201503,335,0.47871017988838765,0.97274806370425,-0.28811492154284185,0.5773757208737785,0.028745387689439884,-0.0580873897892485,0.4121974122727794,-0.12373694292982758,0.9895684206508536,-0.060230271849188256
duration,BB,201504,341,0.5332347644584247,0.953603812382533,-0.23710812307636436,0.5622403562404736,0.22345768682530892,0.11277031928526593,0.4209318755796818,-0.12527417347816136,0.9857488687478823,-0.08300644948870123
duration,BB,201505,336,0.5636375499490887,0.9742894320780708,-0.2262345542318083,0.5672793729189275,0.21820402017044918,-0.015658365015766843,0.4312531476139494,-0.12901635685937482,0.9814532009571231,-0.09356363647211727
duration,BB,201506,338,0.6225071406577221,0.9693125405891829,-0.1745831720581899,0.5432790606561829,0.29519310209054545,-0.00329553288179572,0.4405905187306728,-0.12032590585333926,0.9816579819178655,-0.0782240829329951
duration,BB,201507,347,0.5671302542413108,0.9436245436973901,-0.19817031315429556,0.490660057812569,0.018622275042951945,0.18265155587214782,0.4478115370569247,-0.11355419845194091,0.9849781446746719,-0.07631405773000997
duration,BB,201508,352,0.5588668541994137,0.9487373092248345,-0.16002804246430305,0.5509388916821842,0.04448301934137627,0.17885946556805882,0.44139352232922685,-0.10665224927333376,0.9778623539150314,-0.08555780359538542
duration,BB,201509,367,0.47406905107961267,0.9452996974352157,-0.13137550539906637,0.6320215405711325,-0.029638830428011364,0.22287523407903495,0.43191671100615775,-0.10054803375257655,0.9766313453908949,-0.08901242496955458
duration,BB,201510,370,0.5274750045916454,0.9461196411838277,-0.07478170432611297,0.7145197031901587,0.10003014650966792,-0.14935115354928058,0.42096856084769585,-0.09285346525735418,0.9706925318925625,-0.07615268689125264
duration,BB,201511,373,0.5320415022641822,0.9773122413065819,-0.019302995309120316,0.725029335357861,0.12952756834102505,0.1428849574159179,0.41147795118652725,-0.08763833809432393,0.9716933340207261,-0.07705570360674613
duration,BB,201512,379,0.5308144426915037,0.963081910519713,0.01631607603000465,0.7469509013028984,0.1050158377474028,0.3446285814738454,0.4007190013046563,-0.08454152367356804,0.9751233482548515,-0.0924287031701323
duration,BB,201601,383,0.4926219148469823,0.9547496793157413,0.003614000792858803,0.7480076126879494,0.07303122394160186,0.11837247906878672,0.38563694672984333,-0.08334503356640545,0.9684412138130907,-0.06997589885049042
duration,BB,201602,375,0.518499188786662,0.9667259624818252,0.045964728638070315,0.8140705798883797,0.1282880873819547,-0.15283256064327572,0.37320435027589643,-0.08280576278484113,0.9665504862340104,-0.06800975113016128
duration,BB,201603,350,0.5388726100286545,0.9632051317665009,0.04099835217313728,0.8031145698786001,-0.01388694718207612,-0.3807936723405127,0.3652735859330047,-0.0829845597826977,0.9670494110111528,-0.07491816450592774
duration,BB,201604,343,0.5757786442601361,0.9765137503641946,0.06407362735267214,0.791536113313962,0.03930745230422996,-0.23833628799125883,0.35661274657455955,-0.0825918919716332,0.9665460737931394,-0.07634177904181101
duration,BB,201605,357,0.5756928569061712,0.9715367230156828,0.06610413922646455,0.779804318683188,0.36746599964447524,0.17487689146445987,0.34879646639715534,-0.0776150137221866,0.9637388110051885,-0.08117938658365319
duration,BB,201606,352,0.5832041827658007,0.97368414898132,0.05952722914479288,0.7321459070444052,-0.0009704255454963668,-0.001426887067433135,0.34193644873762713,-0.07414082920139978,0.9628227144314453,-0.0800256614685707
duration,BB,201607,351,0.5878753350995315,0.9748914538438402,0.04934759684759685,0.7253445151232595,0.002987012987012987,-0.02629969261965321,0.3384286570095918,-0.07150490717705411,0.9645332455690508,-0.09205088105293259
duration,BB,201608,348,0.5971082434058935,0.9593838062420709,0.05228122997038428,0.7011668262989696,0.032055927314081745,-0.11300792607601613,0.33760037954408495,-0.06861710471871563,0.9728892922923074,-0.0797560535671629
duration,BB,201609,347,0.6197764371540544,0.9798542690190688,0.0386777176619666,0.7030172150417987,0.20268723228630725,0.12443063675273126,0.3379258664673985,-0.06440992674798211,0.9743230769210255,-0.07323520536012505
duration,BB,201610,360,0.6209496837423352,0.9778207879958091,0.028510250850701004,0.6763330295758124,-0.053621812925511256,-0.1977412616928664,0.33961078022334745,-0.05981485576013022,0.9974505772774438,-0.04698949023170379
duration,BB,201611,352,0.6958235875645569,0.9541788772595541,0.037742042345441776,0.6517209035886666,0.3191123481491753,-0.0038459358489762005,0.34923931396617264,-0.04987435629461236,0.9688228565914802,0.00115366726527977
duration,BB,201612,342,0.7075554520930111,0.973866675986381,0.1017330266836521,0.6544435096419012,0.0919416561632701,-0.07138165507986947,0.3628283419776808,-0.037121156512340506,0.9756586607648187,0.0387645435494044
duration,BB,201701,319,0.689482441007896,0.9778628369051866,0.028399849174897972,0.5547932342996744,-0.15427892293133025,-0.19023109923270512,0.3805858363511551,-0.02207793959267279,1.0014975060208933,0.055421372029384824
duration,BB,201702,335,0.6858852810521452,0.9654057609161286,-0.03629106392758194,0.5067052952194647,-0.06373032187224699,-0.019590536387726502,0.3967898888180132,-0.008458773504061426,1.0065801418461338,0.06804327167086044
duration,BB,201703,325,0.6824173034333334,0.9702648249835986,-0.12443850173911523,0.4760755671509787,-0.050392742908080344,-0.11333132504695843,0.4083135520358321,-0.00013727733229814074,0.9743513756153828,0.09034936579766067
duration,BB,201704,329,0.6761155104178093,0.963125669212813,-0.12541161485115818,0.473163956037276,0.24162954326420857,0.34258128519738784,0.418803745582378,0.005812325486163409,0.9499873984651995,0.11134703036482227
duration,BB,201705,327,0.6788020257499147,0.9621831759920451,-0.1291878475716147,0.45283265580703425,0.16675749917289795,0.29884325713821075,0.42554462180713215,0.010797915732126932,0.9443760742059895,0.11450919227903844
duration,BB,201706,314,0.6556975012784546,0.9861794816536907,-0.20599247452180844,0.44643765262240426,0.17168846497105994,0.35841331059360215,0.43048566452526926,0.013647133816761784,0.9500544853380111,0.11168633203088028
duration,BB,201707,334,0.6139653898726476,0.9808821556748656,-0.26787554378938777,0.4611536780910058,0.10606282392858496,0.23491782015683646,0.4315024097992655,0.016065870083627535,0.946468493831852,0.11409115965944175
duration,BB,201708,331,0.6180102838192825,0.9776078972209855,-0.29929583756613937,0.40399880709207603,0.06630013600129715,0.23590761331095284,0.432598610441395,0.021340090580646426,0.942634681807483,0.11479118619349359
duration,BB,201709,321,0.5931529821458787,0.9894700915046618,-0.2985458872699832,0.4500074601314263,0.10303048992860046,0.1963278013473789,0.43172286755758804,0.025938808665627314,0.9385380730007092,0.10944711876838024
duration,BB,201710,322,0.5666041312888562,0.9684062382932339,-0.4400790321047258,0.3202872519159756,-0.005314754486666029,0.069802488698341,0.4315059775558206,0.031224633424763688,0.9303890165157596,0.10693954014218603
duration,BB,201711,306,0.5414760490621203,0.9781923864181717,-0.48108770287631264,0.3290509534107031,-0.0454767521362152,0.07873590008088864,0.4218379201868214,0.03330321801786635,0.9373743450777766,0.09814742895468644
duration,BB,201712,302,0.5500286131736123,0.9455550328616473,-0.49677674858638987,0.2871218379967639,0.008454976319836117,0.03920408099920838,0.40755200972078637,0.029004057006882546,0.9298384923163859,0.08731649697710155
duration,BB,201801,310,0.6055673148484032,0.9612127260405081,-0.5181360351170115,0.25877778427917636,0.12649072579386378,-0.041459541997723275,0.3954565775488059,0.023275592313177225,0.9082999214812914,0.08927039146733177
duration,BB,201802,332,0.6508614032264383,0.9353968443963522,-0.4705169989995091,0.3052598510514363,0.42220060121272224,0.07068149271844412,0.3839590882874766,0.013457668910448068,0.8918878536107832,0.08771961963551103
duration,BB,201803,313,0.610206502946557,0.9302775440072829,-0.47224431111104154,0.1697137130736916,0.11128338705107595,0.2194476074957517,0.3748307830556603,0.01187453227435676,0.9140247004661174,0.06910529443800771
duration,BB,201804,318,0.6372356883651326,0.9437445709728135,-0.4561929904530612,0.2591036341400974,0.29035758619383567,0.1565393689125508,0.36644529372397666,0.0064015632837107345,0.9409035442926044,0.018936357222670144
duration,BB,201805,318,0.6742521174261725,0.9493511297447674,-0.34951811907001357,0.32318128964007875,0.2673566415195095,0.09791842988698368,0.3605870370451234,0.0009120851845036146,0.9521936519114874,-0.00397346568581811
duration,BB,201806,315,0.6920097238568188,0.9748598909385046,-0.3396659026426018,0.30705388774416625,0.1394501330323309,0.12011679213251959,0.35491902623740734,-0.004363977138095098,0.9448066251250323,-0.008027743889041398
duration,BB,201807,327,0.7054541648196673,0.9489488389301322,-0.28164368855935984,0.3157001884323585,0.1964401665460905,0.1209087771965282,0.3506974555157448,-0.0027562432194292376,0.9522185697814658,-0.014370525265095798
duration,BB,201808,319,0.7198483096342192,0.955774723045124,-0.28490529070799075,0.2772529591636695,0.023436668243922633,0.016042019663156475,0.3442271325864412,-0.005002356107884009,0.9571895354412625,-0.020588448360547358
duration,BB,201809,321,0.738277240033919,0.9621097762453391,-0.3189546206536252,0.2953596662504896,0.15488586230916587,-0.022827029160238554,0.33796465795757835,-0.007106947829971851,0.9637506927710535,-0.017070211979664126
duration,BB,201810,327,0.7380243904692544,0.9280450501035553,-0.20036428528467876,0.3404463062467687,0.18383442651236417,0.08809575452409714,0.33068801651783675,-0.010152442259783142,0.9594660637753349,-0.004353838559970324
duration,BB,201811,317,0.7225533044243146,0.9641382179853147,-0.14848535989795664,0.4485309054544896,0.24286868096308312,0.2163116616587307,0.32090351207958795,-0.01513521645652056,0.9620685511346919,-0.02955477834350025
duration,BB,201812,322,0.6171284068910032,0.9172754059563308,-0.21595752653378555,0.3875618349418927,-0.0435652436299056,-0.004214539108590218,0.3107107362346035,-0.02259604273303324,0.9640565951258379,-0.04318314249329123
duration,BB,201901,318,0.7059093418249133,0.8881894969054795,-0.08051524773025341,0.5097335390742534,0.16264761819111007,-0.19258327720285162,0.2974610283552329,-0.02418840669777582,0.9635346530008329,-0.04268059151669424
duration,BB,201902,323,0.7073838081767533,0.9496726940578835,-0.05444450854331054,0.5262302866677246,0.06125643748473201,-0.05582203128646878,0.28530492502456667,-0.020964591907225813,0.9609728352889007,-0.044538259710965075
duration,BB,201903,317,0.6463868708695416,0.9615466115462614,-0.07344574878378998,0.5424671070046788,-0.00772708676924746,0.17584758572498918,0.27341710790344953,-0.024022768678952575,0.9553208694266666,-0.03074716789730136
duration,BB,201904,317,0.6198567405571934,0.9575283244646206,-0.07394715052374067,0.5992571259593477,-0.03245549729936207,-0.015214979535186047,0.26227742643027824,-0.02642428653841424,0.9551947221448858,-0.02579488155650398
duration,BB,201905,321,0.5202088406368575,0.9050086460752865,-0.10329098217913743,0.5665813414392938,0.008919864166715042,0.14158080176943202,0.2501703378555897,-0.02900514448891066,0.9474199371367235,-0.02618054136961298
duration,BB,201906,322,0.49723780040893645,0.9377179687344561,-0.03969738625790999,0.7254840539914094,0.10680242926315718,0.20289750367899786,0.23955622572204213,-0.030133465510577846,0.9464716213755584,-0.018676104087391645
duration,BB,201907,326,0.4929407477943444,0.9691194223054239,-0.004024228149854311,0.7787262094368889,0.09475838958137602,0.3208565170019931,0.23063436176449276,-0.03699195280721758,0.9410841717892136,-0.013000739273005496
duration,BB,201908,330,0.4575867934178483,0.9635008612674634,0.0038818291078580123,0.7685934034532128,0.10012080419144079,0.526340877505588,0.22369786121552124,-0.040233592703135035,0.936448606828014,-0.02829903955167422
duration,BB,201909,325,0.4537679204484355,0.9717073224446541,0.010428049569153865,0.8260273660148795,0.1815720203450265,0.28269254146829625,0.21763262959847604,-0.04320584840099636,0.9314972883643298,-0.017958871230199114
duration,BB,201910,316,0.4592125839322224,0.9637500696423101,0.01815848169719511,0.810708376822801,0.03707261605277019,0.1691840860937076,0.21239074903058228,-0.042140854263125145,0.926931095881097,-0.045813239748404816
duration,BB,201911,299,0.47226490119769055,0.9577094963289183,0.04453547619582052,0.8321337704363959,0.20742295346905792,0.23185139710840075,0.2125311356787671,-0.03526524596196142,0.9277212065435215,-0.05662181197623968
duration,BB,201912,290,0.46676296542978457,0.9790896200786562,0.021176273775857762,0.8065122835682325,0.08098214296697119,0.31799211765482466,0.21570039828789928,-0.029200212503090118,0.930842696207682,-0.06297248726718872
duration,BB,202001,289,0.43442198635743895,0.9660732431954386,-0.043886966551326415,0.7577701571927611,-0.04809390287555184,0.3058834408374731,0.21841252060008184,-0.018673534257041408,0.9371205296534576,-0.04943664785890036
duration,BB,202002,290,0.3330218360162073,0.9229394662244492,-0.1566943885100934,0.6979703583085712,-0.16121762897668634,0.1399782497534519,0.224581756863693,-0.012876276773138145,0.9358959111646566,-0.03401317328394314
duration,BB,202003,316,0.0017978614290940444,0.5138739806319739,-0.29302894259968093,0.39190849399593924,-0.15541763405038572,-0.11610678109117537,0.22942831825906185,-0.003456936304021883,0.9354509727686908,-0.05133285996030795
duration,BB,202004,309,0.0999895164245305,0.8198716244213948,-0.2093386100276172,0.7924307591063654,0.055895404313819584,-0.29692852684766025,0.23469933697857015,0.0012840815042742238,0.9413664719641731,-0.03646001024068414
duration,BB,202005,306,0.25984249412774807,0.8943439712100314,-0.1469852168987422,0.8522968115007846,0.20425264141006436,-0.4006484508776727,0.23904647576929342,0.0062225573159969995,0.9468489426794299,-0.00739273873013652
duration,BB,202006,302,0.31437561655403656,0.9056423295510322,-0.12415873388619364,0.7921094746199122,0.19467532328907794,-0.17031883043936813,0.23951611403227577,0.005464253574257356,0.9466823984940067,-0.021691828463545938
duration,BB,202007,294,0.4273415641360989,0.8499465031937021,-0.048415525173452274,0.7418224592847233,0.1753798713909119,-0.09374178409160902,0.24064022640387622,0.0019978138649991294,0.9481494309866774,-0.004287294677275692
duration,BB,202008,286,0.4441066846684936,0.9579760839440823,-0.07573658690475123,0.7527932308945401,-0.033108611542501144,0.02150919877197586,0.24099237635613963,-0.00348657970474963,0.9559782374973181,0.018677853188950162
duration,BB,202009,259,0.4652210565142845,0.9548942029403573,-0.04900988389360482,0.7451844036723788,0.05821758379897915,-0.00046484040105452515,0.24086664522086218,-0.007992092767823943,0.9701586256753576,0.010204473841831778
duration,B,200307,86,0.129506108778716,0.8513595109536019,0.15765838011226943,0.8467743457553678,0.07952261899146186,0.2806102232326708,-0.0016147322342366759,0.10225357925592389,0.8390273091619745,0.34921961264452017
duration,B,200308,88,0.11935225381969031,0.9126211882745096,0.16003310908386464,0.9061498362157023,0.08469233207706668,-0.09296960304321794,-0.0016147322342366759,0.10225357925592389,0.8390273091619745,0.34921961264452017
duration,B,200309,94,-0.004580444967862012,0.8391666997854822,0.018964707582270708,0.8362882367608837,-0.15601632771014703,0.09754793590498344,-0.0019991603343364763,0.08945194597835673,0.8130745729926161,0.2745003804155151
duration,B,200310,97,0.06519566589522406,0.8535821243935653,0.1015016831474858,0.8388413858443504,0.031059330948874392,0.297385524228162,-0.010646925240721932,0.09121544286574049,0.8185203941410102,0.25098078430114423
duration,B,200311,98,0.08894598592448448,0.9657885341418363,0.11572276520730126,0.964679405032866,0.04705799845711481,0.36155155595509053,-0.010646925240721932,0.09121544286574049,0.8185203941410102,0.25098078430114423
duration,B,200312,96,0.07969370487601739,0.7811433881130502,0.08578404774823657,0.7767524984868949,0.11819045035268584,0.01886875633745365,-0.010646925240721932,0.09121544286574049,0.8185203941410102,0.25098078430114423
duration,B,200401,106,0.10505659160885142,0.8045726838168851,0.07067032773257426,0.8069849282967093,0.10196740307831827,-0.20919517645021019,0.007173685923340214,0.07955702748305317,0.8232172170743892,0.274803581169482
duration,B,200402,101,0.10684364252707658,0.8958753159769414,0.035631916132789744,0.8890060193060797,0.16157251019219568,0.44511745881831516,0.0313490652545866,0.06294784175266932,0.8151320853602566,0.2614663886563642
duration,B,200403,106,0.03372060216483417,0.8998480982074919,-0.021749754389500466,0.893082331368759,-0.052764692546036225,0.503147600947766,0.0313490652545866,0.06294784175266932,0.8151320853602566,0.2614663886563642
duration,B,200404,107,0.2088756092209917,0.8491530903141745,0.13330002547071845,0.8569175381553168,0.33237328317561077,-0.0580490313739177,0.0313490652545866,0.06294784175266932,0.8151320853602566,0.2614663886563642
duration,B,200405,108,0.20813932165062565,0.8761161432221379,0.11893261691769794,0.8591169563720146,0.08658911848485713,0.1193523648034576,0.04539485225309538,0.06114249455936141,0.8220595802969908,0.27957916763422075
duration,B,200406,106,0.17166162427089895,0.8787966576312588,0.08225810514648461,0.8748853801343974,0.21602694417012938,0.34589117880228587,0.06508109564627867,0.03032288722125005,0.8255277961072092,0.28508206593686286
duration,B,200407,110,0.22563499148164054,0.8745404339272711,0.12406284516376259,0.8722327541129092,0.0480174920541893,0.15484630106276379,0.06508109564627867,0.03032288722125005,0.8255277961072092,0.28508206593686286
duration,B,200408,108,0.17848466660950582,0.9162589969284594,0.08751321844008117,0.9016019396766938,0.1306410586184229,0.4901325661099844,0.0836956287488067,0.0035798120439676177,0.8397091940057984,0.25386413917926337
duration,B,200409,111,0.18451291906512743,0.9411984082154834,0.05231660231660231,0.9335907335907335,0.03495963495963496,0.3588978588978589,0.10300463266278882,0.0020839203180920505,0.8404960927503128,0.23982874275982866
duration,B,200410,108,0.16023721911023156,0.9564311300910673,0.015557270380214734,0.940745521798856,0.04072708565549173,0.536660418657906,0.10307219581667064,-0.003939558098679096,0.8108448952896957,0.2117438508807645
duration,B,200411,109,0.1943299578164661,0.9393096929342915,0.01543879158558058,0.9104687503839848,0.041006394217403395,0.38152429009556077,0.10964469230870288,-0.028287163956746426,0.8299189002039155,0.2121274797752375
duration,B,200412,116,0.16251905301043557,0.9459996617119971,-0.006742782454926383,0.9232859913619347,0.15513012724407027,0.1639266747038827,0.11979249257539619,-0.04189337298955403,0.8589733983316827,0.17864711052968868
duration,B,200501,115,0.19390080072001892,0.9550538745911566,0.008577290302217312,0.9172431887558067,0.15491201767537285,0.43077099102701794,0.12547013410305743,-0.04925173176620501,0.8021006092760085,0.16130329713331984
duration,B,200502,115,0.07600455301494073,0.9064223658428145,-0.09100449775112444,0.8651914802973519,-0.017912096583287303,0.5834383797028233,0.14125466634335299,-0.0593769463240452,0.7986428978082152,0.1706273517296199
duration,B,200503,111,0.14048850688318307,0.9222854761065113,-0.16109161109161108,0.8870144371974116,0.11387328887328886,0.16952989775220878,0.1544635636755403,-0.07336347578417975,0.803307863476715,0.1478255386802881
duration,B,200504,100,0.08432668564900134,0.8967647473614982,-0.21124512451245123,0.8438214450883698,0.04135613561356135,0.5318603772095587,0.14961202487933042,-0.10520005288197684,0.8117592956362912,0.12517086651399348
duration,B,200505,98,-0.05375267775280113,0.8696663957072512,-0.2978724760757161,0.8308782041311339,0.005043066898737001,0.4024903011525182,0.15822198855637493,-0.10158201033368133,0.7881271028432114,0.09490112881232474
duration,B,200506,104,-0.012295989267058747,0.9555768343427329,-0.28339912514669796,0.8855856480743101,-0.17860876987090582,0.4255863948977385,0.16251140259667737,-0.1186007960806209,0.7808794863705713,0.07766755777171128
duration,B,200507,105,-0.05082430754813759,0.9530269180329567,-0.357899647522289,0.8773555809576973,-0.19300228073812978,0.389768789574162,0.16543785490103435,-0.12117007421340352,0.7865176027599362,0.06175396641538165
duration,B,200508,104,-0.07054857182509845,0.9158055894889016,-0.4045663074789289,0.8292884596435656,-0.12927557879014193,0.4100885791345515,0.16534415646928768,-0.12805342827597133,0.775577112158293,0.08864267160849183
duration,B,200509,101,0.024508219400084828,0.9151237354797099,-0.31876528829353523,0.8477893063207359,0.1564472917880023,0.3683295525046266,0.16811213657410115,-0.1342511454445207,0.8013443178795694,0.0754952142782448
duration,B,200510,103,-0.04747313333734396,0.9220842337373953,-0.3788384659315556,0.827736180175367,-0.015749242191275315,0.48103392892565366,0.1775177347934828,-0.14680083781230804,0.8214024553736533,0.0780146751227673
duration,B,200511,101,-0.054228621017932056,0.8430208855082761,-0.39274315666860804,0.8234060769276338,0.024624344787419917,0.3411959300927413,0.1798339855281699,-0.15184459920644047,0.821723304554953,0.055526983371465215
duration,B,200512,116,0.0680740480197072,0.9013118566873287,-0.2383116134240572,0.8192281521920842,-0.02604851420443624,0.2087041429460043,0.1790148372915702,-0.14676740439557978,0.8105714651155614,0.03045902964795276
duration,B,200601,116,0.05127071568375133,0.9187340823267108,-0.28565717141429287,0.8127098722497336,0.03381386229961943,0.2480658597618978,0.18648295304424,-0.14782404948488298,0.857328320783693,0.0726910288218625
duration,B,200602,116,0.025625648714104488,0.9673526737907749,-0.318402337292892,0.8781121638105692,0.11952485295813632,0.2381899714988174,0.18665462688282575,-0.14342169002231814,0.8822306062392816,0.03700001821996397
duration,B,200603,118,0.06749361347034918,0.8953814296711461,-0.33345750294902843,0.8313630536960548,0.16393676114513603,-0.12428282916817315,0.18086811430722763,-0.1346491530606234,0.8794277799685546,0.03298379197262381
duration,B,200604,117,0.16759985838244124,0.890496974692318,-0.3348019601672436,0.7742899906538311,0.16827016739348707,-0.08303002261029759,0.18353141839370868,-0.12877172778705867,0.8648998327731698,0.030868283099577263
duration,B,200605,120,0.14585811093734358,0.8945995874738807,-0.3456490034030141,0.7343647724935933,0.0753802347385235,-0.010785489939404303,0.17364648146710496,-0.11429733874145115,0.9244272871766923,0.03274329983263097
duration,B,200606,128,0.2357296953990219,0.8795035765379113,-0.21968847280717815,0.765054277241269,0.0028268632118659586,-0.15231386372859557,0.16125366170656671,-0.11663739338985644,0.9264419572534949,0.05684820105176902
duration,B,200607,125,0.2936998270361849,0.8956764578517645,-0.09210445468509984,0.8027760539386802,0.23325960061443926,0.15638498547137275,0.14718385099360795,-0.11299447160948414,0.9219748243732602,0.07719302887611705
duration,B,200608,127,0.36103645399313133,0.883197192527044,-0.0031753843269591298,0.8169989015047868,0.06831763217097861,0.1993701940689623,0.1312588231933306,-0.11213493221428032,0.9269397178991138,0.06640718950149954
duration,B,200609,130,0.30132638889865304,0.9170313906130313,-0.02838492946783378,0.803924674650753,0.03840281855549031,0.1790301656447582,0.11715564599027563,-0.1112864145649053,0.9223727987647414,0.09615602463375125
duration,B,200610,141,0.34025752469520615,0.9286514683407654,0.06346162078856114,0.8859197739629264,0.24476647116743008,0.07076073462048889,0.10729786163411018,-0.08908899185161967,0.9214756220110516,0.08175209841336782
duration,B,200611,127,0.23106588219319685,0.9296868820908508,-0.06883905136857893,0.8398137529392722,-0.10986712598425197,0.17783987966466758,0.09663772958915645,-0.08624012658387098,0.9277489317764204,0.08571912154854122
duration,B,200612,127,0.13945075064138923,0.9196173692461094,-0.08348565804274465,0.8811876692690986,-0.05806500749906261,0.1818647848641282,0.08151603919989155,-0.09212538218022018,0.9340865704173191,0.1304198986456194
duration,B,200701,123,0.281670248605267,0.890611875071886,0.09037675252479653,0.8956607539635695,0.17611020108085798,-0.25624671501440766,0.07294938122988047,-0.07419666137986641,0.9297591996462587,0.1366401761810118
duration,B,200702,118,0.24734128029065108,0.8552802652972179,0.09115875815776116,0.8217847817833572,-0.09723576523177721,0.09452367475398236,0.06506987677614713,-0.05673362247363411,0.9281084192253196,0.15423097761107712
duration,B,200703,109,0.18502541481717855,0.9338649590792816,0.044935594476878886,0.9094556963490507,0.06468353257344084,0.2474920882282696,0.062645511079381,-0.04084250474461761,0.9328172933018651,0.16327348541870235
duration,B,200704,118,0.23919990359162197,0.9106407222429036,0.12027288099072746,0.8930165292333985,-0.0587797048415194,0.13658342402708884,0.062318411692174634,-0.03689233246244113,0.9290546860876574,0.16862600217450385
duration,B,200705,113,0.1356644112872309,0.8959947433943544,0.0035681016701044656,0.8661825985278518,0.05430334686273206,0.26962680174931,0.06225789810677293,-0.028641634913809912,0.9054066571607936,0.1930393016713012
duration,B,200706,105,0.3340572986635105,0.8419964077977268,0.16973875181422352,0.8481760338680489,0.3117458013684428,-0.10058185494643716,0.06989026892397981,-0.00513816750147455,0.9148560250917191,0.1983713225197402
duration,B,200707,101,0.2374846752621463,0.7434776657952239,0.11206755969714619,0.7023686800857625,-0.0702853814793244,0.09818344894429157,0.08138979321078832,0.01322346362669905,0.9052621888535652,0.22492771562228428
duration,B,200708,95,0.10112052856160715,0.8105138281876495,-0.030529115341545354,0.7756676080240944,-0.0926791713325868,0.3122631308219387,0.09978854827252105,0.025957291008649765,0.9114078194926392,0.2265904342898044
duration,B,200709,91,0.040436536218413435,0.8617319047516713,-0.1019429845516802,0.8442653628660963,0.018967988533205925,0.35399230764227646,0.11549352946652323,0.03300917380766719,0.904981313837377,0.18441178317237844
duration,B,200710,79,0.11750243427458616,0.8992995332416609,-0.05567185978578384,0.8842191104053128,-0.07777507302823759,-0.05429682507905489,0.12656237518597832,0.045611405968649196,0.9057576823923571,0.20207993052617268
duration,B,200711,77,0.0546032914453967,0.837898943162101,-0.17216993532783004,0.7648404227351595,-0.07831642042168357,0.12931805037068195,0.1426673508767665,0.04285957951243098,0.8992954363992455,0.2112159314641317
duration,B,200712,73,0.10449994601925305,0.8596485816242805,-0.1329137356534617,0.8295384425521414,0.1879859311366161,0.07916820930519561,0.15180693380458868,0.05483240176499503,0.9074142473472817,0.19507131624416554
duration,B,200801,72,0.2111389799987138,0.9278880940181606,-0.020998134928291213,0.9182249378146445,0.19126631937745198,0.22257416193889096,0.15122850648014938,0.04853299675910815,0.9129119290427427,0.20720687355585912
duration,B,200802,72,0.20125250219717625,0.89017694209049,0.016882114605440868,0.8386391407807577,-0.023409865586211335,0.3410508714386778,0.1481309862038572,0.0317301106066895,0.8934137514883081,0.20864904618141444
duration,B,200803,50,-0.05671068427370948,0.8550780312124849,-0.23447779111644657,0.8676590636254502,0.2003841536614646,0.25214885954381755,0.15085327348294472,0.02704899244318863,0.8905862059926754,0.20549712805810502
duration,B,200804,52,0.059251670201966686,0.8305905959075403,-0.17075044821992658,0.8184068983181081,0.2212925808930248,-0.051993511482967644,0.15332536979878172,0.024419981818123652,0.9103428813266028,0.20753979512837864
duration,B,200805,55,0.16403614786485018,0.7466358815253075,-0.05245310245310246,0.7762044771190051,0.2431457431457432,-0.026984613723973594,0.15588095788608589,0.016989424797056285,0.9170823362260816,0.22196165371720386
duration,B,200806,40,0.03977485928705442,0.5446784564367224,-0.22851782363977488,0.544959895528922,0.17429643527204505,-0.31765092206247714,0.15566140731282105,0.0061075645702925955,0.9156421412204795,0.20745073729027697
duration,B,200807,37,0.23436666510259285,0.823069173397725,-0.11877667140825035,0.8435277382645804,0.31175912754860124,-0.0476529160739687,0.15776958398471383,-0.0006432040171308584,0.9244881378135884,0.20302849448857527
duration,B,200808,38,0.35857314804683227,0.8966460592290505,0.15308020571178466,0.8864693343683839,0.4270707954918481,0.2353777975838037,0.1551709226105967,-0.005523915196988092,0.9240067968945683,0.20790367758857256
duration,B,200809,38,-0.04519093992778203,0.5957982273771747,-0.22245322245322244,0.5167961483750958,-0.43779406937301674,-0.08764635080424554,0.1472700159286141,-0.011178148692952052,0.931041980501869,0.21378859643556808
duration,B,200810,35,0.14229691876750702,0.6857142857142857,-0.0969187675070028,0.7061624649859944,0.157703081232493,-0.032492997198879554,0.1357332203596166,-0.024881716120863016,0.959469440102302,0.19564860570227932
duration,B,200811,35,0.017789606561975806,0.6323014489823526,-0.07759103641456583,0.6263305322128853,-0.10504201680672269,0.0008403361344537815,0.12253018733655154,-0.03125527710973262,0.9559421534577691,0.1336748867127684
duration,B,200812,32,-0.01686526151161384,0.8050233785770662,-0.12316715542521992,0.8243057499563807,0.02346041055718475,0.11841261162370957,0.11728569977846719,-0.037322132968061195,0.9492822852469527,0.11547540516687696
duration,B,200901,32,0.1224340175953079,0.7844179783499524,-0.003665689149560117,0.7851512505895878,0.10373900293255131,-0.6777268674830039,0.11832993821295042,-0.03736823797257464,0.9552009399792603,0.12497214606871755
duration,B,200902,33,0.23195187165775402,0.7780748663101605,0.0006684491978609625,0.7927807486631017,0.01838235294117647,-0.38870320855614976,0.12359685291668296,-0.03233125656284226,0.9862352607757375,0.10473936957336322
duration,B,200903,33,0.12399732620320857,0.8830213903743317,-0.02540106951871658,0.8566176470588237,-0.13903743315508021,-0.12566844919786097,0.12352528628095483,-0.028665375713668693,1.0132078728531462,0.10834978156569477
duration,B,200904,34,0.34789915966386553,0.8224598930481282,0.16485867074102367,0.8661573720397249,0.27303284950343776,-0.40229182582123757,0.1164186872915467,-0.022658998219767287,0.9805925457102453,0.12313696712133132
duration,B,200905,33,0.48562834224598933,0.8014705882352942,0.286096256684492,0.8104946524064172,0.3643048128342246,-0.33288770053475936,0.11480796239733769,-0.00713664719144823,0.9737473576833207,0.1531431545658615
duration,B,200906,34,0.5453017570664629,0.9101604278074866,0.3903743315508021,0.8915202444614209,0.05576776165011458,-0.21558441558441557,0.12216041975131746,0.0009519923953020216,0.9973758329179555,0.17189672247832563
duration,B,200907,35,0.5106442577030812,0.8030812324929973,0.3212885154061625,0.781792717086835,0.00784313725490196,-0.23529411764705888,0.1079652253716472,-0.012388773049404434,0.9887580102765127,0.1634194614311879
duration,B,200908,38,0.43319838056680154,0.8474669000984789,0.20625889046941678,0.7660575555312397,-0.25899989057883793,-0.12287996498522814,0.0998950555181873,-0.022421484685086326,0.9854760781627395,0.17521501060654854
duration,B,200909,39,0.3734817813765182,0.9190283400809717,0.1876518218623482,0.8904858299595143,0.17753036437246963,-0.041700404858299595,0.10882100531798629,-0.03991263406022765,0.9796684870581015,0.17834465638254768
duration,B,200910,39,0.2868421052631579,0.9279352226720649,0.1396761133603239,0.9004048582995952,0.022469635627530363,0.26376518218623485,0.10726883311629223,-0.043690356093480945,0.9181864840016136,0.16161192131427723
duration,B,200911,42,0.33344137428085246,0.9542986791994167,0.14058828295924158,0.9358236771736489,0.11498257839721256,0.4118791021797262,0.10900754145749968,-0.03780309351965843,0.9109797576622372,0.2166083781051483
duration,B,200912,50,0.389483793517407,0.9123169267707082,0.20451380552220885,0.9085714285714285,0.32869147659063624,-0.1262424969987995,0.11061936391537947,-0.03655012107156209,0.9004249326993952,0.23932431172679214
duration,B,201001,55,0.26551226551226553,0.9244588744588748,0.14062049062049062,0.9061327561327563,-0.11349206349206352,-0.034992784992785,0.10402488331026302,-0.047372279317037115,0.905767813080111,0.230915845852198
duration,B,201002,58,0.38291523759854706,0.8640949920019688,0.2696176443446431,0.8645738807796244,0.34805746101079704,0.40060291928389125,0.09203783115698662,-0.06501792127184422,0.8595640752399507,0.19501767017072114
duration,B,201003,59,0.41104617182933967,0.9363666916062608,0.33156049094097023,0.9321001184530708,0.3510227936879019,0.32650973863419114,0.09405584872667196,-0.04406312238958665,0.7963724536749219,0.2529931850626411
duration,B,201004,66,0.434965034965035,0.8763803360818287,0.3380649201544724,0.8588038826844798,0.18146331280659642,-0.20100198309153536,0.11671360034776741,-0.03152324220283671,0.815220460361552,0.26871444172999387
duration,B,201005,66,0.33546259192345956,0.9236806949240347,0.22504957728838326,0.8985074626865672,0.18196430435236408,0.5276484709320531,0.1296011033458294,-0.052012702970669705,0.8015473831798088,0.23107736836125836
duration,B,201006,67,0.3177092687452819,0.9249418831337651,0.20568281586718815,0.916901956526164,0.4148375768217736,0.4833434765931813,0.13015027330558207,-0.0642241907673769,0.727521137391909,0.15881607185135715
duration,B,201007,69,0.3192546583850932,0.8956502677831363,0.17252466203872854,0.8749885823269035,0.2152721958348557,0.5221688376618064,0.16845598242704563,-0.06081676060764284,0.7400841126171379,0.14899873507727224
duration,B,201008,81,0.24540840239070827,0.9563616859255276,0.04767389340560072,0.9212954076401222,0.1812556458897922,0.6109825088748695,0.19645669867043783,-0.06536869391560177,0.7504386696139186,0.16263953344295878
duration,B,201009,91,0.15015368935953272,0.9487720583550996,-0.06919891702500398,0.9071015624906179,0.1550565376652333,0.5734842090902348,0.18346727335203855,-0.045152288519061105,0.7359109107639857,0.096182718378561
duration,B,201010,104,0.10404914128155351,0.9005881333390489,-0.14924783953910167,0.8415858486113099,0.07051104235570255,0.36482838824639324,0.22188630999216372,-0.043266396032558795,0.7709647792458089,0.1431238645121969
duration,B,201011,106,0.03703078593540465,0.9137054558944683,-0.2006851903166486,0.8867795722112228,0.08564375141698365,0.22907582204224647,0.23316789813058422,-0.005532797630220314,0.7935240345179108,0.10692274313820872
duration,B,201012,109,0.008150348208539942,0.9085247755052868,-0.22861643962561398,0.8870720372258936,0.23509405986470208,0.13930654854448746,0.25076737409692074,0.030532117969401563,0.801604653180368,0.08833885786248914
duration,B,201101,109,0.025090469328734395,0.8970150775190205,-0.2730608840700584,0.8668050542445669,0.21542952460383658,0.3720664075028704,0.2777634268990043,0.05545716426614378,0.7792954405798427,0.11069395124505439
duration,B,201102,106,-0.020762274227271584,0.9105899956952481,-0.3898682520089679,0.8507868372620321,0.16428949290878406,0.29262234582642116,0.2867073094423122,0.05716475043821072,0.815720573744404,0.10123750119013843
duration,B,201103,107,-0.16652665764999885,0.8516385955324602,-0.4693175806736026,0.7687552655812221,-0.08342639942005134,0.2524050236093967,0.31571890275604003,0.07512134245536416,0.8762617724290914,0.01638058285951762
duration,B,201104,107,-0.028174740209768866,0.8891101281881725,-0.40948098512901904,0.8357836834583887,-0.04411332510433198,0.3334435439916213,0.338138284768731,0.07618828520117267,0.8476168870041739,-0.040418841147216736
duration,B,201105,104,-0.0857891971335526,0.937988776165871,-0.43466339485756966,0.8495266952690772,-0.008087058572495467,0.44299404936377146,0.3363925650216229,0.03840868912689996,0.836715484937733,-0.01701613248364167
duration,B,201106,107,-0.07898977728341545,0.9500055106576797,-0.42734967377887495,0.8884453272164796,0.009953173063735573,0.5080930957055337,0.32821090251871177,0.006070294083314496,0.8462935959797944,-0.002379534397770438
duration,B,201107,106,-0.046583099897812154,0.9599231161152588,-0.41616746857445147,0.8421569715092222,-0.15456583620928535,0.20450217150490468,0.3359870088965187,-0.032138045819615144,0.8719937910005348,0.019726081468827997
duration,B,201108,110,0.036837086845182616,0.8589152598939381,-0.3112729076031829,0.8024876698576686,0.03688208642337083,0.2717952879467151,0.3301565843284265,-0.061839177500064194,0.8790146549729729,0.03956615656789192
duration,B,201109,116,0.08284767499322249,0.9013118567006488,-0.25045938569176945,0.8507685595075102,0.08616461000269098,0.32228947505052247,0.33430978271729905,-0.10778327207911771,0.9052278372817362,0.0909219786890589
duration,B,201110,119,-0.0200934346496667,0.8235799961200294,-0.3679390400227888,0.7445017136539258,-0.06922803019512891,-0.3398548983087434,0.3086815719697443,-0.1304641125179026,0.9216965625771067,0.08131027966494894
duration,B,201111,126,0.019167661545377714,0.8516522083476639,-0.2949801274840645,0.8180836480606046,0.08641019872515937,-0.029399501459855405,0.2845878538551724,-0.13252730159844878,0.9203928258328237,0.07628772689393404
duration,B,201112,124,-0.07177059844579631,0.9222133927107619,-0.32018253343823755,0.8672788899457265,-0.12737057435090476,0.13429153199604502,0.2594907961272037,-0.13039442349264543,0.9075344431872168,0.07531015738373734
duration,B,201201,125,-0.048408750871966916,0.9228689577201704,-0.292184331797235,0.8924850767632801,0.11474654377880182,-0.021459359322249724,0.24034649065566271,-0.14285815616477698,0.9119570340629182,0.06507137123596059
duration,B,201202,127,-0.0948046945373488,0.9471738515921571,-0.3119844394450693,0.9087894544162023,-0.14290401199850017,0.07205272793879319,0.22970196010538718,-0.15372327259226418,0.9231040892744935,0.05820446908977175
duration,B,201203,133,-0.09754032299201192,0.9369866367758366,-0.27031962538639676,0.9085666701105496,0.06575631752379592,0.16850492305861817,0.2000836735198925,-0.15011428055229395,0.9099598772419654,0.03872147568540075
duration,B,201204,135,-0.1288635091591486,0.9288566805374334,-0.2754901960784314,0.9196858843039705,-0.012125646278411863,0.21240366793483564,0.173532381352566,-0.1476887688501058,0.927800604887362,0.07537026581773178
duration,B,201205,132,-0.09528679436272844,0.921178853894759,-0.25670873923184084,0.9211449383002378,0.06770047951245219,0.011771320190695773,0.1565012696918086,-0.13655766321155316,0.9503512377216021,0.080386007441899
duration,B,201206,136,-0.11203704035079716,0.959533035881229,-0.25175325604694426,0.9377367492008969,-0.07134201612518486,0.16676208196173845,0.1392778548014619,-0.132604778539762,0.9444262869721113,0.09843601594496544
duration,B,201207,141,-0.09979889956649789,0.9580909203794387,-0.20486322188449843,0.9464069943335985,0.02949612569031208,0.039269786602111535,0.11865954392890993,-0.12731849396816572,0.9516117867981202,0.09143291189935236
duration,B,201208,136,-0.10326094086756649,0.9489002168317755,-0.2093888650350651,0.9457122104298153,-0.0910309622632508,-0.18450954690813526,0.11285590985757936,-0.13013132631675395,0.95219363057373,0.08823113218085205
duration,B,201209,155,-0.008286907797543135,0.9653779470731946,-0.10729592987657505,0.961063841960467,0.20349650349650347,-0.006740050449692069,0.11552232533484867,-0.1174362751112685,0.9604564773052049,0.0760988990164822
duration,B,201210,162,-0.02382862695375312,0.9622189887343984,-0.13447395495941775,0.9521726152522331,0.05409696554001702,0.016664820194907684,0.12526304703792218,-0.10662289284179716,0.9654802933360698,0.08805188353087559
duration,B,201211,164,-0.04284279164420321,0.9331857853334857,-0.14970957517717953,0.9175865171890413,-0.03522370193027083,0.39422359492334097,0.1195643737677818,-0.11551518409841238,0.9188091106236987,0.06848297354147781
duration,B,201212,167,-0.055729368970355506,0.975684571929169,-0.163093778020551,0.9673383229272744,0.15814670143362158,0.26331218585565785,0.12884623533652587,-0.11168821451124925,0.898594453200102,0.07844419735197089
duration,B,201301,166,-0.05021554961061253,0.96314174667199,-0.14934643309219459,0.960146493527824,0.2103311449390376,0.16911423753651056,0.1289380838639237,-0.10320150544474246,0.8961187809524256,0.10238512764671094
duration,B,201302,162,-0.08767224206314249,0.9727171433271519,-0.19056792569729353,0.9636375183480298,0.08735592277870219,0.3613554250878613,0.13344816409821256,-0.08682184273164684,0.8871728452075901,0.12226942613127394
duration,B,201303,158,-0.07571521149823626,0.9686448677394751,-0.19226480507606958,0.9577741183475341,0.014474586945641573,0.31562886252996303,0.14099937594756345,-0.08800750675600084,0.8930680583940642,0.1289774148987638
duration,B,201304,167,-0.1460139510593256,0.9622931864681316,-0.2567300854401352,0.9418666220062826,-0.17652560627454214,0.438576940667576,0.1530072554478333,-0.09143299358211475,0.9047583113000763,0.14414308585108637
duration,B,201305,158,-0.0900927351398888,0.973150671594789,-0.1982493584175466,0.9590503783024267,0.09669754274300649,0.21888883733718398,0.15624654294477386,-0.09525704211190132,0.9045051147173139,0.12772875330567302
duration,B,201306,158,-0.016587650688901463,0.9551375325455507,-0.1553778072560047,0.9440485825130716,0.10235959346414972,-0.06718277463118906,0.16054157805333616,-0.09165445180612669,0.9066483162161801,0.1047404482525537
duration,B,201307,166,0.01911711561634886,0.9494648458962133,-0.11158187458598684,0.9508376707946101,0.24422611513009035,0.34842697336933165,0.16600311196918235,-0.0969214130242731,0.9109959484778535,0.11134369755234254
duration,B,201308,166,0.11434481709325214,0.9498360662207237,-0.03703392776331237,0.9562466755926367,0.3693226908723627,0.008190426094996726,0.15785813072352492,-0.10461406061577846,0.9128503318190572,0.10787685638330763
duration,B,201309,180,0.23537914828521547,0.9355290571167492,0.13048550881200036,0.9213532969784629,0.2128954597364116,0.25133157813090734,0.1412845749192005,-0.11798646491013255,0.9097985248083634,0.1075270201477579
duration,B,201310,171,0.07329558954490965,0.9553301429435426,-0.03753089975280198,0.9166832665763472,-0.20589915280677756,0.41070130007390243,0.13627256732806584,-0.1308313157772105,0.9104720313344401,0.1109440389141467
duration,B,201311,175,0.08119830362062443,0.9691774687270291,-0.03300492610837438,0.9525144480866873,0.24471115091804746,0.3375791257937836,0.14713677069362435,-0.13769852464677307,0.9340412082933255,0.11742269419850453
duration,B,201312,174,0.08276554886596543,0.9543219016650811,-0.02119992027107833,0.9342404248073258,0.01793786839033002,0.17851842487010008,0.14458188638683006,-0.14002748122623135,0.9617380059995997,0.11292046419658777
duration,B,201401,178,0.05713653444401872,0.965736555024422,-0.06461232710130232,0.9310128009810276,-0.2159365228650249,0.21869653845838866,0.14931838971960656,-0.1512716291991548,0.958281390220744,0.11827904388688619
duration,B,201402,176,-0.008178547903308157,0.9741127215381761,-0.12562307464569078,0.9337499470405637,-0.3691166290079562,0.24543484972317658,0.1518500310529688,-0.15742007433852312,0.9592273694443151,0.10876490251085519
duration,B,201403,170,0.019518724578000676,0.9818423524182288,-0.11985889183561924,0.9477553792067055,0.008818954952007891,0.2557223846563704,0.15180429719778551,-0.1746764490322549,0.9632079711117558,0.09819656142897298
duration,B,201404,173,0.02581112440576489,0.9872346441711592,-0.09535022783002907,0.9459221738214744,0.020759649748992963,0.3510568150347174,0.1494621984439089,-0.17894801746387703,0.9590526458109863,0.10023354949615342
duration,B,201405,169,0.004229034146781333,0.969106984694461,-0.09587041917358662,0.9456446950280507,-0.28642285316493465,0.3798152375856342,0.14585791128709114,-0.18328912485313917,0.9639104134191183,0.09968426666978772
duration,B,201406,167,0.010798568436059933,0.9654328351689313,-0.11744669009657108,0.9360158358086776,-0.2167489461696229,0.26682409717410044,0.14578209727974809,-0.19982807367206817,0.9624403521343042,0.09248452921860255
duration,B,201407,185,0.0015541517648179327,0.9289429094534304,-0.1464936886395512,0.9051806322381452,-0.05478564118115311,-0.1850909463081796,0.1526591878233701,-0.20607282259762794,0.9599244428564152,0.09628957993274409
duration,B,201408,188,-0.049484878667735724,0.9600887478622595,-0.24174157090302267,0.9119252816491485,-0.13543805658949587,0.16222869176087398,0.16493302450429873,-0.21428594180253163,0.9639865728870227,0.07744204504614842
duration,B,201409,194,0.07119955722188463,0.9639961655305217,-0.1750062661018272,0.9068076853617631,0.1544682442177234,-0.20431520470892198,0.1807840600221823,-0.21967858982099386,0.9648671897634538,0.07611259943769792
duration,B,201410,191,0.04519069060923344,0.9649049838313539,-0.22390561445373328,0.8798524726924558,-0.09338492585119262,0.48734388408150037,0.20841443283647038,-0.23031853726733426,0.9662494391357828,0.06908607684506173
duration,B,201411,187,0.07773855156681134,0.9773304509355896,-0.25201956991694163,0.8827433130964272,0.10221537919466783,0.14315004420393393,0.21493520375584488,-0.23660008945292732,0.9681365310943869,0.0450471731911864
duration,B,201412,185,0.07665099089089139,0.9777636998054113,-0.273302755771199,0.859563709182718,-0.04847238542890717,0.40650413438348604,0.2275087378563881,-0.2533869751739589,0.9615282649079654,0.03139287385102214
duration,B,201501,174,0.06496198638913409,0.9745009388110788,-0.29968620974401317,0.8530872514957377,-0.07264557646857825,-0.023543990792467162,0.23693669207448767,-0.2652284759223449,0.9667086187575867,0.012809601506517204
duration,B,201502,180,0.056079949010753125,0.9656023157106515,-0.31552414169161597,0.8509563052357583,0.05143574390156075,-0.1193329012212311,0.2413076723139597,-0.27276064225491303,0.973290891217475,0.01072293668606931
duration,B,201503,176,0.06650132044030707,0.9735064351897491,-0.35349768875192605,0.8306343994247347,-0.0007946290997138455,-0.14628337347755543,0.24332001580622625,-0.2749498263163534,0.972622494224995,0.02812629688042166
duration,B,201504,164,0.017105852922347828,0.9586486135381637,-0.32641845659951296,0.8483284543675496,0.13104348890672396,-0.004616883046234887,0.2456829414402597,-0.2776502753054355,0.9865741204292314,0.026297222963219086
duration,B,201505,157,0.10802957735021583,0.9126104153659852,-0.3064612159589181,0.8089708723451728,0.09914784884550265,-0.10954424656694849,0.2574905365346235,-0.27795773901769477,0.989175829534586,0.040348109713125045
duration,B,201506,149,0.12463506546049363,0.9672108101934979,-0.294438599673499,0.8565600756162136,0.18633411935425356,-0.0463543244392376,0.26819130816153164,-0.28319825623363387,0.9947863651329218,0.05722027531383908
duration,B,201507,150,0.09936468118088895,0.9580902837672549,-0.31683719276412287,0.8082350692780365,-0.04830970265345127,0.2710639186831463,0.2770796442316139,-0.2885638364866444,0.9975845240433143,0.0754576088315426
duration,B,201508,151,0.07555078036843262,0.9616807990962151,-0.3663541303590101,0.8040324225045716,-0.03800975949808295,0.18623594673424368,0.27852703309007454,-0.287366667562494,0.9891278346083161,0.06082665623876539
duration,B,201509,157,0.06199817196423646,0.9167134400293829,-0.3367113415488809,0.7900064423051716,-0.060459938352383724,-0.010084416676812516,0.2692792811522752,-0.2878458007715668,0.9916286134852791,0.06742823107497764
duration,B,201510,154,0.05403615991851287,0.8918428050072794,-0.31293197630958547,0.794422717227374,0.00361927762307269,-0.09619613477312561,0.24829244710875703,-0.2904529277373914,0.988100434517093,0.0471611834784954
duration,B,201511,148,0.06612027623083366,0.9633944320758054,-0.33839866438140653,0.8415322595571878,0.14169847151630469,0.3109866475158901,0.24705693050369035,-0.28833917065669784,0.9962017971657333,0.06393173811968955
duration,B,201512,150,0.020950301702867373,0.9409180529554307,-0.3103160140450687,0.8511095623988959,-0.023985066002933465,0.21721003993107782,0.2437620291701467,-0.28202796507482925,0.9968389211856119,0.05496262183772023
duration,B,201601,147,-0.0029599826216771897,0.9370024971949059,-0.3205313224882696,0.8450759829631904,-0.13841434389379595,0.1712558675472223,0.24355580475508523,-0.26716378854883865,1.016406931447753,0.056342282473192465
duration,B,201602,160,0.13273955796540282,0.9636534231638479,-0.1062639165592406,0.8980925496501926,-0.07275577170983243,0.14873161363489185,0.24266420886103846,-0.2579195203447988,1.0091509776004863,0.08958634665044432
duration,B,201603,161,0.15234146134756196,0.9605011545428135,-0.1572003680699333,0.8726293730983343,0.09929836668967106,-0.7507848472588732,0.24830637808237152,-0.24013942795491458,0.9902215570340512,0.0855957730563413
duration,B,201604,160,0.14482053445665827,0.9477758595581705,-0.209064807219032,0.8391698949697672,-0.12582327434665416,-0.5254289801449445,0.2519524123918777,-0.22291742479331286,0.9783849034683124,0.0980884499563047
duration,B,201605,160,0.17723836868627682,0.9593569656583695,-0.21757295206844016,0.8363416361681596,0.33083616547521383,0.12250993754410554,0.2520477961623438,-0.21551934106975812,0.973711639564252,0.10500854218248067
duration,B,201606,160,0.14565217391304347,0.9853714988866754,-0.1845980311730927,0.8725682643853274,0.03621821164889254,0.12041778975741241,0.2550387873582854,-0.19945999343755608,0.9680001621323677,0.10113018286501922
duration,B,201607,166,0.19267283134031687,0.9643177812948674,-0.13913596683959575,0.8682949544503547,0.010468876048560056,0.05528002046290771,0.2539263745365185,-0.18913684619366508,0.9664676257517137,0.08647061609495567
duration,B,201608,161,0.24510256399424574,0.9525798453441147,-0.12321141016793191,0.8699511659991652,0.11169484702093399,-0.44209831643840247,0.25695522574225715,-0.1721459648577377,0.979828990652296,0.09122806335284726
duration,B,201609,152,0.18401932081564887,0.9649770278200047,-0.2492943500160608,0.7533264362798286,-0.07614185444132342,0.0035709800631996266,0.2655445881385496,-0.15219801174258663,0.9837168282172183,0.08414752340836636
duration,B,201610,147,0.22793253034150496,0.9672700621346604,-0.21386259057491933,0.7998405728801791,-0.04217636702959599,-0.26617717755451803,0.26725264572212865,-0.13811911381839093,0.9900223461914845,0.0904250279377668
duration,B,201611,147,0.28345375381382093,0.9401162653456515,-0.042278370067019774,0.8490829600382555,0.12349923308827418,-0.08324809428240319,0.2611793000333404,-0.12726317069659493,0.9647418675070655,0.1155190863637409
duration,B,201612,149,0.2750397470708904,0.9518780694637939,-0.02614184654453111,0.8698764191496611,0.06427716306910938,-0.13130986996188837,0.2586619766610887,-0.11311427095206861,0.976523842060775,0.13124173720796267
duration,B,201701,166,0.3293692956293481,0.9479853479855518,0.00789527188776882,0.875888941286808,0.02659259793665681,-0.10268333522460582,0.24660801183748532,-0.11388526604720003,0.9638660423488269,0.14054035976340332
duration,B,201702,151,0.2191502933101263,0.9445910796088376,-0.06111188567445102,0.8594291211480443,-0.19934820494945973,-0.10026498803157172,0.23554571738068783,-0.10530951546022317,0.9808845397860051,0.10960688232674529
duration,B,201703,153,0.28748820994129237,0.9806005868690597,-0.03338560304504577,0.9086056768093824,0.08783657003471244,-0.04767780332648944,0.24423270377809517,-0.07614596662708165,0.9775839754801328,0.11011258037793285
duration,B,201704,154,0.31608026496549874,0.9731690547549066,0.0506518149781907,0.9228325112102581,0.37187543639156545,0.3717619612883706,0.26002570105330614,-0.04274134229621191,0.9339918426440238,0.0836874212127829
duration,B,201705,159,0.3347780364336292,0.9862453212525185,0.06217160257941247,0.9181498061716197,0.2339861475997134,0.49247894148451915,0.2613394476878803,-0.03395106024587464,0.9141636812088535,0.07701124798829849
duration,B,201706,161,0.3263735426354056,0.9718022911000438,0.06413331032896251,0.9060348502613023,0.10876466528640444,0.47256255584972123,0.2617559359184866,-0.02686362251459775,0.9209464701936306,0.07812777281446118
duration,B,201707,161,0.29200310559006215,0.9806417941144742,0.03681274442144008,0.9277949272423429,0.011873130894870026,0.17872552726831115,0.2593927487528739,-0.023701351350581185,0.923290249686609,0.0908359620261998
duration,B,201708,162,0.2773074968953874,0.9738949418548707,0.03654590077636223,0.9285566098049427,0.18833805416894242,0.547824393383209,0.25911356034527305,-0.021711196273841132,0.9189070087484188,0.09833670672619552
duration,B,201709,162,0.2894703973349586,0.9747331905080461,0.024498949278890594,0.9248030687634112,0.056499017021823104,0.07429721851180876,0.2601893350683407,-0.0310385847721791,0.9078316605963881,0.09492480504764791
duration,B,201710,163,0.3224239502108722,0.9585175178836446,0.03743883042102405,0.8707324085157614,0.10073652883768103,0.23248229161304773,0.2533660475410778,-0.03189321566450673,0.9061815955149912,0.10232487049140983
duration,B,201711,178,0.3468783280439267,0.9833625731305239,0.06854666682270683,0.9168511664178891,0.12455728039032737,0.35665991792997137,0.2500680365484843,-0.04109531101329732,0.9130430975421159,0.10114187877672062
duration,B,201712,176,0.35469092818128206,0.9641750848422576,0.017677745982830728,0.8813097072419107,0.037068016729033676,0.11205150781421969,0.25783665403676603,-0.04172519693409258,0.9011909880314527,0.10382225239019917
duration,B,201801,166,0.37413581530698886,0.9677379579822317,-0.05454020764604417,0.8361385680810398,0.05986318709787435,0.0055748342798539454,0.26674272462431564,-0.05157881081135916,0.8936382934722887,0.10345808716074457
duration,B,201802,168,0.38584791532741797,0.9426085746223205,-0.04546696969543585,0.8155206013467503,0.33222397133037396,0.442284622398863,0.2758982481228057,-0.057628327495090566,0.8849177385960233,0.10847413574801912
duration,B,201803,163,0.36610216927198214,0.9451543963563689,-0.033157652639921084,0.8020882186479904,0.2746908961932156,0.5262721099087043,0.2710173626258413,-0.06618478136494443,0.8810657959877446,0.11383994161011242
duration,B,201804,156,0.4216117968737652,0.9454298895712676,-0.0005215659622892003,0.8075386947248074,0.07730555862875566,-0.049665802130267236,0.26530117190903474,-0.07530001525741192,0.9158135914189548,0.166430348715106
duration,B,201805,159,0.43997805700261955,0.9494154130985214,-0.024931335084786246,0.7848160974444711,0.302409242894674,0.1173244566515405,0.2694628898256769,-0.08586876360643737,0.942979800308621,0.16903277496745503
duration,B,201806,155,0.40841548263394906,0.9801962728939214,-0.07023943798137346,0.7798346002230467,0.17144468434791016,0.27309896997969785,0.2727239443987831,-0.08974480060510948,0.9421454526918279,0.16207259568966464
duration,B,201807,142,0.46648455910191466,0.9813941450858805,-0.03688460176323527,0.7872121947557454,0.3336756141670736,0.3513387777200911,0.27709379597051065,-0.09301347444254819,0.9460121129422231,0.16500508409956016
duration,B,201808,140,0.48946773407156907,0.955123292045219,0.03792175985655246,0.7927169673934539,0.201954910235945,0.16574114467345485,0.27850301801665645,-0.09585787605730771,0.9411744031584095,0.16122249914423623
duration,B,201809,140,0.47591068174147383,0.987460297502818,-0.015228182195884631,0.7649095032042588,-0.09335899061905492,-0.11172533232480043,0.28042016111342244,-0.0979063493059303,0.9653366271493118,0.16973871984987204
duration,B,201810,125,0.5230607113073932,0.9622270524453357,-0.005658986175115207,0.6694603346383492,0.1628079877112135,0.2712090396919994,0.28581306601287343,-0.10682186527177497,0.9628692726878861,0.17642843552384488
duration,B,201811,123,0.5920982837496405,0.9522091306051658,0.1696289226244986,0.7996394984589118,0.25632972617404653,0.22876047768096325,0.2980567608282459,-0.11080669064815306,0.9665018910017283,0.170956547221362
duration,B,201812,122,0.42883082937268674,0.9315277626373067,0.045803166336771076,0.7623368619762905,-0.07600596125186289,0.350469814408202,0.30087779165000017,-0.10617385380874066,0.96917908812573,0.1674895447027499
duration,B,201901,123,0.563161832041377,0.8753835165679249,0.18762172550334708,0.8143304199789061,0.06970115179734557,-0.3972836627993691,0.3023434624688648,-0.09629438662014192,0.9684729227974275,0.16511158556942004
duration,B,201902,119,0.5560526779705327,0.9824365249206769,0.16934197407776672,0.8587879219484404,0.16595214356929217,0.14722261786070362,0.29978721313538503,-0.0911196623431535,0.9568111863199081,0.15842564436132173
duration,B,201903,112,0.5937916424642089,0.9806351036884454,0.21964157583626612,0.8591709911027177,0.20833190965934328,0.13177440365721232,0.30302999758229543,-0.07876586092379202,0.964202475385527,0.16558920935614038
duration,B,201904,108,0.5581468461516476,0.9734773786047043,0.14768451036992578,0.811274019453733,-0.24752541274876863,-0.30555317385464,0.3044488947751202,-0.070827577435407,0.9678632308249604,0.16185343519511797
duration,B,201905,108,0.5679621593620475,0.9695617173208082,0.18907847228176472,0.8538874122343212,0.30918288604990135,0.3616660474244286,0.30520420576211355,-0.0588227517391006,0.9576913548118422,0.17228287469562203
duration,B,201906,110,0.505416676058878,0.9635775920463634,0.18496945652908955,0.8510103059406453,-0.004684083583166152,-0.05766993967977673,0.3041176212876057,-0.05282993953122354,0.9560440625926995,0.17119506739605256
duration,B,201907,107,0.4684626876694047,0.977835413868412,0.125511863476949,0.8461785256851669,-0.14243029839926333,0.024113971947925795,0.30097688428534497,-0.046097337008297094,0.9522776865860659,0.17062077411281779
duration,B,201908,102,0.514201220236244,0.9572548565069173,0.22300693804389007,0.8911764456455021,0.30380942149040724,0.39751654646314805,0.3016280128975453,-0.04155381001630232,0.9626730617851066,0.17941680904267515
duration,B,201909,98,0.5191936193408947,0.9343317458192273,0.17785895989136044,0.8394761841006316,-0.08950646800425886,-0.3994096232682388,0.3019847896155887,-0.03483659598414268,0.9540884632395044,0.186348566707404
duration,B,201910,93,0.49421269961214737,0.9751610484723942,0.14881680642177192,0.8326668855002833,0.12424278595088178,0.4682343111217211,0.30221493240994274,-0.025641256678190068,0.9539557794134033,0.1803535199206727
duration,B,201911,90,0.49432643671010396,0.9786803200421454,0.15309709017574186,0.8680366631207532,0.03785652549697493,0.08886730406011828,0.2972664468258218,-0.027086402080576253,0.9549104884646202,0.1782759288559557
duration,B,201912,87,0.5556021324329663,0.9711531013592466,0.2017569439381789,0.8638772320806306,-0.025807392286943207,-0.2629960222562395,0.2963168360418312,-0.02786281926794248,0.9622087320470484,0.15630179146129358
duration,B,202001,85,0.5395108414449613,0.9745258406351562,0.16193081883916358,0.8038889974594489,-0.10390854016025015,-0.21090482704709793,0.29727194690621245,-0.026897092327251303,0.9842295047143388,0.17245680169703156
duration,B,202002,81,0.5280939476061427,0.9535338023846655,0.00020325203252032518,0.7052247654555908,-0.061449864498644986,-0.07729310403726772,0.3063552755062388,-0.020410601280761134,0.9863431302011969,0.15516940338948637
duration,B,202003,68,0.2486925983891285,0.7088597931060808,-0.07470321029125472,0.5443371378402106,0.010306523647745923,0.29243806542733897,0.3123242346428403,-0.019992241302608935,0.9846305520509473,0.1499746088327612
duration,B,202004,78,0.23312130907067616,0.761099659833837,-0.10380758482024303,0.7335828728233791,0.13185548628586602,-0.3789248725957587,0.32190657729646244,-0.022493499246507575,0.9836565710373659,0.13805291495516414
duration,B,202005,79,0.2729795520934762,0.8540165530671859,-0.07370983446932815,0.8159688412852971,0.017429406037000973,-0.3423807205452775,0.3275619187419649,-0.022005948102994874,0.9915402322268635,0.10796128063829345
duration,B,202006,78,0.3179225837453685,0.9289571188305364,-0.10461690208525651,0.807129579281478,-0.1480924139151987,-0.32492823632064133,0.3370944894534277,-0.020627130937025107,1.0026013881109637,0.11825559970532369
duration,B,202007,76,0.2889952153110048,0.9297334244702666,-0.12410116199589884,0.8101982228298017,0.22266575529733426,-0.31606288448393716,0.35075737749786773,-0.029238733629318718,0.9975234064576556,0.10368620339297704
duration,B,202008,73,0.22686042206590157,0.9648586943107492,-0.2107244230531902,0.7746822164630385,-0.06599407626804887,-0.19884610638035297,0.3574939076061351,-0.030912442793138085,0.9906010755798407,0.0997285036346281
duration,B,202009,59,0.10935445225161057,0.940822350558084,-0.3231443600233782,0.7472238457042666,-0.19807130333138517,-0.02916423144360024,0.37062952870828475,-0.033143333596377084,0.9989855128874141,0.08740217575197795
spread,AAA,200307,24,0.8034782608695652,0.9956521739130434,0.38608695652173913,0.7930434782608695,0.5139130434782608,0.8191304347826085,2.2302865680599204,0.1914445404385999,0.9369463945742554,-0.07286093730365813
spread,AAA,200308,24,0.8617391304347826,0.9782608695652173,0.48956521739130426,0.7634782608695652,-0.31652173913043474,-0.3026086956521739,2.2302865680599204,0.1914445404385999,0.9369463945742554,-0.07286093730365813
spread,AAA,200309,26,0.6464957264957265,0.9897435897435896,0.2321367521367521,0.8092307692307692,-0.08444444444444445,0.29025641025641025,2.219603182084654,0.21871244220035851,0.9632095296027541,-0.10659521285263066
spread,AAA,200310,26,0.7429059829059829,0.9856410256410256,0.28205128205128205,0.8276923076923076,0.07282051282051281,0.11452991452991453,2.37106725048037,0.3766221105630695,0.9599590278697266,-0.09330064098110001
spread,AAA,200311,25,0.6407692307692306,0.9415384615384615,0.09,0.7092307692307692,-0.1853846153846154,-0.3230769230769231,2.37106725048037,0.3766221105630695,0.9599590278697266,-0.09330064098110001
spread,AAA,200312,25,0.54,0.9607692307692307,-0.1376923076923077,0.5407692307692307,-0.20153846153846153,0.12692307692307694,2.37106725048037,0.3766221105630695,0.9599590278697266,-0.09330064098110001
spread,AAA,200401,27,0.3773469743246398,0.9800030643868073,-0.08363858363858362,0.7637362637362637,-0.40048840048840045,0.21123321123321123,2.4703509211770878,0.2215769585737137,0.9704785808305721,-0.14488238273561177
spread,AAA,200402,28,0.645320197044335,0.9859039369731732,0.32019704433497537,0.8558916187993095,0.08812260536398467,0.36376078074329465,2.487803617961836,0.035768602487881704,0.9704335544631503,-0.208813577561523
spread,AAA,200403,29,0.4970443349753693,0.7866995073891624,0.022660098522167483,0.6083743842364531,-0.5669950738916255,-0.6083743842364531,2.487803617961836,0.035768602487881704,0.9704335544631503,-0.208813577561523
spread,AAA,200404,27,0.6013431013431013,0.9615384615384616,0.163003663003663,0.8015873015873015,0.03174603174603174,0.18192918192918192,2.487803617961836,0.035768602487881704,0.9704335544631503,-0.208813577561523
spread,AAA,200405,31,0.6571226971594356,0.972678702392488,0.002419354838709678,0.6125,-0.010483870967741936,0.06411290322580646,2.529881928823311,0.01629838479535722,0.9619190717170161,-0.197090634164725
spread,AAA,200406,33,0.5334224598930482,0.9718392279272137,-0.003342245989304813,0.6761928660693907,-0.6026069518716578,-0.3031670437592374,2.549594788354331,-0.14687880562803965,0.9701769669788995,-0.2341779250030148
spread,AAA,200407,34,0.7271199388846448,0.9871657754010694,0.26264323911382736,0.7827349121466768,-0.04232238349885409,0.09671504965622613,2.549594788354331,-0.14687880562803965,0.9701769669788995,-0.2341779250030148
spread,AAA,200408,34,0.7130634071810542,0.9935828877005346,0.23666921313980135,0.7940412528647822,-0.1550802139037433,-0.10313216195569137,2.6201186107180106,-0.19871188283743377,0.9915280699789014,-0.24010850228075667
spread,AAA,200409,33,0.713127770518559,0.9949026524248845,0.05915775401069519,0.7205882352941178,-0.47994652406417115,-0.6784759358288771,2.6830809445364676,-0.21037397366705934,0.9869741403865365,-0.2614140304877094
spread,AAA,200410,33,0.7256622403542496,0.9766003677085076,0.008021390374331552,0.5436617383400216,-0.09625668449197862,-0.04328570249925165,2.725016014899004,-0.42612273694479375,0.9871526269477305,-0.2778480892547719
spread,AAA,200411,34,0.6726258710133943,0.9789899944531616,-0.14866310160427806,0.49946524064171116,-0.5798319327731092,-0.5370511841100076,2.7737337022845834,-0.2853436053457115,0.9895616280973042,-0.2558377603769479
spread,AAA,200412,34,0.44800978051142026,0.9860941320293399,-0.29625668449197856,0.639926657838277,-0.37754010695187157,-0.537245016465946,2.933971648899493,-0.19050006917787005,0.9829797928117183,-0.20435361872484725
spread,AAA,200501,36,0.4658944658944659,0.9600360403430837,-0.2903474903474904,0.5337537819148369,-0.3541827541827542,-0.5244867762968315,2.7493945868335317,-0.2894355511387785,0.9842584788483216,-0.2520928101829732
spread,AAA,200502,36,0.7824967824967826,0.9619047619047619,-0.24324324324324326,0.32921492921492923,-0.2898326898326899,-0.5145431145431145,2.5714618661973225,-0.6767846455304145,0.9804645796866504,-0.2691607310290652
spread,AAA,200503,35,0.6243697478991598,0.9711484593837536,-0.323249299719888,0.3689075630252101,-0.21400560224089635,0.024369747899159664,2.538686454742405,-0.6903741728401569,0.9835865364654287,-0.20551330502504503
spread,AAA,200504,38,0.6884815414243687,0.7062493201978514,-0.49513075828865305,-0.2028779343190944,-0.3277163803479593,-0.5150735905285746,2.416673643821834,-0.685012205059971,0.948468707719675,-0.16981419188753535
spread,AAA,200505,38,0.8336798336798338,0.9408481658917974,-0.615931721194879,-0.31507524364342043,-0.24980851296640771,-0.2802736015876345,2.3385868691835494,-0.6388889837126966,0.9488722550816904,-0.18596718368804654
spread,AAA,200506,38,0.7599037033901643,0.8972422903363995,-0.7028121238647554,-0.43823175402122777,-0.23011270379691431,-0.17036874931611773,2.273143841506733,-0.5677663662747183,0.9542209041572675,-0.1917959206742366
spread,AAA,200507,43,0.8005738903742584,0.8647485274127774,-0.7704620960434914,-0.6183644207012641,-0.0987617034128662,-0.05572755433844583,2.2185753133184045,-0.5532987708566514,0.9440280303076702,-0.17751334700123397
spread,AAA,200508,43,0.8968928159825882,0.9409854641406266,-0.7817879794623981,-0.6478139412866216,0.07444880700694653,0.047874348849017145,2.1576936108184492,-0.49546013761968605,0.9252898033891003,-0.1457158867853142
spread,AAA,200509,43,0.6925168033033694,0.7649612993936721,-0.8879492600422834,-0.7758523054572397,-0.3716399879190577,-0.34024238329832823,2.0949955400517872,-0.4109195093091063,0.9284604644127896,-0.09541858385886345
spread,AAA,200510,43,0.8719420114768952,0.9132371845110623,-0.7241014799154333,-0.6126255397666817,0.07308970099667773,0.09944876566901512,2.051350570647892,-0.44372832239254895,0.9205280752556542,-0.1516459895836126
spread,AAA,200511,45,0.8927830302283922,0.9419941373403026,-0.8180500658761528,-0.7148880105401844,-0.1866930171277997,-0.1885375494071146,1.9568594744138514,-0.41417853847710323,0.9131651073466742,-0.11410400131812896
spread,AAA,200512,45,0.6939878203188887,0.6910456671980535,-0.8681159420289855,-0.8012121615730304,-0.53399209486166,-0.57327316477623,1.8881603848468642,-0.35336669470944343,0.9122081412250782,-0.06349705296385073
spread,AAA,200601,46,0.6757123486392815,0.6466397338231307,-0.8667900092506938,-0.8707478900748705,-0.06407647240209681,-0.10584425723372373,2.051140500960229,-0.5274531804171008,0.9130663509480023,0.011350004579742331
spread,AAA,200602,48,0.632413218645701,0.6949051351722332,-0.9113113330438559,-0.8625088217667307,-0.46092053842813724,-0.41068229990478816,2.308326516729701,-0.7154059776328549,0.8985438122436257,-0.03338815976529584
spread,AAA,200603,46,0.6959203185645535,0.6497656106685542,-0.8046253469010175,-0.7863068713377099,0.20592044403330248,0.1502544350940274,2.1535989829603097,-0.6615986731910857,0.884014377642052,-0.02181389888267984
spread,AAA,200604,46,0.7254394079555968,0.7258934907395245,-0.9177304964539007,-0.9159702739561105,0.16188714153561515,0.1608436893669227,2.1675557584569356,-0.4965859407048258,0.9323364347131743,-0.06329997935821167
spread,AAA,200605,47,0.7350101197600004,0.7469210767038772,-0.7972941720629049,-0.7580943570767807,-0.1836262719703978,-0.1880203515263645,2.0629505759216373,-0.5210758234371894,0.8946056964980723,0.017577779961804627
spread,AAA,200606,47,0.7177218861375775,0.7119232103619753,-0.9151248843663274,-0.9064469515007495,-0.28122109158186864,-0.2977739235969165,1.8466856006201127,-0.8136249683398632,0.8784688505958677,-0.05576176223894744
spread,AAA,200607,48,0.5648374323036249,0.5838671154054933,-0.879830655666522,-0.844216469788418,-0.25227963525835867,-0.2476795313858774,1.6901994318966307,-0.6645166533889403,0.8709255065885614,-0.037701528987031926
spread,AAA,200608,48,0.40011942478771595,0.5767330772300217,-0.8898176291793314,-0.7867339749960348,-0.4841511072514112,-0.4011833040703528,1.4570554921558043,-0.03506602988121838,0.8478991010562298,-0.017838453182244092
spread,AAA,200609,48,0.19159791576204951,0.7494843166522852,-0.697459834997829,-0.09124959341583917,-0.22850629613547543,0.23596786590044788,1.3134285053254215,-0.02329686083772971,0.8302605410877759,-0.049986296812138876
spread,AAA,200610,48,0.49686541663479467,0.6665400170718022,-0.5664350846721667,-0.14090316977854972,-0.1879070777247069,-0.2996092053842814,1.1303228545833297,0.3298234970164895,0.8094757707726516,-0.008865936287408971
spread,AAA,200611,49,0.18270874262941728,0.6616664115516097,-0.5290816326530612,0.04173575857885041,-0.24163265306122444,0.25337381063884007,1.0598173072150936,-0.23652866152537624,0.7871333709811118,-0.1067036557125576
spread,AAA,200612,50,0.29027611044417767,0.6462099932233141,-0.5969267707082833,0.012965497374622487,-0.11529411764705881,-0.08456385509892668,0.9755712281019577,-0.34633432736971026,0.765646771805586,-0.029205334017303096
spread,AAA,200701,49,0.5723397215528558,0.4584534544131595,-0.3656122448979591,-0.17540816326530612,0.10428571428571427,-0.16418367346938773,0.9101937819948748,-0.23318178126225503,0.7278389944170844,0.19970711433952398
spread,AAA,200702,48,0.14497788156341887,0.44278580023981406,-0.4283543204515849,-0.09591532125700776,-0.08727746417716022,0.1774460583979391,0.8684884050208516,-0.1734555528979385,0.7000291902418967,0.34545087717270856
spread,AAA,200703,48,0.48602290686590977,0.7257972590541276,-0.2072297003907946,0.19100605212342608,0.10898827616152842,0.17488533672681977,0.8064407857380829,0.09111954774956377,0.6725835125306956,0.4737666567972296
spread,AAA,200704,49,0.42415429413851796,0.7747984488213082,-0.27724489795918367,0.18975457956226974,-0.05918367346938774,0.19853053753073183,0.7815684578575476,0.37410157121121257,0.6325083970996291,0.5126721681175365
spread,AAA,200705,50,0.6516039193068336,0.5804158862795948,-0.062953181272509,0.2716096814503243,0.3293637454981992,-0.05488859015164793,0.8040251712843968,0.4406169946936022,0.7525724944542391,0.5704793348215914
spread,AAA,200706,49,0.5764942985115291,0.5847896524596173,0.27999999999999997,0.33175162041244366,0.3877551020408163,0.3783356298613149,0.8025968555139474,1.0451273653995432,0.753238879260929,0.7841729296398073
spread,AAA,200707,50,0.723369520523142,0.7474485561645896,-0.07860744297719087,-0.012053110522334237,-0.09656662665066026,-0.07010972654425493,0.8016264879641624,1.0369225411156706,0.7518547241698528,0.7897800687177174
spread,AAA,200708,50,0.6451055249284388,0.8164157300161832,0.15534213685474188,0.4000576355037693,0.1407442977190876,0.2952166008933577,0.7625771957628494,1.0371869560446625,0.7345062774622245,0.9162401384695568
spread,AAA,200709,53,0.6495726495726496,0.873344487850558,0.4011449766166747,0.7011107304829289,0.3219641993226899,0.5731852360710638,0.6894656544706083,1.0903504370999515,0.6981502792799705,1.0602438246330215
spread,AAA,200710,54,0.47018239349864815,0.7302978903154115,0.1082904516866781,0.4508099866590432,-0.17705355441204493,0.06011053935582236,0.6794184853340082,0.9739934940829863,0.7245239985156956,0.858875109013159
spread,AAA,200711,56,0.6327859328663625,0.7094569192385248,0.4107313738892686,0.5354842017904493,0.34661654135338343,0.4180180796591132,0.6175520315096814,1.2001670944027834,0.6695937268260925,1.2771278487630988
spread,AAA,200712,55,0.2540810621095535,0.6617121829791839,0.167965367965368,0.6567218024481488,0.01753246753246754,0.3600353542316263,0.5595247061255916,1.3431267921291217,0.661970812275525,1.6013842503230395
spread,AAA,200801,54,0.5004955405023658,0.8341243068585786,0.4291595197255574,0.813013398535279,0.3679435868115113,0.6954963884699096,0.5338764392137577,1.146987958348801,0.6703323449655084,1.473162359896172
spread,AAA,200802,55,0.7372199579096685,0.9271953243379755,0.6712121212121214,0.9183592487667492,0.5500721500721503,0.6647425957643041,0.5329007330872689,1.11157004293935,0.6662192474127567,1.629676762295985
spread,AAA,200803,56,0.6178164357777605,0.9641984382015246,0.5075871496924128,0.9365323495677971,0.46630211893369794,0.7806828672661711,0.4990037444541362,0.8601798604298729,0.6797185800495352,1.5702714146529297
spread,AAA,200804,55,0.6694925955742005,0.9668819221472634,0.5562049062049063,0.9409982144065873,0.3142135642135642,0.5559263335380122,0.4911061047209851,0.8833276418850292,0.6791234784721736,1.5892138050784401
spread,AAA,200805,55,0.5624819624819625,0.9582063170086398,0.45454545454545464,0.93540648295309,0.3026695526695527,0.6737856023030144,0.45676019488377223,0.8085782846956152,0.6640666282204979,1.6551074807379327
spread,AAA,200806,56,0.8453322853641162,0.9723503879148296,0.7608339029391662,0.9627300536274678,0.662200956937799,0.6665527436506977,0.4486586449583432,0.7578230127856203,0.6517495354408464,1.6758279059527839
spread,AAA,200807,56,0.6905107743792595,0.8450733107761714,0.6218728639781271,0.8217843778434615,0.4761449077238551,0.679984278709649,0.4172944168678691,0.3215615582160834,0.6687407880624076,1.4710247724765346
spread,AAA,200808,57,0.7867513611615247,0.9193822820477565,0.675265750583355,0.8738474503262006,0.43291418200674103,0.47375670470156883,0.3879358719683338,0.4526500273153284,0.5835014621050747,1.3052020179832842
spread,AAA,200809,57,0.5385101522315822,0.5078835216430624,0.24721285973554574,0.24196266528389943,0.043297899922219336,-0.10915219082188231,0.43191609787905266,0.5573325084476566,0.6223373691126389,1.1106873677484677
spread,AAA,200810,55,0.2941558441558442,0.7482458198515192,-0.004473304473304475,0.5321163802521532,-0.05894660894660896,0.32569130040111444,0.5051545249231943,0.5586922600942735,0.6868633024535724,1.0499453390542497
spread,AAA,200811,55,0.5481240981240982,0.9219336219336222,0.10389610389610392,0.7050505050505053,-0.040259740259740266,0.05230880230880232,0.46098667023169626,0.5757787178258372,0.6575125765141752,1.1020183245267072
spread,AAA,200812,55,0.2152236652236653,0.8689033189033191,-0.08023088023088025,0.6816017316017317,-0.20281385281385284,0.29696969696969705,0.5380879303410288,0.6202466067493648,0.7083722695551704,0.838483932202838
spread,AAA,200901,58,0.6157774121342959,0.9651629574945384,0.4282813989972008,0.898981820418961,0.36639084561198443,0.7165707957796303,0.524128410703221,0.6863656490080298,0.7350844524730343,0.8330495968651365
spread,AAA,200902,56,0.8580314422419686,0.9586288215483988,0.5903622693096379,0.9101659291473995,0.5440874914559125,0.4167535331014002,0.6070062627880288,0.5967993020140159,0.892555439718223,0.5378524885690248
spread,AAA,200903,17,0.6348039215686275,0.9803921568627453,-0.19607843137254904,0.3774509803921569,-0.7647058823529413,-0.7401960784313727,0.8691149208749315,0.5640451429703973,0.9925635749445607,0.1980607111737292
spread,AAA,200904,20,0.6481203007518795,0.9503759398496241,0.1819548872180451,0.6676691729323309,-0.5518796992481202,-0.15488721804511277,0.9686423912272653,0.37580492804898114,0.9786085099109599,0.1786524192329307
spread,AAA,200905,19,0.5263157894736842,0.9122807017543859,0.19473684210526312,0.7280701754385965,-0.42280701754385963,-0.05263157894736842,1.0483754710635853,0.24491189160389062,0.9628363045675052,0.07009379146069564
spread,AAA,200906,19,0.6438596491228071,0.9982456140350877,0.43684210526315786,0.9526315789473684,-0.2421052631578947,-0.4719298245614035,1.108300644932083,0.2504571457333808,0.9902930923502109,0.08882665039409972
spread,AAA,200907,22,0.365330321852061,0.9932241671372107,0.05815923207227556,0.9141727837380011,-0.3608130999435348,-0.02089215132693394,1.251950768282021,0.4501957407309889,0.9851277403863741,0.014024136903034959
spread,AAA,200908,22,0.48164878599661215,0.9649915302089217,0.18125352907961606,0.89158667419537,-0.023150762281197064,0.2862789384528515,1.3518605301364957,0.3489537191351547,0.9870666590620912,-0.07849654832701083
spread,AAA,200909,22,0.5844155844155845,0.9830604178430267,0.313382269904009,0.9051383399209487,-0.3077357425183513,0.14172783738001132,1.299563568818292,0.2038445573840482,0.9641557728624301,-0.17884522274666234
spread,AAA,200910,17,0.7598039215686275,0.9926470588235295,0.5931372549019609,0.9387254901960785,0.5661764705882354,0.8799019607843139,1.2643150271075798,-0.06094167649765364,0.9162518487333279,-0.1677176465384669
spread,AAA,200911,18,0.8390092879256965,0.9917440660474718,0.8101135190918473,0.9834881320949431,0.6243550051599587,0.7192982456140351,0.9294957137292691,-0.0303385938140573,0.9115767760245063,-0.10114276406743518
spread,AAA,200912,18,0.7089783281733747,0.9855521155830752,0.5748194014447885,0.954592363261094,0.2425180598555212,0.6099071207430341,0.8123436165917094,-0.05106176322298029,0.8676189868588905,-0.029959998314027382
spread,AAA,201001,17,0.465686274509804,0.9803921568627453,0.3088235294117647,0.9191176470588237,-0.004901960784313726,0.5661764705882354,0.749419580185813,-0.11718307554536006,0.8760165917962224,-0.0660796987491766
spread,AAA,201002,9,0.8499999999999999,1.0,0.7999999999999999,0.9500000000000001,0.5,0.7666666666666667,0.7780841246547149,-0.12616525791502015,0.9000246560845038,-0.10992755711377881
spread,AAA,201003,9,0.9,0.9833333333333333,0.8499999999999999,0.9833333333333333,0.8666666666666667,0.8333333333333333,0.8452612165769849,-0.10138228721845025,0.9110320810162963,-0.12314666306258792
spread,AAA,201004,9,0.9166666666666666,0.9833333333333333,0.9166666666666666,0.9833333333333333,0.7333333333333334,0.8499999999999999,0.7919111752142771,-0.09525980373321552,0.8996651340370712,-0.15031065903103438
spread,AAA,201005,9,0.8499999999999999,0.9833333333333333,0.8499999999999999,0.9833333333333333,0.5666666666666667,0.5499999999999999,0.7857586926868219,-0.07622731030346537,0.9016092087589792,-0.1349782282146252
spread,AAA,201006,9,0.7166666666666667,0.9666666666666667,0.5666666666666667,0.9333333333333332,0.6,0.7166666666666667,0.7821397162757475,-0.09642446696439193,0.8949786018036557,-0.1133630353325869
spread,AAA,201007,9,0.8833333333333333,0.9500000000000001,0.8666666666666667,0.9333333333333332,0.7666666666666667,0.8333333333333333,0.765403570202826,-0.12261623948580597,0.8914619085060147,-0.1353380008386822
spread,AAA,201008,9,0.8666666666666667,0.9833333333333333,0.8166666666666667,0.9666666666666667,0.6666666666666667,0.65,0.7512557365329211,-0.13236531853453637,0.8942709554475586,-0.09163120390183209
spread,AAA,201009,10,0.8545454545454544,0.9757575757575757,0.7696969696969697,0.9393939393939393,0.5636363636363636,0.7696969696969697,0.7408390878965037,-0.12344934258268338,0.9036135327599041,-0.07556509151359249
spread,AAA,201010,10,0.9393939393939393,0.9757575757575757,0.8787878787878788,0.9151515151515152,0.7333333333333332,0.8060606060606059,0.7357580011717209,-0.0971165467162808,0.9294437705076907,-0.08227931676880929
spread,AAA,201011,11,0.9727272727272729,0.9,0.881818181818182,0.8636363636363636,0.46363636363636374,0.3454545454545455,0.8228200576483934,-0.1012353819461823,0.9468842713037456,-0.15490027521845087
spread,AAA,201012,11,0.8363636363636365,0.881818181818182,0.790909090909091,0.8363636363636365,-0.06363636363636364,0.0,0.9397377002803663,-0.09614482821780594,1.004690501728082,-0.18788042277385394
spread,AAA,201101,11,0.8909090909090911,0.9727272727272729,0.7818181818181819,0.8636363636363636,0.3272727272727273,0.5363636363636364,1.1078204932157243,-0.03540177944902841,1.0074318202354156,-0.17443838521640015
spread,AAA,201102,11,0.9181818181818183,0.9454545454545454,0.9181818181818183,0.9454545454545454,-0.790909090909091,-0.8000000000000002,1.139450764581333,-0.01222882464283696,0.9778621319720943,-0.2057124192183453
spread,AAA,201103,12,0.9440559440559443,0.9580419580419581,0.9300699300699302,0.9510489510489512,0.5734265734265735,0.6013986013986015,1.0201590515141328,-0.033465223692381155,0.9558376742983794,-0.12141264949752657
spread,AAA,201104,12,0.9160839160839163,0.9720279720279721,0.6993006993006995,0.7692307692307694,0.3916083916083916,0.4125874125874127,1.6938297200402448,0.2553491930096082,0.9842805096830642,-0.0598315193188537
spread,AAA,201105,12,0.9230769230769231,0.9510489510489512,0.7272727272727274,0.7762237762237763,0.8251748251748254,0.8251748251748254,2.2757725442487846,0.18094614620860297,0.9893398808973373,-0.08421527373840554
spread,AAA,201106,12,0.9720279720279721,0.9580419580419581,0.7202797202797203,0.7692307692307694,0.8181818181818183,0.8251748251748254,2.650002107514497,0.28886811448243105,0.9881234306836039,-0.09369369184896048
spread,AAA,201107,12,0.9230769230769231,0.9790209790209792,0.6013986013986015,0.7552447552447553,-0.2867132867132868,-0.3356643356643357,2.771870624824239,0.45486095728452725,0.99445881954481,-0.14125730160279085
spread,AAA,201108,12,0.7762237762237763,0.8741258741258742,0.43356643356643365,0.7272727272727274,-0.4895104895104896,-0.34965034965034975,3.039849496676428,0.36096536263196477,0.9957179889691689,-0.1614363455644087
spread,AAA,201109,12,0.8741258741258742,0.9160839160839163,0.37762237762237766,0.4895104895104896,-0.8601398601398602,-0.8531468531468532,3.278482425453014,0.3671121337070905,0.9902711134202506,-0.13915195111647372
spread,AAA,201110,12,0.9160839160839163,0.8951048951048951,-0.04195804195804196,-0.02097902097902098,-0.055944055944055944,-0.10489510489510491,3.664327054178824,0.04577383656404334,1.0010386448377424,-0.06785609410577467
spread,AAA,201111,12,0.8461538461538463,0.8671328671328673,0.5384615384615385,0.6013986013986015,0.4125874125874127,0.4055944055944056,3.7551913664474537,0.06805359831702382,1.0000070691917806,-0.05075032647797242
spread,AAA,201112,12,0.8056054385890983,0.7880922768806397,-0.6713286713286714,-0.6573426573426573,-0.4545454545454546,-0.6013986013986015,3.906307962598729,-0.22873507018055023,0.9944841178255893,-0.09893341653848543
spread,AAA,201201,12,0.7342657342657343,0.7670764828304892,-0.1958041958041958,-0.10858160259244368,0.034965034965034975,0.08056054385890983,4.252435641806624,-0.43426890541282764,1.0017974068811242,-0.05475946180360727
spread,AAA,201202,12,0.8671328671328673,0.8811188811188813,-0.9160839160839163,-0.6993006993006995,-0.034965034965034975,-0.15384615384615385,4.766442011808706,-0.5683843325094458,1.0067972729983785,-0.025959133000553445
spread,AAA,201203,12,0.9160839160839163,0.9860139860139862,-0.4895104895104896,-0.2657342657342658,0.7412587412587414,0.8181818181818183,4.999777812868953,-0.1350150226108994,1.0049980623837722,-0.08414234177704154
spread,AAA,201204,12,0.9860139860139862,0.9370629370629372,-0.8041958041958043,-0.7622377622377624,-0.7272727272727274,-0.8251748251748254,5.107702348393979,-0.6156836981077327,1.0039725748201405,-0.05201148367745823
spread,AAA,201205,12,0.8461538461538463,0.8671328671328673,-0.9370629370629372,-0.9160839160839163,-0.8741258741258742,-0.8391608391608393,5.1839862399857415,-0.6843388056394192,1.0058893689517998,0.020696836496294446
spread,AAA,201206,12,0.6293706293706295,0.8671328671328673,-0.9300699300699302,-0.6713286713286714,-0.3356643356643357,-0.2027972027972028,5.444532375803474,-0.5200974293493392,1.0124620025032096,0.039881049551045405
spread,AAA,201207,12,0.6993006993006995,0.5454545454545455,-0.7622377622377624,-0.8321678321678322,-0.5174825174825175,-0.5664335664335665,5.672796914802577,-0.7234264478174556,1.0164326337720844,0.016732498184701763
spread,AAA,201208,11,0.7727272727272727,0.7545454545454545,-0.8181818181818182,-0.6272727272727273,-0.33636363636363636,-0.36363636363636365,5.717493787869882,-0.34403676347782175,1.0084798508516541,0.08504502338267239
spread,AAA,201209,11,0.790909090909091,0.8363636363636365,-0.9454545454545454,-0.9,-0.48181818181818187,-0.5545454545454546,5.7357591078561985,-0.05066849595054767,1.0071394980008483,-0.07492534662699261
spread,AAA,201210,11,0.4783611499571155,0.8246035061165515,-0.6363636363636364,-0.07272727272727274,0.13636363636363638,0.5545454545454546,5.626944097431808,-0.49585644435523224,0.9896693719471524,-0.07211152873284027
spread,AAA,201211,11,0.7727272727272727,0.9384990180111028,-0.5636363636363637,-0.2733492285469231,0.4909090909090909,0.7061521737462181,5.381605740415595,-0.41628930546704956,0.9851751448750993,-0.07254855426413051
spread,AAA,201212,13,0.9615384615384615,0.9945054945054945,-0.8186813186813187,-0.7252747252747254,0.1868131868131868,0.12637362637362637,5.320581374942115,-0.7895329092294082,0.9898965928585332,-0.07659289568784
spread,AAA,201301,13,0.8846153846153846,0.989010989010989,-0.5879120879120878,-0.32417582417582413,0.4725274725274725,0.6318681318681317,4.993103626451627,-0.8673386733856128,0.9841515596529608,-0.01727371220943825
spread,AAA,201302,13,0.8516483516483516,0.967032967032967,-0.5824175824175823,-0.3626373626373627,0.32967032967032966,0.48901098901098894,4.696342500730594,-0.4979244882566236,0.9813539905661036,0.017749276030093505
spread,AAA,201303,13,0.9560439560439561,0.9615384615384615,-0.521978021978022,-0.32417582417582413,0.5054945054945055,0.532967032967033,4.517577952401115,-0.521852142114465,0.9862307790084986,-0.023799623343044144
spread,AAA,201304,13,0.9175824175824175,0.9505494505494506,-0.6758241758241759,-0.5439560439560439,-0.8021978021978022,-0.7637362637362637,4.410098491833184,-0.4540756667788364,0.9921196024209675,-0.04471484344326826
spread,AAA,201305,12,0.9300699300699302,0.9720279720279721,-0.20979020979020982,-0.1328671328671329,0.5454545454545455,0.5664335664335665,4.268028486085977,-0.44530552458625405,0.9860360962104261,-0.043196619316854576
spread,AAA,201306,13,0.9560439560439561,0.9615384615384615,-0.42857142857142855,-0.3131868131868132,0.34065934065934067,0.24725274725274726,4.076265823707773,-0.47274730297709555,0.967360371032583,0.02817455147112116
spread,AAA,201307,13,0.901098901098901,0.9835164835164836,0.08241758241758242,0.2087912087912088,0.5384615384615384,0.6098901098901099,3.7816133583724003,-0.15793846107080634,0.9622941097363252,0.013028758277788082
spread,AAA,201308,13,0.9230769230769231,0.9340659340659341,0.4230769230769231,0.5824175824175823,0.6868131868131868,0.7087912087912087,3.660902552595466,0.08742315367975312,0.9422684369946551,-0.04540353147431911
spread,AAA,201309,13,0.9285714285714285,0.9395604395604396,0.07692307692307691,0.0879120879120879,0.4835164835164835,0.5,3.201894984646979,-0.6287782517208329,0.9391745622371616,-0.042461251265966664
spread,AAA,201310,13,0.945054945054945,0.9835164835164836,0.4230769230769231,0.6098901098901099,0.5,0.5274725274725275,3.1807545637007273,-0.6807484914085034,0.949734748196592,-0.09704984373882267
spread,AAA,201311,13,0.9505494505494506,0.9615384615384615,0.37912087912087916,0.46703296703296704,0.3131868131868132,0.3626373626373627,3.1368219012435192,-0.6934307041230291,0.9511564404848011,-0.09313300164622797
spread,AAA,201312,13,0.9615384615384615,0.945054945054945,0.1043956043956044,0.21428571428571427,-0.5824175824175823,-0.6648351648351648,3.088785783809603,-0.7082270275181701,0.9507919848106613,-0.0729390631130907
spread,AAA,201401,18,0.7089783281733747,0.9463364293085655,0.27347781217750256,0.587203302373581,0.24458204334365324,0.5397316821465429,3.081345614047609,-0.8263362929281926,0.9578697110694477,-0.15446777799121417
spread,AAA,201402,18,0.9566563467492261,0.9876160990712075,0.12280701754385966,0.2714138286893705,0.27347781217750256,0.21568627450980388,3.1182928872709823,-1.2362142535219802,0.9592772085748259,-0.20228113197679962
spread,AAA,201403,18,0.9112487100103198,0.9752321981424149,0.017543859649122806,0.1847265221878225,-0.6676986584107326,-0.6862745098039216,3.125190659612626,-1.17606014636957,0.9598966783372085,-0.2045106951349989
spread,AAA,201404,19,0.9,0.9964912280701754,0.22982456140350876,0.45964912280701753,0.7035087719298245,0.7596491228070175,3.105239568654187,-1.271053445918163,0.9528275324187009,-0.21150697410039118
spread,AAA,201405,18,0.9009287925696594,0.9731682146542827,-0.11248710010319916,0.12487100103199174,0.3952528379772961,0.43653250773993807,3.0715430268583384,-1.2620349077158446,0.9475481166691974,-0.2225809525985541
spread,AAA,201406,18,0.8637770897832818,0.9607843137254902,-0.42002063983488136,-0.2260061919504644,-0.07946336429308565,0.038183694530443756,3.1191144006381397,-1.2522026196981093,0.9712616259330268,-0.23656856302730372
spread,AAA,201407,18,0.9236326109391124,0.9793601651186791,-0.500515995872033,-0.28998968008255926,-0.08359133126934985,0.03199174406604747,3.266472536776935,-1.3079862446062778,0.9717376620551986,-0.25866033869393795
spread,AAA,201408,18,0.9793601651186791,0.9917440660474718,-0.4654282765737873,-0.4055727554179567,-0.500515995872033,-0.5211558307533539,3.3248378808561796,-1.4027909794997635,1.0053856922636235,-0.22077968431772796
spread,AAA,201409,18,0.9649122807017543,0.9731682146542827,-0.7440660474716203,-0.6738906088751291,-0.052631578947368425,-0.08152734778121776,3.8595412507047566,-0.14080947021027274,1.0134943805961572,-0.14146010763248254
spread,AAA,201410,18,0.9649122807017543,0.9731682146542827,-0.7151702786377709,-0.6449948400412797,-0.17440660474716205,-0.2280701754385965,3.854464878289192,0.0008752414878054672,1.0191586283658143,-0.16247977440939673
spread,AAA,201411,18,0.890608875128999,0.9711042311661506,-0.7523219814241485,-0.5170278637770898,-0.4613003095975232,-0.3973168214654283,3.904148853268845,0.25551583670142913,1.0154998598212241,-0.13742173007448782
spread,AAA,201412,18,0.9174406604747163,0.9690402476780186,-0.9256965944272446,-0.7894736842105263,-0.6140350877192982,-0.7296181630546955,3.8813457664209845,0.11698978118399053,1.0124038014955035,-0.08661037743625252
spread,AAA,201501,18,0.9071207430340558,0.9587203302373581,-0.9112487100103198,-0.8431372549019607,-0.2239422084623323,-0.15789473684210525,3.9077719323940014,0.2845170317220584,0.9993295800694456,0.013315504995904623
spread,AAA,201502,18,0.954592363261094,0.9711042311661506,-0.8637770897832818,-0.7936016511867906,0.6449948400412797,0.6594427244582043,3.9175352518987707,0.058930991355559056,1.002266475165331,0.047816078654164644
spread,AAA,201503,24,0.9756521739130434,0.9878260869565217,-0.9217391304347825,-0.8791304347826084,-0.4278260869565217,-0.43478260869565216,3.8827272482981265,0.34647975826302424,1.000551306957082,0.01304624445621493
spread,AAA,201504,28,0.9638752052545155,0.9857690202517788,-0.8960043787629994,-0.8368910782703886,0.8204707170224411,0.8527640941434045,3.835238928575953,0.43213735993329455,0.992581198150032,-0.029048179933353874
spread,AAA,201505,28,0.9489530675974435,0.9719447196534531,-0.8899835796387521,-0.825944170771757,0.3459222769567597,0.41105637657361793,3.8804229366732845,0.45715067290202394,1.0011216885619063,-0.033589500520160506
spread,AAA,201506,28,0.9726327312534209,0.9908307195566038,-0.9178981937602627,-0.8569864593734052,-0.03557744937055282,-0.02928698535705984,3.8293959106870816,0.2774713971146448,0.9961200450669423,-0.004691686937151184
spread,AAA,201507,28,0.9540229885057472,0.9835796387520527,-0.8998357963875205,-0.8171866447728516,-0.6907498631636563,-0.6409414340448822,3.7396868905083647,-0.0756626015285943,0.9941275697007145,0.0012209806061244132
spread,AAA,201508,28,0.9578544061302682,0.9715380405035577,-0.8894362342638205,-0.8106185002736727,0.20580186097427478,0.18609742747673783,3.6517770085997907,-0.22787927980672948,0.9885496751870672,0.02193794109884813
spread,AAA,201509,28,0.9567597153804049,0.9885057471264367,-0.8341543513957307,-0.7328954570333881,0.7175697865353038,0.776135741652983,3.5165686989426694,-0.32667338649587635,0.9832761810952555,0.03800094469523408
spread,AAA,201510,28,0.9781061850027366,0.9846743295019157,-0.9151614668856047,-0.8724685276409413,0.44991789819376027,0.4072249589490969,3.4058030038719336,-0.48769885958387327,0.9811882737017622,0.034074340509045176
spread,AAA,201511,28,0.9846743295019157,0.9890530925013684,-0.8653530377668308,-0.8128078817733991,-0.2205801860974275,-0.22495894909688013,3.296318427273326,-0.6435947506175447,0.9789465004427059,-0.016241583392381465
spread,AAA,201512,34,0.9663865546218486,0.9871657754010694,-0.839266615737204,-0.7836516424751718,-0.019709702062643237,0.012681436210847974,3.11311722245631,-1.0231627976938835,0.9743114444650486,-0.051076025440066106
spread,AAA,201601,34,0.9679144385026738,0.9886936592818946,-0.7515660809778456,-0.6650878533231473,0.787318563789152,0.8102368220015278,2.968518357503006,-1.347565190341809,0.9818164690439405,-0.04509197886093267
spread,AAA,201602,34,0.9715027914364291,0.9919779996862689,-0.815431627196333,-0.73598166539343,-0.13582887700534757,-0.14560733384262795,2.8251819873968427,-1.1564518871054834,0.9717061843445469,-0.0847319478306316
spread,AAA,201603,34,0.9706646294881588,0.9924363998709669,-0.7998472116119175,-0.717701889175355,-0.0346829640947288,-0.004889601970110999,2.654738113168372,-1.2390068166080384,0.9754715448586941,-0.06680245170229218
spread,AAA,201604,33,0.9561293590664813,0.9897217382261323,-0.8392379679144386,-0.7536764705882353,-0.3556149732620321,-0.25668449197860965,2.4580637341382383,-1.1280481819877854,0.9844899577653764,-0.05543211837975431
spread,AAA,201605,33,0.94384089568392,0.9794400368515987,-0.7058823529411765,-0.6044956986092402,-0.7032085561497327,-0.643603244496595,2.372583085144199,-1.0546338010265837,0.9955513394831129,-0.07232864589624159
spread,AAA,201606,33,0.9584691267691436,0.98278312085826,-0.4251336898395722,-0.26775865324697007,0.4204545454545455,0.44743440370920023,2.2930908216760777,-0.857946963657842,1.0038011350502958,-0.14590792940769426
spread,AAA,201607,33,0.9742647058823529,0.9925628847222222,-0.6447192513368984,-0.5680621729534995,-0.5364304812834225,-0.5361410564386073,2.250874166346075,-0.9635573009539272,1.006556777111368,-0.1208194108008158
spread,AAA,201608,33,0.9682486631016043,0.9906417112299466,-0.6183155080213903,-0.5604946524064172,-0.5147058823529412,-0.5334224598930482,2.2313029582422197,-0.9494575477922229,1.0015780020383276,-0.11629895526864796
spread,AAA,201609,39,0.9678137651821863,0.9959514170040487,-0.6392712550607287,-0.5791497975708502,0.365587044534413,0.4305668016194333,2.2257446799121348,-0.9611537249450451,1.0066672825468517,-0.13623162139372372
spread,AAA,201610,39,0.9795546558704453,0.995748987854251,-0.5637651821862348,-0.5101214574898786,-0.03704453441295547,-0.0014170040485829958,2.2326768398508827,-0.9649006282520207,1.0130101012397044,-0.11495918267566463
spread,AAA,201611,39,0.9682186234817816,0.9923076923076924,-0.559919028340081,-0.5006072874493928,-0.562753036437247,-0.5329959514170041,2.2168848506202803,-0.8850090056773422,1.0131284237345,-0.06767859357191812
spread,AAA,201612,39,0.9649797570850203,0.9888663967611337,-0.1645748987854251,-0.07854251012145749,-0.3910931174089069,-0.3775303643724696,2.1948346998528017,-0.6745031821479796,1.00890082070876,-0.00632314408065767
spread,AAA,201701,39,0.9607287449392714,0.9781376518218624,0.24777327935222673,0.3684210526315789,0.2834008097165992,0.2868421052631579,2.1535322265145402,-0.5176366623947573,1.0092893371885447,-0.0031680747602547007
spread,AAA,201702,39,0.9600688306237394,0.9881066868264571,-0.2176113360323887,-0.09331983805668018,-0.4791497975708502,-0.38218623481781383,2.1602142893151854,-0.5041263479948248,1.0196315729452723,-0.006374960616810901
spread,AAA,201703,45,0.9771731617014273,0.9901179260820869,-0.0613965744400527,0.006192562340722318,-0.18998682476943346,-0.19809611658034057,2.0982450913157544,-0.4703509416626313,1.0092132545329764,-0.004202448431518749
spread,AAA,201704,49,0.9725510204081632,0.9977295342413446,0.2774489795918367,0.40271435508907866,0.16704081632653062,0.21735248355244838,2.0691650241860224,-0.3605595697025384,1.0081550204930485,0.002321194329360747
spread,AAA,201705,49,0.975,0.9890816326530613,0.0736734693877551,0.21663265306122448,-0.5385714285714285,-0.5486734693877551,2.020694379700733,-0.32932434307405184,0.9974600103326345,-0.011493398870630651
spread,AAA,201706,49,0.9628571428571426,0.98734693877551,-0.23357142857142857,-0.09408163265306121,-0.8296938775510203,-0.8326530612244898,1.9930521304440594,-0.2320026948961915,0.9876903406763476,-0.02441047121521252
spread,AAA,201707,49,0.969208398488805,0.9916579507806071,0.3066326530612245,0.465204081632653,0.6080612244897958,0.5890816326530611,1.9836010995960363,-0.13376673404994519,0.9896694044585501,0.012720510741920108
spread,AAA,201708,48,0.9503080308544882,0.9880855452423601,0.3552974381241859,0.48932070471517075,-0.11278766825879287,-0.07056205392453932,1.9403734396641064,-0.0018140096510000767,0.9907014260561874,0.0008215181660768418
spread,AAA,201709,48,0.9487339542669408,0.9846387667589427,0.18519322622666087,0.3517246995623191,-0.5535171515414676,-0.5077211172385699,1.889825896052128,0.09791629871160423,0.9860127844204837,0.031523959778246534
spread,AAA,201710,48,0.9653712548849327,0.992916655724306,0.2783326096396005,0.4345536951691245,-0.5032566217976552,-0.47960485267479197,1.8547103837182153,0.07159666081827087,0.9841594060652399,-0.0040106016832920435
spread,AAA,201711,48,0.9585323491098567,0.9875162831089882,-0.020733825445071647,0.10204081632653061,-0.8869952236213633,-0.8719062092922274,1.834481847842387,-0.09744787950236254,0.9866672677990205,-0.06895423720339136
spread,AAA,201712,48,0.967132585645788,0.9856968413729507,-0.07859313938341293,0.06676074685193227,-0.5711029092488059,-0.5514546244029527,1.8288503247025116,-0.13370021214465924,0.9868742074952551,-0.09872999550945538
spread,AAA,201801,48,0.9281081231197678,0.963956140818759,-0.6486105080330004,-0.5297326656180751,-0.7044072948328266,-0.6318360721174705,1.8427561480911026,-0.16744591359619146,0.9873938872141996,-0.1130343679385936
spread,AAA,201802,52,0.9781439426278493,0.9819850595927511,0.04550499445061043,0.126488794138735,0.5461453086314352,0.557438634446035,1.8486550252783696,-0.10081467622628097,0.9822903828515519,-0.10498485616233734
spread,AAA,201803,52,0.9606420216853069,0.9789976948689489,-0.41970460172457946,-0.3389396397165543,-0.5577563391103901,-0.53479040382481,1.8773840899167407,-0.1096929264761472,0.9834688192793268,-0.08625263195524231
spread,AAA,201804,52,0.9560094770699165,0.9809822631420709,-0.4095449500554939,-0.31383932382822505,0.1025356441560659,0.1346367284214121,1.909456703983339,-0.14233803227822014,0.9839577361574442,-0.10755904248448221
spread,AAA,201805,52,0.9772664260413717,0.9808735039812586,-0.8036369845470844,-0.753324368915062,0.38290788013318533,0.38073893842315626,1.9512043471286122,-0.1894559330623941,0.9889318706751011,-0.18617893276157646
spread,AAA,201806,52,0.8815845641594808,0.8659679431140267,-0.9171006573892255,-0.8970051495153232,-0.6629386152138649,-0.6773966354461773,1.9777035239646819,-0.1519722224609046,0.9905015557412366,-0.14346290108874715
spread,AAA,201807,51,0.9619909502262443,0.9627149321266968,-0.8721266968325792,-0.8552036199095022,-0.10895927601809956,-0.11656108597285067,1.967238515011666,-0.24763056149549523,0.9766613877342233,-0.1943496583258457
spread,AAA,201808,51,0.9726916901061913,0.9858141589436864,-0.8670588235294117,-0.8345701357466062,0.6675113122171946,0.6921266968325792,2.0118901216283915,-0.3129962773035988,0.9831511745550935,-0.1874181631463755
spread,AAA,201809,51,0.9659042062247283,0.9691388750622201,-0.940180995475113,-0.9169890723856515,-0.42470588235294116,-0.4426344488564739,2.073017906072193,-0.5215117577844706,0.9860989184267309,-0.20249215997855396
spread,AAA,201810,51,0.9660633484162896,0.9838684135643336,-0.935475113122172,-0.9007896108552265,0.5943891402714933,0.6452182177718729,2.1027273317337056,-0.49322200402485933,0.979066202254095,-0.25659155818707896
spread,AAA,201811,51,0.9184125987953982,0.9590026707859122,-0.910316742081448,-0.8466968325791855,0.2836199095022624,0.3458823529411764,2.127555368976661,-0.5101370416320777,0.9733341717635243,-0.26686084316691205
spread,AAA,201812,51,0.9148377764015849,0.9588198026970766,-0.6891402714932127,-0.556495769609076,0.4656108597285068,0.4742296036349908,2.1318899320121383,-0.48762239752737596,0.9669106462317069,-0.2563141116236468
spread,AAA,201901,51,0.9021719457013574,0.9557446048067405,-0.6811764705882353,-0.5225123314096601,0.21212669683257918,0.23281596476164387,2.1070453010267047,-0.49123871051345197,0.9624164316458595,-0.22226512692815534
spread,AAA,201902,51,0.9231639450150235,0.9724874438663728,-0.8802714932126695,-0.734841628959276,0.39574660633484166,0.5078733031674209,2.0419149306284705,-0.5261606596496436,0.9509760551958246,-0.29547677554598634
spread,AAA,201903,51,0.9186633184097457,0.9540466549945271,-0.865972850678733,-0.7597628859762878,0.2102262443438914,0.21539436195635078,2.033147565377376,-0.5620406268009849,0.954985535675257,-0.2192774602809552
spread,AAA,201904,51,0.8625339366515837,0.9239123059447437,-0.8277828054298642,-0.667662164473244,0.43701357466063345,0.5070250459452862,2.0013094634798194,-0.6140582896896386,0.9490455456226407,-0.2761723498908829
spread,AAA,201905,50,0.9181012752052122,0.9675622466713648,-0.5632172869147659,-0.3730612244897959,0.44364945978391357,0.5373829531812724,1.955534101726357,-0.6924582908154195,0.9446163258941324,-0.22214669082844196
spread,AAA,201906,50,0.915844318254815,0.9716673069535152,-0.3328211284513805,-0.1315277678114481,0.5758943577430972,0.6482268483704776,1.8894670606283706,-0.7568011778108156,0.9424819274024147,-0.24395555455898563
spread,AAA,201907,50,0.9030228819621329,0.9747406838263541,-0.18348139255702278,0.08811736178678616,0.3892917166866746,0.44860620916193805,1.7970644614400995,-0.7232167370881402,0.924895961288126,-0.3404487009070842
spread,AAA,201908,50,0.9071263936698419,0.9647273515879222,-0.5128931572629052,-0.28989891722442945,0.0019687875150060023,-0.016374942980541735,1.694485266339922,-0.8762249164213102,0.9082687486870574,-0.3407076424445121
spread,AAA,201909,50,0.938343337334934,0.9804552450797864,-0.5047298919567826,-0.2826546295998248,0.6781752701080431,0.7271417603466781,1.6354457617954634,-0.9909945598357118,0.905491686170923,-0.3484909863308076
spread,AAA,201910,50,0.9392302338897823,0.9762059115877797,-0.10261704681872749,0.05258103241296518,0.7306122448979592,0.7727731092436975,1.5521229607278875,-1.0356979199672125,0.8998731097337087,-0.3721032714915662
spread,AAA,201911,50,0.9186035354425839,0.9742598509303586,-0.10847539015606242,0.11467262122443889,-0.0683313325330132,0.05479123149794169,1.49921593011215,-0.9006776221099646,0.9015976675510179,-0.399939195785343
spread,AAA,201912,50,0.8594684148555306,0.8924532381855715,0.43423769507803117,0.5123415295957409,0.4748619447779111,0.5248751446697393,1.4814444960948032,-0.7209559495679254,0.9179364876121066,-0.4330701190344783
spread,AAA,202001,49,0.940303077911554,0.9822180272094612,0.7083673469387755,0.8019592339148788,0.5518367346938774,0.6333835048873461,1.4633612466140125,-0.8683444498353659,0.9337411059604813,-0.5939430996100095
spread,AAA,202002,49,0.9522181691406911,0.9897186012354243,0.6068367346938774,0.7190673002879987,0.6701020408163265,0.7321291912178028,1.4501389136460463,-0.8908235995687441,0.9458567710646875,-0.5703417856392446
spread,AAA,202003,49,0.9523202125601992,0.9598448900454104,0.8494897959183674,0.894767723957579,0.8586734693877551,0.8402765379402046,1.4275375953790008,-0.6645863028462219,0.9414645091345576,-0.4786161433354132
spread,AAA,202004,49,0.9120130618544635,0.9659166283994081,0.6055102040816327,0.719150998983981,0.6144897959183673,0.6386897627017719,1.4138346689650483,-0.5850155859190778,0.9466381560856321,-0.525127290760815
spread,AAA,202005,49,0.8928288989869235,0.9550487269758662,0.676938775510204,0.7898160669934039,0.6169387755102039,0.658384142666853,1.3969836631020978,-0.5898706100472976,0.9435987190536645,-0.5691963113483025
spread,AAA,202006,49,0.8619097428759415,0.9779835705903362,0.28357142857142853,0.5508303785052189,-0.22316326530612243,0.04887879794442383,1.412639659863975,-0.4408674641645358,0.9504107434142334,-0.4364906953292102
spread,AAA,202007,49,0.9085435855911849,0.9841573549670902,0.14948979591836734,0.38659149480678434,-0.8638775510204081,-0.8185412895849598,1.4716802266539468,-0.3990412644961918,1.0040834353518606,-0.49517631974936377
spread,AAA,202008,49,0.9483673469387754,0.9832393686711813,0.7779591836734692,0.8541544429933189,0.6292857142857142,0.6632822268032462,1.518148707932779,-0.19808657514356248,1.0091203893109628,-0.3800163472592501
spread,AAA,202009,42,0.9447370553439753,0.9959484644680335,0.7601490965075763,0.8708370472409044,-0.29713961591443155,-0.24236285552224293,1.5068338898421245,-0.1865011147364081,0.9932797175959202,-0.3072481541909136
spread,AA,200307,54,0.5816878863721325,0.9590988800137108,0.31396988755479316,0.8518010291595196,0.011854392986468456,0.46468458166571364,1.2201404271699499,0.44279531563957564,0.959664294619711,-0.0826779880685579
spread,AA,200308,54,0.5924260040337244,0.867307069362938,0.3206022489041356,0.8012121679984177,-0.10943396226415093,-0.1325760464483799,1.2201404271699499,0.44279531563957564,0.959664294619711,-0.0826779880685579
spread,AA,200309,53,0.3944525076600548,0.8338339348963734,0.08474439606515079,0.7063922431737433,-0.1737622964038058,0.16009837324598677,1.2213060613054405,0.48262261768475384,0.9680939460841957,-0.1652330378063389
spread,AA,200310,62,0.557200775603737,0.9632847321900734,0.21638840623504824,0.8007101306942661,-0.4546095540278512,-0.1037747727329959,1.2920084268372904,0.39171669684961663,0.9583375151154062,-0.12883494706215964
spread,AA,200311,62,0.43763692679610183,0.9674649341492283,0.17347838130492813,0.8712699252096398,-0.37251643121553224,-0.10291858678955453,1.2920084268372904,0.39171669684961663,0.9583375151154062,-0.12883494706215964
spread,AA,200312,64,0.49542124542124544,0.9528846153846153,0.20503663003663003,0.8543956043956042,-0.25586080586080584,0.18566849816849818,1.2920084268372904,0.39171669684961663,0.9583375151154062,-0.12883494706215964
spread,AA,200401,67,0.5367600842321998,0.9450369646587814,0.24419347114693915,0.8727751616250301,-0.3491898794796074,-0.2512570835661266,1.338728908414849,0.3313240012580835,0.9697270350470081,-0.16586510903360843
spread,AA,200402,69,0.5135962148206107,0.9071046237600247,0.2462550237486299,0.8330912778140539,-0.08622579466569237,0.14225559240264976,1.3601818892326822,0.3347018888642942,0.9635632217163549,-0.12818474766527835
spread,AA,200403,67,0.4729826801819779,0.9585258054372559,0.18337457099529098,0.8503756323317345,-0.35238247266342093,0.0867994931750955,1.3601818892326822,0.3347018888642942,0.9635632217163549,-0.12818474766527835
spread,AA,200404,67,0.6632944229595475,0.8963982841253798,0.493973980365552,0.8559741399952112,-0.13612419187485036,-0.12359326362838216,1.3601818892326822,0.3347018888642942,0.9635632217163549,-0.12818474766527835
spread,AA,200405,69,0.7725865234750816,0.9855220731706296,0.6070515162586775,0.9538172054424159,0.39455608330288644,0.4217102980297778,1.3679817782529342,0.3402495897610229,0.9617458331658841,-0.11148236784642933
spread,AA,200406,73,0.6771259980986785,0.9727561631468218,0.262680488707886,0.7595085115963282,-0.49058990497346666,-0.460157196092271,1.3830079208108823,0.3642446155946222,0.9590457729447077,-0.08874527742321257
spread,AA,200407,71,0.6059457738238421,0.9701110878563547,0.3323608316566063,0.8751393817166482,-0.18886653252850433,0.19980381806666886,1.3830079208108823,0.3642446155946222,0.9590457729447077,-0.08874527742321257
spread,AA,200408,69,0.7156506331233113,0.970651101611312,0.3785896967482646,0.792433183054829,-0.36090610157106323,-0.0989605217651753,1.391720975390729,0.3765708859709005,0.9682079210417742,-0.12780026747794956
spread,AA,200409,72,0.7035179111196863,0.9802395692238985,0.42504341115184263,0.886437816659318,-0.4320535082641971,-0.43180319966993114,1.4142142905459092,0.436966598357899,0.9643157833877011,-0.158571980979187
spread,AA,200410,71,0.7225915710479548,0.96605437674737,0.5013413816230716,0.8988598256203889,-0.055298457411133456,-0.012105969148222666,1.190432874354228,0.4842533273602836,0.947545722242679,-0.09354175566540136
spread,AA,200411,72,0.6566069892728517,0.9724736715170028,0.3124959804489035,0.8526501113700131,-0.36539327287928486,-0.35110257174081155,1.1793096785599197,0.4953793854680693,0.9416951912425213,-0.1266522363943137
spread,AA,200412,72,0.39753679929896807,0.9580995256853443,0.044954659463631114,0.8628920098999804,0.033153257444208634,-0.28489199380296926,1.211588501916382,0.5465681388523149,0.9421684614709591,-0.11592539172645001
spread,AA,200501,72,0.24564675620186208,0.9300661634367873,-0.28413402791176284,0.6563015009336531,-0.6085921924239502,-0.48886173438564706,1.2607608703051385,0.5538364095654097,0.9366005944754898,-0.12652975167334687
spread,AA,200502,87,0.47234917008636784,0.9247677327439061,0.02857767733469417,0.7115414407731543,-0.4207552671867026,-0.30695767076501235,1.24952495113787,0.5282758022143013,0.9268930396815643,-0.12295258797498655
spread,AA,200503,88,0.43189242976939274,0.9408294184299749,0.11947448134972354,0.8548596588527781,0.05339720333908634,0.19374353331354374,1.1288053313018296,0.4463343405354985,0.9255125271651884,-0.12531741688128548
spread,AA,200504,89,0.7233609698183051,0.947730416539982,0.2856996935648622,0.728595201722643,-0.29111338100102147,-0.2685660051352428,1.071812861030385,0.412012371533013,0.9121895377786644,-0.17205204390008708
spread,AA,200505,90,0.8417980968972428,0.924474407762508,0.41181215787957354,0.6663154516349588,-0.11012882248837305,-0.21728143035303002,1.045779606407241,0.4111752205867681,0.9012493927910176,-0.17220944125057394
spread,AA,200506,93,0.7038737714225527,0.8600353623145158,0.03989734713974515,0.3886379320235133,-0.25919847214347524,-0.18745547122422582,1.0623641183757269,0.4403559624436127,0.9080675289726989,-0.20350458668902258
spread,AA,200507,93,0.7219107516465453,0.8141891009796314,-0.022291187968129865,0.21021023263705763,-0.23895138909611763,-0.19121618599284612,1.0154338288213955,0.4229115528211815,0.8971339586691371,-0.13435762416078056
spread,AA,200508,95,0.7759304300325178,0.886390201224847,0.1840005599104143,0.42137495413354986,-0.07669372900335945,-0.026995153194802786,1.0086539883001286,0.4193995359740463,0.8864205308134461,-0.12429935861143764
spread,AA,200509,100,0.8053093628069546,0.8908464650258121,0.1528112811281128,0.3474830030506588,-0.010393039303930391,0.0729626095997541,0.9729285460146955,0.40650800516184343,0.8935219309296685,-0.10062011334266757
spread,AA,200510,94,0.8405093471975187,0.886609855447028,-0.20080916085684353,-0.039280708599866314,0.07212368601668895,0.10362391087877185,1.43376076025875,0.44177746594731476,0.9021155353329804,-0.09195848644280952
spread,AA,200511,94,0.807048598618148,0.8640613260251264,-0.5240255752627967,-0.37283482350523006,-0.1270454791749449,-0.12259730878907564,1.4660845171674095,0.4595809616703506,0.905587626139088,-0.06437547097959763
spread,AA,200512,95,0.7145056872266766,0.7337308961657022,-0.6893197088465844,-0.6153749246274489,-0.1792553191489362,-0.17002215223777886,1.5503828607649712,0.39259552972274286,0.9027395003816945,-0.04080630310628896
spread,AA,200601,100,0.6435397297802821,0.6284925588207261,-0.8634023402340233,-0.8648770291158606,-0.29744974497449744,-0.3221468457059112,1.5196032474211547,0.41262383420598586,0.8973790779668154,-0.020123862167229806
spread,AA,200602,103,0.5582528138948967,0.5745286101468985,-0.9053972054387834,-0.8702989302463208,-0.569088457939527,-0.5984365692013099,1.5153616305541753,0.43852587631973605,0.8922455243955252,-0.004314960716386365
spread,AA,200603,101,0.6504481733346975,0.5542162710345033,-0.7001747233546883,-0.6968752733086867,0.22578916715200928,0.08719531731470412,1.6999878705079559,0.3147001766444125,0.8904168464913806,-0.016438879480877865
spread,AA,200604,103,0.6845267187303644,0.6987089369565755,-0.7755534627315365,-0.7579770512738557,0.1047316498588544,0.12496396223076377,1.6981293493421032,0.24715378802113463,0.8892435121711568,0.0033441867739561967
spread,AA,200605,101,0.7306947476380542,0.7578082910142578,-0.6529062317996505,-0.5987582777549568,-0.2599650553290623,-0.2591134382475587,1.6135630457758339,0.20946882783345405,0.9016596993999055,0.017096051208747656
spread,AA,200606,130,0.6082495767009614,0.6113433414684146,-0.644682632130812,-0.6179958486401331,-0.30381720877987717,-0.31459004755213876,1.524311072698083,0.3913098993481772,0.8808958416374418,0.03342327407929696
spread,AA,200607,127,0.6031573059831764,0.6846036105908111,-0.8549282902137233,-0.7601191078415889,-0.2586883670791151,-0.17779164343031933,1.508167772476142,0.33771204323726634,0.8929340644417579,-0.04062048558833472
spread,AA,200608,134,0.6267517735795701,0.7599329139421461,-0.6859511963989576,-0.4891991242821685,-0.21744660157857332,-0.14346386161733826,1.3630710184077002,0.15466285849414013,0.8705368478966276,-0.07233557447984018
spread,AA,200609,128,0.4693085739549469,0.7615723023068108,-0.585006180186779,-0.1706340407235306,-0.16906244277604832,0.05916511325510037,1.2755709863589664,0.3610342993376472,0.863716427745236,-0.00215467830741514
spread,AA,200610,164,0.6743543057292973,0.7693964168634944,-0.5827105409927495,-0.31154212135170195,0.023946784922394673,-0.011984429764556501,1.160814994749445,0.31964011445250423,0.8588277597195301,-0.016629723419281883
spread,AA,200611,164,0.44110301269844676,0.7747779734635207,-0.6595840191530749,-0.2670436575550302,-0.3111286439133214,-0.028225342957324016,1.0732895745360183,0.22081094657297315,0.8447733533705929,-0.0859444927028146
spread,AA,200612,159,0.48142550390302685,0.7463164031059327,-0.44626522569859095,0.07533605513117755,0.009738476235968473,0.0144408535574822,0.89352851474355,0.5095028508197503,0.8078229488699936,0.035561641697416733
spread,AA,200701,158,0.5352295443629418,0.5035214079922411,-0.3871811293372419,-0.21410376065502076,0.02510500350645537,-0.1724957576020691,0.8602138566901036,0.6037656347828753,0.7874719329325264,0.05797723629147159
spread,AA,200702,184,0.3102204088637901,0.5791031808695632,-0.3468205197357015,-0.010281211458040862,-0.21863381556895456,0.021477464220666587,0.7765339831619918,0.794098293742446,0.7480367314179489,0.18015059744290032
spread,AA,200703,185,0.617640926923292,0.7997403372786738,0.06238678518005381,0.48413681805925846,0.34270040118858386,0.3588812449564065,0.7273513211645287,0.8257481831173579,0.7248868355052249,0.2754565541779799
spread,AA,200704,185,0.5391509291538097,0.8128249049436006,0.08047079337401919,0.4870850247415823,0.07116106288616807,0.38398413236949347,0.6703372633150312,0.7301639955830319,0.6741582027419469,0.37844762880039634
spread,AA,200705,188,0.7638076921397559,0.6844437240343977,0.09217510343918353,0.26818927632546863,0.28381075189585825,0.026173088786961885,0.7393442791609475,0.6880073204855152,0.7201127420421127,0.3792273070544184
spread,AA,200706,184,0.8150139833313685,0.7968213681454217,0.5862844995688008,0.5962888529855308,0.6126382715794433,0.5725505722204602,0.5819933513337474,0.7144312485442514,0.6008446319079322,0.6770748346289635
spread,AA,200707,184,0.7693919931703154,0.8023819121626689,0.5497982602902324,0.5991235848095596,0.5216558356187387,0.5526819568636006,0.5914741558737004,0.6999589372629085,0.6050487998937284,0.6732785925591885
spread,AA,200708,186,0.5610121573030094,0.6846531491466683,0.19932117730979212,0.3768161889159172,0.15016247919473724,0.29011560575681555,0.5716460632317932,0.5272074202750424,0.6027634578679834,0.48539060641637194
spread,AA,200709,192,0.6598098864854532,0.8011564011106727,0.4148129560806229,0.6099576725606847,0.344803732740146,0.5090898455696421,0.5493350393447987,0.5957829548540835,0.583718787236686,0.6483164860448398
spread,AA,200710,183,0.6856038465836638,0.8308493415998576,0.4735978209948154,0.6805547396711612,0.34026396549390286,0.4850075388237472,0.532423905639209,0.5809613093282746,0.57559148098615,0.6766989427128032
spread,AA,200711,185,0.6956750412648883,0.797225057311267,0.5566127136954626,0.6972267275574154,0.5023122701944582,0.5931947763332716,0.5180543213585,0.5502849424256329,0.5664342481490767,0.7626328504358937
spread,AA,200712,186,0.5852394264408478,0.8288266824958519,0.37978917333756046,0.7417185382377881,0.3870473544097832,0.5809804833046542,0.5167405019542237,0.4846966065818927,0.5813894570739443,0.7173428312913158
spread,AA,200801,178,0.47803256747807676,0.8150813075871062,0.31071602216763183,0.7186883592667619,0.2519349865787735,0.6299246107830433,0.508254439102703,0.49843348578234914,0.5874694213193042,0.7786703639109274
spread,AA,200802,179,0.6167400650662019,0.9127564594137383,0.48474881258761743,0.8780857796182028,0.5013642165170631,0.7129312820539153,0.5413702051086885,0.46896428386596384,0.6182678620331051,0.7176025895092327
spread,AA,200803,178,0.61413918315072,0.9034001171383429,0.4213882112372318,0.8815049703468458,0.5735699185789566,0.5406439127393853,0.5044313488019959,0.4518243596528521,0.6058526908603705,0.7216738515846645
spread,AA,200804,177,0.5118627617019216,0.9244766799237208,0.18668089195131662,0.7721846751820232,0.18109537577258014,0.48236695687288744,0.5205204069740977,0.4837542636522934,0.6165108494434217,0.7827906957926948
spread,AA,200805,177,0.42627965482752794,0.9558881053062751,0.23182813663198354,0.8849106796537579,0.2552955281245131,0.8110976997314278,0.4238593480531341,0.42110472299560553,0.5637201934915216,0.878667195437763
spread,AA,200806,178,0.673078160901132,0.9301609542470265,0.4694301378082813,0.8897596411645077,0.5122674159431192,0.5301065613539356,0.624475676894274,0.455439661403513,0.741404908308936,0.9121042630377295
spread,AA,200807,176,0.7414169962971875,0.9555687872107349,0.46580453444860226,0.8329375768729991,0.45141536429672025,0.6115832368040892,0.6077662968580249,0.5204259213089428,0.7067533746785979,0.9072700003009729
spread,AA,200808,176,0.7805788591787725,0.9691518392949703,0.5557252916574951,0.9081695095102553,0.6680343385428131,0.7488372195422488,0.6525281085152932,0.5824429680023453,0.7285493906216164,0.8916619244855839
spread,AA,200809,173,0.7150004780277861,0.6288093746759883,0.5480158159930656,0.5124437666454068,0.5100935887749095,0.3412173985606936,0.6731320116463054,0.4908873788180386,0.7495835750254232,0.7844452877161461
spread,AA,200810,172,0.6624589422623263,0.8231361182588659,-0.07800756091061098,0.25302681639977104,-0.10123507451246748,0.07934489286836392,0.7001469776634559,0.5240583620079995,0.7671995370734868,0.7490770304601833
spread,AA,200811,173,0.7010845695391202,0.8583583308092912,0.08741441888277532,0.5331191771232153,0.40776708029907627,0.3994442136410398,0.7209805827345802,0.5018201791774993,0.775538380150171,0.6177869635320749
spread,AA,200812,103,0.6042278155028035,0.8957513055798093,-0.36939331371084655,0.14551614878407,-0.47860563194658,-0.49140186762109084,0.7867937105370865,0.5665654413740048,0.8170612365020301,0.5017073030257722
spread,AA,200901,101,0.6106150880423191,0.9206661677339654,0.06889924286546302,0.5866178992974764,0.21666860803727428,0.4748179231759304,0.7655464138431726,0.4869845451101828,0.8045249431212678,0.3929334236069625
spread,AA,200902,104,0.746740638002774,0.9137624760744336,0.2896297876880401,0.7348966974216238,0.5715352608556492,0.5544999173231426,0.7586117008546395,0.39747009885561074,0.8528189903622564,0.30805740838469187
spread,AA,200903,126,0.7464439338434298,0.9277628129409959,0.29928158980127484,0.7328953880764905,0.43421672290963637,0.42585376827896515,0.8596121864432347,0.41314578294731713,0.9087356950892652,0.2017879549302217
spread,AA,200904,132,0.7478241813388379,0.9380177848695695,0.007242255534742476,0.3731279619001598,-0.37519370946450087,-0.12048874853097409,0.9346616712121181,0.27403927032737113,0.9282487378920451,0.09732692988909916
spread,AA,200905,134,0.5797468291314157,0.9363977336235327,0.009444008030025314,0.5817782355375323,-0.5056727710733131,-0.062105899736713883,0.8417160837460967,0.20743870414350374,0.8954058084777482,0.012196271022160978
spread,AA,200906,129,0.4765498561899659,0.9291951542662916,0.11107446332737031,0.7896349218359386,-0.19418045617173527,0.06435337755329688,0.8301510870146389,0.10094130236676505,0.9204497999033647,-0.019198940124981762
spread,AA,200907,131,0.4172401874238854,0.9132396569150432,0.030945390487375216,0.7710371297660779,-0.2857257246570224,0.2068360829454945,0.8991833375337615,0.022065583109456898,0.9303781816940421,-0.04340780156306453
spread,AA,200908,132,0.48523633859109944,0.9276543122921599,0.1001340965181865,0.7809801842140399,-0.0715772776841479,0.4140431066085278,0.9612591515519963,0.016375099057173246,0.9461051709015329,-0.06533961598983472
spread,AA,200909,134,0.5811668474669262,0.9493260514470256,0.2187334006658437,0.8195339094003666,-0.2011222085063405,0.1383134453048043,1.0111493408515368,0.03602242778796905,0.9593870196252418,-0.0676561330022237
spread,AA,200910,138,0.7262359628168484,0.9844139743401502,0.4008936297486923,0.8575626328515097,-0.08868487564756192,0.2847126297692407,1.0970824141975515,0.0022321989857363804,0.9624020912157267,-0.11438642047548665
spread,AA,200911,141,0.717401844063121,0.9508280587530431,0.5133010830943104,0.8932797779017251,0.3043751872939766,0.5056964186145481,0.8461953821277812,-0.009083033977145426,0.9000179133206347,-0.05411156568823205
spread,AA,200912,144,0.6205502382261509,0.8888607559343319,0.3956434370227473,0.8118270710903561,0.11257937464834017,0.4202994948168933,0.8049281961852,-0.030301223957285066,0.8896779454761914,-0.050500115481590405
spread,AA,201001,141,0.5572152828123337,0.9611924803747124,0.3560169527805129,0.895466191761527,0.2398261911896913,0.6753257316804111,0.7653055437347605,-0.055976757099452996,0.8717972976936659,-0.0921507012187041
spread,AA,201002,156,0.6311611113192287,0.9819806008152272,0.47267152407896185,0.9489899377069967,0.3612081364290117,0.6779409475314546,0.763696172659921,-0.0695893315085085,0.8744600612366629,-0.09631472917142304
spread,AA,201003,158,0.6937467863790014,0.9901027904167752,0.5344066179971674,0.9460141962229401,0.22776139065563872,0.662442687242726,0.7749065553180614,-0.056739796424346706,0.8838344579295332,-0.08776221573258412
spread,AA,201004,157,0.7134378159130236,0.9523362095041332,0.5682341120944684,0.9087440209017753,0.19080371374171262,0.3760836027324256,0.7921085477797914,-0.05966724727988447,0.8974455404359825,-0.05389664784401542
spread,AA,201005,159,0.6549105190336276,0.9327247025397044,0.5208293527585384,0.9122940052543588,0.334517554334846,0.17590458562216385,0.8044830050215732,-0.037908192870855145,0.9033478120588179,-0.03628268583471654
spread,AA,201006,156,0.6337537210996914,0.964576894415344,0.39836575998482715,0.9041771177598462,0.19292566894785917,0.38974315206565424,0.8037039950650363,-0.02648440330089969,0.8915234665191543,-0.018036700209502744
spread,AA,201007,160,0.6792497053727842,0.9664668535896153,0.40989980077346766,0.8580429348142865,0.07847181530528535,0.42751994281033884,0.7991624787665089,-0.025174902644187112,0.8899721076338921,-0.01775380349549576
spread,AA,201008,161,0.7108633984125682,0.9579600800845015,0.5134633080285255,0.9070254781166385,0.39114331723027385,0.4911012431744006,0.7780747091902984,-0.020621715078706058,0.8805548184658869,-0.008277211208135602
spread,AA,201009,163,0.7974819989394752,0.9725061723947784,0.6052698666045966,0.8981452360409473,0.4274056339745401,0.6473080498729478,0.7705396717401778,-0.01848368086360816,0.8775271001929527,-0.009279005752935112
spread,AA,201010,163,0.839461956721482,0.9816580939023155,0.6616733447498074,0.90567263769496,0.49878907787032883,0.7225723679386455,0.7449672495882806,-0.022226202517056582,0.8771141819267605,0.006402549478739971
spread,AA,201011,165,0.8602730211310877,0.9844862717966772,0.7416477439692253,0.9442663854531436,0.6053001362434217,0.6637182858163302,0.8300727012933665,-0.005329530755602306,0.9124142506273233,-0.030099472627959756
spread,AA,201012,165,0.787727122762868,0.9701492936044954,0.6017578072823445,0.9108754307696418,0.16892314268159114,0.45829615579835975,0.8926703485179451,-0.01249703634764292,0.9237055849084639,-0.03392063588381669
spread,AA,201101,165,0.7635246730992227,0.9938162727066693,0.5888146822322551,0.9457002453729023,0.3960115406192397,0.7301281357740809,0.963491975044344,-0.00042700024666636634,0.9309099785396836,-0.012524344377355117
spread,AA,201102,174,0.6992614241784018,0.9914610130386293,0.4885549132947976,0.9332503392753808,0.1037945271790199,0.45617953596609573,0.9952569682966688,0.030007364026275532,0.9346735320663283,-0.00024880024202586314
spread,AA,201103,173,0.7636583818372978,0.9958721597921479,0.6116622089546705,0.965498060371886,0.52037722904914,0.7232121076932667,1.0266102789783933,0.06853086478412652,0.9311215859156388,0.02071427975867406
spread,AA,201104,175,0.8023000460704605,0.9645867993440871,0.6395835199283476,0.9308412407781388,0.4570353784146888,0.6105484951002146,1.0581742730944188,0.07638381719073872,0.9263791462918395,0.012310384971822436
spread,AA,201105,177,0.8028431829237073,0.995385073173371,0.6081395751458597,0.9483404396677129,0.4810469001575458,0.6286197805504313,1.194163154068204,0.04573197433429656,0.9282965828890866,-0.027183727878071866
spread,AA,201106,181,0.8607656802354644,0.9841428048146312,0.6650152793799201,0.9218540272065349,0.644028899277518,0.7113091247795644,1.3202224711256803,0.12462829546482049,0.9365195097520996,-0.032175007272089357
spread,AA,201107,181,0.8766562594715835,0.9838341645948372,0.6013579422419201,0.8951058857586541,0.19739946977516037,0.013746403395483721,1.3816645716152571,0.13280654892321336,0.9401477102870204,-0.030084989364323078
spread,AA,201108,182,0.8570130423396566,0.9693205066265151,0.36317681050947964,0.7208109247322857,0.06254708971854157,-0.19668776521463757,1.5178556402421521,0.13447690514558475,0.9499232910179013,-0.033655318883110324
spread,AA,201109,182,0.8624511747181033,0.9743258744316549,0.15699625073775964,0.5755637346650814,0.32676109326775027,0.0823018767272024,1.5697361927424356,0.15902170345588457,0.9494824205453057,-0.03243553770926684
spread,AA,201110,186,0.8468589939060438,0.9718213199412676,-0.284705509373441,0.08808758312792189,-0.20569912676174534,0.036041042702478446,1.6588664562243771,0.21229248904456935,0.9550061690758326,-0.012983558731510511
spread,AA,201111,160,0.8524683341831982,0.9740717763336093,0.12882339153873199,0.5481367869963376,0.5487782725887729,0.510931123086463,1.6810237209136787,0.2702575643742055,0.9584778014877442,-0.007086392049583826
spread,AA,201112,159,0.8191258943254504,0.9546890615375422,-0.3164765942202054,0.09224283922077359,-0.5741879627418199,-0.513686407193578,1.7141040257455464,0.29674756622199383,0.9615116123839182,-0.011134988822365896
spread,AA,201201,159,0.8169399457698311,0.9448746377360475,-0.282406854549797,0.09321574697846989,-0.07236386434201099,0.11660514181578226,1.8493664907845064,0.3531206638499432,0.9746312069680401,-0.0038896274722655453
spread,AA,201202,160,0.8594574006797141,0.9579030790808928,-0.385693777100668,-0.05100206697835511,-0.44142446970584787,-0.2696036997596057,1.9512708579288014,0.46027740487859187,0.9791022611908804,0.0036801374309090007
spread,AA,201203,161,0.8451380586743462,0.9492458514824827,-0.06701748332183115,0.27341269841269844,0.20202438463308028,0.408100414078675,1.970820400239324,0.4948819201123455,0.9774944607166552,-0.00977830962845771
spread,AA,201204,158,0.8549816081962193,0.9430119835860689,-0.09703830022864218,0.2597349847914789,-0.211462838418581,-0.24826179322249156,2.0082984268354633,0.5193417935349549,0.9804128480205485,-0.009591618914455194
spread,AA,201205,169,0.8690858666190995,0.9379076212788743,-0.3429615633235543,-0.04499657525309933,-0.32833523942121234,-0.44796684397484265,2.032677491181294,0.5110709341989593,0.986048609558947,-0.0026677594192665967
spread,AA,201206,172,0.9271211593274055,0.9810469739784472,-0.5874091735589815,-0.3519846517669769,-0.28955268935883194,-0.2301326992478987,2.1152601803001962,0.5363716652546474,0.9911681222071976,-0.012837510097311272
spread,AA,201207,178,0.9015833668033748,0.9665920508635787,-0.6363916849038598,-0.40807083525111076,-0.7585987877807793,-0.6834825026407017,2.2284165770645306,0.6172867794022449,0.9977364266391096,-0.00532730301158456
spread,AA,201208,170,0.8814434720921579,0.954863880235348,-0.38040681236680285,-0.08810549552588842,-0.011471595801198088,0.1423066001881322,2.3235667171387218,0.6428264637744743,0.9934420657130714,-0.018401512193313773
spread,AA,201209,177,0.8573928098038401,0.9441733613873668,-0.49224822977441524,-0.22999877187725912,-0.02723290801752047,0.08996028347472206,2.3333271991764004,0.6954736902601004,0.9919851134586306,-0.0032205272125228127
spread,AA,201210,175,0.9205720113888566,0.9705149362179495,-0.3840483654276758,-0.13584206878878732,-0.4213815494849978,-0.3403183389146097,2.2688736735244315,0.6783765043216133,0.9878572436815952,0.0016932204461889873
spread,AA,201211,177,0.8734031001786497,0.97856623087269,-0.046218469209328095,0.3125371277086797,-0.12800592095012206,-0.013576433034876885,2.054075150559148,0.49553556906584895,0.9790928936564733,0.013459502046351912
spread,AA,201212,173,0.8768516292032521,0.9418231122242454,0.12030028136892706,0.39110278281560534,0.22469649702638936,0.3100722371630825,2.0141492404862364,0.5351639012176551,0.9824880904328217,0.010035046543546299
spread,AA,201301,173,0.7667133876874499,0.9583148882524207,0.203088568634086,0.6097569596351875,0.36879029902981036,0.6815339732141515,1.9247814697100445,0.5637066393520822,0.9776156741693518,0.023188725465937646
spread,AA,201302,180,0.8977329021127879,0.9803198354680486,0.3713303908556848,0.65057013135227,-0.1437101968167742,-0.06570477041966749,1.8658700015678542,0.5738929921360315,0.97268916204451,0.022843100149814326
spread,AA,201303,182,0.9101296317769922,0.9812715854010531,0.4978218050403541,0.7291139265704492,0.23733019086700818,0.25824337969239725,1.8126875266026312,0.5683942715445737,0.9715752246531703,0.04487165646397477
spread,AA,201304,175,0.9246209833302967,0.9774154598162412,0.38897223466188985,0.6029825347066726,-0.4435669502910883,-0.41474921630094047,1.7814131914901024,0.5993984471273247,0.9704021944626641,0.053369046067725405
spread,AA,201305,177,0.9235853185747112,0.9879324737927768,0.6848262668582609,0.8587779816831427,0.7433216183930335,0.8497861879122592,1.7500649138782596,0.6351135560877421,0.9675443904560328,0.09304289219698147
spread,AA,201306,190,0.931156304647322,0.9868597794742842,0.7560378940536592,0.9067142668452283,0.6984130038941841,0.6808017964674199,1.6970326818949477,0.6547586971179366,0.9587952938671909,0.07683804402579801
spread,AA,201307,193,0.8860543124736395,0.9720988365302933,0.6327639385433097,0.8397982710744243,0.42005819837109976,0.5716248275981669,1.64187109438085,0.6445492161882695,0.9524048249105184,0.0817948505344789
spread,AA,201308,194,0.8508024321566178,0.9853989015175538,0.6380387306726711,0.8957692426237971,0.5037723987459578,0.6921053118177094,1.5922620153328733,0.652644816370917,0.9508388322720465,0.08645090948971919
spread,AA,201309,197,0.8621690016718493,0.9755653090095066,0.666847172648478,0.8980061121002058,0.38540381542557034,0.5614521807518175,1.5727022823223296,0.6760600426650836,0.9575658446813856,0.08940780266911799
spread,AA,201310,198,0.9190618988891839,0.9889232177243839,0.751020909809778,0.9035922230666641,0.06103042516072132,0.2252806394077409,1.5743336501659104,0.6877077217823042,0.9598657953905292,0.07305944100756684
spread,AA,201311,200,0.9204571065991447,0.9880806930778468,0.7725478136953425,0.9115251299502366,0.4690992274806871,0.60631388521488,1.6604615654433663,0.7693845229498795,0.9628431526012614,0.055419214187327204
spread,AA,201312,219,0.8926678541117188,0.9844147868872463,0.744062974853474,0.9156554307972289,0.2012670375998264,0.3347727943299903,1.66423790242588,0.7654247673126536,0.9565915929355425,0.057123848535518655
spread,AA,201401,216,0.863368317330761,0.9847372148498673,0.6931578132628394,0.9217892827847813,-0.1747901261029543,-0.11997239782858721,1.7311328788630893,0.8361959242935518,0.966955727534355,0.01297180395943859
spread,AA,201402,218,0.9147444673789431,0.9764731569396066,0.730743993203098,0.8822442312275741,0.023748037406127055,0.10964534562838521,1.7771907433732355,0.7994579086798638,0.9742009736636801,0.0023070245639149403
spread,AA,201403,215,0.9222130722954298,0.9953965238172088,0.7553744355091888,0.9176398353257217,0.03958076746600981,0.09029383122863295,1.8446191142526616,0.8045459480046493,0.9765656614995741,-0.0026829572517117705
spread,AA,201404,214,0.9009585505651285,0.9707294733923564,0.7153539799982245,0.8768239321206582,0.16215274695335674,0.20656465565021945,1.879925300927663,0.7992541461838398,0.9753284912284148,-0.0009573781057935387
spread,AA,201405,216,0.9219351527592631,0.9907044881625814,0.7258576548899128,0.9048730155731625,-0.12360590147536883,-0.1300411532438064,1.8995627220208124,0.7947914413367814,0.9757105660797422,0.01626129358839469
spread,AA,201406,231,0.9212364066328053,0.9948003131886656,0.6999347728733037,0.8775447122657563,-0.1414532993243638,-0.02791236970383311,1.9846494018124323,0.8292370527726182,0.9965593292566198,-0.03598817598466825
spread,AA,201407,234,0.923895597234881,0.993179385212776,0.6718894656617239,0.8596442468700106,-0.31278679619470423,-0.2796419382131527,2.1045789737991214,0.8035563501502753,1.005729462714299,-0.08504197633597907
spread,AA,201408,236,0.8885808144867451,0.9931262881366647,0.5198017045013625,0.7880839004943031,-0.7373397179858217,-0.725414388726914,2.2213011636458546,0.8014162411323561,1.0115268890394797,-0.08499179093474969
spread,AA,201409,237,0.9000307847227664,0.995549283421111,0.5143340322612633,0.7719013654571726,0.2661364910692876,0.38468616619826074,2.2754393509320505,0.7709348913693841,1.0108745390206402,-0.08384496451486964
spread,AA,201410,235,0.887672488145392,0.9696824061561266,0.48209289208207345,0.7284151133396467,-0.5083377255032501,-0.4584987912273699,2.3860326029305323,0.8230845143421702,1.0115551160121974,-0.06949532624069418
spread,AA,201411,234,0.9036197415764284,0.9774517301111241,0.4368546134412266,0.695403554343801,-0.44648071010960255,-0.45118824262980395,2.4901092473679842,0.8925719378875974,1.0104321697555323,-0.09458600165714032
spread,AA,201412,236,0.9009826235506874,0.9633567471027852,0.11839209009115931,0.36350033197705645,-0.6824889189152177,-0.7273320699440255,2.5741257434926026,0.8386042956705096,1.0126739555469455,-0.08766075340061293
spread,AA,201501,231,0.8662103516184366,0.9710935613761597,-0.39749897778383536,-0.08371380527199129,-0.5631009170739306,-0.6095061884350731,2.6684585241365815,0.8441263271388353,1.0107792204187906,-0.07412139308779869
spread,AA,201502,227,0.9037550641870203,0.9637365447377068,-0.34495628568907755,-0.09578749933020181,0.2889986847747805,0.42024928294780545,2.76231787913716,0.8464026023005882,1.000668471252523,-0.11358498298509757
spread,AA,201503,229,0.9073230151844583,0.9877701380522015,-0.2514514404484727,0.04582063112545301,0.013336264526895368,0.10337871445135899,2.8316545865331144,0.8068194803627172,0.9991513373109555,-0.10184171938787684
spread,AA,201504,246,0.9064619198045802,0.984931136654811,-0.3095459098026491,-0.05164861562077555,0.43677902878343,0.5776712216139569,2.9069217397930918,0.7327700494850794,0.9978099432349631,-0.07317464749425129
spread,AA,201505,241,0.9378102393797253,0.9925705358650945,-0.3581967353657282,-0.12472065078434984,0.4735400020575426,0.5564917146317135,3.010423293788706,0.7434342419104131,0.997445250252796,-0.06562969627334844
spread,AA,201506,251,0.9162802751371208,0.9742693204912025,-0.43379396698918615,-0.20642490066409763,0.1720440144185164,0.25420186560737396,3.0699494579327067,0.6839674734930389,0.9891445213727348,-0.0836253779148941
spread,AA,201507,252,0.9342377042527799,0.9940908115223343,-0.44585220195821285,-0.19352504431290443,-0.28131029430180654,-0.23453778369780115,3.118786096942335,0.6402278513828799,0.9852502825438326,-0.08698093623141621
spread,AA,201508,252,0.9480053390947534,0.9923876548256022,-0.6504717062485987,-0.4634424159991886,0.2684597578067179,0.28992947826565,3.216892262732992,0.5912145383895245,0.983967003842408,-0.10042487990506534
spread,AA,201509,254,0.9331421793502407,0.9918775244861996,-0.7322344007161856,-0.5317288198409904,0.1663876007593912,0.23166060629194984,3.3027646932341126,0.5353465619103712,0.9791513517848056,-0.09954208407023299
spread,AA,201510,253,0.9597932120742307,0.9941103970803398,-0.8390272856209181,-0.7125789713642577,0.15926615892381044,0.20277061823458728,3.3263459560683546,0.4072241168391225,0.9810363467260818,-0.11166424068652069
spread,AA,201511,252,0.9482659391922765,0.9907336186730707,-0.8642088900186943,-0.71674328803253,-0.3630432158060774,-0.37010977573480736,3.3482592356810237,0.330134483334524,0.9788535512813716,-0.1277429357135118
spread,AA,201512,258,0.8898748813649002,0.9309609258339219,-0.866023759970009,-0.7165930025603653,-0.25335361603572626,-0.2940964889469089,3.333803026620758,0.2643187033157,0.9732343329044492,-0.1315205055439763
spread,AA,201601,251,0.921887218995724,0.9862547460316868,-0.767727565926769,-0.5445611819729184,0.5217916903813318,0.5362579963657969,3.23897692041461,0.24557371512419943,0.9649839113438439,-0.09088346628413248
spread,AA,201602,226,0.9520168207036966,0.9902911813915436,-0.9048572505295439,-0.7774592569071107,-0.20591010097072238,-0.21984246991549047,2.9997722254788632,0.14373900775360496,0.9614661987576558,-0.10081964059778213
spread,AA,201603,234,0.9276323938360254,0.9867972819547337,-0.8838583995373331,-0.7424730933575057,-0.12859005968311057,-0.02117784680348093,2.8583371477439248,0.14599096160456318,0.9635707566562439,-0.11555587089535298
spread,AA,201604,243,0.9421798042576401,0.9826196187062182,-0.8009804954663374,-0.6521967026963376,0.0420415447737852,0.09930474842261873,2.74912682495983,0.14166311070109106,0.963597181603927,-0.11515630360291808
spread,AA,201605,244,0.9291732400010605,0.9916770580393368,-0.6411335390258106,-0.4213411711406978,-0.1424284103441012,-0.07214573793461722,2.6518238524428432,0.10000136147414686,0.9724226353589309,-0.12486496291391952
spread,AA,201606,252,0.9258029955512455,0.9889311109580826,-0.7506072079084378,-0.5383476587207044,-0.10151826347911573,-0.07880489749549224,2.5846011159769247,0.04850912591159913,0.97881844406579,-0.13006760242886345
spread,AA,201607,253,0.9473143073767868,0.9921893076776803,-0.7303894325462282,-0.5601092997412599,-0.1334099541905088,-0.11690811411646779,2.5067198196989406,-0.04920565923247056,0.9779883299210268,-0.1402042499962065
spread,AA,201608,257,0.9425054143665105,0.9896786597156825,-0.8229564914939823,-0.6739566324178253,-0.4441842084426748,-0.4089346647836067,2.4564780971789912,-0.10366992768579593,0.9762895426805053,-0.14608933434849816
spread,AA,201609,258,0.9063954300932238,0.9814035950757638,-0.6653542770636246,-0.42165088278311913,0.23288061773266733,0.2844362487352167,2.4091599411031575,-0.09305853625230905,0.981661743135914,-0.09943382111711822
spread,AA,201610,257,0.8847692892031196,0.9870479100437859,-0.35565997986607545,-0.05511679374743122,0.5076145541127499,0.672893380707225,2.3496111462627853,-0.13239238854154364,0.9780464124582583,-0.10776269897987215
spread,AA,201611,258,0.8721817173072949,0.9882775425953312,-0.12708890231286396,0.16835944753784615,0.026581916275156704,0.24227278039499295,2.299915087549898,-0.13205847208454635,0.9835665612903163,-0.09271354722855485
spread,AA,201612,259,0.8504754264339704,0.9875777298440218,0.01861086744807675,0.4088979370537054,-0.3077344402925798,-0.22213415802893652,2.233745643809336,-0.08350892033058775,0.9823325296134638,-0.08921488807104622
spread,AA,201701,259,0.8248256932148664,0.9882430421697384,0.3086965831151878,0.6904020100792572,0.34352090398602025,0.5559067575214891,2.179945247212467,-0.0713894109284503,0.9825647443907839,-0.10217530079468212
spread,AA,201702,264,0.8721603508285054,0.9929637976518572,0.1408428933861174,0.5009269304868993,-0.453511729679317,-0.39947589703659153,2.214974799668206,-0.08711338938725109,0.9953950471715279,-0.0647125663754858
spread,AA,201703,269,0.8749318770859662,0.9723147825057674,0.20473222487315587,0.5233109832637381,0.05826012440893426,0.1315592194656218,2.1715614147127322,-0.08804369190017042,0.989793755483769,-0.06418379152456369
spread,AA,201704,264,0.9215532465382944,0.9951766902837126,0.269152606486705,0.5624276065558026,0.040821371038746744,0.0046693771815902105,2.1165440302247127,-0.021778950677414175,0.9873954978729501,-0.07121777665157558
spread,AA,201705,245,0.9298539518248844,0.9934032065349201,0.10725913716146196,0.3986790544100069,-0.33945768631322987,-0.39446235911181105,2.080691389600431,0.009097899186271186,0.9790217754620095,-0.08771401217636304
spread,AA,201706,254,0.9032043926253835,0.9919580552726689,0.05666032620137781,0.3835131064957776,-0.3494580092159486,-0.2611610518306398,2.046652323391472,0.015898458681093693,0.9728161668064401,-0.09061413373355191
spread,AA,201707,255,0.9192160924087901,0.9927544924380285,0.28373885479388605,0.5517788783934953,0.44868790528022234,0.5056936628829815,2.013188645816489,0.011395945615990406,0.9712347392330349,-0.0690444994093791
spread,AA,201708,256,0.8922904268334129,0.9801065608831061,0.2871988727397573,0.5638522477935499,-0.06698043030441748,0.006551497780267663,1.959998385867864,0.041708861878625596,0.9714754197736211,-0.07534893056977203
spread,AA,201709,258,0.933263550164158,0.9788885618287708,0.25074514125278763,0.44643486965135937,-0.049665485644130106,0.03602889732653993,1.8977975779933238,0.0697363220120085,0.9648399487080941,-0.04825785478202573
spread,AA,201710,261,0.9186326240696527,0.9874809264382305,0.222650360081263,0.4637848819381096,-0.36923893083182524,-0.2874892915956088,1.8617510305144165,0.03767964829569541,0.9632505890176938,-0.05738659377847171
spread,AA,201711,264,0.9177683861822701,0.971850361219528,0.2316632861363473,0.455721184076368,-0.5711555823027002,-0.5957918747957928,1.8378449866234579,0.027892858099991577,0.9643099342949749,-0.06603436518782047
spread,AA,201712,239,0.9000537738828654,0.9642166248661743,-0.02086732640978884,0.23573626268502146,-0.5588618892755949,-0.5332515262501493,1.833563953239635,2.9069315829595108e-05,0.9717804834798904,-0.09778011595639031
spread,AA,201801,243,0.9165808221037605,0.9742483868394738,-0.24183213154897207,-0.03006482516267188,-0.32173113817425786,-0.2539540631011003,1.854297662716975,0.010293104692542515,0.98052100526211,-0.12546095135214022
spread,AA,201802,249,0.9139213020281619,0.9884361667937316,-0.018307034589972796,0.27916853948932036,0.17780648616527467,0.18448070144186482,1.8489401625347142,0.028730547525380293,0.9769313016131437,-0.1356982811423662
spread,AA,201803,247,0.8823619936981121,0.9724777491504393,-0.12857356730809044,0.22862414639868153,-0.30675501772648645,-0.3620966006397944,1.8865824059685639,0.03681498703404687,0.9792856240242407,-0.14449448488900588
spread,AA,201804,235,0.8996733829490913,0.9777239052329317,-0.2562410422850379,0.0007323387427339549,0.22362340148131707,0.34908978940101926,1.9347893817914952,0.017858519624467308,0.9792693271089608,-0.15815700480066147
spread,AA,201805,239,0.9449048168603186,0.9897031638555109,-0.5209433564220668,-0.30816995166337885,0.1574812770296403,0.18096046162581061,1.968507397511293,-0.005936463237671539,0.9820836298902826,-0.16531447744068883
spread,AA,201806,244,0.9609471483482057,0.9835087310612907,-0.7197981074639934,-0.572462466150276,-0.0900057412157334,-0.13660302980457287,1.9796944338263722,0.01335204563515719,0.9810099381649255,-0.14483091820899727
spread,AA,201807,261,0.9486516311756531,0.9775364281324586,-0.8307611314718449,-0.7333647744949805,-0.3849953766510755,-0.3528132943809375,1.9933899814292606,0.031633173646144756,0.9791892657579758,-0.13494215459019857
spread,AA,201808,264,0.9531861483111228,0.9819759006914129,-0.7971336146456311,-0.6828606553938549,0.2446712624487213,0.26851857286948544,2.0372998403528144,-0.01005811039859678,0.9833170359346698,-0.11396480090185326
spread,AA,201809,263,0.9684757039667499,0.9880018523391437,-0.8949999076475724,-0.8286567134678502,-0.1935185747117944,-0.16212285877859117,2.118368816082255,-0.08994442556732735,0.987159132793545,-0.13776298903234252
spread,AA,201810,274,0.9534615035824483,0.9776997788913114,-0.8658841888038968,-0.791739033741722,0.49239665444045005,0.5396462648564889,2.151030345738361,-0.16994421620587732,0.9839132903428011,-0.152852703511512
spread,AA,201811,282,0.9574162418995076,0.9792896332984128,-0.8672130094874534,-0.796172374267007,-0.017810989998876915,-0.02017971593823548,2.160166446121917,-0.18151313096423302,0.9743420019642759,-0.14034951713317784
spread,AA,201812,282,0.9098170012802059,0.9308484259947198,-0.8735652819296761,-0.8227138287593335,0.20386153504097976,0.22137009274570713,2.162919495011612,-0.17428287227238629,0.9642778974035221,-0.10724915806398554
spread,AA,201901,281,0.9258127650594171,0.9422574797519444,-0.7720229531958159,-0.7204783412248565,0.06512725935380587,0.10607834727787026,2.1332659593516143,-0.08289339863934246,0.9632021618896532,-0.09337449218967821
spread,AA,201902,275,0.9598179271772468,0.9645978418237039,-0.8971224142407895,-0.8667712898896078,0.19210871007760882,0.20095938115943485,2.07344347497112,-0.11505638542069904,0.9504591587255763,-0.08113249726674075
spread,AA,201903,277,0.8915949786380782,0.9055368307600706,-0.9363544794363848,-0.9140818655051659,-0.22231864484867916,-0.20922537763127008,2.041800295119167,-0.09496325626402075,0.9513684380990165,-0.09354882103304282
spread,AA,201904,282,0.9566987263914448,0.950889482238937,-0.9161854841654998,-0.8574805103698627,0.5085407525001848,0.4578390327977023,2.0112835552954382,-0.09720165041699025,0.9500860121696689,-0.07613382241676551
spread,AA,201905,284,0.9146391376410079,0.9423018338419091,-0.8129074557134992,-0.7467405970357494,0.15916202279951294,0.19972878582379092,1.9578440586741086,-0.1937655742200627,0.9475784711811401,-0.11314583387332439
spread,AA,201906,286,0.8163027194424689,0.9191068576548198,-0.7713265901398524,-0.6419379283574953,0.07206889029698094,0.1717246136716181,1.9064370188386461,-0.23496367880037033,0.9488412587610114,-0.10491763975194852
spread,AA,201907,264,0.8956707189987216,0.9189720468391132,-0.7005329553660775,-0.5682308515199636,-0.03505925739084913,-0.10448906918723738,1.8576381006747487,-0.23428274461899365,0.9510693615408051,-0.10196224134137971
spread,AA,201908,268,0.7966484548143455,0.8960858489825411,-0.8139437310752116,-0.7113191141183611,-0.5218712419274497,-0.4345629861748689,1.7551545221592186,-0.22003877488822748,0.9390574082593454,-0.11103279846335973
spread,AA,201909,279,0.8843035725450863,0.9304728576166865,-0.7981217051411995,-0.5550093838080831,0.6573805458924001,0.5676679089180419,1.6864447483443625,-0.24702446432873162,0.9400262679181218,-0.12137751331406542
spread,AA,201910,275,0.9372774504582044,0.9295721943657501,-0.7318335783493886,-0.6387067225261536,0.5778155788394963,0.4919879160313952,1.6073013864700965,-0.1921992844369371,0.9375435530576163,-0.126735499249266
spread,AA,201911,272,0.9419643729101592,0.9482167279940003,-0.5395776344254077,-0.4908158583005369,-0.19544407391345595,-0.2052331047151201,1.5556355306676224,-0.17724379289903358,0.9480446246607537,-0.07060445647884701
spread,AA,201912,273,0.9079058769900754,0.9248493103865598,0.09146029215073366,0.14849183487789033,0.47031287161531543,0.5043004911869968,1.5105784574539238,-0.16071497628559744,0.9606188709147754,-0.10205940530240484
spread,AA,202001,273,0.8822526759860995,0.9063838979298348,0.19813012234652422,0.2774017589772602,-0.16470482072671852,-0.15466928063893506,1.4723981497408527,-0.20723494027949158,0.97202743278145,-0.1353252006221307
spread,AA,202002,256,0.7792712059103492,0.8841372500431953,-0.04556677729457541,0.1437780285621963,0.025406986724650943,0.17490196765956922,1.432599924371637,-0.08250732009207835,0.9819436709211374,-0.16311719258836352
spread,AA,202003,251,0.7274597892645516,0.7603964832917229,0.09399320584072232,0.17504898065568583,-0.006671981283241339,0.017050407715696294,1.4000183218766107,-0.053807129685985895,0.9827986309886992,-0.1165120559606958
spread,AA,202004,246,0.5629820300093414,0.8691493692320248,-0.33978722062202976,0.16969972262481736,-0.32439816864558907,0.13562217817465833,1.369517409411073,-0.003250725690263318,0.9808401067958714,-0.13889379904641566
spread,AA,202005,218,0.8395507174550983,0.9236054221429556,0.35019634631663543,0.5295943335866852,0.3535021343124205,0.4910576168522992,1.3586246280906182,0.08976748128479198,0.9810019650899484,-0.07574834397474564
spread,AA,202006,218,0.9358249158645436,0.9625641953779284,0.343883512126528,0.4349947543385242,-0.2786642952412999,-0.21688405593632798,1.3560550942034175,0.15647198776234594,0.9812431894278405,-0.08300916206814933
spread,AA,202007,217,0.9608693073662194,0.9697828960402219,0.12095952122587222,0.18761090631094066,-0.7970518186558435,-0.8200143980031657,1.3359276974411898,0.13888922314245897,0.9836316706718962,-0.10295500381137532
spread,AA,202008,216,0.9515646192085947,0.9717422225783597,0.6832803438954976,0.7514746290017372,0.6861655890163016,0.722335709929819,1.3454327381205637,0.2721052528391919,0.9830294074967967,-0.13984735598139392
spread,AA,202009,197,0.9453606249057435,0.9675040359031643,0.6838822284797631,0.7525910497154918,0.190049254588776,0.2015062070613394,1.3313294900827448,0.2425842702386058,0.9733766261733096,-0.11388035681469313
spread,A,200307,395,0.6365423821817046,0.9414699880772829,0.4684880028194299,0.8641806041251234,0.2771719638069314,0.6306524401504883,0.7692964432587864,0.11019297530184752,0.8770036848886233,0.0905137294596718
spread,A,200308,401,0.6388611260796278,0.9362790499237722,0.49188223471172815,0.8894713988281683,-0.03366695202292776,0.25345097281867596,0.7692964432587864,0.11019297530184752,0.8770036848886233,0.0905137294596718
spread,A,200309,412,0.6437492988932484,0.9535823527514738,0.5166417710910273,0.9115357263248774,0.22090669828042309,0.5590622492371694,0.7180223929392153,0.11917049862772398,0.8586295445079831,0.09032302709345214
spread,A,200310,406,0.6538953211877413,0.9494132611607028,0.5296424951597365,0.9088571775926292,0.29624653762584796,0.6320997175500912,0.7325653355560297,0.12190298861474677,0.8609463554514588,0.07279456044753842
spread,A,200311,416,0.7101426857045644,0.9622907345502976,0.5846578310193393,0.9177642061376567,0.18730064921976172,0.4319730832294052,0.7325653355560297,0.12190298861474677,0.8609463554514588,0.07279456044753842
spread,A,200312,421,0.606804370195838,0.9561990587327899,0.47717752972337524,0.9222897256215855,0.24640416714242291,0.636033295518318,0.7325653355560297,0.12190298861474677,0.8609463554514588,0.07279456044753842
spread,A,200401,429,0.5897379330262326,0.9448774781912812,0.48546287444353087,0.9175989605781557,0.27024392690552224,0.6463194240896861,0.6673810001823833,0.12116798641931525,0.8262445318343725,0.07045135464178764
spread,A,200402,426,0.6392473098460556,0.9432900137574414,0.5428006418452858,0.9160612690382834,0.33097990061875593,0.6875151705937061,0.6845936434927035,0.1168011855605816,0.8345687467299936,0.07085667951620607
spread,A,200403,428,0.737747657896095,0.9513395750704692,0.6451928644360083,0.9212668325140124,0.44581816222692594,0.6943767019435456,0.6845936434927035,0.1168011855605816,0.8345687467299936,0.07085667951620607
spread,A,200404,423,0.7539238445798926,0.9475811519744144,0.6614584487352915,0.9189842603063978,0.3495629427694419,0.5354589230590888,0.6845936434927035,0.1168011855605816,0.8345687467299936,0.07085667951620607
spread,A,200405,423,0.7112856882895388,0.9483436615383903,0.6304116077916685,0.9238875890754426,0.4441688516324193,0.671698555648572,0.708348724952744,0.12466176813956453,0.8429088837000627,0.06112363756329478
spread,A,200406,424,0.7263918938830429,0.9452127039695585,0.6093878833910239,0.909619035317277,0.2231460098036082,0.47392906741627644,0.7269767926198007,0.1245920216520251,0.8514183060185836,0.056932472250726236
spread,A,200407,425,0.8106297509381901,0.9850301756546007,0.7108150568226227,0.9557718265250242,0.45387331759703614,0.6766808503225131,0.7269767926198007,0.1245920216520251,0.8514183060185836,0.056932472250726236
spread,A,200408,428,0.8156973516201657,0.9757085599629962,0.7105859293598968,0.9390243650461352,0.31095044919462805,0.49311247942278624,0.7396658903449956,0.12919824138667685,0.8686462373960359,0.06533627720052762
spread,A,200409,439,0.7805201351360956,0.9668469289849698,0.6700862653432317,0.9307406058379425,0.08150202685260569,0.30950922055351,0.7526774412529794,0.12781986080441762,0.868680745822568,0.021997639587108736
spread,A,200410,436,0.8626935644015625,0.9810613675556318,0.7820228948780077,0.9503469491417664,0.4392356212043665,0.5721248958998171,0.7295312973772412,0.14981487902365268,0.865457240781015,0.031698573994275656
spread,A,200411,444,0.8362008895964014,0.9741521740054457,0.7315390262812079,0.9360877023717972,0.19120619084603152,0.3157898885899129,0.7154532467749071,0.16904923872079225,0.8618063283603543,0.014083084887219032
spread,A,200412,445,0.6866616750982315,0.9616686416897938,0.5457230243797483,0.9163747966925695,-0.010793516345992791,0.15932762581281348,0.7960744677110778,0.1726208147871145,0.8802674894194621,0.0024922196988143505
spread,A,200501,444,0.7207913286919009,0.9615277163734803,0.5421798342335029,0.8980244037293915,-0.33961580724966217,-0.2813432199692156,0.8444435696457717,0.1667645192818068,0.8873202014257462,-0.017661592189179297
spread,A,200502,443,0.7842904383602474,0.943966561391416,0.5494572036917268,0.8245341589728841,-0.2199745632113034,-0.16333354072320128,0.9343933778947167,0.167691993083946,0.8986206728329038,-0.034136821126305485
spread,A,200503,438,0.6764470601097414,0.9206300809162677,0.43285510622145845,0.8095835980860221,0.0474933893751658,0.2459423340792334,0.9468423994781183,0.1834388984291602,0.9045432411390917,-0.019177958243130868
spread,A,200504,436,0.7941204629265112,0.9066520486121412,0.32981365425447584,0.5814026739705958,-0.2590528103543405,-0.18533230193047312,1.255367104703244,0.25683368456978883,0.9324685529842394,-0.04807985281237505
spread,A,200505,431,0.7669509476507675,0.865638852521343,0.21216463725366763,0.4395912026690847,-0.31708229164793134,-0.27289602073027536,1.251341024540928,0.2860406209889086,0.9270987136880163,-0.0746058380569575
spread,A,200506,438,0.7760912595701773,0.8887549751578548,0.08331877257794776,0.35274230763510855,-0.21495852166215537,-0.14197792552603763,1.2247167888811676,0.3230395288636774,0.9298581222386828,-0.06741493404993745
spread,A,200507,442,0.836667600890247,0.8924568028147289,-0.052137481514134755,0.11955650954758708,-0.2615588797698108,-0.22404481639919338,1.2580480228823177,0.3010280318410942,0.9231330944396124,-0.08608013109425275
spread,A,200508,439,0.7601059002836705,0.8479069331703181,-0.0646578060298442,0.1412736627247964,-0.05501479556357553,0.0137649853650963,1.3464159046888695,0.28916717806301057,0.9163035496598806,-0.09414766563980162
spread,A,200509,449,0.7699081491130728,0.8346046084074829,-0.24187123779505018,-0.08308693773915743,-0.018694321951845543,0.055858933336964935,1.4024921112659472,0.273838629321811,0.9231813447392113,-0.0862243572420005
spread,A,200510,455,0.8250139258054008,0.854473181168765,-0.25894607275640474,-0.14896408585581977,0.21027236913906946,0.22668704298143197,1.544561058299149,0.2502764478800667,0.9217622516182792,-0.10070256020924384
spread,A,200511,455,0.7989313128274863,0.840593625727604,-0.6933107514628265,-0.5878920785924299,-0.2863302541976502,-0.2634673810276071,1.6044556226788886,0.2586669364568018,0.9231712479699054,-0.10041742690488228
spread,A,200512,446,0.7310888490885601,0.7575762914583098,-0.7319718914113067,-0.6693641579840033,-0.31323539934427225,-0.31153939277738607,1.60933782106614,0.26278245367440606,0.9241961550050637,-0.10466847969233896
spread,A,200601,430,0.7244985264828604,0.7149958829463565,-0.79410667571246,-0.7946252706014042,-0.05443837316375554,-0.06986013747256263,1.6247890694091827,0.27222498590893685,0.9166175647483712,-0.0848602086136498
spread,A,200602,434,0.7374446644301784,0.7490316210810664,-0.9355003073909491,-0.9163364533413512,-0.5467394647947428,-0.5649860777959016,1.720313948260821,0.2756014759446469,0.9138182251851377,-0.10053935479495985
spread,A,200603,434,0.7413102658955052,0.7205524317847206,-0.8160273287336761,-0.8133371510495185,0.24239270573187768,0.19798691437484703,1.7611234165722294,0.24164911935613143,0.9067106481292876,-0.0874371581384308
spread,A,200604,431,0.7848669684218851,0.7941086738557749,-0.7388153241221116,-0.7206221932754732,0.2670049721371617,0.28112309787847595,1.70823875825166,0.21318327473187762,0.9043230435167702,-0.08593219670203617
spread,A,200605,433,0.7890757535120307,0.8165115404891237,-0.7786845805220529,-0.7184695722658565,-0.01094965268353259,0.0066962865295348666,1.8339315036337642,0.17169920454935894,0.9095707924906563,-0.07983500598268287
spread,A,200606,421,0.7878391044084576,0.7995814731952675,-0.8727911909774098,-0.8457179661926347,-0.1829218242666251,-0.18239937666443162,1.7808026392288157,0.16138008838221274,0.8922309502556222,-0.04017204970605841
spread,A,200607,423,0.7215473174979581,0.7476022392484752,-0.8992905977546524,-0.8645865551125125,-0.09436523573056046,-0.0740638564519914,1.7378082691125158,0.22111376273563185,0.8958054800455089,-0.05044206371202569
spread,A,200608,414,0.7021486003089298,0.7677874901132239,-0.839630051869789,-0.7420907118503132,-0.09199304682527491,-0.05586339119019744,1.6212490876178538,0.2997600429414201,0.8821037563249832,-0.01647341681384237
spread,A,200609,415,0.6445865083391289,0.7959669145996819,-0.7950464225270404,-0.5831596302680672,-0.08524878531664905,0.023468594657953014,1.517416051656251,0.3550911633810958,0.8692046636641407,-0.020151439559817266
spread,A,200610,380,0.6986730443620881,0.7996265456676347,-0.8351478144135521,-0.6384974955058265,-0.04689539733032505,-0.03915240660754373,1.3974284870228417,0.4932459222447287,0.8604504725883214,0.001378043360237309
spread,A,200611,389,0.5438814928670952,0.7432344557427795,-0.7246082010042463,-0.48110017722949705,-0.19339694425782716,-0.05838768013444868,1.2928087534093042,0.5472292994992388,0.843995421144011,0.06762600278458902
spread,A,200612,380,0.5617389777366931,0.7233329735814852,-0.5923709519987365,-0.24346425401336805,0.04819781681654197,0.05908461443846222,1.175241095041381,0.5376155823726693,0.8301200883389264,0.06824891251219099
spread,A,200701,378,0.6865529784502415,0.7071887251213594,-0.5636375684688618,-0.3938806332487397,0.04389005833777751,-0.038282480252546276,1.1028045922469858,0.5863273688659971,0.8131224450526806,0.11154775788914334
spread,A,200702,356,0.5807084692771277,0.7586301386258765,-0.2935591660124386,-0.03623161953128902,0.04273533655375894,0.23430612238677573,1.0231593667046583,0.6219528775349992,0.8028751076014713,0.17739560545952307
spread,A,200703,353,0.6929908953400864,0.8142940204610429,-0.006040292853673159,0.29871314653534997,0.31520433866590636,0.33747684510078496,0.9562301506295557,0.5530640580895898,0.7905783870970632,0.24524464043317265
spread,A,200704,367,0.6572246555236811,0.8058985347930677,-0.11939334693667754,0.16284017109726606,0.020214688127832385,0.16442688869783395,0.9051110345512282,0.5386554984357906,0.7712502166102543,0.320082457683746
spread,A,200705,371,0.7956471947671686,0.7971525574208863,0.09365883577691246,0.3102701670016343,0.3066199069199535,0.1593969143324065,0.8304309622231478,0.5941661056051694,0.7423570313051081,0.39267977501562823
spread,A,200706,370,0.8034947706312409,0.7926615132049405,0.41305899571955335,0.428580228054693,0.48409661856807595,0.4505906141456044,0.8465061298021271,0.6249567581725418,0.7614073116557898,0.4289608629985779
spread,A,200707,362,0.755305887800918,0.7824129524510468,0.36317533660980833,0.4132856730373199,0.345668704840379,0.3781796914385027,0.7808374367579967,0.7241498779132258,0.7258250315132744,0.4863603830096425
spread,A,200708,356,0.5572465986022586,0.6558737565439805,0.16088360965528797,0.30700505659365834,0.12130256755337046,0.22420505800300203,0.7549061078326407,0.6994588492335888,0.7176176946025887,0.5216404314476693
spread,A,200709,364,0.6136382311837296,0.7559255333692888,0.15419549317432255,0.374666848305589,0.02459557876743431,0.19623849450300532,0.7422674341801146,0.700499507973284,0.7158003765564432,0.5752284024142054
spread,A,200710,386,0.6652809014813382,0.8110478319335769,0.37549039705926074,0.6094865710662556,0.22444732036249085,0.3606680772604842,0.7367651737527215,0.6539129794796203,0.7167245955320871,0.5339763912564516
spread,A,200711,379,0.7276126077533981,0.8115228350340326,0.5403902533593365,0.6760393619280537,0.46974309508066053,0.534519936937422,0.7062871943026335,0.6057515625080208,0.6984309629286698,0.5729861033686909
spread,A,200712,395,0.5349712147002021,0.79477309427292,0.20432552732880432,0.5928668989884409,0.1350136979899879,0.3270283048928563,0.684453751444729,0.5740534169776182,0.6976319144894316,0.5829589381876795
spread,A,200801,394,0.48164878259042365,0.8002750317279236,0.30869212700116194,0.7173516626111942,0.25127349904574026,0.6055281049033507,0.6025935269629243,0.6116625941019114,0.6290900144220125,0.6608249413193173
spread,A,200802,400,0.6328993317970422,0.8916976313816196,0.49740704629403926,0.8484343537855311,0.4934130838317739,0.6925868314385092,0.5964886970846524,0.6297097698202296,0.626078854042237,0.6705007999687412
spread,A,200803,401,0.6222478236644339,0.8761618886698217,0.40840212900584366,0.8354818508600137,0.5028387985260729,0.6064481580083747,0.598716243263825,0.614734681620307,0.6361276397578561,0.6731617275746269
spread,A,200804,408,0.5702982691336869,0.9024863893756119,0.2712431061345199,0.772804392430105,0.18327743561455628,0.42099319977309074,0.6029414428444677,0.649566262083289,0.6400043976269848,0.7036182408703167
spread,A,200805,414,0.47112213254847435,0.9400193823276195,0.1625352235344156,0.8387235967052236,0.2532839855051325,0.67877529865474,0.6286866481345739,0.6314818878052951,0.6681653950438677,0.7140658121138312
spread,A,200806,439,0.733970158864976,0.9205657394760245,0.4683494696709662,0.8399476053267665,0.6204421347055602,0.6477042580247816,0.6033977132098179,0.6588348977164257,0.6434722648573654,0.7598213546982919
spread,A,200807,449,0.7401400546931015,0.9121675428873616,0.47036191536748323,0.7914631001851751,0.5902384929472901,0.7193721625917389,0.6366202774285858,0.6292177386306437,0.6786264471131549,0.7839889952934738
spread,A,200808,447,0.7615702282524975,0.9449277577268611,0.4371904410784688,0.7858027119741922,0.5696350375555163,0.7167789624504785,0.6501690897764807,0.5948730237746027,0.6862286649122098,0.7498140504198914
spread,A,200809,440,0.7416480395272562,0.8390054107707616,0.5459518245069823,0.740816978784379,0.5881406693967709,0.5966181120673767,0.6467962835621106,0.5071225480825001,0.6839942589651735,0.6166977514000582
spread,A,200810,440,0.6173247957660274,0.8148230323724507,0.11929048281147207,0.49817503402605345,0.15730655070062813,0.2970816674299022,0.6492098337649128,0.4988722823870955,0.6838918105335133,0.5987799181204528
spread,A,200811,446,0.5750618912953123,0.8802186068124087,0.06485743454203177,0.6632378846529776,0.35395872383465055,0.5273392071971792,0.6556450271899099,0.5443045357708632,0.6929543120905066,0.5702113962506018
spread,A,200812,518,0.6402277743810548,0.8413004043631297,-0.06408931424304687,0.38456962800188577,0.006066638092219203,0.13160127043099942,0.726791613394391,0.5395988960986721,0.7409458105860919,0.4848191803106717
spread,A,200901,499,0.5291241318747956,0.8376981281071066,0.03793196030615448,0.5464784778107363,0.14020706473187336,0.4661862807174344,0.6170642707345224,0.479384158154722,0.6767497040509244,0.3981827445913133
spread,A,200902,506,0.6892731121451736,0.9310120178204891,0.24324568906188923,0.7486658132596503,0.5059609256714117,0.6588366435800297,0.628699607423933,0.3971605740709926,0.7329162312561717,0.34934314480680884
spread,A,200903,529,0.7262773184189213,0.9568603632329695,0.2547918821557228,0.7238143242082085,0.5123812851199875,0.7653969264795433,0.6794640978338217,0.3914340529890394,0.7921507538724027,0.24861569310022807
spread,A,200904,527,0.7968744888551703,0.9327163489559747,0.23307888044884895,0.5251982755838491,-0.015084257558157458,0.1637634210794916,0.7467129030486661,0.30850947311383764,0.8280002642109385,0.09908090324717629
spread,A,200905,538,0.6310159925055687,0.9058033082333493,0.07189646793334002,0.5174582157065817,-0.2577462619621661,0.06157590441246146,0.6974984135450343,0.2848978456247674,0.8041817492692593,0.0976006180022118
spread,A,200906,561,0.5894903656693421,0.9478844588951659,0.17701160049914497,0.7838108114492458,0.16348411897919957,0.43258424732570583,0.7094035687522138,0.24595278256232417,0.8378991836384521,0.06514233246154875
spread,A,200907,575,0.5652429391583925,0.9425631611427705,0.1354624636333899,0.7354024569018042,-0.15582550869542353,0.27548942735418724,0.7695792581346127,0.21048926717990768,0.8567000259724813,0.010725786135129891
spread,A,200908,593,0.5493969721184189,0.9668035347408906,0.1546368728071932,0.7977506873673386,0.015661434084705588,0.4972056519196259,0.8230506843587992,0.205939313500218,0.8802324173107523,-0.002635650373831843
spread,A,200909,606,0.6150655349280459,0.9800130499014701,0.24196611363996964,0.8291843034912011,-0.0786857688314885,0.3008308897975539,0.8675222013389877,0.1547297002745526,0.897761078570539,-0.006634066913542265
spread,A,200910,604,0.6370734658478258,0.9774701641712191,0.295354766523068,0.8419091166238701,0.03416895646240578,0.5020981523821143,0.9762186599928898,0.14279078680252008,0.9417892601773344,-0.031215556093867
spread,A,200911,601,0.7019686095818038,0.9717050097722225,0.49300490323436585,0.9113441438080433,0.4617586414668798,0.7212346812741519,0.7981513775378638,0.13567509616202167,0.8545877160816955,0.03728946073033774
spread,A,200912,622,0.6169349855549954,0.9662338426206696,0.3424230476618333,0.8678074617750563,0.10060039338396654,0.5008327816508452,0.788325439159086,0.13293310423032548,0.8683609252596722,0.035679000785384093
spread,A,201001,626,0.5806613879148999,0.9718738079159576,0.3588499957833591,0.9050269113067834,0.24741566864675965,0.7210639158239703,0.7800568204881198,0.1115270657745893,0.8635609707332458,0.06237663225684214
spread,A,201002,638,0.7093226242099813,0.9847766564061818,0.5308971546249528,0.9423255660499114,0.5259253229927715,0.7656464681069808,0.7627334281063105,0.08251828159404749,0.8633045625076178,0.053375380805499
spread,A,201003,637,0.6921422431880432,0.9724030486085713,0.4793465201960415,0.9098932295851292,0.2663072126312205,0.5881265896441364,0.8077305805061324,0.07439519364534991,0.889562193024858,0.05490999883276691
spread,A,201004,644,0.7341109497605893,0.9720238436817824,0.533529971656675,0.9193184362277076,0.22418489633468713,0.3264377118421993,0.8432999346314072,0.0632974168815927,0.9250134051510405,0.07586604838891751
spread,A,201005,641,0.7201653740084216,0.9531139886204099,0.5213568624520682,0.9213732207014486,0.5196303144181843,0.3866690216447015,0.8171985956255944,0.05314363833557329,0.898122793722447,0.08602513532994575
spread,A,201006,648,0.6924859285114833,0.9592487974198544,0.4162514078014513,0.8793121016812541,0.38802941336307534,0.5695027505601007,0.7934844873493021,0.047880599257008466,0.8751863442405023,0.08867864783256321
spread,A,201007,669,0.7228751927881113,0.965781836958652,0.3969472740483827,0.814598942328441,0.15068214417827885,0.515929524880632,0.7930384936069483,0.04594232942797078,0.8765783781601688,0.10046291369362188
spread,A,201008,667,0.7782074095719187,0.9857441577497271,0.5393790804872689,0.9178625992539458,0.4705285729040319,0.5404255619863747,0.7861847400547523,0.04052769415700684,0.8716765607616639,0.09818477661240471
spread,A,201009,689,0.8067641465730578,0.980004964813185,0.5657528400738387,0.8834082106042669,0.3750809372535567,0.6497891262097725,0.7849015652139618,0.03956709041945318,0.8748544555118397,0.09640587724694237
spread,A,201010,703,0.8320098925337068,0.9815235776566382,0.6447597473666367,0.9032801499285006,0.5402982160162516,0.766723117769153,0.7735516270696577,0.031691939005369554,0.8678999389242246,0.09280652616175651
spread,A,201011,722,0.8410614701235989,0.9823020623305114,0.6666114810707056,0.9275833841595702,0.5978102568081503,0.6478296712203212,0.8178380628842103,0.02295637524536332,0.8994336605215272,0.08008278399071088
spread,A,201012,732,0.7493370563856279,0.9740343096479014,0.5040958442265143,0.8805049668782754,0.18259675486794436,0.4807066117010245,0.8276621976420019,0.02106459123643104,0.8974421800883514,0.08188745864775838
spread,A,201101,730,0.717127561567034,0.9895105643901172,0.5084399619720786,0.9256460434874639,0.3489651038165969,0.7235939541846469,0.8625234259773837,0.009342951851912747,0.9134394422992084,0.057727030341371395
spread,A,201102,744,0.7224000800544846,0.9843636903727225,0.497487060438816,0.9183834434400149,0.1646220465121971,0.5125838897329904,0.8922727434735752,0.008792556044380609,0.9224910932927811,0.056283586200071324
spread,A,201103,729,0.7699231337191007,0.992997077151871,0.5913353516093244,0.9494851558693193,0.508859568753024,0.6848075306136608,0.8909329012284568,0.010733492714030205,0.9165798334420765,0.05103849193905845
spread,A,201104,758,0.7737336272597799,0.9894694728224888,0.5950605649123933,0.9437177673886781,0.42557894201146995,0.6922708211406182,0.8697935050908736,0.01330650596523878,0.8934224567527647,0.04821916795419593
spread,A,201105,767,0.7779646502971922,0.9882613203090231,0.580075910987163,0.9385511516532501,0.4717668817082595,0.5790351286793618,0.9814869131895055,-0.01746868032639731,0.9203090748267998,0.015777271887690597
spread,A,201106,786,0.7944954816419838,0.9894147895890538,0.551642736252173,0.9209760375213804,0.5980499917312424,0.6746294513607892,1.1322984757763166,-0.04276901110878684,0.9439885123955867,-0.019127121546918428
spread,A,201107,800,0.7998844318148184,0.9830465343521158,0.4720523837387135,0.8740432325213244,0.23388829006633166,0.162906831256997,1.1865531489758065,-0.034468232274484735,0.9475439506718296,-0.029240663001417883
spread,A,201108,799,0.8427183343412242,0.9513279848679224,0.5283521460095796,0.8411300987907823,0.27854096285770746,-0.03928010251398054,1.247136930885953,-0.02369326048192295,0.9546763992954918,-0.026270079212874737
spread,A,201109,820,0.8629699756948387,0.9553261836245943,0.3424909621932883,0.7134260755213383,0.34199282590595975,0.09198250517647225,1.3033952156568325,-0.006254533119779525,0.9534692938772583,-0.02498613043769849
spread,A,201110,834,0.844248881213741,0.9656743071739865,-0.20287362368136133,0.12435950730432303,-0.32700706178481587,-0.13739520702555497,1.3453898376435758,0.01174091181709932,0.9587687180651298,-0.024802865488387227
spread,A,201111,823,0.844310916253017,0.9629493983902379,0.2487082662986535,0.6472111862216636,0.4492709407937083,0.43375477541768565,1.3684432131660078,0.0453636646139584,0.9622663646048101,-0.011250198480482783
spread,A,201112,845,0.8812263027471793,0.9791518829562299,-0.2491443477908057,0.1116741650154799,-0.3485525323697537,-0.37698159181413743,1.4374814269899903,0.07505414405468488,0.9680567497238748,-0.02179588040472221
spread,A,201201,858,0.8149244214070234,0.9627531140274634,-0.2979418760523048,0.07106399152947145,-0.34473655442753687,-0.06247725103246065,1.4574986589835257,0.09546083752928218,0.9703791763814877,-0.02293084175584287
spread,A,201202,871,0.8842395880668015,0.9781637413260069,-0.16711245805382838,0.17623180320959805,-0.2023691809839475,-0.04129204306999266,1.4864851869175484,0.1075392364799125,0.9736864139022403,-0.007830014183639163
spread,A,201203,863,0.8648143253178239,0.98479749170268,0.013104795647717736,0.3812078247742688,0.19207894620497157,0.44683174931085873,1.4860066424627774,0.10334601769939751,0.9700892173282293,-0.01332130696479686
spread,A,201204,886,0.8923928795724716,0.987701108724531,0.019154753940308862,0.4043417151095258,0.008596020339259196,-0.04281962296392721,1.5733625107405633,0.1490664163288029,0.9802610266857467,-0.002159315268975545
spread,A,201205,877,0.9279310783328065,0.9799993572364518,-0.009258600689074865,0.30623857440530683,0.0028677591873594722,-0.1668804674691889,1.5880376817755846,0.14408957147893572,0.9844308279330737,0.000655535740631964
spread,A,201206,892,0.90104274143545,0.9722248854379292,-0.3098674980978297,-0.02936784256749605,-0.26230790556713657,-0.172824563530711,1.6307882591023986,0.17728146297014605,0.988029142111784,-0.002223570677247309
spread,A,201207,896,0.9018634222070975,0.9676507026358265,-0.4275532367802224,-0.15846665411846986,-0.6225962205756351,-0.5781443787298624,1.686105357353948,0.20283743580141647,0.993133077721989,0.0059550480573630485
spread,A,201208,894,0.8742730498941536,0.9696340303015709,-0.2964568522024053,0.02740754258829644,-0.1287805294718298,0.08012383321957846,1.7754526882075452,0.23313260244580128,0.993925111021071,-0.0031825655196120713
spread,A,201209,930,0.8806030865310837,0.9671573266659933,-0.3074596030586304,-0.013132785022509634,-0.3497888354959098,-0.17509879321914681,1.8026930463385742,0.24522714228319034,0.9920915197247877,-7.939878912877483e-05
spread,A,201210,942,0.8983468098654379,0.9697351420452525,-0.2058083346864623,0.09053387216182425,-0.44351304382392487,-0.36568911632590345,1.7850436945973989,0.22808801874777568,0.9938293016618761,0.013938298480304276
spread,A,201211,939,0.8531333718996833,0.9662619988415391,0.04988367221938587,0.4127295452381426,-0.2006346591835485,-0.04181484137085167,1.5864759374788666,0.14681883943591875,0.9808356599894729,0.02220269959452162
spread,A,201212,943,0.8518078764969803,0.9364834495296788,0.15016736871052225,0.4389905545649267,-0.08217445054354856,0.03639291055197903,1.5614165097347905,0.12252383513668759,0.9894228602304284,0.024744845073067196
spread,A,201301,954,0.7946990829671903,0.9610149440066237,0.3027622109042493,0.6651537557938138,0.2461647599939752,0.5338412454445344,1.448047683787258,0.1650529336054601,0.982370823832971,0.028939833966175846
spread,A,201302,972,0.8653383144690138,0.9752529796865903,0.467781372959599,0.7661713916159071,0.012139981586339197,0.12064202409824959,1.3524354493557513,0.1951317080486776,0.9715452219837131,0.04661146910016194
spread,A,201303,958,0.8938402939518721,0.9820995496658046,0.571191217042887,0.8120999667625127,0.3326186746849288,0.4109653453666186,1.3248761912173985,0.21876613305621231,0.9714399109164319,0.06025706551791284
spread,A,201304,947,0.9033862141759954,0.9752686746313646,0.5291588992231162,0.7554391084177702,-0.4860812189264431,-0.44481647622032355,1.3052656253007973,0.22608169478763146,0.9731649204652751,0.07335663164537684
spread,A,201305,948,0.9090216230532423,0.9863535640170191,0.6934430838072593,0.8788344043156487,0.6417797423028913,0.7585157607799741,1.2948087348112316,0.22954272364557443,0.9726095555693325,0.07869430717048163
spread,A,201306,958,0.8909109038037413,0.9781739883008088,0.717712922992611,0.9112598792971073,0.58928331330591,0.6137595908656542,1.2867748114782966,0.2213194709004539,0.9724189410711394,0.09669853276182877
spread,A,201307,965,0.8695368356683971,0.9862680885445531,0.626003963221168,0.8799714229286849,0.2212244765594599,0.4228532362668463,1.252575953705779,0.22932784337178447,0.9659115903770896,0.10762920032655092
spread,A,201308,957,0.8444256950627353,0.9840311845316339,0.6532507339900905,0.9156415280799052,0.4079328765425889,0.5647622574964963,1.2257782338720307,0.24607078162858476,0.9618500704761401,0.11836348965611468
spread,A,201309,943,0.8400867970117973,0.9838830315049806,0.655846862893902,0.9218640121979902,0.24845252019774677,0.4329813845145516,1.206513265660851,0.25058513920489145,0.965761043385144,0.12923836320595042
spread,A,201310,933,0.8788523401598738,0.990076196944691,0.7069180340163853,0.9248147167395451,-0.01133584499935742,0.1856380750322161,1.1869580468672212,0.25814540901333843,0.9598329705855685,0.13239113928263171
spread,A,201311,946,0.8810693507068236,0.9849514726062335,0.7446325606648407,0.9330838503819034,0.5122123845273263,0.6576453596942486,1.23116891301474,0.31338153073944675,0.9667170249071646,0.10954308773100435
spread,A,201312,942,0.8784915470141859,0.9751326632266443,0.7413398320561058,0.916456229549874,0.1958707970276779,0.2729184493425421,1.22278333264611,0.3333368818238404,0.9555004859479033,0.1284869125160215
spread,A,201401,936,0.8174461665518287,0.9827764024753831,0.664177181347123,0.9371180028802274,-0.05305788024100536,0.036238163375942344,1.273543663764728,0.40959007104619943,0.9620222225905352,0.10412103935367784
spread,A,201402,941,0.889503780414598,0.9887534233419583,0.7261051157757482,0.9237696452327976,-0.022319550310723243,0.12369093288640429,1.3466498575476933,0.4904109126075537,0.97485180285244,0.07154372677344145
spread,A,201403,921,0.9000164440941391,0.9940013366101688,0.7567122956286123,0.9420868482001337,0.0676874763936866,0.12962100304848265,1.3852363412620374,0.5268470120363128,0.9774055151563509,0.06015688404250132
spread,A,201404,927,0.8887791236237462,0.986624263072929,0.7258682663271104,0.9240505164508229,0.053390014034899985,0.11134080112364086,1.416577212634061,0.5611948915675893,0.9759590732976958,0.05529483791364959
spread,A,201405,935,0.8859689665713875,0.991798259629296,0.7166712030044944,0.92748286846671,-0.07168009804361991,-0.015925485598469614,1.4218185829016934,0.5772427686148539,0.9695426505967085,0.05993420631076993
spread,A,201406,943,0.8917009527390308,0.9869674420237705,0.7272475861474769,0.9176561372376311,0.12255600610484489,0.252851396908779,1.4561157639294364,0.62484041048718,0.9778467142042638,0.030666721958264725
spread,A,201407,960,0.8892984025549296,0.9811387430934679,0.7063700814180713,0.9021957678612368,-0.07133368951002914,-0.020443001031838888,1.562900186840396,0.6393415327917402,0.9880381328309178,-0.0011882425601983093
spread,A,201408,968,0.8814493439822652,0.9892951790946404,0.6379189355938316,0.8798326365218975,-0.48357369508001496,-0.4888085210716181,1.6739628143493943,0.6749021988572707,0.9969812273479337,-0.00853282507302071
spread,A,201409,985,0.8760521963380498,0.9811626704248241,0.5759762392447112,0.823701057212453,0.3501099993518583,0.4689723679225798,1.7846274155096333,0.6839581097830045,0.9982807169495534,-0.03476242556760003
spread,A,201410,994,0.8982085160096049,0.9787629817276037,0.5401300516828524,0.7822111272942411,-0.39546854121558095,-0.3869169219923872,1.9125435205749413,0.7102287154474568,1.0036660472291576,-0.042292386543759726
spread,A,201411,973,0.8863625574198816,0.9846868915711803,0.47955310012932906,0.7574241283105189,-0.2817197368209536,-0.23247872441340903,2.004587235177118,0.7320966902971335,1.0042216477163073,-0.04073231860406738
spread,A,201412,967,0.9161963829950855,0.9761037643180143,0.31808356106104513,0.5663253333987357,-0.5397535890237177,-0.593053007037589,2.096660967048697,0.6934006381856959,1.0097126546505437,-0.05184956214561909
spread,A,201501,976,0.901015583145379,0.9890627977885934,-0.13966173484358965,0.19390150943764164,-0.5138976423500204,-0.5190269194465037,2.1824567565258133,0.6597674001789265,1.007440500599995,-0.03500180167148326
spread,A,201502,959,0.915800446848605,0.9750754193607205,-0.20761921250259605,0.04830738398633113,0.1896396515325069,0.30992936500377577,2.2570751420291444,0.6419464538349549,0.9997678007719601,-0.03566344746904381
spread,A,201503,951,0.9015951073359953,0.9859179817427874,-0.10502127000559482,0.2281024896626321,0.03164189932987972,0.08918671560933668,2.33577655254757,0.5909021155824179,0.9987400399351459,-0.03818704438063158
spread,A,201504,928,0.9147926021870932,0.9894331521951639,-0.10795676473108731,0.19433159185412227,0.4768493594118398,0.5922797142444056,2.4206880224780085,0.55077167199584,0.9965001858967685,-0.028560198235441252
spread,A,201505,923,0.9221359848497481,0.9892567177247142,-0.17277389745386446,0.12550201917511164,0.2748665284793114,0.38254049136722823,2.5824582205522457,0.5647607996844165,1.0001719818977428,-0.03704482532091194
spread,A,201506,940,0.9167318675767113,0.9892258709458835,-0.07963010466406575,0.2198107345670604,0.42779913185323093,0.5469599373924328,2.629140054333674,0.5395851601078031,0.9918536125790237,-0.04631301603751169
spread,A,201507,927,0.9267770603127871,0.9903709626485118,-0.20816559561136114,0.08176515627851765,-0.34793828191578813,-0.3213227759666986,2.657375305755902,0.5348053708637186,0.9868582327794528,-0.03290487755480801
spread,A,201508,939,0.9323526287478296,0.991916965048385,-0.4671564483068761,-0.21708027527691853,0.20456256861792557,0.24657993981027548,2.7537627269368037,0.5328948815460907,0.9839250545927415,-0.04995309270380559
spread,A,201509,942,0.9409336141633222,0.9885540417086014,-0.5181715805982804,-0.28352849227192284,0.24526257091787323,0.26187748013178075,2.7914920775896666,0.4991642309583942,0.9794696376832192,-0.05504845186089008
spread,A,201510,956,0.9293589576123749,0.985948348159874,-0.6765630998744718,-0.45977920471785166,0.06986603771044049,0.12606385759019015,2.827586463081599,0.4319376407672863,0.9804936385833438,-0.07720463099786347
spread,A,201511,940,0.9360814269631669,0.9935681904099636,-0.7191966135211089,-0.49474607117432956,-0.0755466117982228,-0.038135719897792866,2.8179404467150824,0.38147683174459734,0.9783822638135342,-0.09098773921222487
spread,A,201512,849,0.9412025242401051,0.9801721070152866,-0.7540726636677739,-0.572757226385555,-0.06885029590207974,-0.10425847439815679,2.7533076825881975,0.2982289157491239,0.9718766510289919,-0.09811000269910261
spread,A,201601,844,0.9149729136441239,0.9732806766727826,-0.6404079340319564,-0.401490093810283,0.41030317128218546,0.41990317633694146,2.6923197690216254,0.2620870939965123,0.9685814365276186,-0.07870305573019734
spread,A,201602,854,0.9326677568081906,0.9804006273409988,-0.8768567339054532,-0.7114992125776903,-0.15709091958602772,-0.1849686683168329,2.5852587152544753,0.19373798150839697,0.9661523806826668,-0.09050539541006666
spread,A,201603,867,0.8780236684018926,0.9665908564516612,-0.8449669615786213,-0.6584579123175048,-0.2197940652427155,-0.07029340862583806,2.4689800792458922,0.1464029460760177,0.9671391487610943,-0.09873479789762957
spread,A,201604,875,0.9152887121504476,0.9844904231802131,-0.7506451689855006,-0.5423518705212778,-0.10865323571877834,0.004141475215128322,2.3907787502531512,0.12615203919376902,0.9674807349898382,-0.08889005842138167
spread,A,201605,890,0.9275100885992463,0.9914154891960507,-0.6030118809204008,-0.352917676023084,-0.08477854977014494,-0.013379462135180422,2.3294392510800632,0.12445692058228554,0.9729727243815378,-0.07540548762738931
spread,A,201606,920,0.9220985393102773,0.9726724896559564,-0.703409387645456,-0.4976111452205161,-0.12690752331661279,-0.12120928683618717,2.285363309096497,0.13208733029640485,0.9781444692896719,-0.08458220588796479
spread,A,201607,913,0.9361813734805712,0.9867297650778458,-0.7428205677832143,-0.5500787120059207,-0.30963227636735224,-0.28556755217935154,2.2493522027195465,0.10588351793375221,0.9825651447618597,-0.0881952627288469
spread,A,201608,922,0.934777080941135,0.9857466437000936,-0.7806024707144836,-0.6094804838111424,-0.3463265931977651,-0.27584531426809666,2.210555941729527,0.09168873582152826,0.9811050983717883,-0.06543162958614632
spread,A,201609,916,0.9339691553385093,0.9841832083909473,-0.6404447099091024,-0.43267776008253,0.1182930228688577,0.1501970178106046,2.163834155364629,0.0738890571492732,0.9858404659423412,-0.06526969251004203
spread,A,201610,933,0.8952911491408545,0.9826716691860028,-0.35063147712054654,-0.06842957235664766,0.25641881624418944,0.43288607227515297,2.125502508895122,0.06031465919211551,0.9822274599553246,-0.05130324532275606
spread,A,201611,940,0.8922900188926465,0.986026110537395,-0.10208998982460564,0.2033267569133758,0.05933125751920607,0.22607971697267346,2.0962439607622767,0.09320716470108432,0.9869607308431232,-0.05112212752852427
spread,A,201612,948,0.8494045619502275,0.9895474254322101,-0.014371766316045932,0.3968351138010795,-0.2384338169144349,-0.10912814254168915,2.067413682935298,0.10345889861679426,0.9874063532918106,-0.049725354741983134
spread,A,201701,930,0.8763665354069187,0.9922571600144884,0.15201452986383798,0.5037145304238099,0.04835840497890549,0.2170630142942266,2.0324464451134974,0.0955469698715076,0.9930401416444117,-0.05838550703357262
spread,A,201702,933,0.8924434710723874,0.9940904690512843,0.18538400185660728,0.5310154947091164,-0.3763559031774039,-0.3625717806959459,2.0220167226767107,0.0888294045365225,1.0038618177260226,-0.043400604138925734
spread,A,201703,935,0.896127053021098,0.9921214923561469,0.22612931820742102,0.5389518776717511,-0.06361402123776161,0.02152703457941426,1.9407209556685672,0.07522351258186796,0.9989584560318433,-0.04343992226321128
spread,A,201704,933,0.9195320008781118,0.9836896436123727,0.3378827299447024,0.5808507937715064,-0.10145737748264214,-0.09192248004828106,1.8259093967985833,0.08497728050733011,0.992971006266564,-0.03483835785583809
spread,A,201705,963,0.9219277980578894,0.9896762520106268,0.31140051504287314,0.5531872402605175,-0.23482098052189854,-0.19727700805490475,1.7669315112577915,0.11942857166972112,0.9852674333758552,-0.04600743510933572
spread,A,201706,994,0.9317774595251821,0.992500723947103,0.25328024953230066,0.4975267935246109,-0.46346403928631974,-0.4100059045344329,1.726454970637338,0.16312156628492755,0.9803844240560371,-0.03570287737882623
spread,A,201707,983,0.9275925516784987,0.9900742943886616,0.43673883212388703,0.6539477606727173,0.3950602204162725,0.48834228663799467,1.6804007142209938,0.17806459123939233,0.9719242299972204,-0.03292457865913853
spread,A,201708,973,0.9242027159609155,0.9880059608843671,0.5367947568114628,0.7410437560032923,0.00929020487068645,0.03287828545128953,1.6364560527626455,0.2024847744592763,0.9725782847762614,-0.046323090858923624
spread,A,201709,972,0.9462783149807265,0.9888681206729318,0.4531606366332278,0.626078355564231,-0.03802196526349754,0.03247441921052118,1.5960481750499929,0.21920255061431237,0.9677581768589189,-0.04165877994634539
spread,A,201710,991,0.9367363619931256,0.9822121560793593,0.4794431745400883,0.6548915964301391,-0.1995306376617973,-0.15402727070815717,1.5652456979545764,0.22788609321576717,0.9664328525865207,-0.029980372368267498
spread,A,201711,1019,0.9345328082185114,0.9783930639849279,0.3274272470353245,0.5140006275319514,-0.6072657885908685,-0.6148976543534851,1.5462219601959681,0.23119715396206866,0.9679010060374922,-0.013290232431131827
spread,A,201712,1057,0.9310832978118028,0.9772881189826321,0.16860812578107276,0.37138873399768046,-0.5302316354068671,-0.5094481090583428,1.5362788548287047,0.22607782562743214,0.970865215228081,-0.03421811226079609
spread,A,201801,1065,0.9404356949567659,0.9849733841801499,0.0214312439939236,0.20376173298606964,-0.24152542689639148,-0.17654866553995296,1.533500108314247,0.2346350400486579,0.9719330169210902,-0.04867648574283419
spread,A,201802,1057,0.9361987335052476,0.9858780359874815,0.33294286433013975,0.5356672437704197,0.30430040558402627,0.3182751234467432,1.530957577757847,0.2367014752177508,0.9657716969744763,-0.042137533683951005
spread,A,201803,1066,0.9129996097178881,0.9738767868011295,0.06739290696642554,0.3249143114030679,-0.17937317740790287,-0.21589182306183022,1.5755913977373501,0.20548013589074593,0.9680150603174104,-0.057876878169761635
spread,A,201804,1083,0.9184424394767953,0.9818645268470848,-0.09931911657057432,0.12611134437217575,0.3151799914826807,0.4196990949598424,1.6668581843398114,0.16095696462080408,0.9758979609752225,-0.07968019188729121
spread,A,201805,1061,0.9586232306246504,0.986500147036486,-0.4079517235036895,-0.25333535572471066,0.19125019823630965,0.1963572054888505,1.7190088924971487,0.10847090356446784,0.9771856320098654,-0.1026206420240709
spread,A,201806,1094,0.9604737688004381,0.9862336380559374,-0.5939379853158179,-0.4605056989404189,-0.05899662831691254,-0.04539879300034875,1.746535373886054,0.0738388716394074,0.9769383727198347,-0.12253917463289851
spread,A,201807,1104,0.9559847399500931,0.9794243750512139,-0.782180456165061,-0.6985234374082132,-0.23232542134425355,-0.19937006072907376,1.782090679518668,0.04079644171784033,0.9777652766097523,-0.1047260161457669
spread,A,201808,1112,0.9563996954680821,0.9760652879199417,-0.7408120148447218,-0.6522131393415209,0.27840029284474016,0.30231161202306456,1.8330697251691488,-0.00043878768006518895,0.9832448302871221,-0.106328333671123
spread,A,201809,1132,0.9736353128100532,0.9859719250878931,-0.886996618194087,-0.8405413897859995,-0.12809408857634497,-0.11823350431731416,1.9019832869190234,-0.014630306493058477,0.9861865363240948,-0.10240067184352852
spread,A,201810,1120,0.9677400360610926,0.9822604534892154,-0.8371946848635428,-0.7752089672713415,0.41813261593114875,0.44863943589758226,1.934466009466208,-0.02850959399922489,0.9840049141516762,-0.11287716886539712
spread,A,201811,1111,0.9499777120144959,0.9665409794685448,-0.843082093919686,-0.7797579482232113,0.09732259729062795,0.07759827876156139,1.9498586134374425,-0.023954530920299765,0.9769419786942042,-0.10838317955169002
spread,A,201812,1115,0.918777991919271,0.9353747916767168,-0.8476093624204296,-0.7808803730456858,0.21855584559705393,0.21987258924406683,1.9209365645651901,-0.010664863415109938,0.9654123436315714,-0.06518301198176443
spread,A,201901,1128,0.9252687568203966,0.9536573582236219,-0.7878624854698633,-0.6970674667086209,0.12173942710218959,0.19369223217868414,1.8894474976216127,0.0498029921789573,0.9604832980577167,-0.037513968319701524
spread,A,201902,1150,0.9387267545633002,0.9562718971134077,-0.8665868499205801,-0.8090526597753991,0.07420514974396043,0.10997291777535519,1.843035263030052,0.05715304637169879,0.9542495821807114,-0.0381582511484163
spread,A,201903,1143,0.9330027014197282,0.9477060798772191,-0.8555493206707986,-0.8039835492276493,-0.060973823350903816,-0.026013845594228174,1.807949123122021,0.07057717177073118,0.9551925629529299,-0.03303637495157409
spread,A,201904,1153,0.9457492730664335,0.955281473140052,-0.8373890333673588,-0.7836065838349228,0.18936134944563304,0.20339581103341212,1.7685500327570447,0.06531821662841504,0.9485464375489686,-0.06016054291789465
spread,A,201905,1159,0.92774956786666,0.9504914472774089,-0.6794505681576701,-0.5911959956817057,0.18505806611940426,0.22001297615785786,1.7294445648137116,0.07100420963008046,0.9528183611032758,-0.059948001361116304
spread,A,201906,1188,0.9193017052781833,0.9611526826987046,-0.6634549336158563,-0.5446529649735252,0.1694120417415021,0.23780942879413175,1.6856078243982175,0.07708300227839084,0.9537082932817499,-0.049092494755171544
spread,A,201907,1224,0.9448577649335669,0.957155760427176,-0.5844600460955282,-0.47840042355916634,-0.12628814917069583,-0.1532081572456271,1.638775721586437,0.06858100642933322,0.9576302360503284,-0.05728413805218511
spread,A,201908,1225,0.9089000868407311,0.9385138104938708,-0.6940096857079833,-0.6093184749091504,-0.35799530778372973,-0.34742015863967235,1.5631420106338212,-0.0009714903596012113,0.949129156374335,-0.09742490011064517
spread,A,201909,1259,0.9434143202393026,0.9521460503333613,-0.6020527824357556,-0.4734752288452349,0.551193603080866,0.5151713054247967,1.502812825547952,-0.08593417810038817,0.9477367551057211,-0.10320842274057236
spread,A,201910,1252,0.9663721362109832,0.9720642747861192,-0.48495408550039953,-0.40532891618619776,0.6176022946848265,0.6170308285969354,1.4424672731436692,-0.07702857889180983,0.9463120668545119,-0.09466709694663014
spread,A,201911,1260,0.9516522344119427,0.9651240237206276,-0.4415007149580512,-0.3529511953087265,-0.3240091621795024,-0.3153844580871527,1.4053640793271314,-0.10951711759697401,0.9542605569047189,-0.06950095270693774
spread,A,201912,1249,0.9337768126495958,0.9518237433452231,0.0030234280196992677,0.09422400268973086,0.3656040228380432,0.4193541649195645,1.3916154303252521,-0.1249359060475641,0.9693399917038696,-0.07993678768404956
spread,A,202001,1235,0.939887923988789,0.9587723029625738,0.21982664759301218,0.323133025518521,-0.09579430857427286,-0.07081116492813569,1.357462191650705,-0.1449858523068558,0.9774525174063311,-0.16304157243527936
spread,A,202002,1240,0.8956369424248469,0.9349891071713845,0.1528037654614615,0.26613571490174237,0.21915213048724794,0.27923749203010034,1.3152210914580995,-0.0941392075699656,0.9804304451211735,-0.16331268690839848
spread,A,202003,1159,0.8144378989950778,0.8134672817476081,0.20608286204847934,0.22220315521267478,0.06722565961103012,0.034909167339864516,1.2770822097901255,-0.03581156748980357,0.9769346833809208,-0.13160371006503901
spread,A,202004,1142,0.6731267417525271,0.8776610619949309,-0.19131942138075575,0.18015611619122088,-0.1791050126931263,0.10092625571670574,1.2519945567261048,0.020973028900181802,0.9785026560172728,-0.13549157613708532
spread,A,202005,1105,0.8352057371413178,0.9387144541779423,0.2271319074145227,0.47530321007418475,0.29970582876622803,0.5041570171693376,1.2290748219113405,0.09650348484589723,0.9722085292656312,-0.12143673387756158
spread,A,202006,1099,0.9290402694814236,0.9689702399041167,0.1897179073058785,0.34209459522316343,-0.1532608653398045,-0.04828773204828664,1.2197480018349998,0.14024652461533746,0.971203842233878,-0.11350090904565287
spread,A,202007,1075,0.9502801926441587,0.968195708458745,0.18580650115697084,0.29177263763595906,-0.7274755915620097,-0.7298328947718219,1.2086100289085833,0.15409583470178617,0.9731854156577071,-0.08478750315790379
spread,A,202008,1056,0.9470734763235568,0.9748559358219449,0.6473219677624692,0.7390890332983661,0.6434678226980565,0.7081132856429335,1.2101011061236646,0.24826591592605152,0.9707500006054488,-0.058528020304598034
spread,A,202009,905,0.9507409685074791,0.9696456100118855,0.6500490220997713,0.7301994635818646,0.3347632106899715,0.35426493544079996,1.1964013343114805,0.25487660732810663,0.9623238064711008,-0.03898240048794146
spread,BBB,200307,442,0.5746794565130342,0.925793009965385,0.24962740783064397,0.769976004968121,0.14412300777230497,0.5248151907253552,0.7230185206862968,0.09711618501940633,0.8298841930130919,0.15512185910405124
spread,BBB,200308,444,0.5287282587696259,0.92488525217787,0.20776611445442447,0.8018158513814566,0.08501404237321246,0.38894862605372177,0.7230185206862968,0.09711618501940633,0.8298841930130919,0.15512185910405124
spread,BBB,200309,451,0.5555827503229436,0.9351741507781017,0.25393991719482756,0.8236047759914574,0.15483900084374935,0.4433878092778197,0.7171574956969367,0.08863173783882242,0.8342557071759304,0.15028792190539333
spread,BBB,200310,433,0.4842587141894549,0.9134523717579043,0.14614323385586234,0.7559188221968212,0.011723762301342021,0.38782979642074034,0.734709417824043,0.08498336309028186,0.850456811864516,0.1375792150694362
spread,BBB,200311,437,0.5504548298718218,0.9563177115409807,0.27679613161015054,0.864110826887308,0.15204651201581498,0.4805962429471155,0.734709417824043,0.08498336309028186,0.850456811864516,0.1375792150694362
spread,BBB,200312,442,0.5250098494067221,0.9481523074326015,0.26051184495329643,0.8346464773889519,0.06380597038259651,0.5278678246604069,0.734709417824043,0.08498336309028186,0.850456811864516,0.1375792150694362
spread,BBB,200401,441,0.5063431002293179,0.9503984587943274,0.27814818234986305,0.8723315490406212,0.11951270018496911,0.5164756385102456,0.7393358898991259,0.07774250644847129,0.8531571345351566,0.13186124619034498
spread,BBB,200402,445,0.6098433521612193,0.9415232716113676,0.4071951921113818,0.8800847075207894,0.3036965319728537,0.5269081771988688,0.7249819847174529,0.0830192093268231,0.8472048400657027,0.1279091907051933
spread,BBB,200403,438,0.577801174977662,0.9313322328783918,0.3595837749461085,0.8451979628017311,0.25640694063546104,0.5770199274880111,0.7249819847174529,0.0830192093268231,0.8472048400657027,0.1279091907051933
spread,BBB,200404,440,0.6304128539852657,0.9511783808607825,0.41173367255371807,0.8685076854334308,0.20337642615546941,0.46212449060566835,0.7249819847174529,0.0830192093268231,0.8472048400657027,0.1279091907051933
spread,BBB,200405,435,0.6892032757697416,0.9601217446209117,0.48686366240631423,0.8947081932135569,0.3417564586835234,0.4896764287853725,0.7305238413569397,0.08212690559870682,0.8541285898158751,0.12923628308937973
spread,BBB,200406,436,0.6298838391115391,0.937237300455889,0.4058354212560547,0.8353765128116484,0.0036037027357880697,0.3027686453467945,0.7355504698663339,0.08015845974793707,0.8605838459850012,0.12365427354789355
spread,BBB,200407,432,0.6931625580369695,0.9407296038514794,0.4911190534452405,0.8585290563769736,0.2767840929455521,0.5359891801975875,0.7355504698663339,0.08015845974793707,0.8605838459850012,0.12365427354789355
spread,BBB,200408,431,0.7459913531796329,0.9298042653888371,0.5806796585070475,0.8630417590874452,0.30598526951923594,0.4904097182634952,0.7401041238594506,0.07557590727244766,0.867366459164818,0.11185034932625816
spread,BBB,200409,441,0.7473970593316248,0.9413497549435107,0.5590986044767557,0.8677806772696354,-0.027950340975551064,0.1359970256610633,0.7657641995934084,0.07907976656488548,0.8918019300412894,0.07966726300144063
spread,BBB,200410,437,0.789315469559867,0.9441508793944307,0.6078881079624491,0.8536928164623043,0.22900119032246838,0.36121651284422124,0.7366428849924759,0.07083892879516093,0.8747649365979177,0.06773917264410138
spread,BBB,200411,434,0.7181206445340417,0.9264996809013984,0.5096272338093039,0.8407981046265028,-0.07961939012919123,0.05708721508417304,0.7298126159450268,0.06634183490438116,0.8804627557993648,0.04381132210887043
spread,BBB,200412,423,0.6248058519445671,0.9083074498741173,0.3767284181980881,0.8132555841686986,-0.07687913455263594,0.0815039971740629,0.7776379820058124,0.053302891228294146,0.9057828103075027,0.03013625652796896
spread,BBB,200501,425,0.7070775512473374,0.9337339794664028,0.44738586419572435,0.8281997104786688,-0.1942355987179973,-0.2056173818396739,0.7863591659859528,0.054042030449644715,0.9062555810548559,0.019187888689746392
spread,BBB,200502,427,0.7813348885550555,0.9167459819704328,0.42913571516428123,0.7126348047847713,-0.3018265869153946,-0.2400400164571143,0.8109639276175308,0.05653072930862711,0.9130473410298879,0.01022602309052613
spread,BBB,200503,411,0.701601685664137,0.8590872608552581,0.5013181422777834,0.7616191709710503,0.2063197629214956,0.2579303569867165,0.8119135137741129,0.05779097580911142,0.9072290470358264,-0.015121908017047424
spread,BBB,200504,404,0.7749208424165683,0.8484358648846273,0.4850673487530721,0.6438349826009974,0.060370106489557145,0.07496205681537883,0.8078255807951719,0.07586886144813082,0.906546450137836,-0.018859563204999628
spread,BBB,200505,402,0.7720769644900851,0.8349806954336453,0.31635893045801106,0.4811196911617386,-0.1937963690455355,-0.15710922085190548,0.8756146620407582,0.06665039169554308,0.9205279363798772,-0.050453157994160835
spread,BBB,200506,397,0.7901686457254277,0.8809415177125193,0.2561790066362561,0.46280018865884587,-0.2384247893168228,-0.14103706141513558,0.9032195347808814,0.050478535593898456,0.9222823740386576,-0.0709696846752392
spread,BBB,200507,403,0.8529771485384225,0.8899721970033923,0.26706694522255275,0.3973238916615042,-0.23456009096840297,-0.2049800809053768,0.9188799529691114,0.06473532637732822,0.9168963681043107,-0.08007225251108453
spread,BBB,200508,405,0.8171920824625771,0.8663569215439927,0.29333701843090715,0.4089968211013921,0.01933845272868831,0.06325535890285777,0.9465380385197184,0.04850389292350492,0.914306276997885,-0.07941587131247796
spread,BBB,200509,404,0.8451627899562435,0.8791744629345316,0.26491013038441974,0.36938370003905724,0.06797933722239055,0.1143510840727318,0.9895530731569313,0.038054756088219295,0.9184945170827358,-0.07741130778854104
spread,BBB,200510,414,0.8577753372538451,0.8867296645789909,0.25731112681064294,0.34206806663950484,0.1309646206681659,0.1455104811897611,1.0399518448841234,0.01787275210780197,0.920759076952369,-0.07935292761408863
spread,BBB,200511,411,0.8802949286766394,0.9062152268467538,-0.10507215893984113,-0.014977621632603863,-0.1598987954302037,-0.1362548278584372,1.082547953231927,0.022271195998946957,0.9197170257435964,-0.07524266698024276
spread,BBB,200512,411,0.8577444975980641,0.8740931342345081,-0.27829854239297835,-0.20641832892203865,-0.2826675608546178,-0.282729262222849,1.0947311455990227,0.04081576284409922,0.9137441581784179,-0.08145153510582448
spread,BBB,200601,413,0.8164309638036086,0.8225372044551154,-0.28575993862068944,-0.2507989710359839,-0.011039315669746875,-0.0009523261168056016,1.094648376793799,0.05922366054964815,0.9048641416791885,-0.07774510122376563
spread,BBB,200602,424,0.8557875535812192,0.8576877797541526,-0.627376673672279,-0.6115908107434214,-0.4214327658000173,-0.4503728233614382,1.1035444208248844,0.08038806208866461,0.8969168283453077,-0.07433476171675416
spread,BBB,200603,419,0.8137965275627133,0.8084168979566649,-0.03791454118046255,-0.03236836640308432,0.3292203713884407,0.32009097625893346,1.0874613608048702,0.09607296583008236,0.8923557381782703,-0.05638763571014401
spread,BBB,200604,424,0.8496119845107231,0.8682004462911298,-0.2474212359561575,-0.19779734429318807,0.19027755568192783,0.22527018597666534,1.1608573322861127,0.1250577374387152,0.8982968180195243,-0.07476697259200098
spread,BBB,200605,416,0.8646339566347697,0.882111833410038,0.0357801169723214,0.11626902777222758,0.2247788146823106,0.23557378124534545,1.1685731417490604,0.16171120704092057,0.8942292530112864,-0.04460553726614881
spread,BBB,200606,410,0.8213898590692943,0.8311301551624728,-0.23121505489143374,-0.19069120041900825,-0.012007819433931137,-0.01862600886499234,1.1168326844259049,0.19222630159438595,0.8771011967956194,-0.014669351981275471
spread,BBB,200607,416,0.819512860656377,0.8267514822575258,-0.3241693947900067,-0.29071879052457317,0.12303775144851682,0.13075417176955767,1.1135720509795162,0.22954696058196208,0.8764758100712176,-0.0006119843735765139
spread,BBB,200608,417,0.8480916720029241,0.8776413725052885,-0.29991182201095234,-0.19791730191443171,0.07312770190683408,0.10133726917068313,1.0896641026309726,0.2375335843324933,0.8660465429838446,0.020627218850438646
spread,BBB,200609,416,0.8237367548472483,0.8696963417094943,-0.13841855031869357,-0.004131120379005558,0.19117741433538554,0.23372464394350584,1.0642538613219465,0.2489027666983097,0.8576343099259303,0.046439722931814933
spread,BBB,200610,403,0.8738382606899733,0.9005577979017714,-0.19578684471165533,-0.09584960027531007,0.2644229164963087,0.2733924249563612,1.0392024894964786,0.29524330394413834,0.8505518888092564,0.04829054130077837
spread,BBB,200611,394,0.806025405602158,0.8566659103178408,-0.26050838532263576,-0.13984539132716098,0.1510064388384906,0.20428388571260103,1.0239821019812354,0.30367924823867753,0.8496841998706715,0.060164728325700405
spread,BBB,200612,395,0.7622766373461196,0.7956572284084743,-0.26334130322124893,-0.15291677613206847,0.07478743044277844,0.07960878755036738,1.004882357678644,0.31438519186871644,0.8488910557324765,0.08051729644808704
spread,BBB,200701,400,0.8042611626207492,0.8015994966691785,-0.2909757560984756,-0.24072704530568845,0.05452252826580165,0.029954707560524905,0.9963918699502915,0.3350336030576949,0.8460901951396788,0.10241618579458105
spread,BBB,200702,391,0.7929440495555524,0.8376664025295452,-0.047506895734882586,0.047956510372961954,0.16340803880080462,0.21048141651934532,0.944055648079311,0.3478005022430077,0.8270720099233418,0.11026035502342234
spread,BBB,200703,380,0.7934618446357321,0.8411827734652612,0.25430546360607564,0.39875054215455424,0.4467586220395152,0.47368203798708997,0.9196120870730143,0.32896053802932,0.8218076701788715,0.14582195571851664
spread,BBB,200704,384,0.7612744049582499,0.8245861547197149,0.05976961824895958,0.21644306680854,0.1319584998323378,0.1915846883191556,0.9000944975836226,0.34886334281713094,0.8145469926724804,0.21423086817420547
spread,BBB,200705,384,0.8530536722255009,0.8520883346678455,0.08575000030464817,0.20240866470004937,0.17312423420749493,0.11372460944189106,0.8840625944259499,0.33842534629350035,0.8083871178682829,0.22660217657734863
spread,BBB,200706,381,0.8926699609691119,0.8891953253601168,0.4505032730649644,0.474380016816117,0.5001021951341229,0.48896294264235285,0.8983748964237388,0.3577757608475709,0.8228197662536318,0.21731728907734946
spread,BBB,200707,390,0.7843257205640913,0.8055799943154217,0.3830034790093699,0.42641051172168504,0.340946256158059,0.3643211510919985,0.8803836321981421,0.34907386925665385,0.8083260704474714,0.2100742898068723
spread,BBB,200708,376,0.7418519794000077,0.8101568452763037,0.243569966903887,0.37471792926994124,0.17525425674441344,0.26783964747434913,0.8210021445575527,0.33135433505189876,0.7739363840318486,0.23513550769320585
spread,BBB,200709,381,0.7040438828250482,0.8164072677093621,0.2262552535025158,0.4363885175003569,0.08672309458148812,0.21469824610312369,0.810356322733766,0.347864977475455,0.7701734914791735,0.22880156222611991
spread,BBB,200710,379,0.7552023312528542,0.8904519934133749,0.38810284285912666,0.6390761137841003,0.2478555667973804,0.366128036864602,0.8122032389164086,0.33163063326702097,0.7765338870699237,0.23614500462879737
spread,BBB,200711,387,0.7156723059779837,0.8177633680669544,0.47264337317169414,0.6490069659832127,0.3953616736003882,0.48732680736203626,0.8036442970677772,0.332108041394852,0.7738052864700466,0.2309660856323129
spread,BBB,200712,381,0.48036846721758786,0.8240482800998455,0.034355356999498786,0.5583612860694164,-0.07930125433135958,0.18934287214236528,0.7918573011171901,0.3317893590739405,0.7720734237694972,0.26775547070304956
spread,BBB,200801,384,0.5253317846953485,0.8876409703328151,0.24251614899460852,0.7406339793497329,0.24161163575328065,0.6046292478140395,0.7875862435723625,0.33086755726294853,0.7771056863230414,0.2906680506711985
spread,BBB,200802,384,0.5249479647510363,0.9109055123827499,0.15141759350310263,0.7573046886783901,0.16178516327015022,0.4601098864365304,0.8204247662111288,0.2920948981541537,0.8075916529807627,0.24987924646513715
spread,BBB,200803,377,0.42119590381917227,0.8934339153181058,-0.013291489630447812,0.7378538333636633,0.14945507333621788,0.2927852141384979,0.8240454237703984,0.2768814144350055,0.8176012998110455,0.22993261403867046
spread,BBB,200804,387,0.3375080641624199,0.8748948888578147,-0.22929666100623228,0.5694237851355008,-0.32803852904896014,-0.14090563947825008,0.8305154591847996,0.24781361573204042,0.8250686755425751,0.18690397087160643
spread,BBB,200805,405,0.29269408258936797,0.8924554279462259,-0.19362658761771087,0.6866223045473128,-0.03850908900413851,0.3095706603776085,0.8251585228358354,0.2625466574753649,0.8185917814974454,0.20476972788879838
spread,BBB,200806,413,0.4741427616879524,0.9052133201967826,0.030283208145568723,0.7254361869429591,0.14347311640026156,0.3571326758770404,0.8103892687125058,0.2775020410647852,0.8082175611829904,0.1792660012202281
spread,BBB,200807,424,0.5321854507211733,0.912832749957676,0.07996466022640965,0.6854038862524189,0.08491526691836765,0.39466272693833543,0.8190674176856145,0.2661094415087388,0.8201706803379348,0.1914352762540763
spread,BBB,200808,427,0.5303897923688381,0.9136881070552947,0.011335209048068092,0.6455088516678461,0.07259598652124175,0.360179759607845,0.8899657649969239,0.17199403020451134,0.8793683475014724,0.10323918027806742
spread,BBB,200809,428,0.44900632836381416,0.7314016091337067,-0.019592174334015916,0.4643190861407317,-0.01290635211272564,0.08482057377641149,0.8864106450436526,0.18198760897995456,0.8718882146437194,0.07651506156567911
spread,BBB,200810,424,0.38339204347755695,0.5713650484740164,-0.08772254626459174,0.2702457346511273,-0.028663187474909674,-0.018737037392572,0.8707284720234117,0.24153720522320427,0.8513315051585536,0.11015308597038918
spread,BBB,200811,415,0.48801550552418865,0.7601708897949363,-0.25955226674055215,0.2953094318329787,0.050148086079606344,0.149897680005478,0.8671859973284853,0.23668851280900113,0.8429038783968418,0.0917006145768557
spread,BBB,200812,422,0.6153547862013111,0.7792417883884237,-0.23494745101683645,0.14805871625132094,-0.10733993172628144,-0.044211437745017804,0.900787245379222,0.20991028272104675,0.8640027188656848,0.02415269567352072
spread,BBB,200901,430,0.6254415675818503,0.798159885488558,-0.1822484104143846,0.15890395100812552,-0.18984174515389104,-0.0265526151383943,0.8915554303637013,0.22109632897334436,0.8629382663614592,0.020079200310991783
spread,BBB,200902,439,0.7336121310297452,0.9150359032941653,0.009625776912886469,0.44269500820522956,0.035242272003903355,0.14385168023408834,0.9353648204396589,0.20167441825471996,0.9225088484120921,0.019819743182022252
spread,BBB,200903,434,0.7987182493679823,0.9460813843890932,0.08823183793422727,0.48206860513283345,0.10428016906500824,0.20791135388279106,0.9510197712454966,0.1889209007863824,0.9429975001460592,0.02590154768167215
spread,BBB,200904,441,0.7813157485759004,0.9050022159236678,-0.05591971054155928,0.2276980677189863,-0.31620368427091117,-0.18995420648058073,0.9375246135874982,0.16205161060723708,0.9423783555188125,-0.001025821792926899
spread,BBB,200905,451,0.7102572436082283,0.9254564066996118,0.045719181890129426,0.46545103036568736,-0.2740478386280242,-0.040835199775422944,0.8531409574226053,0.09961386636278073,0.9043929942536727,-0.022872143558443688
spread,BBB,200906,457,0.7012121263936948,0.943641401878268,0.1487876978908242,0.6627268694520724,-0.13077918655486528,-0.06906122073846538,0.8138433759103922,0.064055187052236,0.9099368454502944,-0.03402529240695708
spread,BBB,200907,463,0.6410746210840526,0.9362837416246914,0.10103974933236866,0.6583053337464058,-0.22647125534032508,-0.05771373268244109,0.8135129178720772,0.04433771496472317,0.9134719463189701,-0.054960141450231516
spread,BBB,200908,460,0.5976944856627443,0.9420565115639998,0.09261443456316164,0.684328900961917,-0.10416104949949424,0.21329061756182024,0.8185978471733458,0.03686814946720812,0.919063241436188,-0.04960871105638006
spread,BBB,200909,477,0.625597307455447,0.9527482650192989,0.13634736281818322,0.7145169863330945,-0.22391361218048436,0.0427298198296924,0.8308052096274273,-0.00032905429554684043,0.9264196330212452,-0.06556138355662855
spread,BBB,200910,488,0.6362718939594438,0.969585487737866,0.2391833657184763,0.788057361696446,0.07185918668649495,0.4539974876288573,0.8325469379600716,-0.03136770154742992,0.917177150743547,-0.08338354145899057
spread,BBB,200911,506,0.6433712834018511,0.9666285835863638,0.333987301482914,0.8331600807891573,0.16349409059763712,0.5435586443865601,0.7603021606023755,0.03916363809007815,0.8819632527145187,-0.042210435491667815
spread,BBB,200912,515,0.5936079373616269,0.9664267834580644,0.2632807468989759,0.8231623294664614,-0.09045467044672845,0.27874482422081837,0.7079974770934929,0.058538533392896164,0.882084889009176,-0.015420471982177315
spread,BBB,201001,521,0.539580551109488,0.965334845650682,0.2844472898645908,0.8769967839663668,0.18330592565816603,0.6312843693936793,0.6978104425364776,0.07820320012341148,0.8600401696949322,0.014680673362733012
spread,BBB,201002,522,0.6295188169785745,0.9642405019439432,0.4177969052207645,0.9008400192274009,0.407012767073242,0.7287399542860103,0.6728454937950568,0.06380062737568364,0.8285761140989998,0.02310955208010984
spread,BBB,201003,521,0.6309693173093903,0.9752395033624099,0.3836847703137024,0.8903483410777665,0.22710590338862,0.6093670814434248,0.7120320752703203,0.04723573743233122,0.8482976499809171,0.028918584411846093
spread,BBB,201004,523,0.6362604478815473,0.9616765754053757,0.41761602085416794,0.8939267004837385,0.2877662616592102,0.6060915756903833,0.7477206279588293,0.0381449932186218,0.866644051330466,0.04069104705120819
spread,BBB,201005,534,0.709399726117761,0.9435787088267353,0.5143659894017821,0.8946175453997757,0.5047827132848506,0.540936920794545,0.7615757601551996,0.034551567724288995,0.8635666127742101,0.05571799597065058
spread,BBB,201006,531,0.7403745506809117,0.9514406875976027,0.49919971018047193,0.8800083387280074,0.505278396368247,0.5962068725899429,0.7672999140666583,0.0317531102727686,0.8574793081158094,0.05953779847765366
spread,BBB,201007,529,0.7289957648477218,0.9544373512668003,0.38825975091356546,0.7867845904513918,0.2246725106758277,0.49540789183256434,0.7767601383304819,0.026808496434537164,0.8573356796546858,0.06005207941851742
spread,BBB,201008,540,0.7593006533653909,0.9727831068605802,0.48231700230643987,0.8738554054030622,0.4548345882911502,0.5971046832637702,0.7805238479819242,0.019998876187257746,0.8574875431954508,0.05402927046751636
spread,BBB,201009,548,0.8006145912221604,0.9719438205555193,0.5258517364615023,0.846342779515388,0.42910281054091576,0.6442649135946086,0.7842767345038518,0.01797489557567667,0.8609018252438946,0.0554618281358399
spread,BBB,201010,563,0.8112089290937222,0.9784078028297631,0.5533130676032854,0.861976545308172,0.47112126743702976,0.7183615146335962,0.7860878493857714,0.016516535880771073,0.8640784035515866,0.055326109103030194
spread,BBB,201011,565,0.8041895272897124,0.9833755729830911,0.5571871301179697,0.8830408656378541,0.48478143568951165,0.6233783605808841,0.8059098498532339,0.001823444971392603,0.8787210197513332,0.05014651334322494
spread,BBB,201012,573,0.7317169556147716,0.9707410999807105,0.4237187028225048,0.8469058744606335,0.24619414307749052,0.45787942423148603,0.8316237672609411,-0.0017663654520827582,0.8837853575582382,0.04688917475802203
spread,BBB,201101,568,0.6375435059932737,0.9701840442829726,0.3374619912405502,0.8560922678813653,0.21504304090506723,0.6553970562578673,0.8594529716696879,-0.017357723381609774,0.8955537317949178,0.0322260835644962
spread,BBB,201102,577,0.6678501999106369,0.9730086272582049,0.3548254247241402,0.8611679441178085,0.11326426837873402,0.39797795250167445,0.902960414466299,-0.024408104790803256,0.9177056445719196,0.026794773822626097
spread,BBB,201103,566,0.6734627311584729,0.9883691747077787,0.38459035674354347,0.8853654663382006,0.22896448130336328,0.5960341087731259,0.9111289452136582,-0.03174779010012116,0.9161659451167186,0.016017433089393334
spread,BBB,201104,548,0.7558872005061354,0.9877258494865495,0.5207479132207857,0.9146040436485267,0.41885046468030795,0.6718545444841877,0.9152334500815353,-0.04348302276691549,0.9116252687588601,0.01110759890430726
spread,BBB,201105,563,0.7204527984315057,0.985674045546904,0.45630997125831196,0.9072447472987254,0.35686562685889295,0.5907060143957785,0.9667312849734834,-0.06742591459638846,0.9275746432179859,-0.010336562429716572
spread,BBB,201106,576,0.7490725268953292,0.9843372004519003,0.4710941777811268,0.8812197201491547,0.5121040866048779,0.6968324844269268,1.029952809972485,-0.06500652448404175,0.9409911302249886,-0.018684535813700928
spread,BBB,201107,569,0.7827682355945624,0.9852322619335135,0.427439644806216,0.830722076613305,0.16038630060518536,0.19391250563644427,1.0735477912707116,-0.07103132645291764,0.9517599292148076,-0.03363186706338519
spread,BBB,201108,582,0.8063877911312138,0.9677243225143936,0.404738007649166,0.7968623014048145,0.2178037030592555,0.034700780778450416,1.0876260463454832,-0.06136363801749525,0.9523786235675096,-0.024403993573313555
spread,BBB,201109,583,0.840839226031072,0.9751753699817898,0.2729974858431824,0.6519742007529857,0.2842444557864243,0.14686473623477778,1.1203619956341595,-0.053612830166761764,0.9540046317105588,-0.027630499967340082
spread,BBB,201110,585,0.8603797247545257,0.9726902526731713,0.04889366282353474,0.36314757917810875,-0.2181026464912867,-0.13596756717960984,1.146734354326051,-0.04634805019684399,0.9582823980935958,-0.016560195973959812
spread,BBB,201111,619,0.8104401027759252,0.9612761021814975,0.1517105522126097,0.5294123205106651,0.24574637471812077,0.3185399751614957,1.1710220821558466,-0.040113747151337746,0.9603379033531346,-0.012019143512694294
spread,BBB,201112,643,0.8496025995588268,0.970190537514718,-0.09970193990933073,0.2657990201144567,-0.19132725121989685,-0.15778909672100405,1.1912372003334444,-0.02812942786703585,0.9604185334132003,-0.02082388192303981
spread,BBB,201201,651,0.8436055744646584,0.9729357938326882,-0.08739606326782262,0.2449395102355177,-0.1084183696770279,0.09114827888006628,1.2120981523830898,-0.022014376915258805,0.962866247057155,-0.0229435276744511
spread,BBB,201202,654,0.8587394797743279,0.9706890099829174,-0.028789577043017264,0.29981422287341625,-0.05278858092399905,0.11557232990505958,1.2003515145870776,-0.029063033720918,0.9596343155894361,-0.012007988768406695
spread,BBB,201203,655,0.8598002598372866,0.9793689447357339,0.09358302060505024,0.42333302334505696,0.17956460878076114,0.38508668387183254,1.206190690657208,-0.04166540783946931,0.9563834645365495,-0.01460521149945573
spread,BBB,201204,659,0.890376145841687,0.9704221709505073,0.23618541490667214,0.5405720963627068,0.2372400620108597,0.23094295535881879,1.2202395552999072,-0.04423810496983286,0.9598529897213827,-0.009288737194686878
spread,BBB,201205,662,0.9073667009974109,0.9620866732701511,0.18890506696704767,0.45993329775320485,0.18950453573423068,0.11643457459770262,1.2326736195934298,-0.043295747058707576,0.9629915383091358,0.00032360881459924095
spread,BBB,201206,663,0.9162832112367477,0.9770710117341561,-0.017793611596939353,0.2345897199498519,0.12687985884289849,0.19172239799878357,1.2420420014430569,-0.04710498613528932,0.9674989185453124,-0.0039363206578821265
spread,BBB,201207,680,0.9041032864668322,0.967485992439775,-0.11011063401699298,0.15389701197985034,-0.08820915168374448,-0.08016881606524955,1.247596120345905,-0.0579699585183214,0.9720225124523083,-0.0039801134429007885
spread,BBB,201208,652,0.8795954410595848,0.9730461995059503,-0.1408417092536029,0.15813669713577586,-0.03025038074857614,0.146777251672685,1.2944303879774106,-0.04949218474881961,0.9767290498621862,-0.01713537951609312
spread,BBB,201209,704,0.8944772508212162,0.9780543678731235,-0.10106482717065025,0.20123909293066355,-0.11049078830433816,0.04107488021656938,1.31093716882132,-0.04700120368218037,0.9767644064929792,-0.008294543285552283
spread,BBB,201210,702,0.9042828420751462,0.9778900416448539,-0.11020976100937058,0.18960233807201055,-0.25102423428123555,-0.2081103374958895,1.3257324953160043,-0.03398336984572949,0.980672081686103,-0.009182724414742225
spread,BBB,201211,713,0.8765309589261528,0.9724044933032755,0.08259813204579654,0.4137098679221038,0.14367714284652514,0.23473099698175182,1.2824624313980848,-0.027271341219084998,0.972164435547273,-0.011694034281477417
spread,BBB,201212,723,0.8595089915583126,0.9568161585645306,-0.02598642914235276,0.2903589445693697,-0.23570342713803372,-0.14827536909600983,1.2711379080871608,-0.028533792320079958,0.9777567993075372,-0.004734224206827482
spread,BBB,201301,738,0.800732751488115,0.9614733492041669,0.13434155399384537,0.5156740249673019,0.1142318346250499,0.4074959288969439,1.2335000938773257,-0.004825799788667984,0.9736354312528105,-0.0029254756225166917
spread,BBB,201302,745,0.8803638783096712,0.9821140272940345,0.34627436390198546,0.6616238305798193,0.14688371901349304,0.21439114678679008,1.215824394104226,0.010766784065776257,0.9707693997202953,-0.002761803499225288
spread,BBB,201303,745,0.8821788518962842,0.9861498865961533,0.30021155116536624,0.6114260070028883,0.1315119196116164,0.2715704092946201,1.1942823981961355,0.036337417180388076,0.971519645344137,0.0046651679796790736
spread,BBB,201304,776,0.891778705383694,0.9804635857613573,0.2822137534940994,0.569745052756278,-0.2039644176458277,-0.16924781895088412,1.1876013777211418,0.04850265910183908,0.9724005502001849,0.0078689360141593
spread,BBB,201305,797,0.889930181314475,0.9818300785713204,0.4211680898620517,0.6672597525986464,0.3585699577794466,0.5208285386183071,1.1831177022532962,0.0545416342707346,0.9712635627923678,0.008585288816902334
spread,BBB,201306,806,0.9046680484089453,0.9831595012055767,0.5875647975768153,0.8150942859599464,0.5358730790394004,0.5277376578887994,1.179560209170652,0.06546975296298385,0.9696916491682069,0.019099448419758382
spread,BBB,201307,798,0.8826797757004846,0.986524246097833,0.46269347660887666,0.7438602286238656,0.19001861135545414,0.3620534376472446,1.1650276757374995,0.08088621476380764,0.9660597444606002,0.030113989703815482
spread,BBB,201308,809,0.8567425154358889,0.9833308575742332,0.47879500558214044,0.7919171762888162,0.31220163425489644,0.4020774135096637,1.1513288249899871,0.09096412393100997,0.964978804391556,0.036801471766984256
spread,BBB,201309,863,0.8167580993503589,0.9680178194659979,0.4191717808134063,0.7468109235366234,0.1301556693094737,0.33869031436241875,1.136677190176755,0.09017358646015149,0.9657088116265158,0.038187026597167606
spread,BBB,201310,891,0.8802055737034717,0.9850447852015248,0.5595068265497046,0.818566601479442,-0.06183134310811037,0.07181641709322774,1.131366823956829,0.10201985701477942,0.9629838570738842,0.04647136650067494
spread,BBB,201311,897,0.8842735424309692,0.9900423090404894,0.604430957654071,0.8458425068239709,0.35723210359526536,0.5436546962109857,1.1428349142265315,0.11688638882635295,0.9653497723911404,0.04446022210937564
spread,BBB,201312,912,0.8704624526376915,0.9724028721281816,0.6085851924022331,0.8459400314744459,0.10629825432539668,0.155983169534188,1.143727165983139,0.12184406417433813,0.9612874692784262,0.05074033378477051
spread,BBB,201401,911,0.8571861452669582,0.9903369622478922,0.6002509175497216,0.8868478589658354,0.1201465254371257,0.1884189249386407,1.1542958990839198,0.14432290122532662,0.9623303744142319,0.05065356700564517
spread,BBB,201402,925,0.8924757714268895,0.9913005918335359,0.6098637315052002,0.8488997193459872,-0.016737501013958902,0.1168291350204998,1.1764258035654338,0.16159935060900363,0.9696467227656289,0.04118848381155062
spread,BBB,201403,925,0.8894057288536713,0.9911133218838938,0.612836001768026,0.8597169239066158,-0.08544214358448035,-0.04404295165868922,1.2020581495151172,0.18761986089248062,0.9738405794982663,0.03680627430660125
spread,BBB,201404,938,0.884141837406255,0.981544752266632,0.6181434596932128,0.8561518775594917,0.0741083517431344,0.14732137836196316,1.2103972697839283,0.19963362763074627,0.9727542901219037,0.02796853706595711
spread,BBB,201405,931,0.8976020740410964,0.9923486598563929,0.6438402626292399,0.8726183837021358,0.005998947448723073,0.07582149079621775,1.2105678044264667,0.2082366931544831,0.9711410521675156,0.03670235988676647
spread,BBB,201406,950,0.8986499133686182,0.9854277922053856,0.6290581083017384,0.8433322546790253,-0.0452820772917025,0.07889870620509085,1.2168082391877268,0.2117354159890691,0.9760972711420083,0.034421059715262096
spread,BBB,201407,962,0.8946198347279538,0.9906862229197109,0.6493143431494977,0.8760494761236443,0.005586834969544166,0.03693835964488903,1.2512560667626802,0.22475774153140007,0.9831601041463576,0.01990912672816739
spread,BBB,201408,976,0.8961881197980115,0.9895351078787281,0.6100430971615763,0.8444783802266667,-0.2669681101655866,-0.2832256380937201,1.2826522706796837,0.23241426338745308,0.9874905523091789,0.024047561838043997
spread,BBB,201409,1001,0.8816766419338852,0.9830722624194068,0.5454483600232103,0.790187114374322,0.2898067082617981,0.39453071568201514,1.320491824155834,0.23307327370266098,0.990102057909573,0.011523611821539666
spread,BBB,201410,1017,0.8954638469358068,0.9834677764293417,0.5499625053793435,0.7942180116181558,-0.08934435480004585,-0.0907044362857892,1.3502105599422258,0.21840925559618724,0.9916829008463183,0.006527615650701383
spread,BBB,201411,1030,0.8935071752855344,0.9866940333970419,0.4956901701530898,0.7598560780584859,0.016714475999870308,0.04564185629500393,1.3773933797998785,0.20441151295335816,0.9918122102793053,0.002180173191349855
spread,BBB,201412,1030,0.9143914964204014,0.9661380753870628,0.47031667600981436,0.6891713679085532,-0.14669282363628644,-0.2304176176293114,1.4087773197536244,0.19846028665395082,0.9950630776139874,-0.0017815593786862077
spread,BBB,201501,1046,0.9177095731494607,0.9776342570401343,0.25891572824112496,0.5092399158783636,-0.05493969144170319,-0.10648854251563805,1.4521166576201077,0.1959909696019049,0.99562556006878,-0.004405642038965169
spread,BBB,201502,1083,0.9047915046310449,0.9787640606182396,-0.07675457115093137,0.16876926271917284,-0.1660584627853051,-0.005428300543760349,1.489969202462403,0.19825886069121645,0.9926747191335394,-0.01650775671073464
spread,BBB,201503,1077,0.9267483503528291,0.9901511957923275,0.21579154207035692,0.4642898911040741,0.19760552852876284,0.2361988693574758,1.5107489314082696,0.1907791481064032,0.9902203445889078,-0.014712212169082414
spread,BBB,201504,1097,0.9180369188670393,0.9874135667540477,0.1301816472262113,0.37455204975556444,0.14603975972149705,0.2934364996800586,1.5453677721902839,0.17819211183841177,0.9883583937517841,-0.012701134135462356
spread,BBB,201505,1125,0.9159741431050852,0.9883595572632848,0.22068126066164467,0.46317485159170785,0.1889646908188076,0.31965348561284374,1.5847365654682393,0.14793992031525802,0.9887858563267834,-0.021780480191719322
spread,BBB,201506,1143,0.9232211692139802,0.9904157826583666,0.2807966139504553,0.5265502390996198,0.3518030855742237,0.4393504341314974,1.6154337825556366,0.12934416599794735,0.9849642527693455,-0.021833285227986006
spread,BBB,201507,1177,0.9309780487740621,0.9897613219545895,0.3011145429010305,0.547069625566707,0.1260941291222665,0.12445466825712438,1.6247698474568268,0.13268654538953467,0.9787599042102056,-0.02069259457016391
spread,BBB,201508,1197,0.9425013976230974,0.9864827317356168,0.17016396584871754,0.3906817235143866,0.4020507988598514,0.3802848629905926,1.6574715811178646,0.13281809216653814,0.9777764927514588,-0.02901205292349881
spread,BBB,201509,1190,0.9497123913176432,0.98971260190747,0.05338100293408129,0.2848101780630344,0.4857456109704052,0.47488849761269614,1.6814463906815438,0.1484097421004432,0.9741735246222127,-0.022800862636634
spread,BBB,201510,1198,0.9342751036125447,0.9846519565827808,-0.35206410171368085,-0.13109097167007586,-0.04590057610128225,-0.007092723674082203,1.7214066033640998,0.1790807846934455,0.9773939069807148,-0.03675113306087292
spread,BBB,201511,1232,0.9482734751808642,0.9783861596177905,-0.3008248464164782,-0.08970138541220767,0.2411503146899936,0.1828159691797107,1.7510840544037816,0.16009632589346523,0.9783690028461994,-0.041797149657265144
spread,BBB,201512,1347,0.9049177360838923,0.9604158585776142,-0.40519679355347077,-0.18235062313661327,0.19697553776769744,0.21434803670223124,1.7586068390707659,0.1461673801524956,0.9754508802350005,-0.04370846795662675
spread,BBB,201601,1352,0.9483195599007049,0.9768702322890285,-0.320600042912934,-0.1454051901733996,0.47177132355356444,0.46333464028440025,1.7563089188791494,0.1365972762118601,0.9755503089154722,-0.02726414303160806
spread,BBB,201602,1392,0.948356415084636,0.9760754862756901,-0.6954484574339981,-0.5594758304357125,-0.058882521373646836,-0.08597474199816335,1.7219563261896602,0.12856678079819128,0.978041595680514,-0.018529811010154912
spread,BBB,201603,1383,0.9229623422370639,0.9701007932367657,-0.7707056470767462,-0.6351165024814451,-0.5292970649522465,-0.46358375519118944,1.6239857794742294,0.1254373931231827,0.9762201934075782,-0.016214652198295557
spread,BBB,201604,1397,0.9267741629227201,0.9841285596068867,-0.6126980162881753,-0.41349883310177027,-0.4061054456558221,-0.3014258696953262,1.5864871205262014,0.1194552545635008,0.9798894578800098,-0.0021429897574303676
spread,BBB,201605,1413,0.9438883753896745,0.9906930091898698,-0.32888423545889794,-0.10291891689973308,0.0272808246846333,0.06427737711569592,1.5362384226576904,0.12109803750403866,0.9818329471879492,0.0069340927385389
spread,BBB,201606,1422,0.9450361743198358,0.9841312335224227,-0.4565312834895997,-0.26515025701096123,-0.2819872601271412,-0.26547777427620967,1.5236310922815743,0.11445081397523758,0.9859861382530162,0.005987161751058343
spread,BBB,201607,1432,0.9395813096959604,0.9830314961155618,-0.5107795065211624,-0.3146513079672872,-0.3194131257271508,-0.2680589916914531,1.5236565432492566,0.09885062139838985,0.9921773468401477,0.008383474731532442
spread,BBB,201608,1465,0.93576514144792,0.9780026323931265,-0.5642217396759744,-0.3927107722510899,-0.4682114531875996,-0.39893401987723226,1.5239565939088229,0.08553924140070097,0.9949013793606685,0.025857047181611033
spread,BBB,201609,1486,0.9411064062578306,0.9765626379232761,-0.3618211966576826,-0.17882117623461455,-0.16402584224869288,-0.1093375952466743,1.517684542473752,0.07964488748083828,1.0038211649930775,0.03471744574701325
spread,BBB,201610,1486,0.9261889688659042,0.9809078601764597,-0.19192864466516502,0.026706100113937273,-0.12528942153194322,0.0038138777310346003,1.5127383660385512,0.07244897525326055,1.0092148684658888,0.05118400103340835
spread,BBB,201611,1491,0.9211243311001291,0.983042730666834,0.11532706758145131,0.3526757067504356,-0.0351043033131173,0.05778100275922092,1.470016420867136,0.06943425297750727,1.0066485923219637,0.06213304780899176
spread,BBB,201612,1498,0.8875294758110526,0.982916560920815,0.08233151770487301,0.38340544785644104,-0.4721435069803027,-0.3743594409616902,1.4567968828930946,0.06784957070738493,1.008869449969448,0.07155447657256706
spread,BBB,201701,1541,0.8833150215476206,0.9818517623788962,0.23188429942305533,0.5170946098872926,-0.30789637986334273,-0.15592902312428722,1.4431351355834983,0.07132308861864749,1.0182739872331061,0.08120270056584063
spread,BBB,201702,1560,0.9080338193026621,0.9885485169141949,0.34059108629105295,0.6043013251906246,-0.5288936714507086,-0.4623151867707851,1.4351584073398336,0.08232088254378836,1.0344083988089596,0.08863151346647152
spread,BBB,201703,1539,0.9394953878608926,0.9932222300733853,0.4898165619998727,0.6892142719759602,-0.2803582742854843,-0.26114189558044143,1.3803883166721658,0.09034981155802455,1.0301508797023795,0.09283081529981335
spread,BBB,201704,1545,0.9429662958693188,0.9919809523905905,0.5805208966248117,0.7571747378771017,-0.20413176417595078,-0.16571314952473248,1.2730376898516373,0.11346485603844365,0.9987831809490211,0.08697106603059272
spread,BBB,201705,1536,0.9505287149321906,0.9892114189463103,0.5973312856612466,0.7544965000584334,-0.21882045178889659,-0.20495441926232708,1.2430367210141477,0.130207739221952,0.9891481839707228,0.0867929673302719
spread,BBB,201706,1555,0.9437019133012952,0.9855442495868296,0.5389197886335662,0.7026064349029839,-0.2266795944770819,-0.21963628570422825,1.2344889579224883,0.13139085731645017,0.9883703666171996,0.08749111748505405
spread,BBB,201707,1586,0.9431458545201643,0.9904571239737252,0.6007327719824118,0.7638716569567272,0.21730249701489615,0.288079427170922,1.2132157278666686,0.1377253034552814,0.980868586911235,0.10153830151917781
spread,BBB,201708,1603,0.9369626640256701,0.975635695805183,0.6337258449330654,0.7828556405828611,0.13003577271466318,0.12417823306414137,1.195851261235728,0.14167699314070084,0.9769739652510788,0.09685335346980689
spread,BBB,201709,1632,0.9482287650879601,0.9910151044220912,0.5410562858274982,0.7039765875629501,-0.03956768767371783,0.039237685899473934,1.175987388654542,0.13726272146246796,0.9691256504953848,0.10119618996468117
spread,BBB,201710,1640,0.9559796954992202,0.9911286290836065,0.6024112417687248,0.7462026854167055,-0.08420824303712339,-0.044345557642365,1.161414075338942,0.1335367258601635,0.963055750046269,0.09866267965226902
spread,BBB,201711,1627,0.9569387522380413,0.9810925822969984,0.6144871213531441,0.7430532002278243,-0.2989683068820756,-0.34143299878869166,1.1579485572340156,0.13130340272725993,0.9642337576814335,0.0972313382466999
spread,BBB,201712,1635,0.9480445811353744,0.9765881977051932,0.43003126027785177,0.5637679524499385,-0.2662978062619402,-0.2781965044077201,1.149608821855665,0.126367351006469,0.9618310642844364,0.08665332595338515
spread,BBB,201801,1652,0.9498858413285253,0.9831328502469271,0.23843771618956736,0.3712771598013517,-0.22834790436440697,-0.1769117537702183,1.1380027301776598,0.11418819634756315,0.9517220195079654,0.0825607326118582
spread,BBB,201802,1686,0.9424604287030176,0.978751886529772,0.5415537120515284,0.6633220942227217,0.33698873324660517,0.3775021456019419,1.1169865343786667,0.10749438434896506,0.9319759281640156,0.0928272999707231
spread,BBB,201803,1672,0.9487497866096083,0.9804225948791548,0.47709212025710623,0.61663082671805,0.09218550133841957,0.08707410855853247,1.1323412809608404,0.09864686894767664,0.9268439515924664,0.08475370357699222
spread,BBB,201804,1708,0.9509735528404665,0.982265619204316,0.29572272555257045,0.42833536952148427,0.3600700337805027,0.41733851498906344,1.228099534759936,0.09533771318088348,0.9546955129835332,0.03342644880534186
spread,BBB,201805,1730,0.9514265120131635,0.9708258857860546,0.15214138418774373,0.25441754224872065,0.2571264188609102,0.27679468323749207,1.2839523807004443,0.10044107640473722,0.9652817231823548,0.008619464778487166
spread,BBB,201806,1726,0.9640919920132041,0.9805603561380049,-0.003404935994972666,0.09429160234773205,0.2914019535722906,0.29597191650568155,1.3011074824650293,0.10318196029496424,0.9611205168531894,-0.0035541426415688173
spread,BBB,201807,1738,0.9698917072052418,0.9821889394179436,-0.5389041239522725,-0.47753440339850783,-0.18265644459730818,-0.16470370946110072,1.3410972627480533,0.0602728495098399,0.9655632426204905,-0.015817372935319905
spread,BBB,201808,1749,0.965684109152094,0.9799671051677068,-0.3388711894646802,-0.261195489174364,0.3234084687650733,0.3509126698812254,1.377847051260341,0.04874516009261341,0.9704170525379023,-0.017078599406439857
spread,BBB,201809,1792,0.9722967414763846,0.9820743527519386,-0.7371807975096162,-0.6911797558786769,-0.10350380201944336,-0.09290462626238005,1.4306295313147177,0.04096613629048383,0.9757983103380067,-0.033420732568900546
spread,BBB,201810,1818,0.9770520688211219,0.985819884296143,-0.4646775459224811,-0.40328313526518517,0.5072451319310791,0.524593489843334,1.4537315677684524,0.03180501043065826,0.9747795263304311,-0.030380451427487413
spread,BBB,201811,1849,0.953229775037515,0.9545741054505419,-0.600626428847223,-0.5528574293545861,0.14263110682037278,0.10669240128585014,1.4814408226120348,0.03877148264893431,0.9725074446778337,-0.037506052448698736
spread,BBB,201812,1870,0.9546547070012551,0.9634532113716294,-0.6937513390855933,-0.6352110572646193,0.29354516471438685,0.28415198271929926,1.4901284586548889,0.07386566640252985,0.9664191194932019,-0.012645496018688447
spread,BBB,201901,1841,0.9270239973726057,0.9518727688644588,-0.7276078074413685,-0.655905693549777,-0.026781597821227455,0.023933120322607415,1.4817340414720477,0.09678614091750899,0.9665881327361814,-0.02020068293148502
spread,BBB,201902,1847,0.9505278846865473,0.9705725510929445,-0.7279951771388223,-0.6529522539375429,0.08329173904128871,0.13810552717081948,1.4522656206445272,0.10737371816771293,0.9617669675218389,-0.01572786168360482
spread,BBB,201903,1828,0.9626197801334029,0.9747813410510279,-0.757580945531814,-0.6957086211213236,0.00798601903728823,0.03557711133498069,1.4371892370078623,0.11016549807055886,0.9627731857546451,-0.010764132979164986
spread,BBB,201904,1860,0.9491647337887824,0.9639097384950475,-0.7981780746886058,-0.7364545818672626,-0.08243477601671485,-0.04719921185764249,1.4137305593321257,0.09750109316822776,0.9581220125764354,0.0027084686774104566
spread,BBB,201905,1844,0.9540456696722296,0.9644543059922387,-0.42339557294423835,-0.33854061647095657,0.33068613002917435,0.32620594985100854,1.392144368200449,0.07058510389613691,0.9595502818935537,-0.013894087809181891
spread,BBB,201906,1865,0.9462451955583572,0.9698036649513762,-0.6224876945114616,-0.5178536278584743,0.03905000043879286,0.08723461627477537,1.3700646135791947,0.05367367483830626,0.9605904726082323,-0.005245681413834057
spread,BBB,201907,1886,0.9545748902945911,0.970022788602166,-0.5167720466750344,-0.4000333467607146,-0.004342580073295494,-0.010129399203348712,1.3510214232182036,0.0409863244070732,0.9643458348760805,-0.01426289933562389
spread,BBB,201908,1883,0.9415099878683216,0.9558191028004114,-0.5627710950907523,-0.47866120074974167,-0.010197908134091162,-0.030263360387733734,1.3121840805406932,-0.004491765423352812,0.9570352865659053,-0.020042210878709953
spread,BBB,201909,1908,0.9605200574208904,0.9685326580222448,-0.5956419855549552,-0.5019051023935,0.32180344688983753,0.3167592727221645,1.2840669186623794,-0.020750537041678518,0.9589009943500252,-0.021929861772505835
spread,BBB,201910,1911,0.9661478181547273,0.9749798100811302,-0.4002882205102605,-0.3191324048718297,0.5099729993903479,0.5292467823349305,1.2555859375794989,-0.05169887180925561,0.9576140040789393,-0.018675459048076104
spread,BBB,201911,1883,0.9655751853149519,0.9763064728401468,-0.4683152653247691,-0.38106882787954677,-0.2209887993595989,-0.2320924934693815,1.2413785376679547,-0.06009350755628287,0.9667554849186356,-0.017814175034127917
spread,BBB,201912,1829,0.955394135692046,0.971963391076252,-0.23804272100737486,-0.14235805628039813,0.0560707826915191,0.10943176489536235,1.2257762369751357,-0.03909253496981872,0.9737394734561992,-0.027738119500085118
spread,BBB,202001,1806,0.9551518498169136,0.9745269427766182,0.12485956937754679,0.24865670512529833,0.04005032315038164,0.05624133589463878,1.2130146319780561,-0.029746982516442182,0.9838699843521203,-0.03433358677113013
spread,BBB,202002,1798,0.913217626858731,0.9406278473765128,0.19344844684045734,0.29609669008336487,0.30269804211031676,0.3293483585456025,1.1896781946884576,-0.021986764897378153,0.9867862605482685,-0.027807356496873135
spread,BBB,202003,1772,0.7239866388022007,0.6831566518715231,0.16837047446269615,0.12054286913230564,0.08958538511783781,0.012098127840158039,1.1651410914952842,-0.004436630506810978,0.9861757755927644,-0.017958474439359922
spread,BBB,202004,1728,0.8051874834431604,0.898311160393456,-0.40784390117732533,-0.22716197339145203,-0.33046577329116766,-0.2045098341656986,1.1484999681073156,0.022913618660834637,0.986782389336604,-0.027244221063901113
spread,BBB,202005,1757,0.865076511611021,0.9355269931875,-0.21784168309147875,-0.04529952693706231,-0.14774019845815756,-0.016540383806812865,1.1240850061115168,0.06124262992985726,0.9776067373961906,0.013860683744237969
spread,BBB,202006,1739,0.9134562562457267,0.9661583262010394,-0.13325299447716552,0.046282089794100596,-0.29628044250293223,-0.1758916087415152,1.122123232292975,0.09204267065011199,0.9812223971207537,0.032549141017962156
spread,BBB,202007,1726,0.9528754657096086,0.9739691989816207,-0.0021170129789697973,0.13529274377391395,-0.34792677438921343,-0.3515550763279528,1.109753478207188,0.10809522978963228,0.9795035821349587,0.0415136060463982
spread,BBB,202008,1719,0.9425545230247466,0.9805622049021646,0.23167067758983456,0.3824110458141758,0.2005870582628606,0.32585137081277865,1.1089289033205614,0.17222021836869084,0.9802008619951652,0.04478306653971797
spread,BBB,202009,1529,0.9672685064172297,0.9884926196697159,0.47485302292085757,0.6058267866954332,0.19256823675645257,0.20680419397443325,1.0993541698798688,0.17523192669035545,0.9750189194790787,0.05508569456928422
spread,BB,200307,137,0.6921077256763605,0.9097642422160099,-0.07013646461440812,0.3745356282786043,-0.024432019713629658,0.11624227602815165,0.805815460254006,0.09162452740451295,0.8336078285977822,0.04052712371221835
spread,BB,200308,143,0.5631794509857785,0.9287477505411079,-0.13688482878623723,0.49579862971631383,-0.013099576479858169,0.29487361006507307,0.805815460254006,0.09162452740451295,0.8336078285977822,0.04052712371221835
spread,BB,200309,148,0.6882816650112759,0.8886817911766918,0.19949136919414967,0.6252073029924083,0.2503211333508553,0.3152023425259255,0.8143751193938072,0.11268561417239792,0.8538384136580305,0.08083985831408985
spread,BB,200310,150,0.6069192593094855,0.9010573850280684,-0.09126627850126673,0.4405128059259478,-0.11780612471665408,0.17257331005549306,0.8211811066253851,0.10589848785279692,0.8454944941213252,0.06601950519995553
spread,BB,200311,152,0.7079560890190163,0.9254733043614611,0.09683636438193262,0.5526483726884774,0.21549149461108943,0.28643995253603327,0.8211811066253851,0.10589848785279692,0.8454944941213252,0.06601950519995553
spread,BB,200312,150,0.5798602067495798,0.8884789923066415,-0.05250188897284325,0.48991775619928307,-0.08889461753855728,0.1594171463927963,0.8211811066253851,0.10589848785279692,0.8454944941213252,0.06601950519995553
spread,BB,200401,139,0.5418458255917314,0.8750312796060948,-0.02002323606952947,0.5537754829630822,-0.03295947093257071,0.16737845986887373,0.807378409474494,0.09031582920782508,0.8464513660179764,0.07710725045668809
spread,BB,200402,143,0.5453803023566772,0.8508474576289098,0.059231261696050426,0.6397464611655322,0.2725302866147936,0.3967074423223629,0.8102602366346006,0.0849306957987174,0.8478966134094983,0.0762898994902485
spread,BB,200403,139,0.6327135910272508,0.9531644834296668,0.14453728942311989,0.7357390938167254,0.29864158362750787,0.5456361286374825,0.8102602366346006,0.0849306957987174,0.8478966134094983,0.0762898994902485
spread,BB,200404,135,0.6460620723034237,0.9629020831079514,0.04302994829772706,0.6167640355763963,-0.19789288849868306,0.08507737688103292,0.8102602366346006,0.0849306957987174,0.8478966134094983,0.0762898994902485
spread,BB,200405,140,0.5299496292995114,0.8839882179889353,0.0359624762196322,0.637925247244708,0.049187640768843896,0.2789873334723495,0.7967394242928603,0.09310525515257287,0.8356271028703517,0.08068908883515395
spread,BB,200406,146,0.578496462545089,0.8983173065340497,0.07538777438230843,0.6169986735161778,0.0649532935517145,0.29742762173639725,0.7992138553849187,0.07945376075112781,0.8408430257910297,0.09738018882575666
spread,BB,200407,152,0.7354907825326641,0.9465881733823361,0.2327961508758261,0.6499360556478188,0.14483423205462037,0.28013863580343656,0.7992138553849187,0.07945376075112781,0.8408430257910297,0.09738018882575666
spread,BB,200408,153,0.6468448757118711,0.9036598227010852,0.17193719593100396,0.6331067469162773,0.1142126707142187,0.2604244411784015,0.7949755280256339,0.06415693112093675,0.8432018506842238,0.09729611315182346
spread,BB,200409,155,0.7627404853211305,0.9027485506429226,0.35280848184073993,0.7280887760302575,0.41439205955334985,0.38681926724852744,0.7985740988537063,0.05360108385779971,0.8542969657608147,0.08802660343887579
spread,BB,200410,162,0.6873833460719831,0.8634066722715183,0.259631845388047,0.5914988264948253,0.1584860019109152,0.32516748734406775,0.7918654201709394,0.04856286563899088,0.8473379440014867,0.09301521114684742
spread,BB,200411,167,0.7597109048401403,0.8898788799732849,0.32178414255825705,0.6112691788170486,0.11294536572294311,0.20622392392862912,0.7566961841915154,0.03606215641076503,0.836277918479225,0.08905467963895608
spread,BB,200412,163,0.7972910719170418,0.9566913124249543,0.3468557589461375,0.6946961814341843,0.1970256205629541,0.28005314764014505,0.7883601809782612,0.020642286426736708,0.8604405231502537,0.09382459631180888
spread,BB,200501,164,0.8188138664294611,0.9088339958056416,0.45821450506349953,0.698364569415467,0.29170914784408675,0.26014534893757324,0.7779278866899292,-0.011517655738469884,0.8521018131959512,0.07675533581826989
spread,BB,200502,169,0.8429887163607482,0.9018935591641862,0.41607577942419577,0.5866551638202553,0.22123216150365474,0.24550416222041005,0.7552443485300915,-0.0370906399203533,0.8330288210619924,0.0629074555625657
spread,BB,200503,172,0.7471213134286404,0.8090672395965155,0.25379047834669344,0.38876946388485184,-0.012779967124424852,-0.003620090914989339,0.7438985457582211,-0.04409896538777325,0.8397991723685827,0.06058492224730653
spread,BB,200504,187,0.7994202784207792,0.8486288241020855,0.4129391945210105,0.5030851042856019,0.29609225608256656,0.3085269447130086,0.7554670840337783,-0.046092381377896556,0.8490355276719345,0.061951679142307294
spread,BB,200505,196,0.8596698907289624,0.9061651067627712,0.26578584577134257,0.36817722704299544,0.011162731394783609,0.05785379167466731,0.7532334055616533,-0.06839970479081063,0.8487060481146929,0.060211711870582794
spread,BB,200506,190,0.8550723560062702,0.890937163752154,0.38235466502206655,0.4744603097202617,0.17639123987980426,0.21363140318430632,0.7675800490094694,-0.08470526262180339,0.8674537722136405,0.02261581107729647
spread,BB,200507,190,0.9087407551269333,0.9289403712522151,0.34361033473736696,0.4077154626808196,0.04999846912219467,0.07261972141485466,0.770885501869656,-0.09379525007424924,0.8702812738551102,0.008890133638794954
spread,BB,200508,190,0.9041087502036199,0.9125254126382604,0.5136217507118582,0.5559193217594858,0.3711503890616595,0.36810223827782346,0.7877521080886705,-0.09708918749168381,0.8685466786516219,0.006752164817273501
spread,BB,200509,197,0.8317107377005974,0.8481425280271833,0.3350724692276542,0.38261113197422986,0.1928196290052708,0.21329004323922943,0.7974858045633688,-0.0897034601617457,0.8622481427312684,0.004890154343268903
spread,BB,200510,194,0.8231881294872214,0.830834417407876,0.32711681246481733,0.3615685262596227,0.21616613182234676,0.22997431097433432,0.7985248184856896,-0.10457603797145354,0.864131130395751,-0.010623772241576894
spread,BB,200511,197,0.8899646011662943,0.8952094010839702,0.3550756712468098,0.37678848213981997,0.23298927323582877,0.23381193616368903,0.8287042755747343,-0.08244337397152308,0.8668247268900351,-0.011251380655635107
spread,BB,200512,165,0.8927132184770408,0.8950585416140602,0.42813293083642784,0.4427452570172721,0.3399700798760453,0.3277502359226437,0.8289146499388198,-0.07740389948889514,0.85688153942023,0.0006870927246111654
spread,BB,200601,164,0.8033093511486369,0.8040065213282753,-0.09717464938174199,-0.08831257162924175,-0.15487056711057906,-0.15203349078989192,0.8581922616290877,-0.04044324105064124,0.8739974719455509,-0.018158002580829963
spread,BB,200602,171,0.8397618011947731,0.8381932148671414,0.010617515059879522,0.016256289457243396,0.018297453620371038,0.008485142301038463,0.9112634506519603,-0.04326767566783385,0.8936190760428693,-0.041914055192409184
spread,BB,200603,168,0.9226273031096127,0.9248339897832192,-0.06743486821791751,-0.06112688336444204,0.11954788647556959,0.12170456752838377,0.9298600515373322,-0.030548634336365007,0.8879182772893172,-0.041170253167227056
spread,BB,200604,158,0.8213025798804893,0.823498315596417,-0.022893122327373627,-0.01719769591972721,0.07174314187529188,0.07251479602844377,0.9227212638763936,-0.02298769880987798,0.8732947985441812,-0.03607944184556206
spread,BB,200605,152,0.8613101396263437,0.8912581596749378,0.10091649068131958,0.17188188780056407,0.16030385664199454,0.19509665558467773,0.9368166051900503,0.019953072308962417,0.8787158947054331,-0.04797361917731926
spread,BB,200606,142,0.8347677754589874,0.843580025839417,-0.0164776787491801,0.012351513081478048,0.04790744167429813,0.04890310642507156,0.9236106972709841,0.04140822923210785,0.8627107329188144,0.016145745995670847
spread,BB,200607,141,0.8299782631306849,0.834149406060072,0.254724089216148,0.26425901904869514,0.367104756196755,0.36923185595550456,0.9250180274953397,0.04716165341267127,0.8577109057509239,0.01186611185508033
spread,BB,200608,140,0.9013577253038658,0.8944244299519349,0.32597144169163156,0.32878680365838125,0.43231943320723365,0.41636881886303073,0.9183990807881498,0.06575567233356706,0.859198644436128,0.033754917035377384
spread,BB,200609,142,0.9273538841991068,0.9226428102911005,0.20710575010844712,0.2134495693543948,0.3854159026469485,0.3702948511083384,0.9277995669072703,0.06304514200288505,0.86372619589839,0.01895118550782822
spread,BB,200610,143,0.8626385577346919,0.8743323463465972,0.020293673462687546,0.04241160743058485,0.19496290094881644,0.20429964111562,0.9021723872402945,0.09382176268378055,0.8521927985404709,0.08552726732104189
spread,BB,200611,157,0.8901783845395261,0.8907138266559879,-0.002276124262740404,0.01165508574639037,0.17403047649762154,0.16938404182046246,0.9233851857153778,0.09263742957787306,0.8597083580218077,0.052188306807697364
spread,BB,200612,147,0.8943972784037247,0.9065524982838175,-0.1752714414162555,-0.15282728397537632,0.09747712487438515,0.10446453026586702,0.9322817734083381,0.1020505432329473,0.8762189940492487,0.060915933051294446
spread,BB,200701,152,0.8300768785951049,0.8299482975449176,-0.3383121809197712,-0.32989477587120936,-0.128298443811125,-0.1352818207529288,0.9332635709049619,0.11944307426539365,0.8802207414834881,0.08434489480292132
spread,BB,200702,157,0.8752825782966136,0.8796180798093661,0.23105762253549078,0.25019633198550323,0.3777622039332916,0.38445872454659574,0.8954610132915063,0.1444266069423282,0.8550825567162477,0.12089360924918398
spread,BB,200703,157,0.9132451101250599,0.9199105672652623,0.15962639311829024,0.1942755696136174,0.3081140418881288,0.30506779542795465,0.8963377400974684,0.16136800700067458,0.8627591637469232,0.1326137047336331
spread,BB,200704,134,0.8948236004231072,0.8996452552168032,0.208852978216686,0.24638741927900956,0.3614184715520144,0.3626284151032322,0.8838117599010228,0.17490144725133172,0.8545732009138571,0.14665528291138427
spread,BB,200705,131,0.8862322438189788,0.876816332849334,0.1549618320610687,0.16835887663121765,0.2569956760796455,0.23769677946625692,0.875858821547577,0.1780165012230733,0.8497469348946952,0.16751443397540794
spread,BB,200706,136,0.9088363228303115,0.9104258653632845,0.23654405801249936,0.24553067195426467,0.27529698010591097,0.2749997912800556,0.8787689186426778,0.16642760170046877,0.85424457696051,0.14426437032403505
spread,BB,200707,128,0.807486631019348,0.8067633472253725,0.4698429774766526,0.4710896202502595,0.47048960813037904,0.46759894421786724,0.871762965704555,0.17833058763050594,0.8506798622426299,0.16156995414871753
spread,BB,200708,125,0.6390004270396578,0.6633189758462418,-0.3344823348694316,-0.2930946024425581,-0.32729953917050686,-0.3056292031633568,0.8731100714959681,0.16896505732347875,0.8547859488256624,0.1456927229516679
spread,BB,200709,125,0.7323466386286562,0.7780928520051346,0.13675576036866358,0.23516508499369038,0.1453886328725038,0.18229549092402747,0.8680988367752134,0.18146879499560692,0.8535223812071971,0.1634197955226099
spread,BB,200710,114,0.7797864347955905,0.7963211975715475,0.06483060286344952,0.16288210934300615,0.0854863206496426,0.05207318678692634,0.8803012345705606,0.17870897492792623,0.8670623933473867,0.17035515016337419
spread,BB,200711,105,0.8215874102391559,0.8742982733624615,0.23203400373211694,0.3591040799554773,0.29908770474808216,0.3318750356411766,0.872907869179621,0.17803865355058884,0.8652278364389583,0.17602295393251277
spread,BB,200712,99,0.683351886209029,0.7791252829944514,-0.20519480519480518,0.0381266311300794,-0.11695732838589981,-0.06186842138285715,0.8481022798291026,0.20086215775631505,0.8455370945630518,0.200304278647198
spread,BB,200801,96,0.6775683503163871,0.7638413174437589,0.020021703743895822,0.27654639175257734,0.13762886597938145,0.12424036896364622,0.8270390037302344,0.20245185318063808,0.8288230562410308,0.1886798056136949
spread,BB,200802,95,0.6033755717267199,0.7986016090643354,-0.16395576707726764,0.3194311270453869,0.09314109742441211,0.13709502446461522,0.8554631429628252,0.16416784305414223,0.8592456501720357,0.16661451712378023
spread,BB,200803,115,0.4492293610205282,0.7724696547970612,-0.3690175353466017,0.17504571736346963,-0.22446584168323025,-0.07139207644627725,0.8502566470402222,0.15625620576614088,0.8567469810875596,0.15883447812668924
spread,BB,200804,114,0.609667339680393,0.8022016743483252,-0.4055041412689091,0.017010625565790062,-0.4893258540734291,-0.5270539824112839,0.8849019250652818,0.12248976209163849,0.8950489679091113,0.14785475802561107
spread,BB,200805,106,0.3722012857506782,0.779643596680824,-0.3737461269113535,0.2596632474187044,-0.33855958888581,-0.059087886177973274,0.8875878451617404,0.11760665556109554,0.9006776589508881,0.14233292009682577
spread,BB,200806,105,0.6051192469459635,0.8543992784499115,-0.06480406386066763,0.45313318025271965,-0.007339829981339415,0.047460333093801065,0.8926402902557887,0.10937579292565436,0.9099071344880322,0.11217965744435479
spread,BB,200807,100,0.5750949600761208,0.827583206573241,-0.038931893189318924,0.383043453477432,-0.054269426942694265,0.16079256163457198,0.9018388590443652,0.09926114500224036,0.9202388789495072,0.11006311878816605
spread,BB,200808,100,0.5985916549431529,0.7929384302924705,0.03547554755475547,0.4226668026886938,-0.04943294329432943,0.09644822351342866,0.9170907473186608,0.09714137211807089,0.9330565509708817,0.12354552057218122
spread,BB,200809,99,0.7483263708334191,0.7674630022449118,0.1691898577612863,0.3031982164461509,0.14179344465058752,0.033253040362064855,0.8678538069458286,0.08854183628021013,0.8845260701489308,0.10414387744780411
spread,BB,200810,99,0.6363405855846748,0.6699361462277464,0.16577612863327149,0.3249855441745412,0.2851082251082251,0.2379351822373225,0.8633605495976828,0.08528370107925716,0.8803212912942633,0.09948882902539097
spread,BB,200811,96,0.6939594949023561,0.8050754053486252,0.028296256104177967,0.30677875861692033,0.28018176885512747,0.29868046678634835,0.8667403737580789,0.10697257949184429,0.8812285835723155,0.11681979068834435
spread,BB,200812,94,0.5602167435213457,0.6470088866411386,-0.25276884730701155,-0.11346518560507002,-0.20736914351768235,-0.13464824349708307,0.8919126756908146,0.06193393879103114,0.90642476043462,0.07735002175923082
spread,BB,200901,94,0.7499069822935982,0.7615849782605888,-0.48885597659213237,-0.4288196514742646,-0.535989596503269,-0.5525440260993408,0.8698570116471113,0.10901695728340986,0.8897725781425404,0.12223207373594108
spread,BB,200902,97,0.7681226597804096,0.8940596337815183,-0.06000157795076793,0.23042759319105022,0.013438880706921941,0.08564355947460896,0.8740848003740842,0.09564687279913404,0.8979433065844308,0.09511993636016892
spread,BB,200903,101,0.7637246794307221,0.8784140712925671,-0.1974373907979033,0.0827666941374917,-0.2114735002912056,-0.12516635167889903,0.8582669955806765,0.09161091718588826,0.893781271028073,0.09100448751488485
spread,BB,200904,113,0.724703436100808,0.8014185282007505,-0.45549437753676236,-0.26438688858197545,-0.654734180584204,-0.5953996889527332,0.8094381082198798,0.10179400209767092,0.8742956196357582,0.08715944573270115
spread,BB,200905,110,0.5344895599353098,0.796480803563378,-0.34961116245519913,0.08131155227437643,-0.4829835673872371,-0.3608617149173978,0.775117781484135,0.13615545455322786,0.8456525943536283,0.10713051863044411
spread,BB,200906,113,0.32635722261453254,0.8256793173213101,-0.3233498569432431,0.4366210947737911,-0.18833588395768183,0.15799137079893608,0.7473329537995307,0.15000783007096002,0.8407691442411891,0.1195669034223003
spread,BB,200907,116,0.46994964056433325,0.8527022117845527,-0.09783569753584748,0.5131828570010193,-0.03871141352400723,0.19160072194846056,0.7385930742439003,0.16960014323507488,0.8351385315722794,0.11581194645562483
spread,BB,200908,113,0.6043424560171695,0.912543717752409,0.048705835384922486,0.6328182181116508,0.2506570630115111,0.376214318983299,0.709971314951128,0.20515312044899098,0.8190061585638786,0.12683161437097423
spread,BB,200909,121,0.526299032312436,0.8414499488548222,-0.04609131553989973,0.5195011499188108,0.05839994580680124,0.12778799548913392,0.732946671746537,0.18485413393056516,0.8434196907286675,0.12454645191101481
spread,BB,200910,120,0.6709933710484618,0.9039753036690302,0.1269254809361761,0.6143086822340053,0.2918813806514341,0.2924414627473105,0.7229359303442009,0.20748873199179088,0.8324769905082773,0.10969770290866926
spread,BB,200911,122,0.6063684249086864,0.9037628421601331,0.03343786452361204,0.608386755670495,0.24856503679519926,0.3653988500449532,0.7405269761627219,0.18814450263907717,0.8467475096262846,0.08483978846145532
spread,BB,200912,116,0.4212709438960305,0.8542190050235638,-0.19643255295429207,0.46330446285089527,-0.2832968131318956,-0.10056241759501956,0.7064151340894078,0.14976639916349332,0.8500928276767138,0.03731837530378121
spread,BB,201001,118,0.3917339405488629,0.8585374226676111,-0.0961474550706854,0.7000147908206332,0.17483447094613597,0.3980373860793982,0.6731323312738557,0.12940979900099944,0.8259692745464622,0.055372260868777695
spread,BB,201002,121,0.5305286047436899,0.9233536219808358,0.010825091451022893,0.6896163961810393,0.2597615499254843,0.5632139330958034,0.650019659259796,0.12860125114232088,0.7724731313351999,0.07815895708726238
spread,BB,201003,130,0.618194580265574,0.9152609032513707,0.100815250788622,0.6500138606485197,0.21113220172336095,0.38280241817132493,0.6679460021535777,0.11526112127309265,0.7869043251631564,0.0742222947070248
spread,BB,201004,127,0.6668551199492764,0.9498451105718683,0.1228264435695538,0.7345337797941919,0.4793424259467566,0.5655309588264298,0.6722210370024794,0.10748881109378168,0.7768460837922766,0.07535567829613357
spread,BB,201005,130,0.6434908717537718,0.8864978983654219,0.16612271094784853,0.6657753974188533,0.3403433066135001,0.49232475156712197,0.6537813529361779,0.10956571920058408,0.7420565249008786,0.07081983785555675
spread,BB,201006,134,0.7064961233825122,0.9351370290898724,0.12251274953553039,0.5886803651471947,0.30058978291499894,0.4732096654966418,0.6474338192576694,0.10099613196185483,0.7342771131342148,0.04742654978070169
spread,BB,201007,140,0.7403689194533262,0.9614000675701367,0.21737552207474145,0.6470168901546216,0.35347138702411934,0.5252062067628316,0.6373034774380644,0.08539192153780978,0.7383856901314265,0.03850225754986396
spread,BB,201008,140,0.7434333097239746,0.9652978910211507,0.27513065535413617,0.7526713367493753,0.5347182436421685,0.704515660657375,0.6379178834915376,0.07410373087720173,0.7455348416848159,0.037372257035518115
spread,BB,201009,150,0.799088669797791,0.9552129215240043,0.279644428641273,0.6322472367602501,0.3907995910929375,0.5139748930203363,0.6446592905844273,0.053704110014443605,0.7602500896608081,0.02243290595765675
spread,BB,201010,149,0.7592962089606384,0.9190630501210474,0.33191003083620535,0.6620503011523684,0.3734155632142209,0.4528754334079801,0.6445589152719645,0.03971178223402476,0.7661292079156449,0.012378760851338834
spread,BB,201011,159,0.7221440203973003,0.8993893291587061,0.21670945784571294,0.6182379985669931,0.37120253164556966,0.4449098399808933,0.645909090019407,0.026763434052715068,0.7733435711873137,0.012015607403264541
spread,BB,201012,164,0.637761042977189,0.8768648138356996,-0.04247412022363391,0.41999567422899337,-0.01760232883979704,0.17568889269790675,0.6485285484938134,0.024750171242039546,0.7692286946127919,0.020682824510443204
spread,BB,201101,164,0.5740011086545396,0.9309369624644477,0.03731584889747391,0.6500405371605604,0.19348958687579065,0.4939139850493298,0.6556212103557263,0.004694626395268789,0.7697040669103308,-0.011096385952260531
spread,BB,201102,175,0.5833949099696205,0.9499632218350701,-0.023741603224361845,0.6394636345657472,0.12118898343036276,0.35863756819806475,0.6575492641280901,-0.01329746523716563,0.8055736685575672,-0.020182926048497016
spread,BB,201103,186,0.6383897684002293,0.9657704994472993,0.1633417098312734,0.7486112283218208,0.39552704334488015,0.6553603673175222,0.6476004051128692,-0.03624997691311439,0.8102598556073178,-0.03627864619493487
spread,BB,201104,194,0.7045512537380428,0.9197495684588849,0.25671130322591246,0.7267890689352511,0.4342100397332489,0.4885812853074603,0.6657807063180723,-0.08096175364954773,0.830292767315129,-0.059101438043311874
spread,BB,201105,193,0.7156286893187708,0.936180086251875,0.14683543881202926,0.6736024083981373,0.4154225201645211,0.4384123244217344,0.7345403861964759,-0.14762843217243007,0.9062613232647702,-0.09779057888891879
spread,BB,201106,199,0.7314949466963662,0.9469127112341069,0.1484406882899345,0.634076331162158,0.24202375513933302,0.27789116073729675,0.7879181646145031,-0.13838162649511185,0.9302721756627201,-0.10644129046421813
spread,BB,201107,221,0.6867288848924213,0.9300483147107718,0.054041824630059916,0.5616771010671441,0.1991272638331462,0.32326748427922675,0.8172929274542251,-0.11685732525844604,0.938025782406629,-0.10925693835971323
spread,BB,201108,221,0.7739667659660584,0.9431930558927138,0.07324980266156736,0.5399958642232972,0.17127085950615362,0.09966391244627001,0.8265602817917985,-0.1354668964093651,0.9292746285792257,-0.0933262380936702
spread,BB,201109,224,0.8016664549080535,0.9330967324847569,0.12552103352551783,0.48571881577991965,0.16680546658125134,0.17955059766743842,0.8379924452717905,-0.15936279468158407,0.9306182498078575,-0.0798075080637105
spread,BB,201110,221,0.8305331171691079,0.895039930536771,-0.004301421948480772,0.2009507831844251,-0.11629848688672216,-0.09583487591017952,0.8505570674150724,-0.17859357183967636,0.931218496493968,-0.08370968958856563
spread,BB,201111,227,0.7956440546646443,0.9337171808572983,-0.04301566164446242,0.301700791674974,-0.008405335587614315,0.09873583881197573,0.8478870112665288,-0.2047868022187378,0.9232180974036653,-0.09770455711613515
spread,BB,201112,228,0.8095235805127899,0.8943840991950068,0.07070125152251192,0.3458266404303781,0.06581402624542233,0.07028928023432804,0.8557144644577669,-0.22879642978845013,0.9258684732816072,-0.11116268081948343
spread,BB,201201,234,0.8188029589229401,0.884693336630084,0.18587835322380117,0.3730017296205484,0.14484615618758623,0.14240481062369814,0.8503654746770107,-0.22744159187288687,0.9248663921336058,-0.12040640814320429
spread,BB,201202,239,0.9082039040101036,0.9620269660007991,0.2181269997538764,0.4408766233202258,0.3509326324672128,0.35038034946144203,0.8688391439481898,-0.25922930394072036,0.927272628247218,-0.12717402515702542
spread,BB,201203,232,0.9082270520793997,0.968976760199139,0.04030067904568422,0.2465931144901567,0.02708494701982936,0.08104882245571336,0.8614051351897097,-0.2513334813126938,0.9165437804962834,-0.13930860390034266
spread,BB,201204,234,0.9175956904462339,0.960731690984199,0.14497165696142963,0.3581971222349231,0.2919133951003187,0.27530981298283735,0.8714723428612716,-0.27114211001707983,0.9273326046709736,-0.16355462780506186
spread,BB,201205,232,0.8823771076703707,0.9219413621431939,0.1860148878796207,0.3598122578270991,0.3986207665355215,0.4102583569107768,0.8760106533302786,-0.2658632412009474,0.91726487720347,-0.14697964412519465
spread,BB,201206,242,0.9284615809612029,0.9563579340347158,0.09407923063147508,0.21533672969833814,0.09744919753721465,0.1203335004917456,0.8783779369975954,-0.2850937301546654,0.923393654079757,-0.1684125654850606
spread,BB,201207,242,0.9467447179096203,0.9673614134927484,0.26716852078350883,0.37231357575267826,0.2864484570758933,0.28362831511864656,0.8843422971179301,-0.286531629252447,0.9222534285890264,-0.17480460646645016
spread,BB,201208,256,0.9112048827041862,0.9552740855025353,0.08986037994964521,0.24128008548890076,0.1700346189059281,0.20544232673642093,0.8818844587899156,-0.3032905375253288,0.9343814661415262,-0.17646021683963914
spread,BB,201209,271,0.9300004582411053,0.9702058949084601,0.39452946000048233,0.5563304106441238,0.5365367918385067,0.5427646850987776,0.8837428783586523,-0.28552667731581904,0.9339444238822558,-0.1762892540054593
spread,BB,201210,266,0.9488112415132869,0.9771799176772239,0.32321900787584823,0.46539125921768043,0.4159636955437141,0.43497492589213865,0.8872359036118532,-0.2596079573490934,0.9408996847721799,-0.1584503355514431
spread,BB,201211,273,0.9493791476231395,0.9856109708552621,0.2281240120978206,0.40683316221981336,0.31018241097674326,0.31924274145719633,0.8788187546080125,-0.24042365366856241,0.9340220351024398,-0.14250963640009268
spread,BB,201212,271,0.9512286189109699,0.9856664245833235,0.33707281190458965,0.5026286241089438,0.42526469382340887,0.4414496722152439,0.8717353065254194,-0.21465745001645864,0.9299058104318948,-0.1346127891122102
spread,BB,201301,272,0.910028110625557,0.9695958930066393,0.052980772212376286,0.25423828369012996,0.04132805549128535,0.13082140664600078,0.8978620623183691,-0.21612739487112773,0.9457867700952912,-0.10956387567671683
spread,BB,201302,280,0.9160277301391991,0.9791440174964694,0.12355642291355756,0.3647942282001712,0.33643067604725274,0.3807382354422636,0.904268479281975,-0.1949995520217143,0.9459715301452344,-0.09542055553843959
spread,BB,201303,274,0.9256319454355694,0.9890195743287437,0.21905014693335864,0.45244737886785386,0.41718835908616936,0.5034206689198777,0.9190223595631053,-0.19826343949190173,0.9529620608868089,-0.08133232747009922
spread,BB,201304,269,0.9523874989888428,0.9813168909356969,0.46734666198129543,0.615391278294596,0.44532850000308244,0.41225799411646635,0.9179782206015691,-0.19146713638616566,0.9499403493945826,-0.06894541675714752
spread,BB,201305,273,0.9278732087072606,0.9665671341612855,0.13041962109669983,0.291465270863151,0.009912051626890928,0.0562529609440848,0.9240277547868674,-0.19133001521098145,0.9603828675559902,-0.07113441523025998
spread,BB,201306,279,0.8941190284449573,0.9587147915781842,-0.05585817060637205,0.1567945588936789,-0.26690371205339875,-0.24657347665105414,0.9334302203979712,-0.18880766704721857,0.9630986576066856,-0.08453853258856985
spread,BB,201307,285,0.8515671816653859,0.9653609480860357,0.14439393075419762,0.45620202507208224,0.14085232780562654,0.3054149219768073,0.9334081770928788,-0.16909238236923632,0.9591629069891633,-0.060494096784194706
spread,BB,201308,291,0.8249355273733758,0.9666206554660355,0.11518536735021843,0.44021835533255194,0.04231673882025235,0.21200540397684933,0.9449441187748938,-0.15061247474430176,0.9566660622031956,-0.03900856113521205
spread,BB,201309,275,0.8479837257831166,0.9649729385389955,0.19121894925131994,0.5192606493391532,0.2891538039871902,0.357833764245978,0.9401570047637622,-0.16437423684929495,0.9530500812285018,-0.0230553791786658
spread,BB,201310,280,0.891990001681797,0.9618301863740453,0.2849046908397155,0.5668780216347492,0.2713591463447967,0.2426819321843371,0.9517629548328775,-0.16696999118246478,0.9602564590105271,-0.026637478184735996
spread,BB,201311,291,0.8577116111699978,0.9620987945606743,0.10598639389527098,0.3759670287705426,0.01981796843422661,0.12478601948964124,0.9712477048145836,-0.16015530217892152,0.9755073902085799,-0.02833139868689359
spread,BB,201312,288,0.8352357663521113,0.9561896939537713,0.1979637622624373,0.5017831677560827,0.19301508264711914,0.23830636425834414,0.9827395986794992,-0.15615338692739614,0.9804083540252826,-0.021419264149329018
spread,BB,201401,292,0.8737020454346021,0.959883806539711,0.21986395357860505,0.5001147738738699,0.09229042966010567,0.044982441706026305,0.9879754388592121,-0.15919262614485008,0.9846442773974203,-0.025963653735787646
spread,BB,201402,297,0.9173310656575655,0.9552256666709658,0.27148823625333696,0.5042524073349591,0.1384294605771116,0.001093147353996529,0.9848059432976046,-0.17522656600653133,0.9820481921886929,-0.024902293419132276
spread,BB,201403,296,0.8997849541978126,0.9758502825330357,0.1744351439266693,0.4173882484302727,-0.04298782603867349,-0.014291818793249159,0.9849537732388227,-0.167552949859469,0.9830773236301555,-0.02557263527567589
spread,BB,201404,296,0.9127900022605712,0.9818510008024497,0.314797540221269,0.5580025611160666,9.439331473229778e-05,-0.04365071194160707,0.9935226758490515,-0.18019468485303877,0.9887762737542188,-0.01278723269131676
spread,BB,201405,318,0.8399104545511543,0.947099823220866,0.24108077609203363,0.5325528025808692,0.029537538723157807,0.012829891060118151,1.0007784792189067,-0.18604961849980814,0.9911521328646024,0.018245731644469892
spread,BB,201406,323,0.9078129767089421,0.97087491609261,0.3160964360318244,0.5445911845265246,0.050421948591284974,0.044493567181728484,0.9975654547731706,-0.18984914255119154,0.9856368725990837,0.0005787587681965052
spread,BB,201407,320,0.916241140115887,0.971497548096456,0.28142047285618027,0.48848510439168774,-0.23032146310022558,-0.31050630310821675,1.000103115438071,-0.18801732821767111,0.985341869419867,0.006536303595930598
spread,BB,201408,325,0.8460353280287556,0.9696325240192997,0.24946148602590323,0.5816650695630156,0.07587960778144828,0.17124522125041536,1.006631473959028,-0.18605593560119357,0.9892083769741229,0.007006996841292488
spread,BB,201409,318,0.9066284069895938,0.9727953598732257,0.1619147166005009,0.3983651869800499,-0.35458312583647905,-0.38029413872041684,1.0215622342520763,-0.17889629921970912,0.9960447615362391,-0.023503287127646787
spread,BB,201410,319,0.855728711030095,0.9583072985381471,0.2679038515762576,0.5792616070723822,0.1441085926048197,0.19954305135677908,1.0261250362146586,-0.17168056555004324,0.9931353710440013,-0.032710266918607844
spread,BB,201411,323,0.8448841869941324,0.9562953100150643,0.10549355770785304,0.40997002394232246,-0.08476754546212079,-0.021057933800217497,1.0349069717903285,-0.17885456815973866,0.9908567473226538,-0.03985555684953173
spread,BB,201412,329,0.8728519598135961,0.9464473593429265,0.1925710511595307,0.4400161208989586,0.10693426967428005,0.11881125895162105,1.0433698139057803,-0.18179160985885506,0.9893756577736523,-0.04306007267790947
spread,BB,201501,338,0.8851518409873658,0.9290649503571872,0.12863005033338312,0.2930998101525209,-0.021297331179303415,-0.04763134513573361,1.0556846624956198,-0.16419618010491108,0.9894312062811412,-0.05931987608308687
spread,BB,201502,340,0.9160087567479702,0.9654375671221701,0.03556126833989507,0.21067155761877565,-0.013092215839440908,0.051013346183113366,1.0823570012096544,-0.13133909609741728,0.9917603138987819,-0.06017619526680053
spread,BB,201503,335,0.9228896068922723,0.97274806370425,0.04446235460848027,0.23929931126505527,-0.088168226446893,-0.0580873897892485,1.103005194310197,-0.1316589599848218,0.9895684206508536,-0.060230271849188256
spread,BB,201504,341,0.892784785590091,0.953603812382533,0.03244418619431103,0.2422347090311253,0.0465858020936419,0.11277031928526593,1.1115170946252482,-0.13627733513611856,0.9857488687478823,-0.08300644948870123
spread,BB,201505,336,0.9021900511900119,0.9742894320780708,-0.030215180983594114,0.20777410601138338,-0.13477061492031156,-0.015658365015766843,1.119871692266673,-0.13356702885119798,0.9814532009571231,-0.09356363647211727
spread,BB,201506,338,0.8910595644724821,0.9693125405891829,0.04676593290943674,0.28902315939675743,-0.11606169906594306,-0.00329553288179572,1.140612965518522,-0.14029961522683745,0.9816579819178655,-0.0782240829329951
spread,BB,201507,347,0.8968773142704367,0.9436245436973901,0.22122449378166106,0.43662813432251796,0.2168032148906973,0.18265155587214782,1.1701514319944384,-0.1362457947165836,0.9849781446746719,-0.07631405773000997
spread,BB,201508,352,0.9207141179272813,0.9487373092248345,0.17063338770137634,0.34483402358491144,0.2143165694865411,0.17885946556805882,1.1789447942915672,-0.12168555305448976,0.9778623539150314,-0.08555780359538542
spread,BB,201509,367,0.9286095123836577,0.9452996974352157,0.11500536723354166,0.2540056436879474,0.26532638466705205,0.22287523407903495,1.1926175275020041,-0.1224120651824136,0.9766313453908949,-0.08901242496955458
spread,BB,201510,370,0.9026337698776603,0.9461196411838277,-0.3315887447502726,-0.1949254909695901,-0.1873747128234013,-0.14935115354928058,1.1923143740438993,-0.12502951792109543,0.9706925318925625,-0.07615268689125264
spread,BB,201511,373,0.9504485341484988,0.9773122413065819,-0.05694842622212376,0.09969420006825483,0.14101936797298775,0.1428849574159179,1.1953626941967006,-0.12451469894972045,0.9716933340207261,-0.07705570360674613
spread,BB,201512,379,0.9364088637005655,0.963081910519713,0.11996592184066145,0.226236560087897,0.33854050253161483,0.3446285814738454,1.2019191722849607,-0.1238627989587998,0.9751233482548515,-0.0924287031701323
spread,BB,201601,383,0.9343233185152213,0.9547496793157413,-0.1686862637212418,-0.08130022085040793,0.1135108095361776,0.11837247906878672,1.1988538420581987,-0.1334516454078055,0.9684412138130907,-0.06997589885049042
spread,BB,201602,375,0.9371867210963637,0.9667259624818252,-0.40043645465923317,-0.30500679770879335,-0.1974097166913187,-0.15283256064327572,1.1878046719782709,-0.14439877111226082,0.9665504862340104,-0.06800975113016128
spread,BB,201603,350,0.9430859835200887,0.9632051317665009,-0.5728995105499404,-0.5008712846902259,-0.4095288474658102,-0.3807936723405127,1.1688697288688814,-0.1485668030240222,0.9670494110111528,-0.07491816450592774
spread,BB,201604,343,0.9548004798434716,0.9765137503641946,-0.397845586914605,-0.29760083169550466,-0.2644740707963549,-0.23833628799125883,1.1613491113394534,-0.14800587365417558,0.9665460737931394,-0.07634177904181101
spread,BB,201605,357,0.9342707802348619,0.9715367230156828,-0.08707482742014012,0.050576106539467064,0.10842952459371799,0.17487689146445987,1.1443113914087433,-0.14764303058334477,0.9637388110051885,-0.08117938658365319
spread,BB,201606,352,0.9522646982818243,0.97368414898132,-0.21396906524385273,-0.10526126086221138,-0.01409497018562174,-0.001426887067433135,1.1331162850761387,-0.14428480488918408,0.9628227144314453,-0.0800256614685707
spread,BB,201607,351,0.9605022371404881,0.9748914538438402,-0.17596764346764346,-0.09310682540899866,-0.024204684204684204,-0.02629969261965321,1.1240643531000432,-0.1287487569556876,0.9645332455690508,-0.09205088105293259
spread,BB,201608,348,0.9403707250297457,0.9593838062420709,-0.3159291307171695,-0.2263838777728799,-0.13318471850835437,-0.11300792607601613,1.1304577955872581,-0.12506128602743224,0.9728892922923074,-0.0797560535671629
spread,BB,201609,347,0.9621255702880966,0.9798542690190688,-0.06334629406990296,0.03203246945667894,0.09444114793563554,0.12443063675273126,1.1313846666775869,-0.08809360493500891,0.9743230769210255,-0.07323520536012505
spread,BB,201610,360,0.9614832220842596,0.9778207879958091,-0.26251642888191007,-0.16735378669628462,-0.21147231074313844,-0.1977412616928664,1.1534110923308367,-0.04813644190407158,0.9974505772774438,-0.04698949023170379
spread,BB,201611,352,0.8970405144288983,0.9541788772595541,-0.005420846072404145,0.147842500975401,-0.1004094662026673,-0.0038459358489762005,1.0881434633538625,-0.030469881869213344,0.9688228565914802,0.00115366726527977
spread,BB,201612,342,0.9135673788097989,0.973866675986381,0.11974622053967884,0.3258100752064486,-0.13188951191792397,-0.07138165507986947,1.0951183749064923,0.0010661991888136486,0.9756586607648187,0.0387645435494044
spread,BB,201701,319,0.94608652288366,0.9778628369051866,0.12353573963447093,0.2959236483481728,-0.18049217779617913,-0.19023109923270512,1.120947811875627,0.04898989093863836,1.0014975060208933,0.055421372029384824
spread,BB,201702,335,0.9256364075980054,0.9654057609161286,0.3029043192931834,0.4877598448031697,-0.0013690103800926931,-0.019590536387726502,1.1117933238801163,0.06782270933760452,1.0065801418461338,0.06804327167086044
spread,BB,201703,325,0.928492725070487,0.9702648249835986,0.24071384481794833,0.4228301090200197,-0.14042176956476465,-0.11333132504695843,1.059521982632749,0.07617027268844168,0.9743513756153828,0.09034936579766067
spread,BB,201704,329,0.9287470769504736,0.963125669212813,0.40227491760963485,0.5559325186622006,0.3365846919038409,0.34258128519738784,1.0253768772695346,0.09855645387076169,0.9499873984651995,0.11134703036482227
spread,BB,201705,327,0.9312653591010727,0.9621831759920451,0.42250602995138975,0.5692525357913776,0.30865835125959745,0.29884325713821075,1.01762955618411,0.1028530469969744,0.9443760742059895,0.11450919227903844
spread,BB,201706,314,0.9575107315279919,0.9861794816536907,0.3980663997961163,0.5476696771195253,0.37104599883135114,0.35841331059360215,1.0226968893896204,0.112419833206437,0.9500544853380111,0.11168633203088028
spread,BB,201707,334,0.9574946406040911,0.9808821556748656,0.3485683735393271,0.4945521951170729,0.2529126498918259,0.23491782015683646,1.0184576944044237,0.1098661200607072,0.946468493831852,0.11409115965944175
spread,BB,201708,331,0.9483709454807208,0.9776078972209855,0.32055538826550367,0.4770122364096308,0.2485349251992866,0.23590761331095284,1.0120355338386442,0.11501247317183172,0.942634681807483,0.11479118619349359
spread,BB,201709,321,0.9664740092015376,0.9894700915046618,0.2803484355952865,0.4195650448628697,0.19592282463574626,0.1963278013473789,1.0054160925185138,0.10823047774775663,0.9385380730007092,0.10944711876838024
spread,BB,201710,322,0.9453231138094035,0.9684062382932339,0.24024946082814702,0.36945341604997395,0.0825815119743735,0.069802488698341,0.99452928305287,0.10581907291674232,0.9303890165157596,0.10693954014218603
spread,BB,201711,306,0.9479510149633585,0.9781923864181717,0.16942696766857543,0.34452280466784113,0.09139975101483964,0.07873590008088864,1.006581259704975,0.10189476269862503,0.9373743450777766,0.09814742895468644
spread,BB,201712,302,0.9133642795648286,0.9455550328616473,0.0991944104313404,0.24379210082510258,0.02173312092600649,0.03920408099920838,0.9975768065151706,0.09711373557422807,0.9298384923163859,0.08731649697710155
spread,BB,201801,310,0.9349380259791874,0.9612127260405081,0.04378126186402531,0.15031281812669764,-0.07615875966619103,-0.041459541997723275,0.9741710144791985,0.07883322517607091,0.9082999214812914,0.08927039146733177
spread,BB,201802,332,0.8807906605049737,0.9353968443963522,0.08576709057180792,0.2214709507834595,-0.011230026663361212,0.07068149271844412,0.9627428574215848,0.06631996285122606,0.8918878536107832,0.08771961963551103
spread,BB,201803,313,0.9086689207182215,0.9302775440072829,0.30757138407064133,0.4137152944743862,0.2147529166464475,0.2194476074957517,1.0047775362403366,0.06101192802257065,0.9140247004661174,0.06910529443800771
spread,BB,201804,318,0.9171807915711746,0.9437445709728135,0.06292635589126562,0.16646416051657711,0.10968465640293466,0.1565393689125508,1.0539596835834337,0.03352518539949242,0.9409035442926044,0.018936357222670144
spread,BB,201805,318,0.9140110465242491,0.9493511297447674,0.039938848984288594,0.15003436880086954,0.05077956163412836,0.09791842988698368,1.0766755298853221,0.023264966145952613,0.9521936519114874,-0.00397346568581811
spread,BB,201806,315,0.957180692310399,0.9748598909385046,0.03262459543198075,0.12069960099866289,0.09718194138898807,0.12011679213251959,1.0763912817329833,0.0162177653749924,0.9448066251250323,-0.008027743889041398
spread,BB,201807,327,0.9380640112997005,0.9489488389301322,-0.041204095836759574,0.010893568448046276,0.10800957379191622,0.1209087771965282,1.0928338669482807,0.026010331532187306,0.9522185697814658,-0.014370525265095798
spread,BB,201808,319,0.9469036583751219,0.955774723045124,-0.10178254569113385,-0.0630777366356776,0.00787173951617673,0.016042019663156475,1.1070010723621715,0.013789171413274643,0.9571895354412625,-0.020588448360547358
spread,BB,201809,321,0.9502841746539866,0.9621097762453391,-0.2828379868810588,-0.23389319601746153,-0.046855227259534456,-0.022827029160238554,1.1246542181264765,0.020115103885677832,0.9637506927710535,-0.017070211979664126
spread,BB,201810,327,0.9192169248795713,0.9280450501035553,-0.060366099074992914,-0.03188088066929036,0.0753865822930997,0.08809575452409714,1.1222286833672717,0.029487511774892394,0.9594660637753349,-0.004353838559970324
spread,BB,201811,317,0.9542873002427972,0.9641382179853147,0.007547019127101384,0.052221999439409764,0.201047782719383,0.2163116616587307,1.1321241520592957,0.01999733817915679,0.9620685511346919,-0.02955477834350025
spread,BB,201812,322,0.915285303916578,0.9172754059563308,-0.2545318647144908,-0.2440340531027075,-0.0027239621869406885,-0.004214539108590218,1.1376884899627875,0.00737407144925918,0.9640565951258379,-0.04318314249329123
spread,BB,201901,318,0.879312548456222,0.8881894969054795,-0.4144413346086985,-0.39272097635846703,-0.20849522209877713,-0.19258327720285162,1.1312192440444546,0.013693329732281084,0.9635346530008329,-0.04268059151669424
spread,BB,201902,323,0.9459850549729377,0.9496726940578835,-0.42791441519399526,-0.40919834774244385,-0.06356933823618438,-0.05582203128646878,1.117902732673615,0.03283670446665386,0.9609728352889007,-0.044538259710965075
spread,BB,201903,317,0.9624234570395533,0.9615466115462614,-0.16523918482851005,-0.1589006742940733,0.18404344527412847,0.17584758572498918,1.099764295400404,0.036094180984169597,0.9553208694266666,-0.03074716789730136
spread,BB,201904,317,0.9561847383439317,0.9575283244646206,-0.4186606583845597,-0.40908382007556576,-0.014625033621416445,-0.015214979535186047,1.0926246430719895,0.028900300651928855,0.9551947221448858,-0.02579488155650398
spread,BB,201905,321,0.9042533189082087,0.9050086460752865,-0.10432388111685145,-0.09039781897332941,0.1446490247866721,0.14158080176943202,1.0751228119429812,0.015145100956924923,0.9474199371367235,-0.02618054136961298
spread,BB,201906,322,0.9380248961466249,0.9377179687344561,-0.10406985003829351,-0.09060804876538908,0.20541699566011787,0.20289750367899786,1.0646345685071525,0.018449485656943473,0.9464716213755584,-0.018676104087391645
spread,BB,201907,326,0.9680674565402407,0.9691194223054239,-0.06510271852310463,-0.05075828206496648,0.3267050841880582,0.3208565170019931,1.0529109756339372,0.005530882264875211,0.9410841717892136,-0.013000739273005496
spread,BB,201908,330,0.964073420918642,0.9635008612674634,0.25862832521446777,0.2605499082053405,0.536025335905527,0.526340877505588,1.042987572923997,-0.012936304391695203,0.936448606828014,-0.02829903955167422
spread,BB,201909,325,0.9744216843353632,0.9717073224446541,-0.2259352290450158,-0.2187043891387162,0.29200606365792553,0.28269254146829625,1.0322466714739273,-0.0021938532083082643,0.9314972883643298,-0.017958871230199114
spread,BB,201910,316,0.963360501873218,0.9637500696423101,-0.22325904206669292,-0.2164263210107673,0.16903725591981794,0.1691840860937076,1.0252908102362113,-0.01708830170775881,0.926931095881097,-0.045813239748404816
spread,BB,201911,299,0.955244500959616,0.9577094963289183,-0.15585822989382953,-0.14325238855746106,0.23524365334111466,0.23185139710840075,1.0202940935679445,-0.028638820719815578,0.9277212065435215,-0.05662181197623968
spread,BB,201912,290,0.9783610701740074,0.9790896200786562,0.008088250670084642,0.020091370258676185,0.3263796240145543,0.31799211765482466,1.0231518523894128,-0.02756873883387769,0.930842696207682,-0.06297248726718872
spread,BB,202001,289,0.9623111721181263,0.9660732431954386,0.1277482798393191,0.16002533511176342,0.31856530644712244,0.3058834408374731,1.0267542308434099,-0.033886147928164884,0.9371205296534576,-0.04943664785890036
spread,BB,202002,290,0.9190652718729984,0.9229394662244492,-0.062359755805042584,-0.04327907908458676,0.1460768527732709,0.1399782497534519,1.0167962305943192,-0.031292064093804146,0.9358959111646566,-0.03401317328394314
spread,BB,202003,316,0.5192366419182545,0.5138739806319739,-0.14685673974097885,-0.1474436021459385,-0.10734527089596373,-0.11610678109117537,1.0106562320129355,-0.036121057480234774,0.9354509727686908,-0.05133285996030795
spread,BB,202004,309,0.8097426277131167,0.8198716244213948,-0.367551990759006,-0.34496769209093586,-0.3073130752742403,-0.29692852684766025,1.0086471369403358,-0.025267691036177337,0.9413664719641731,-0.03646001024068414
spread,BB,202005,306,0.8763190843371101,0.8943439712100314,-0.4648729332685174,-0.41833227547722396,-0.4236012827867602,-0.4006484508776727,1.007605953325957,-0.000697232261111428,0.9468489426794299,-0.00739273873013652
spread,BB,202006,302,0.8877775939479592,0.9056423295510322,-0.2156131148526615,-0.15504482203489628,-0.18603365914026446,-0.17031883043936813,1.0032905977919866,-0.013293682621832984,0.9466823984940067,-0.021691828463545938
spread,BB,202007,294,0.8204714648992452,0.8499465031937021,-0.1468842341124568,-0.08385725276685335,-0.12254649299993035,-0.09374178409160902,0.9951285492113635,-0.0034598644296779534,0.9481494309866774,-0.004287294677275692
spread,BB,202008,286,0.9464181105814402,0.9579760839440823,-0.029706109038586576,0.03206630605123582,0.02355667439107747,0.02150919877197586,0.9978480838075584,0.029873294526428857,0.9559782374973181,0.018677853188950162
spread,BB,202009,259,0.9390133432706945,0.9548942029403573,0.014699442606419349,0.10705177738431113,-0.0009497102520358334,-0.00046484040105452515,1.0045063967511643,0.02508965854615949,0.9701586256753576,0.010204473841831778
spread,B,200307,86,0.6485871975093165,0.8513595109536019,0.11029765554979007,0.44031737647486724,0.12533610075946977,0.2806102232326708,0.7229476136321215,0.27581461371745497,0.8390273091619745,0.34921961264452017
spread,B,200308,88,0.709157031807211,0.9126211882745096,-0.23246803564509885,0.18939100419146915,-0.165193195026593,-0.09296960304321794,0.7229476136321215,0.27581461371745497,0.8390273091619745,0.34921961264452017
spread,B,200309,94,0.7561707769105324,0.8391666997854822,0.03159339666943611,0.3533602092366123,0.2114149478019001,0.09754793590498344,0.6915392349339415,0.26125392856370017,0.8130745729926161,0.2745003804155151
spread,B,200310,97,0.6193719755943614,0.8535821243935653,-0.06381495897328002,0.37404788439044817,0.17374552913949082,0.297385524228162,0.6986482728793949,0.246905748337868,0.8185203941410102,0.25098078430114423
spread,B,200311,98,0.7905806896008889,0.9657885341418363,0.05640456745022282,0.49339810900930187,0.3016213045668127,0.36155155595509053,0.6986482728793949,0.246905748337868,0.8185203941410102,0.25098078430114423
spread,B,200312,96,0.5973026224350082,0.7811433881130502,-0.1841969614758546,0.18428575788819307,-0.08978567552902876,0.01886875633745365,0.6986482728793949,0.246905748337868,0.8185203941410102,0.25098078430114423
spread,B,200401,106,0.6273821249804442,0.8045726838168851,-0.3275864674912462,0.041494423997975316,-0.27507872131395317,-0.20919517645021019,0.6903077275171309,0.24731672239781916,0.8232172170743892,0.274803581169482
spread,B,200402,101,0.7220405417635208,0.8958753159769414,0.05112405358182877,0.425891897732307,0.3322539312754805,0.44511745881831516,0.6772220071294879,0.2163834028495569,0.8151320853602566,0.2614663886563642
spread,B,200403,106,0.7914844521573217,0.8998480982074919,0.2257954001561831,0.5268874899568069,0.46897750459732473,0.503147600947766,0.6772220071294879,0.2163834028495569,0.8151320853602566,0.2614663886563642
spread,B,200404,107,0.6668413705352951,0.8491530903141745,-0.21847998589314055,0.16465920501777212,-0.24857461940868747,-0.0580490313739177,0.6772220071294879,0.2163834028495569,0.8151320853602566,0.2614663886563642
spread,B,200405,108,0.7262607089017654,0.8761161432221379,0.028170758428839537,0.370694459665145,0.049205940914763685,0.1193523648034576,0.6843609069386141,0.23137855465960347,0.8220595802969908,0.27957916763422075
spread,B,200406,106,0.7151727977592776,0.8787966576312588,0.08449505000377862,0.44442821016553696,0.20710937126138532,0.34589117880228587,0.6824013537866358,0.22205069066578192,0.8255277961072092,0.28508206593686286
spread,B,200407,110,0.784914387738237,0.8745404339272711,0.23469557964970808,0.4594715831197396,0.12388251470820279,0.15484630106276379,0.6824013537866358,0.22205069066578192,0.8255277961072092,0.28508206593686286
spread,B,200408,108,0.8574409100002857,0.9162589969284594,0.36851581925748095,0.5915077667703925,0.4941171987386512,0.4901325661099844,0.6937772899087821,0.22408007912023348,0.8397091940057984,0.25386413917926337
spread,B,200409,111,0.852890719956963,0.9411984082154834,0.34381361881361877,0.5722885222885222,0.3071955071955072,0.3588978588978589,0.6941716748445129,0.22265404334834207,0.8404960927503128,0.23982874275982866
spread,B,200410,108,0.8763197694720735,0.9564311300910673,0.4892585288709785,0.6959822991586117,0.5060066497089561,0.536660418657906,0.6744978497998876,0.1947744560068751,0.8108448952896957,0.2117438508807645
spread,B,200411,109,0.8336403042572602,0.9393096929342915,0.31671763506625894,0.55895578925307,0.31879343897692525,0.38152429009556077,0.669961146370535,0.19769383232743495,0.8299189002039155,0.2121274797752375
spread,B,200412,116,0.850726272877197,0.9459996617119971,0.16327221004882175,0.4383064523952416,0.10788451927882213,0.1639266747038827,0.6916141016528637,0.21396968319818502,0.8589733983316827,0.17864711052968868
spread,B,200501,115,0.8965416565583146,0.9550538745911566,0.42038191430600497,0.6086692351255336,0.4055472263868066,0.43077099102701794,0.6471297953407135,0.20692871672715837,0.8021006092760085,0.16130329713331984
spread,B,200502,115,0.8772244766062044,0.9064223658428145,0.6573423814408587,0.7437401241632956,0.5886293695257635,0.5834383797028233,0.628674767292726,0.16612241423260993,0.7986428978082152,0.1706273517296199
spread,B,200503,111,0.8925934213556489,0.9222854761065113,0.46861179361179356,0.5680714817042231,0.1568094068094068,0.16952989775220878,0.6290423238160696,0.176928489138981,0.803307863476715,0.1478255386802881
spread,B,200504,100,0.8572002916338961,0.8967647473614982,0.624002400240024,0.6968958709748687,0.4962616261626162,0.5318603772095587,0.6493202516466753,0.1631088827938985,0.8117592956362912,0.12517086651399348
spread,B,200505,98,0.8665332041387989,0.8696663957072512,0.5775554832992239,0.6043793852059895,0.39406690511256043,0.4024903011525182,0.6170267102961472,0.1864686577724887,0.7881271028432114,0.09490112881232474
spread,B,200506,104,0.9468125115058524,0.9555768343427329,0.7355702549877309,0.7677572162555428,0.4199615918062521,0.4255863948977385,0.6112949874758938,0.18135007286568466,0.7808794863705713,0.07766755777171128
spread,B,200507,105,0.9452699182851525,0.9530269180329567,0.7191374663072775,0.739598640886376,0.3974911880572258,0.389768789574162,0.6147453859754877,0.18339185115201173,0.7865176027599362,0.06175396641538165
spread,B,200508,104,0.9075933735052382,0.9158055894889016,0.6244852235143499,0.645984866066701,0.4055051744372133,0.4100885791345515,0.6107314069713653,0.20192109026981248,0.775577112158293,0.08864267160849183
spread,B,200509,101,0.9012944277954198,0.9151237354797099,0.5675247524752475,0.6029487564054581,0.3517064647641234,0.3683295525046266,0.6383650155072977,0.17708026007303962,0.8013443178795694,0.0754952142782448
spread,B,200510,103,0.9172995502683571,0.9220842337373953,0.6812151298159295,0.6992089577076464,0.47039054606159114,0.48103392892565366,0.660411499363238,0.18056779388792657,0.8214024553736533,0.0780146751227673
spread,B,200511,101,0.8289040705095185,0.8430208855082761,0.5424111822947001,0.5699858473355106,0.3265812463599301,0.3411959300927413,0.6829832714418113,0.1575672481651106,0.821723304554953,0.055526983371465215
spread,B,200512,116,0.8962801077308955,0.9013118566873287,0.5275592972744397,0.5433803997287671,0.20468996271095222,0.2087041429460043,0.6819847799930905,0.14937999033589597,0.8105714651155614,0.03045902964795276
spread,B,200601,116,0.9151997662765748,0.9187340823267108,0.49525237381309345,0.5012907082544511,0.24518509975781339,0.2480658597618978,0.7264499477025114,0.11406817514320212,0.857328320783693,0.0726910288218625
spread,B,200602,116,0.9670395571445047,0.9673526737907749,0.5278053281051782,0.5342897837119374,0.23958020989505247,0.2381899714988174,0.7816823554290775,0.07067733917188967,0.8822306062392816,0.03700001821996397
spread,B,200603,118,0.8992964317619536,0.8953814296711461,0.1524620278359062,0.14920440144767166,-0.1206380857427717,-0.12428282916817315,0.7953058586811739,0.03742247441783441,0.8794277799685546,0.03298379197262381
spread,B,200604,117,0.8886482800752155,0.890496974692318,0.1832786344767642,0.19146134263498998,-0.08918910818384809,-0.08303002261029759,0.7809113074113919,0.035242766024165845,0.8648998327731698,0.030868283099577263
spread,B,200605,120,0.8924416232582861,0.8945995874738807,0.09767344954510729,0.1252311362442617,-0.010361830682686297,-0.010785489939404303,0.8784568885301441,-0.009627250898462038,0.9244272871766923,0.03274329983263097
spread,B,200606,128,0.8714170448380455,0.8795035765379113,-0.06633400476103277,-0.044056972493010375,-0.16014122871269,-0.15231386372859557,0.887839485340009,-0.017953808438443047,0.9264419572534949,0.05684820105176902
spread,B,200607,125,0.90122550300119,0.8956764578517645,0.2819047619047618,0.27514147552885293,0.1688294930875576,0.15638498547137275,0.9001060204768079,0.0029817930775926176,0.9219748243732602,0.07719302887611705
spread,B,200608,127,0.8939628063534945,0.883197192527044,0.28495852080989875,0.2747506407920978,0.21822272215973001,0.1993701940689623,0.9080631187565622,-0.006408417839699211,0.9269397178991138,0.06640718950149954
spread,B,200609,130,0.9131203664135655,0.9170313906130313,0.1404771333761215,0.1606330825219517,0.17693809829439155,0.1790301656447582,0.9076544372343354,0.032639574409035935,0.9223727987647414,0.09615602463375125
spread,B,200610,141,0.9243597468681155,0.9286514683407654,0.03091741941007748,0.04507042253521127,0.0633203476176206,0.07076073462048889,0.9085265557410798,0.026402560781998118,0.9214756220110516,0.08175209841336782
spread,B,200611,127,0.9238006939681915,0.9296868820908508,0.17034589426321708,0.19331848161077372,0.17010568991376077,0.17783987966466758,0.9175675691920018,0.057108697362784684,0.9277489317764204,0.08571912154854122
spread,B,200612,127,0.8973357744454464,0.9196173692461094,0.1289252905886764,0.18045284577669007,0.16486220472440943,0.1818647848641282,0.9239628619473778,0.07278260741544286,0.9340865704173191,0.1304198986456194
spread,B,200701,123,0.9059126826393159,0.890611875071886,-0.2367956043389096,-0.2576203635345181,-0.23047555171479797,-0.25624671501440766,0.9282111074889565,0.1013406493561976,0.9297591996462587,0.1366401761810118
spread,B,200702,118,0.8479782043924973,0.8552802652972179,0.06067146545710853,0.07558753173569172,0.08728758778609227,0.09452367475398236,0.9280265449999722,0.11837174120886512,0.9281084192253196,0.15423097761107712
spread,B,200703,109,0.9410570895156598,0.9338649590792816,0.23004355481419705,0.2406992961862079,0.2661662496524882,0.2474920882282696,0.928426902804954,0.16653894054201368,0.9328172933018651,0.16327348541870235
spread,B,200704,118,0.8980377405586923,0.9106407222429036,0.06573320332044161,0.10382809019198735,0.11743158801982334,0.13658342402708884,0.928052208996382,0.16926901731887908,0.9290546860876574,0.16862600217450385
spread,B,200705,113,0.8745160338531643,0.8959947433943544,0.16960542950296095,0.216741106710427,0.24694756803513215,0.26962680174931,0.9046132832556429,0.1707905512834562,0.9054066571607936,0.1930393016713012
spread,B,200706,105,0.8515905639268664,0.8419964077977268,-0.09357246527057848,-0.1033395104211591,-0.08614969935724653,-0.10058185494643716,0.9161257489738518,0.1871791069245281,0.9148560250917191,0.1983713225197402
spread,B,200707,101,0.7339974781553491,0.7434776657952239,0.09913803145020383,0.11213227800002643,0.0885148514851485,0.09818344894429157,0.9077021560733782,0.21272304460698838,0.9052621888535652,0.22492771562228428
spread,B,200708,95,0.8088382477679049,0.8105138281876495,0.2967805151175812,0.30637005308856785,0.31444568868980965,0.3122631308219387,0.9154954111752983,0.23413182210841157,0.9114078194926392,0.2265904342898044
spread,B,200709,91,0.8553705023578803,0.8617319047516713,0.34158305462653293,0.36110336920534286,0.34951425386207996,0.35399230764227646,0.9100146548974217,0.1959447829736276,0.904981313837377,0.18441178317237844
spread,B,200710,79,0.8840555014605648,0.8992995332416609,-0.1460321324245375,-0.0740997693524515,-0.05701071080817917,-0.05429682507905489,0.9093615590996806,0.23400119060272803,0.9057576823923571,0.20207993052617268
spread,B,200711,77,0.8390031021609968,0.837898943162101,0.15421420684578577,0.17261685682738312,0.14577527735422469,0.12931805037068195,0.9005602354051736,0.22362586452479574,0.8992954363992455,0.2112159314641317
spread,B,200712,73,0.7916325996344833,0.8596485816242805,-0.05399234851289647,0.09875971862273232,0.04347155374552635,0.07916820930519561,0.9070626400688444,0.2309280239518211,0.9074142473472817,0.19507131624416554
spread,B,200801,72,0.8700559521512637,0.9278880940181606,0.09878448774840827,0.24429616531817597,0.152324908354235,0.22257416193889096,0.9091524468856714,0.218120906717384,0.9129119290427427,0.20720687355585912
spread,B,200802,72,0.8179852240378159,0.89017694209049,0.24516046047977366,0.4338221107466719,0.3644607370248891,0.3410508714386778,0.8885384557832026,0.21531885495214806,0.8934137514883081,0.20864904618141444
spread,B,200803,50,0.7378151260504201,0.8550780312124849,-0.1402641056422569,0.14352941176470588,0.11001200480192078,0.25214885954381755,0.8837873798073251,0.20439523203145368,0.8905862059926754,0.20549712805810502
spread,B,200804,52,0.7491408936414361,0.8305905959075403,-0.29283701869717405,-0.10108426534619652,-0.10356014684538546,-0.051993511482967644,0.9021150130129529,0.20121173621742375,0.9103428813266028,0.20753979512837864
spread,B,200805,55,0.6034380130493401,0.7466358815253075,-0.1918470418470419,0.049712296405929966,-0.068975468975469,-0.026984613723973594,0.9074449959049868,0.19818249699252077,0.9170823362260816,0.22196165371720386
spread,B,200806,40,0.5377110694183865,0.5446784564367224,-0.4716697936210132,-0.22571415194398106,-0.22945590994371484,-0.31765092206247714,0.9045730039153349,0.184266107836189,0.9156421412204795,0.20745073729027697
spread,B,200807,37,0.6751229933026132,0.823069173397725,-0.30772878141299187,-0.019203413940256042,-0.20625889046941673,-0.0476529160739687,0.9118200170571724,0.16536900726861337,0.9244881378135884,0.20302849448857527
spread,B,200808,38,0.6579494474231316,0.8966460592290505,-0.12266112266112267,0.2613120319061475,-0.020242914979757082,0.2353777975838037,0.9108574355548318,0.16092978825910165,0.9240067968945683,0.20790367758857256
spread,B,200809,38,0.6297187876135244,0.5957982273771747,0.1040595251121567,0.14935988620199148,0.06335485282853703,-0.08764635080424554,0.9172508349189337,0.18099888540946407,0.931041980501869,0.21378859643556808
spread,B,200810,35,0.5467787114845939,0.6857142857142857,-0.33053221288515405,-0.05238095238095238,-0.06778711484593837,-0.032492997198879554,0.9476123884231024,0.17092674642027705,0.959469440102302,0.19564860570227932
spread,B,200811,35,0.5925199665917925,0.6323014489823526,-0.16078431372549024,0.14145658263305325,0.06918767507002802,0.0008403361344537815,0.9457448769732916,0.12574154188026282,0.9559421534577691,0.1336748867127684
spread,B,200812,32,0.7739688489351482,0.8050233785770662,0.0,0.13106039831416771,0.11876832844574779,0.11841261162370957,0.9414147079262946,0.11177634950319826,0.9492822852469527,0.11547540516687696
spread,B,200901,32,0.7379032258064516,0.7844179783499524,-0.6378299120234603,-0.5325389640351978,-0.7063782991202344,-0.6777268674830039,0.9447482649460405,0.1387207850130922,0.9552009399792603,0.12497214606871755
spread,B,200902,33,0.6854946524064172,0.7780748663101605,-0.4458556149732621,-0.20187165775401072,-0.3165106951871658,-0.38870320855614976,0.9753971958998678,0.12382640807316714,0.9862352607757375,0.10473936957336322
spread,B,200903,33,0.7730614973262033,0.8830213903743317,-0.2987967914438503,0.12098930481283422,-0.0875668449197861,-0.12566844919786097,1.0016209704997945,0.1218538834657964,1.0132078728531462,0.10834978156569477
spread,B,200904,34,0.6877005347593582,0.8224598930481282,-0.4844919786096256,-0.22536287242169592,-0.4731856378915202,-0.40229182582123757,0.960005460118983,0.171479876658309,0.9805925457102453,0.12313696712133132
spread,B,200905,33,0.49766042780748665,0.8014705882352942,-0.47994652406417115,0.006684491978609626,-0.4949866310160428,-0.33288770053475936,0.942164129869758,0.1660618913850904,0.9737473576833207,0.1531431545658615
spread,B,200906,34,0.5639419404125287,0.9101604278074866,-0.39404125286478225,0.20763941940412528,-0.27303284950343776,-0.21558441558441557,0.9522218251848416,0.20398214195564768,0.9973758329179555,0.17189672247832563
spread,B,200907,35,0.4106442577030813,0.8030812324929973,-0.4941176470588236,0.19523809523809524,-0.27086834733893556,-0.23529411764705888,0.9359021509690795,0.18191948794181795,0.9887580102765127,0.1634194614311879
spread,B,200908,38,0.549184812342707,0.8474669000984789,-0.3174307911150016,0.34281650071123754,0.005799321588795273,-0.12287996498522814,0.9259248299286755,0.19148417239105037,0.9854760781627395,0.17521501060654854
spread,B,200909,39,0.6263157894736843,0.9190283400809717,-0.42287449392712556,0.23927125506072877,-0.1797570850202429,-0.041700404858299595,0.9089840049691406,0.22428966877651477,0.9796684870581015,0.17834465638254768
spread,B,200910,39,0.7985829959514171,0.9279352226720649,0.09919028340080971,0.5064777327935223,0.2813765182186235,0.26376518218623485,0.850383232215116,0.2265815782967136,0.9181864840016136,0.16161192131427723
spread,B,200911,42,0.761769710720363,0.9542986791994167,-0.02520055100883235,0.46811441536342274,0.33976176971072036,0.4118791021797262,0.8246884341887839,0.24775175529396595,0.9109797576622372,0.2166083781051483
spread,B,200912,50,0.6727971188475389,0.9123169267707082,-0.2502280912364946,0.24869147659063626,-0.23975990396158461,-0.1262424969987995,0.8000195481724546,0.2801883704734214,0.9004249326993952,0.23932431172679214
spread,B,201001,55,0.6893939393939396,0.9244588744588748,-0.2042568542568543,0.35187590187590195,-0.056060606060606075,-0.034992784992785,0.8046392453029907,0.24830644470226484,0.905767813080111,0.230915845852198
spread,B,201002,58,0.5246935417511583,0.8640949920019688,-0.1868098065151189,0.4341941338932754,0.1252883816789197,0.40060291928389125,0.7579504904062416,0.25617257057611437,0.8595640752399507,0.19501767017072114
spread,B,201003,59,0.7091174751607248,0.9363666916062608,0.014611338398597315,0.5146480808275968,0.10578609000584456,0.32650973863419114,0.6887278451860228,0.2567082460303178,0.7963724536749219,0.2529931850626411
spread,B,201004,66,0.6683853459972864,0.8763803360818287,-0.15382527919841357,0.32925581880805765,-0.3746790522909927,-0.20100198309153536,0.6989430253856893,0.27725205940148834,0.815220460361552,0.26871444172999387
spread,B,201005,66,0.6900676354208962,0.9236806949240347,0.1240580315207181,0.6080158647322828,0.3917962634380545,0.5276484709320531,0.6866791016199811,0.23963006104462745,0.8015473831798088,0.23107736836125836
spread,B,201006,67,0.7786091989976699,0.9249418831337651,0.1221166892808684,0.4795522343625449,0.3251257083566127,0.4833434765931813,0.6168700606234684,0.15181674723528882,0.727521137391909,0.15881607185135715
spread,B,201007,69,0.7797953964194375,0.8956502677831363,0.35549872122762155,0.629660753863817,0.4547314578005116,0.5221688376618064,0.6378289930811176,0.10732883815468716,0.7400841126171379,0.14899873507727224
spread,B,201008,81,0.8782330325282903,0.9563616859255276,0.36964769647696477,0.6276832394623231,0.5962285456187896,0.6109825088748695,0.6431337413281276,0.12595032042539925,0.7504386696139186,0.16263953344295878
spread,B,201009,91,0.8862539617935848,0.9487720583550996,0.249132027392897,0.5203618468862975,0.5670966714444976,0.5734842090902348,0.6487704698077654,0.1327464396351562,0.7359109107639857,0.096182718378561
spread,B,201010,104,0.8593642893562238,0.9005881333390489,0.17850208044382804,0.4017646619738099,0.40989010989010993,0.36482838824639324,0.6612270948825468,0.14389419866222958,0.7709647792458089,0.1431238645121969
spread,B,201011,106,0.8413797620697384,0.9137054558944683,-0.022293876111544954,0.23875919782224994,0.18474443912638236,0.22907582204224647,0.6952823861377225,0.14572588238323772,0.7935240345179108,0.10692274313820872
spread,B,201012,109,0.8385313619372838,0.9085247755052868,-0.15378556204244279,0.1040316190893342,0.11820961912705032,0.13930654854448746,0.7090513268083884,0.10671952296268432,0.801604653180368,0.08833885786248914
spread,B,201101,109,0.7519588173503821,0.8970150775190205,-0.1357242146232972,0.2423836640914912,0.27792604948568256,0.3720664075028704,0.6726652245375921,0.06355163447312627,0.7792954405798427,0.11069395124505439
spread,B,201102,106,0.7259339496687407,0.9105899956952481,-0.29671259792931454,0.16331753864963186,0.1715343728745245,0.29262234582642116,0.6964641919322337,0.05702849718744842,0.815720573744404,0.10123750119013843
spread,B,201103,107,0.7376263449379558,0.8516385955324602,-0.30715727189012326,0.15446031466133742,0.27913948157291485,0.2524050236093967,0.7226636173394166,0.001142486655520059,0.8762617724290914,0.01638058285951762
spread,B,201104,107,0.7422760703491246,0.8891101281881725,-0.09927702345265385,0.2895062318077502,0.29910460628147106,0.3334435439916213,0.7067581191069178,-0.04496688506612384,0.8476168870041739,-0.040418841147216736
spread,B,201105,104,0.7768558008557476,0.937988776165871,-0.17765923396991362,0.28983481678205786,0.3727621892670437,0.44299404936377146,0.6950901010480598,-0.09566013238007487,0.836715484937733,-0.01701613248364167
spread,B,201106,107,0.8014822217536187,0.9500055106576797,-0.08960794686416271,0.3331774064387391,0.4133799643409941,0.5080930957055337,0.7001989202194616,-0.07879625711484757,0.8462935959797944,-0.002379534397770438
spread,B,201107,106,0.8517109691569373,0.9599231161152588,-0.04435095851071869,0.3559012908378041,0.27308360833312334,0.20450217150490468,0.7188891489302508,-0.031102000469294715,0.8719937910005348,0.019726081468827997
spread,B,201108,110,0.7170225571385282,0.8589152598939381,0.02787458016815815,0.35428331845960404,0.190325271059216,0.2717952879467151,0.7399099226978992,-0.06847951864341609,0.8790146549729729,0.03956615656789192
spread,B,201109,116,0.8042002399056739,0.9013118567006488,0.22677891823319113,0.45202485685098087,0.24404720716564793,0.32228947505052247,0.7595047228776838,-0.08808289982322104,0.9052278372817362,0.0909219786890589
spread,B,201110,119,0.80294689467137,0.8235799961200294,-0.18156957698333573,-0.09348822718134253,-0.3088876228457485,-0.3398548983087434,0.7879659232792094,-0.11525376975111845,0.9216965625771067,0.08131027966494894
spread,B,201111,126,0.7858981204328435,0.8516522083476639,-0.012457442819647545,0.1762710237513461,-0.04907686539182603,-0.029399501459855405,0.7933735397556232,-0.12131468336522158,0.9203928258328237,0.07628772689393404
spread,B,201112,124,0.9012945773251205,0.9222133927107619,0.23627380015735638,0.35240708861571407,0.17742250196695514,0.13429153199604502,0.7784937563147586,-0.11961499299826722,0.9075344431872168,0.07531015738373734
spread,B,201201,125,0.8995542229050837,0.9228689577201704,0.14168356374807986,0.2280775056155329,-0.014807987711213515,-0.021459359322249724,0.7804569242535101,-0.14946780145977373,0.9119570340629182,0.06507137123596059
spread,B,201202,127,0.9351051847608937,0.9471738515921571,0.2796271559805024,0.372997436837924,0.12096339520059993,0.07205272793879319,0.7807856141342683,-0.16461503674572314,0.9231040892744935,0.05820446908977175
spread,B,201203,133,0.9270003366625519,0.9369866367758366,0.29026943206047684,0.37378517586207827,0.17575315493618712,0.16850492305861817,0.7723895796706538,-0.16141836855102648,0.9099598772419654,0.03872147568540075
spread,B,201204,135,0.9032029919202172,0.9288566805374334,0.31481318895717497,0.44167886059896605,0.22963613306018926,0.21240366793483564,0.7640901094708709,-0.17087362371406972,0.927800604887362,0.07537026581773178
spread,B,201205,132,0.9039409766609444,0.921178853894759,0.33261154273609067,0.40361905482764904,0.019222240194518216,0.011771320190695773,0.7713198231192042,-0.1799680592108598,0.9503512377216021,0.080386007441899
spread,B,201206,136,0.9498054117424418,0.959533035881229,0.513391536663327,0.5640761414054672,0.17200038166118026,0.16676208196173845,0.7591429352886366,-0.19216897561865637,0.9444262869721113,0.09843601594496544
spread,B,201207,141,0.9523705556435049,0.9580909203794387,0.38568003767284553,0.44323315392524987,0.034624769895971574,0.039269786602111535,0.7533756392737729,-0.1891645904755416,0.9516117867981202,0.09143291189935236
spread,B,201208,136,0.9381028315721948,0.9489002168317755,0.5199656504937741,0.5728478756359635,-0.16176232049997613,-0.18450954690813526,0.7505036813082172,-0.1917748448349918,0.95219363057373,0.08823113218085205
spread,B,201209,155,0.9400089427138829,0.9653779470731946,0.3707776094872869,0.4645462550678751,-0.03233218394508717,-0.006740050449692069,0.7519230937497512,-0.17706114218085842,0.9604564773052049,0.0760988990164822
spread,B,201210,162,0.9471455819892385,0.9622189887343984,0.41361435359834936,0.48863855278308715,0.03588540718442025,0.016664820194907684,0.764817443656352,-0.1640265071422709,0.9654802933360698,0.08805188353087559
spread,B,201211,164,0.916656180986011,0.9331857853334857,0.4779263531620257,0.5723189891303028,0.4019261899255913,0.39422359492334097,0.74439667971766,-0.14890464321255836,0.9188091106236987,0.06848297354147781
spread,B,201212,167,0.9516068669076476,0.975684571929169,0.4625928865161244,0.5618194947151796,0.24880703309388108,0.26331218585565785,0.7313689889400643,-0.11365651089759916,0.898594453200102,0.07844419735197089
spread,B,201301,166,0.9373997758275961,0.96314174667199,0.27243344636029154,0.37479151759458557,0.14029553160928968,0.16911423753651056,0.7473201397266643,-0.0623046319742554,0.8961187809524256,0.10238512764671094
spread,B,201302,162,0.936398425257846,0.9727171433271519,0.28228338844503154,0.46080360167145357,0.3528348300287484,0.3613554250878613,0.7615010862964434,-0.04522434237184041,0.8871728452075901,0.12226942613127394
spread,B,201303,158,0.9382878127302225,0.9686448677394751,0.1935365606921028,0.3484831313259473,0.3235142441192712,0.31562886252996303,0.7895877940053954,-0.03816073982304451,0.8930680583940642,0.1289774148987638
spread,B,201304,167,0.9504756101302368,0.9622931864681316,0.36789501891226156,0.45405203455265936,0.48066775227513997,0.438576940667576,0.8198155078418715,-0.02775132470197334,0.9047583113000763,0.14414308585108637
spread,B,201305,158,0.9506614376479532,0.973150671594789,0.09224335560933981,0.20561293605673245,0.20091761122917612,0.21888883733718398,0.834904283987636,-0.009489052428051705,0.9045051147173139,0.12772875330567302
spread,B,201306,158,0.9154317330160299,0.9551375325455507,-0.05628431344212219,0.09834092942130779,-0.11033392712353525,-0.06718277463118906,0.85046898575421,-0.024103992333093523,0.9066483162161801,0.1047404482525537
spread,B,201307,166,0.8920520467228347,0.9494648458962133,0.007538482727863004,0.20469940395146638,0.288111181798506,0.34842697336933165,0.8681865595365741,-0.022839229580411385,0.9109959484778535,0.11134369755234254
spread,B,201308,166,0.8476150124942328,0.9498360662207237,-0.16304084055328555,0.0768750979697915,-0.10763620622938135,0.008190426094996726,0.8794467064417972,-0.015002019731794292,0.9128503318190572,0.10787685638330763
spread,B,201309,180,0.8341262263795889,0.9355290571167492,-0.0665740712161898,0.2264058347670736,0.18876302766546293,0.25133157813090734,0.8836870758355287,-0.011734765848432456,0.9097985248083634,0.1075270201477579
spread,B,201310,171,0.9190556532909885,0.9553301429435426,0.1725922192622459,0.40040175775130976,0.49355845153238787,0.41070130007390243,0.8861119648298078,-0.0208032651398815,0.9104720313344401,0.1109440389141467
spread,B,201311,175,0.9052089351140259,0.9691774687270291,-0.02806986117330945,0.19788669477589862,0.29125839677563814,0.3375791257937836,0.9076159748791879,-0.02214196426351778,0.9340412082933255,0.11742269419850453
spread,B,201312,174,0.882479435610283,0.9543219016650811,-0.10449386372049316,0.13093598763648578,0.20870412027677324,0.17851842487010008,0.9425525996874612,-0.0043473143571277975,0.9617380059995997,0.11292046419658777
spread,B,201401,178,0.8966044063263879,0.965736555024422,-0.09870426383269375,0.17478040871225559,0.29005701494474584,0.21869653845838866,0.9378398495418276,-0.007287999544165285,0.958281390220744,0.11827904388688619
spread,B,201402,176,0.9435057255924332,0.9741127215381761,0.00422738743934343,0.22669273620827768,0.3627243701566918,0.24543484972317658,0.9374503333752344,-0.007780105947279655,0.9592273694443151,0.10876490251085519
spread,B,201403,170,0.9283668181683904,0.9818423524182288,-0.039717661541926144,0.1760437810373784,0.267112601359715,0.2557223846563704,0.9383336712076431,-0.03116869880312732,0.9632079711117558,0.09819656142897298
spread,B,201404,173,0.9457859773053005,0.9872346441711592,0.0011379912947142507,0.21491836467462863,0.381679035465464,0.3510568150347174,0.9334849137123579,-0.03724571276016842,0.9590526458109863,0.10023354949615342
spread,B,201405,169,0.9502125083450588,0.969106984694461,0.05346327880264533,0.22946564591366636,0.49270797076226946,0.3798152375856342,0.937513162504516,-0.03843538994295862,0.9639104134191183,0.09968426666978772
spread,B,201406,167,0.9458796156761373,0.9654328351689313,-0.014771661496284541,0.13224806770802863,0.338204829583518,0.26682409717410044,0.9363841640126244,-0.05038097346025236,0.9624403521343042,0.09248452921860255
spread,B,201407,185,0.9040633487438032,0.9289429094534304,-0.17257874985785226,-0.05204323574406782,-0.1586046776088852,-0.1850909463081796,0.9314459358827681,-0.04635496853521214,0.9599244428564152,0.09628957993274409
spread,B,201408,188,0.9254521139077305,0.9600887478622595,-0.051249126342993674,0.12143718868878006,0.1900969285199573,0.16222869176087398,0.9302245847546122,-0.06871286622800363,0.9639865728870227,0.07744204504614842
spread,B,201409,194,0.9096014624545015,0.9639961655305217,-0.1555661474362398,0.021446181154956445,-0.27454565625603494,-0.20431520470892198,0.9270162254319735,-0.08362261937692324,0.9648671897634538,0.07611259943769792
spread,B,201410,191,0.9257034700532775,0.9649049838313539,0.21650773995409658,0.40011573471271517,0.511050096036359,0.48734388408150037,0.927639413141625,-0.09607420180850466,0.9662494391357828,0.06908607684506173
spread,B,201411,187,0.938310244927797,0.9773304509355896,0.04228526126866795,0.2129128662078125,0.09779820083021666,0.14315004420393393,0.9323706501890631,-0.11792075419351035,0.9681365310943869,0.0450471731911864
spread,B,201412,185,0.9495881258984943,0.9777636998054113,0.30057617224517647,0.44376118529123637,0.4244911110268755,0.40650413438348604,0.9217452528858918,-0.13872275081714952,0.9615282649079654,0.03139287385102214
spread,B,201501,174,0.9570557248213216,0.9745009388110788,0.052139297815997035,0.1472322342305191,-0.022065548563455682,-0.023543990792467162,0.9289792302327985,-0.15983034381279607,0.9667086187575867,0.012809601506517204
spread,B,201502,180,0.9515216269647581,0.9656023157106515,-0.01864049301933187,0.04971141084601377,-0.11534718149737132,-0.1193329012212311,0.937120671994108,-0.18262753079408894,0.973290891217475,0.01072293668606931
spread,B,201503,176,0.9447671331189406,0.9735064351897491,-0.057690953114681934,0.06363749925022935,-0.1779793088267665,-0.14628337347755543,0.9407068725152847,-0.1819166471322636,0.972622494224995,0.02812629688042166
spread,B,201504,164,0.9536944901489457,0.9586486135381637,-0.04703657856433555,0.0344375401291934,0.008006747105954047,-0.004616883046234887,0.9545998854433403,-0.15948043976251847,0.9865741204292314,0.026297222963219086
spread,B,201505,157,0.8798207001225496,0.9126104153659852,-0.07191808433443522,0.05754053777506369,-0.14596654655511385,-0.10954424656694849,0.9566540769430173,-0.15762699028328153,0.989175829534586,0.040348109713125045
spread,B,201506,149,0.9254857858148207,0.9672108101934979,-0.05067658262289135,0.10638730122033747,-0.08790857972066027,-0.0463543244392376,0.9657138710120478,-0.16142034785710774,0.9947863651329218,0.05722027531383908
spread,B,201507,150,0.9304811693383973,0.9580902837672549,0.10522245433130362,0.2621888181225867,0.307297213209476,0.2710639186831463,0.9750124266985647,-0.17932538095837203,0.9975845240433143,0.0754576088315426
spread,B,201508,151,0.9231499853175212,0.9616807990962151,0.04217497385848727,0.19950365894707706,0.16498431509236666,0.18623594673424368,0.9714057591463604,-0.16722448445289043,0.9891278346083161,0.06082665623876539
spread,B,201509,157,0.9038637609344172,0.9167134400293829,-0.060980904123692156,0.04397977844984425,-0.018776474674241345,-0.010084416676812516,0.9773972571315429,-0.16954377112987187,0.9916286134852791,0.06742823107497764
spread,B,201510,154,0.866298660226554,0.8918428050072794,-0.11430378603054127,-0.022601236931905945,-0.10196571297140558,-0.09619613477312561,0.9734634915334791,-0.15867935624364526,0.988100434517093,0.0471611834784954
spread,B,201511,148,0.941735011745676,0.9633944320758054,0.2265628181256178,0.33074328951606036,0.2888867500564529,0.3109866475158901,0.9777171320217001,-0.14767453025970761,0.9962017971657333,0.06393173811968955
spread,B,201512,150,0.9329977918994111,0.9409180529554307,0.11694208631494735,0.17615036428378303,0.2252420107560336,0.21721003993107782,0.9818063996077969,-0.14418004475423798,0.9968389211856119,0.05496262183772023
spread,B,201601,147,0.9376212468967133,0.9370024971949059,0.06946029059531995,0.09922080865911789,0.198157900701932,0.1712558675472223,1.0053654114860404,-0.11460353337699372,1.016406931447753,0.056342282473192465
spread,B,201602,160,0.952514328621502,0.9636534231638479,-0.07605179889839447,-0.03650978042571072,0.14471170748857376,0.14873161363489185,1.0022185815832765,-0.09481101550367435,1.0091509776004863,0.08958634665044432
spread,B,201603,161,0.9476453829755949,0.9605011545428135,-0.5961841499884979,-0.5515490264479013,-0.7655365769496205,-0.7507848472588732,0.9828411893377605,-0.08918561003833592,0.9902215570340512,0.0855957730563413
spread,B,201604,160,0.9347706983829477,0.9477758595581705,-0.41584729872260634,-0.3677154679002651,-0.51798605414274,-0.5254289801449445,0.9756092092283053,-0.08893387570457897,0.9783849034683124,0.0980884499563047
spread,B,201605,160,0.9171334817766319,0.9593569656583695,0.01746747919840619,0.15379296655587613,0.035723075120121885,0.12250993754410554,0.9742477634308159,-0.0768334265371756,0.973711639564252,0.10500854218248067
spread,B,201606,160,0.975225594749795,0.9853714988866754,0.07896402203211063,0.14964842376655338,0.12682819641392243,0.12041778975741241,0.9689975066253966,-0.0702937049971279,0.9680001621323677,0.10113018286501922
spread,B,201607,166,0.9557640179210023,0.9643177812948674,0.1539715749224443,0.205278380806842,0.057525693410550215,0.05528002046290771,0.9664436130449735,-0.06270368987420374,0.9664676257517137,0.08647061609495567
spread,B,201608,161,0.9387045895442864,0.9525798453441147,-0.3446946169772257,-0.2826822253007296,-0.45198125143777323,-0.44209831643840247,0.9817171712451468,-0.06259834927672984,0.979828990652296,0.09122806335284726
spread,B,201609,152,0.9657093112563335,0.9649770278200047,0.0825217504220231,0.11489671068417326,0.028366104196994237,0.0035709800631996266,0.9894648528368607,-0.04862205275181484,0.9837168282172183,0.08414752340836636
spread,B,201610,147,0.9532058856136821,0.9672700621346604,-0.08996290111749994,-0.007436784030090463,-0.2519437245464643,-0.26617717755451803,1.0016005471296958,-0.022080570528368357,0.9900223461914845,0.0904250279377668
spread,B,201611,147,0.915063421454423,0.9401162653456515,-0.07050676620148244,0.027913074112479227,-0.1230307746941798,-0.08324809428240319,0.9754911973418615,0.0034194427706760113,0.9647418675070655,0.1155190863637409
spread,B,201612,149,0.9312142151700038,0.9518780694637939,-0.0875603119898422,0.03249779157957747,-0.14487212044259024,-0.13130986996188837,0.9882647956751133,0.017617147878646815,0.976523842060775,0.13124173720796267
spread,B,201701,166,0.917893786876703,0.9479853479855518,0.014595562434823673,0.1467521300816702,-0.12433971050232503,-0.10268333522460582,0.9723052971526345,0.05837905236707167,0.9638660423488269,0.14054035976340332
spread,B,201702,151,0.9346181060290514,0.9445910796088376,0.049756012547926096,0.1869503197546194,-0.061202509585221325,-0.10026498803157172,0.9885284032955537,0.05334527932992185,0.9808845397860051,0.10960688232674529
spread,B,201703,153,0.9475675195838903,0.9806005868690597,0.04571254339056196,0.1887242891432951,-0.08622827121279132,-0.04767780332648944,0.9876627072283827,0.07318403138102039,0.9775839754801328,0.11011258037793285
spread,B,201704,154,0.9457452471245784,0.9731690547549066,0.2165898617511521,0.3466684190884079,0.3234300171681576,0.3717619612883706,0.9401048535580592,0.06304209401350824,0.9339918426440238,0.0836874212127829
spread,B,201705,159,0.9708897425606704,0.9862453212525185,0.4118014091234774,0.5092600747260193,0.48371447336995466,0.49247894148451915,0.921844480271066,0.06568186109824929,0.9141636812088535,0.07701124798829849
spread,B,201706,161,0.9628522010192276,0.9718022911000438,0.45320910973084894,0.5185685211836045,0.48092074994248907,0.47256255584972123,0.9278202448970627,0.0751264145687636,0.9209464701936306,0.07812777281446118
spread,B,201707,161,0.9719030365769498,0.9806417941144742,0.26218656544743507,0.34169591341177696,0.18575166781688524,0.17872552726831115,0.9309448101353359,0.07982452672247525,0.923290249686609,0.0908359620261998
spread,B,201708,162,0.9592116405112862,0.9738949418548707,0.4498596451117124,0.5292289584100734,0.5377956167500045,0.547824393383209,0.927070209526884,0.09927545878614966,0.9189070087484188,0.09833670672619552
spread,B,201709,162,0.9625783014715467,0.9747331905080461,0.17767983278786162,0.24420673210984786,0.06730966000104437,0.07429721851180876,0.9159426445253916,0.09744934859405173,0.9078316605963881,0.09492480504764791
spread,B,201710,163,0.9511308405517592,0.9585175178836446,0.24720545773964897,0.29972186141627916,0.23126672984521257,0.23248229161304773,0.9150184972911951,0.09792535110792777,0.9061815955149912,0.10232487049140983
spread,B,201711,178,0.9695955758360474,0.9833625731305239,0.3788977678101218,0.45722283278843406,0.3443398384346052,0.35665991792997137,0.9229440282555598,0.09859370115774525,0.9130430975421159,0.10114187877672062
spread,B,201712,176,0.9565446602162246,0.9641750848422576,0.16573849878934627,0.22312568787145062,0.10900726392251817,0.11205150781421969,0.9127259444258914,0.0926258082643904,0.9011909880314527,0.10382225239019917
spread,B,201801,166,0.9572552818584223,0.9677379579822317,0.062347593968689136,0.10933627334792138,-0.006211017177036946,0.0055748342798539454,0.9075711549829925,0.08081078413718984,0.8936382934722887,0.10345808716074457
spread,B,201802,168,0.9304113666158808,0.9426085746223205,0.4050065549374624,0.4614952419577243,0.42305920702972766,0.442284622398863,0.9005169399398293,0.09102615899452675,0.8849177385960233,0.10847413574801912
spread,B,201803,163,0.9372037635631769,0.9451543963563689,0.4649026551615209,0.5179175727230453,0.5207657904799907,0.5262721099087043,0.8983562793931338,0.09805415040748845,0.8810657959877446,0.11383994161011242
spread,B,201804,156,0.9334797932702185,0.9454298895712676,-0.002942896429643913,0.04058421802128952,-0.0623761280839563,-0.049665802130267236,0.9401208212558537,0.11603976711861828,0.9158135914189548,0.166430348715106
spread,B,201805,159,0.9359495758871293,0.9494154130985214,0.12239968951516601,0.17491640792930502,0.09084666825889659,0.1173244566515405,0.9693741945640311,0.12946100842046931,0.942979800308621,0.16903277496745503
spread,B,201806,155,0.9772774879284027,0.9801962728939214,0.2859914279269118,0.3275076838820193,0.26585672392124,0.27309896997969785,0.9729904626857724,0.120915625670421,0.9421454526918279,0.16207259568966464
spread,B,201807,142,0.9736363150570999,0.9813941450858805,0.2897225639209457,0.32581429999720357,0.3318817831853493,0.3513387777200911,0.9800010043431591,0.11802706380228226,0.9460121129422231,0.16500508409956016
spread,B,201808,140,0.951765655171975,0.955123292045219,0.16580437777437626,0.17994815327485914,0.16069624543526279,0.16574114467345485,0.9762561392958624,0.12539374194537178,0.9411744031584095,0.16122249914423623
spread,B,201809,140,0.985048386379049,0.987460297502818,-0.11356847652577029,-0.09495548961447035,-0.11522162209442174,-0.11172533232480043,1.0048253529837827,0.13988793602152103,0.9653366271493118,0.16973871984987204
spread,B,201810,125,0.9620137665353384,0.9622270524453357,0.3020153609831029,0.305651647634941,0.2734930875576036,0.2712090396919994,1.0003298806484113,0.14911783724368574,0.9628692726878861,0.17642843552384488
spread,B,201811,123,0.9485928947543022,0.9522091306051658,0.2322103416697837,0.2501938743761787,0.22100837084521033,0.22876047768096325,1.0067493048268934,0.13626160223937317,0.9665018910017283,0.170956547221362
spread,B,201812,122,0.9326169244991177,0.9315277626373067,0.33666863832979205,0.33417542491889096,0.35753301984991126,0.350469814408202,1.009465580980878,0.13771771554222872,0.96917908812573,0.1674895447027499
spread,B,201901,123,0.8715932981646053,0.8753835165679249,-0.4374185809547149,-0.429077448178461,-0.403006539319756,-0.3972836627993691,1.0081362431784866,0.12556893839233912,0.9684729227974275,0.16511158556942004
spread,B,201902,119,0.979007507887707,0.9824365249206769,0.05659450220766273,0.07357926221335993,0.1356644352656317,0.14722261786070362,0.9946876408975268,0.12426292683550862,0.9568111863199081,0.15842564436132173
spread,B,201903,112,0.9782861243038234,0.9806351036884454,0.07168483274677966,0.08734277233299816,0.12174975228072575,0.13177440365721232,1.0013531610039645,0.12708748322460128,0.964202475385527,0.16558920935614038
spread,B,201904,108,0.9721531528956718,0.9734773786047043,-0.38762658740366013,-0.3812531557537131,-0.30878276029609303,-0.30555317385464,1.006476414447397,0.1366899109676459,0.9678632308249604,0.16185343519511797
spread,B,201905,108,0.9682613024265175,0.9695617173208082,0.30686787276001026,0.31631846199281677,0.35725513732887476,0.3616660474244286,0.9959006536773319,0.15201491768581404,0.9576913548118422,0.17228287469562203
spread,B,201906,110,0.96136419989631,0.9635775920463634,-0.1502558438338255,-0.14296212141849593,-0.06087505353560399,-0.05766993967977673,0.9928700074692317,0.15660371275853022,0.9560440625926995,0.17119506739605256
spread,B,201907,107,0.9776346403585234,0.977835413868412,-0.06655694664864124,-0.06198706378244991,0.02942847626324967,0.024113971947925795,0.9879919027531129,0.15792414084115122,0.9522776865860659,0.17062077411281779
spread,B,201908,102,0.9538933904812527,0.9572548565069173,0.2798457458538544,0.2893969765434904,0.3927882793990421,0.39751654646314805,0.9990788769456728,0.1616286604897895,0.9626730617851066,0.17941680904267515
spread,B,201909,98,0.9359511377184424,0.9343317458192273,-0.4928243087300524,-0.4929645710205356,-0.39428367410694354,-0.3994096232682388,0.9898219535092221,0.155867296587903,0.9540884632395044,0.186348566707404
spread,B,201910,93,0.9754743795925177,0.9751610484723942,0.2595864044642058,0.25881053982274477,0.4733967950822118,0.4682343111217211,0.9895358884562753,0.15039360561770845,0.9539557794134033,0.1803535199206727
spread,B,201911,90,0.9756141730097571,0.9786803200421454,-0.03299995884265547,-0.016660561635576082,0.07939251759476477,0.08886730406011828,0.9885425112605636,0.1426498576545323,0.9549104884646202,0.1782759288559557
spread,B,201912,87,0.9716589967141502,0.9711531013592466,-0.3440985638259094,-0.34347134701524346,-0.25679813370270466,-0.2629960222562395,0.9963693428951349,0.14924188477139555,0.9622087320470484,0.15630179146129358
spread,B,202001,85,0.9744672119598683,0.9745258406351562,-0.2511823333984757,-0.24004299394176276,-0.20371311315223764,-0.21090482704709793,1.0180864534059109,0.14911897078905734,0.9842295047143388,0.17245680169703156
spread,B,202002,81,0.9516711833785003,0.9535338023846655,-0.17023486901535684,-0.16057091883271687,-0.07829719963866305,-0.07729310403726772,1.0167322134501298,0.1399310158644644,0.9863431302011969,0.15516940338948637
spread,B,202003,68,0.7133259533534373,0.7088597931060808,0.28033744321868914,0.2749551475359774,0.3010268351337939,0.29243806542733897,1.0129405247728227,0.15253498634698565,0.9846305520509473,0.1499746088327612
spread,B,202004,78,0.7592534048230251,0.761099659833837,-0.3967298524260549,-0.38752386853652676,-0.3821874328203442,-0.3789248725957587,1.0091216859488636,0.1347702086827912,0.9836565710373659,0.13805291495516414
spread,B,202005,79,0.8371470301850049,0.8540165530671859,-0.34374391431353457,-0.3113680623174294,-0.3638023369036027,-0.3423807205452775,1.0152756750729777,0.1005140424021312,0.9915402322268635,0.10796128063829345
spread,B,202006,78,0.9203581228897685,0.9289571188305364,-0.29688033485501836,-0.26969233298347217,-0.3279125937353785,-0.32492823632064133,1.026152804135031,0.1045132021033521,1.0026013881109637,0.11825559970532369
spread,B,202007,76,0.920246069719754,0.9297334244702666,-0.3198086124401914,-0.29763499658236503,-0.3230622009569378,-0.31606288448393716,1.0165887963836395,0.09836875127143595,0.9975234064576556,0.10368620339297704
spread,B,202008,73,0.9609712452178206,0.9648586943107492,-0.1635196840676293,-0.13664692089349625,-0.19992595335061092,-0.19884610638035297,1.0078881857831885,0.11372035821347065,0.9906010755798407,0.0997285036346281
spread,B,202009,59,0.9374031974545464,0.940822350558084,-0.05184102863822327,-0.022852133255406196,-0.009643483343074227,-0.02916423144360024,1.014155033244544,0.1077159240234486,0.9989855128874141,0.08740217575197795
